Assay	term	TP1	TR1	TP2	TR2	null.value	estimate	std.error	df	statistic	p.value	adj.p.value
IL8	Day*Allocation	Day1	Anakinra	Day4	Anakinra	0	-0.3145560020525028	0.07357524975651564	1074.8292565898187	-4.27529642228155	2.0784038566239652e-5	4.6417686131268554e-5
IL8	Day*Allocation	Day1	Anakinra	Day7	Anakinra	0	-0.4628136548036434	0.07326191034530946	1077.4877114952742	-6.317247975410932	3.8881966952125794e-10	8.140911830601338e-10
IL8	Day*Allocation	Day1	Anakinra	Day1	Placebo	0	-0.14867373904079018	0.10135671038262357	1323.4120719083405	-1.466836665076677	0.142658074344498	0.9706901703326503
IL8	Day*Allocation	Day1	Anakinra	Day4	Placebo	0	-0.3982367637188983	0.10317238641248498	1348.338163470539	-3.8599161807379434	1.187930326041619e-4	4.97445824029928e-4
IL8	Day*Allocation	Day1	Anakinra	Day7	Placebo	0	-0.5002357396263367	0.10359523838886482	1355.050266125349	-4.828752241957346	1.5299352722620119e-6	4.456767967024122e-6
IL8	Day*Allocation	Day4	Anakinra	Day7	Anakinra	0	-0.14825765275114064	0.07397691670456286	1055.363855752182	-2.0041069478906275	0.04531377771627728	0.0706051885346646
IL8	Day*Allocation	Day4	Anakinra	Day1	Placebo	0	0.1658822630117126	0.10237764021410906	1336.3269085739478	1.6202977785460984	0.10540425710092473	0.15977898961748846
IL8	Day*Allocation	Day4	Anakinra	Day4	Placebo	0	-0.08368076166639557	0.10417626131454964	1360.1029407703234	-0.8032613247055392	0.42196405754615574	0.6988264267989749
IL8	Day*Allocation	Day4	Anakinra	Day7	Placebo	0	-0.18567973757383394	0.10459342086247564	1366.4170934233584	-1.7752525545366225	0.07607875081563392	0.15382275634112252
IL8	Day*Allocation	Day7	Anakinra	Day1	Placebo	0	0.3141399157628533	0.10206851871328534	1332.0122972984268	3.0777356203756145	0.002128373741310041	0.0036564369401993007
IL8	Day*Allocation	Day7	Anakinra	Day4	Placebo	0	0.06457689108474507	0.10386874366873837	1355.9969278817737	0.6217163008218894	0.5342329399472361	0.5965601162744136
IL8	Day*Allocation	Day7	Anakinra	Day7	Placebo	0	-0.0374220848226933	0.10429414050869279	1362.763131038002	-0.3588129173908309	0.7197906292017346	0.8768358573912041
IL8	Day*Allocation	Day1	Placebo	Day4	Placebo	0	-0.24956302467810818	0.09277166871305238	1068.497811148986	-2.6900779962255466	0.007254890541265135	0.013609710377961265
IL8	Day*Allocation	Day1	Placebo	Day7	Placebo	0	-0.35156200058554654	0.09324493938184976	1071.853003346511	-3.7703064950887675	1.7194919787265114e-4	2.809901526211616e-4
IL8	Day*Allocation	Day4	Placebo	Day7	Placebo	0	-0.10199897590743837	0.09470161967555181	1064.9236584253426	-1.0770562980536904	0.28169903990677764	0.41030077551639355
VEGFA	Day*Allocation	Day1	Anakinra	Day4	Anakinra	0	0.07841798927624458	0.05589154634922808	1043.7304173271843	1.4030384628520411	0.16090277107778952	0.2200099114737122
VEGFA	Day*Allocation	Day1	Anakinra	Day7	Anakinra	0	0.01465560488388351	0.05568536340566971	1046.2430127832893	0.26318594308376775	0.7924590851519047	0.8044660409875396
VEGFA	Day*Allocation	Day1	Anakinra	Day1	Placebo	0	-0.01600514287478115	0.10191688948179499	949.34834002406	-0.15704112396051967	0.8752458293689949	0.9706901703326503
VEGFA	Day*Allocation	Day1	Anakinra	Day4	Placebo	0	-0.12062087142149258	0.1031012601566503	977.7552171093143	-1.1699262573340352	0.2423157406586791	0.34676840325523506
VEGFA	Day*Allocation	Day1	Anakinra	Day7	Placebo	0	-0.11808792692938605	0.10336286389117187	984.5207913320875	-1.1424598979157332	0.2535406635301671	0.29288318028484817
VEGFA	Day*Allocation	Day4	Anakinra	Day7	Anakinra	0	-0.06376238439236107	0.05599777401442607	1030.005706196261	-1.138659268419039	0.25511005958622224	0.32249762249579034
VEGFA	Day*Allocation	Day4	Anakinra	Day1	Placebo	0	-0.09442313215102573	0.10259949992365006	965.124928832973	-0.9203079178874282	0.357641839993848	0.47924006559175636
VEGFA	Day*Allocation	Day4	Anakinra	Day4	Placebo	0	-0.19903886069773716	0.10377625924269654	993.1353434502397	-1.9179614118895398	0.05540242847356437	0.34442352886713956
VEGFA	Day*Allocation	Day4	Anakinra	Day7	Placebo	0	-0.19650591620563063	0.10403578793022117	999.7797946958225	-1.8888299893247407	0.059203851540321394	0.12795671139359785
VEGFA	Day*Allocation	Day7	Anakinra	Day1	Placebo	0	-0.03066074775866466	0.10239905735617702	960.2592056385712	-0.29942412118127876	0.764681254408718	0.7762673340209714
VEGFA	Day*Allocation	Day7	Anakinra	Day4	Placebo	0	-0.1352764763053761	0.10357700792262818	988.324174331061	-1.30604734601358	0.191840344582728	0.26231230789883214
VEGFA	Day*Allocation	Day7	Anakinra	Day7	Placebo	0	-0.13274353181326956	0.10383891179580346	995.1183927882148	-1.278360197709952	0.2014205288677687	0.5378764150311666
VEGFA	Day*Allocation	Day1	Placebo	Day4	Placebo	0	-0.10461572854671143	0.07041396618695366	1041.329097136083	-1.4857241284910705	0.13765477508605592	0.17724281660755742
VEGFA	Day*Allocation	Day1	Placebo	Day7	Placebo	0	-0.10208278405460491	0.0708084969080447	1042.9376552520557	-1.441674213013934	0.14969449353401923	0.1729229494272291
VEGFA	Day*Allocation	Day4	Placebo	Day7	Placebo	0	0.0025329444921065244	0.07180777358644022	1036.468726440587	0.03527395942804765	0.9718680797358191	0.975450837922572
CD8A	Day*Allocation	Day1	Anakinra	Day4	Anakinra	0	0.35042132095389733	0.0634469210141383	1056.584504909454	5.523062669594488	4.193181572420126e-8	1.2214920232702106e-7
CD8A	Day*Allocation	Day1	Anakinra	Day7	Anakinra	0	0.340126251112688	0.06319667348145724	1059.3687794611224	5.382027761516366	9.065987479911571e-8	1.7354890318687866e-7
CD8A	Day*Allocation	Day1	Anakinra	Day1	Placebo	0	0.04056226124497609	0.10073465110647756	1104.5758199240206	0.4026644337319575	0.6872730168256216	0.9706901703326503
CD8A	Day*Allocation	Day1	Anakinra	Day4	Placebo	0	0.2547045439593855	0.10220484171385832	1135.8985429775823	2.4920986098924627	0.012840781740529845	0.02827118779195169
CD8A	Day*Allocation	Day1	Anakinra	Day7	Placebo	0	0.26339622103257776	0.10253676334798413	1143.719224538569	2.568797887043468	0.01033115185643879	0.01609737614840463
CD8A	Day*Allocation	Day4	Anakinra	Day7	Anakinra	0	-0.010295069841209273	0.06366083711998857	1039.8126483130748	-0.16171747509076928	0.8715597593324225	0.8983769826964969
CD8A	Day*Allocation	Day4	Anakinra	Day1	Placebo	0	-0.3098590597089212	0.10157338267468655	1121.526977597136	-3.0505930938749986	0.0023375402157032018	0.0055933998018612326
CD8A	Day*Allocation	Day4	Anakinra	Day4	Placebo	0	-0.09571677699451181	0.10303195166263947	1152.0143763653323	-0.9290009113669908	0.35308322367391176	0.6988264267989749
CD8A	Day*Allocation	Day4	Anakinra	Day7	Placebo	0	-0.08702509992131954	0.10336046626053634	1159.5750733206069	-0.8419573079513696	0.3999854585795942	0.4962782541635706
CD8A	Day*Allocation	Day7	Anakinra	Day1	Placebo	0	-0.29956398986771193	0.10132381455372387	1116.1310401352841	-2.9565013041319843	0.003176948475280153	0.005191598727896835
CD8A	Day*Allocation	Day7	Anakinra	Day4	Placebo	0	-0.08542170715330252	0.10278395128750109	1146.7634030739566	-0.8310802035073166	0.40610132376854036	0.4858712266516465
CD8A	Day*Allocation	Day7	Anakinra	Day7	Placebo	0	-0.07673003008011027	0.10311677257546359	1154.6131733764516	-0.7441081422904038	0.4569624578082706	0.7133887951845337
CD8A	Day*Allocation	Day1	Placebo	Day4	Placebo	0	0.2141422827144094	0.07995572067405379	1052.74891105299	2.6782609287880526	0.007515810208724878	0.013609710377961265
CD8A	Day*Allocation	Day1	Placebo	Day7	Placebo	0	0.22283395978760168	0.0803889505389608	1055.0326574066678	2.7719476158555447	0.005670238368708064	0.008083105759647666
CD8A	Day*Allocation	Day4	Placebo	Day7	Placebo	0	0.00869167707319226	0.08157754894327751	1047.8177063406551	0.10654496470880433	0.9151703761944973	0.9433294646927893
MCP-3	Day*Allocation	Day1	Anakinra	Day4	Anakinra	0	0.31834231858629086	0.058990415551301856	1056.5829170255568	5.396509172061009	8.386771535333046e-8	2.2386461091164313e-7
MCP-3	Day*Allocation	Day1	Anakinra	Day7	Anakinra	0	0.4643669266520794	0.058757747149326606	1059.3671767137382	7.903075750537881	6.789695885817949e-15	1.8954567681241773e-14
MCP-3	Day*Allocation	Day1	Anakinra	Day1	Placebo	0	-0.12441464734782237	0.09366043349932723	1104.5562832310368	-1.328358653696772	0.18433403894560207	0.9706901703326503
MCP-3	Day*Allocation	Day1	Anakinra	Day4	Placebo	0	0.12480089041082729	0.09502734670827927	1135.8790183376077	1.3133155321483263	0.18934187313579756	0.28831603409314627
MCP-3	Day*Allocation	Day1	Anakinra	Day7	Placebo	0	0.3208132900045089	0.0953359507962785	1143.699655942475	3.365081979305461	7.906031219797646e-4	0.001471400254795673
MCP-3	Day*Allocation	Day4	Anakinra	Day7	Anakinra	0	0.14602460806578854	0.05918929547468292	1039.8113797664923	2.467077989266619	0.013782325410780808	0.024300415855850372
MCP-3	Day*Allocation	Day4	Anakinra	Day1	Placebo	0	-0.44275696593411323	0.0944402471592456	1121.5075049185207	-4.688223286704601	3.0943503718332378e-6	1.5947805762525148e-5
MCP-3	Day*Allocation	Day4	Anakinra	Day4	Placebo	0	-0.19354142817546358	0.09579635535951128	1151.994968654755	-2.020342292241993	0.04357895215222637	0.34442352886713956
MCP-3	Day*Allocation	Day4	Anakinra	Day7	Placebo	0	0.0024709714182180337	0.09610179184306669	1159.555639488331	0.02571202233412158	0.9794914586548944	0.9794914586548944
MCP-3	Day*Allocation	Day7	Anakinra	Day1	Placebo	0	-0.5887815739999017	0.0942082106819733	1116.1115686720348	-6.249790434800868	5.83815441094573e-10	2.4447271595835243e-9
MCP-3	Day*Allocation	Day7	Anakinra	Day4	Placebo	0	-0.3395660362412521	0.0955657765003326	1146.7439853030005	-3.553217989497216	3.9601670066084717e-4	0.003316639868034595
MCP-3	Day*Allocation	Day7	Anakinra	Day7	Placebo	0	-0.1435536366475705	0.09587521696990427	1154.5937113244388	-1.4972966026520989	0.1345894117853519	0.5304406229187398
MCP-3	Day*Allocation	Day1	Placebo	Day4	Placebo	0	0.24921553775864966	0.07433963571308096	1052.7475182424114	3.352391162105159	8.296686012482195e-4	0.0019852784387010968
MCP-3	Day*Allocation	Day1	Placebo	Day7	Placebo	0	0.44522793735233124	0.07474243736695549	1055.0311770030692	5.956829253057939	3.5000549986635955e-9	9.019372496556188e-9
MCP-3	Day*Allocation	Day4	Placebo	Day7	Placebo	0	0.1960123995936816	0.07584754278407776	1047.8162697048274	2.584294657398306	0.009892178825515578	0.03156076101474018
CDCP1	Day*Allocation	Day1	Anakinra	Day4	Anakinra	0	0.5496546043502463	0.05337133248514279	1043.22080733242	10.29868618144874	9.372021551299822e-24	7.849068049213601e-23
CDCP1	Day*Allocation	Day1	Anakinra	Day7	Anakinra	0	0.3549404464742971	0.053175012017170925	1045.7163745386456	6.674948119610807	4.0056108518552576e-11	9.254342312906975e-11
CDCP1	Day*Allocation	Day1	Anakinra	Day1	Placebo	0	0.13120386670233458	0.09795426214208672	943.3908823807005	1.3394401002379859	0.18075003297663095	0.9706901703326503
CDCP1	Day*Allocation	Day1	Anakinra	Day4	Placebo	0	0.5222491185919578	0.09908000105388104	971.5688479561431	5.270984184870484	1.6720478533128918e-7	1.0184291470178523e-6
CDCP1	Day*Allocation	Day1	Anakinra	Day7	Placebo	0	0.33834130940737783	0.09932844075054323	978.2676040115288	3.4062883384739675	6.853199919011236e-4	0.0013118982702107224
CDCP1	Day*Allocation	Day4	Anakinra	Day7	Anakinra	0	-0.19471415787594915	0.05346966651201222	1029.6354797387185	-3.641581677570509	2.8445833862223964e-4	6.80668167417502e-4
CDCP1	Day*Allocation	Day4	Anakinra	Day1	Placebo	0	-0.4184507376479117	0.09860333939911137	959.0555542986142	-4.243778559610151	2.411184198455283e-5	8.974963405361331e-5
CDCP1	Day*Allocation	Day4	Anakinra	Day4	Placebo	0	-0.02740548575828846	0.09972191800807154	986.8528021378152	-0.2748190799546219	0.7835127610009733	0.9135777400542677
CDCP1	Day*Allocation	Day4	Anakinra	Day7	Placebo	0	-0.21131329494286843	0.09996841070118308	993.4351865464837	-2.113800684243224	0.03478103037145126	0.08630848277360129
CDCP1	Day*Allocation	Day7	Anakinra	Day1	Placebo	0	-0.22373657977196254	0.09841284531613878	954.2302778119247	-2.2734489492020797	0.02322063405773807	0.03241213503892606
CDCP1	Day*Allocation	Day7	Anakinra	Day4	Placebo	0	0.16730867211766068	0.09953255001177032	982.0790207366555	1.6809442950861344	0.09309170940502196	0.16488012761864762
CDCP1	Day*Allocation	Day7	Anakinra	Day7	Placebo	0	-0.016599137066919296	0.0997812624911015	988.8063433600823	-0.16635525200334692	0.8679113960428221	0.9379042505624045
CDCP1	Day*Allocation	Day1	Placebo	Day4	Placebo	0	0.3910452518896232	0.06723824994861399	1040.8701592346063	5.815815435239238	8.021764271683318e-9	4.134293893867556e-8
CDCP1	Day*Allocation	Day1	Placebo	Day7	Placebo	0	0.20713744270504325	0.06761544188307166	1042.4533473354486	3.063463565959518	0.0022440868655423936	0.003341195999807564
CDCP1	Day*Allocation	Day4	Placebo	Day7	Placebo	0	-0.18390780918457997	0.06856777521502991	1036.0300159432074	-2.6821317828650764	0.007431842595441939	0.024896672694730497
CD244	Day*Allocation	Day1	Anakinra	Day4	Anakinra	0	0.23170889714459847	0.05830756665778519	1053.821755797726	3.9739078549535187	7.551611815357403e-5	1.5811187238404562e-4
CD244	Day*Allocation	Day1	Anakinra	Day7	Anakinra	0	0.008292467318036317	0.05808066720727244	1056.5732105474572	0.14277500099031223	0.8864951029710504	0.8864951029710504
CD244	Day*Allocation	Day1	Anakinra	Day1	Placebo	0	0.05776932812981647	0.09504297498000137	1070.6471003641996	0.6078232309328712	0.5434336227000469	0.9706901703326503
CD244	Day*Allocation	Day1	Anakinra	Day4	Placebo	0	0.23111120753673128	0.0963734904088515	1101.844465942191	2.3980786267704244	0.016646887365861323	0.033798225864021474
CD244	Day*Allocation	Day1	Anakinra	Day7	Placebo	0	0.18419713777916935	0.0966724602509229	1109.5535374983997	1.9053734362513122	0.05698983048926491	0.07792487026083161
CD244	Day*Allocation	Day4	Anakinra	Day7	Anakinra	0	-0.22341642982656215	0.05848569406168406	1037.627226727001	-3.82001844059383	1.4136186597296204e-4	3.788498008075383e-4
CD244	Day*Allocation	Day4	Anakinra	Day1	Placebo	0	-0.173939569014782	0.09580370386528769	1087.6289813056178	-1.8155829263069345	0.06970965075350058	0.1229091210653826
CD244	Day*Allocation	Day4	Anakinra	Day4	Placebo	0	-5.976896078671798e-4	0.09712408457188043	1118.0855560278485	-0.006153876358287181	0.9950910458306113	0.9997000312783215
CD244	Day*Allocation	Day4	Anakinra	Day7	Placebo	0	-0.04751175936542912	0.09742013277551961	1125.5659380096165	-0.4876995956770877	0.6258576159979308	0.7356571977519538
CD244	Day*Allocation	Day7	Anakinra	Day1	Placebo	0	0.049476860811780154	0.0955779784867474	1082.2605485073232	0.5176596282441828	0.6048015618731563	0.6331516350859605
CD244	Day*Allocation	Day7	Anakinra	Day4	Placebo	0	0.22281874021869497	0.09689977778975233	1112.8420310255615	2.2994762764281513	0.02166238376047059	0.06047415466464706
CD244	Day*Allocation	Day7	Anakinra	Day7	Placebo	0	0.17590467046113303	0.09719944188425879	1120.5798694000432	1.8097292232458833	0.07060561693999734	0.44683134289963033
CD244	Day*Allocation	Day1	Placebo	Day4	Placebo	0	0.1733418794069148	0.07347402641259716	1050.319093251396	2.359226625658224	0.018495332074258932	0.03022407924330118
CD244	Day*Allocation	Day1	Placebo	Day7	Placebo	0	0.12642780964935288	0.07387522855170434	1052.4519938769213	1.7113694553360015	0.08730757216963934	0.10635649700665158
CD244	Day*Allocation	Day4	Placebo	Day7	Placebo	0	-0.04691406975756194	0.07495720065848076	1045.3313546287134	-0.6258780923704895	0.531531531287573	0.6075524927291837
IL7	Day*Allocation	Day1	Anakinra	Day4	Anakinra	0	-0.03284680322370191	0.06820342713365125	1063.3518955394313	-0.48160047968462644	0.6301888804420988	0.7767429954543834
IL7	Day*Allocation	Day1	Anakinra	Day7	Anakinra	0	-0.02415721842980205	0.06792596748484009	1066.1580647363485	-0.35564040269567787	0.722180233529844	0.7444011637923006
IL7	Day*Allocation	Day1	Anakinra	Day1	Placebo	0	0.03361931797747258	0.10214546894856148	1187.7320740116718	0.3291317600627261	0.7421141258442383	0.9706901703326503
IL7	Day*Allocation	Day1	Anakinra	Day4	Placebo	0	-0.19674937975349277	0.10377481718375775	1218.1118177488931	-1.8959260550187398	0.05820630739430624	0.1041791763751216
IL7	Day*Allocation	Day1	Anakinra	Day7	Placebo	0	-0.12239058541113775	0.10414696196713684	1225.8988251769563	-1.1751719214791652	0.24015413817429332	0.2873272724585295
IL7	Day*Allocation	Day4	Anakinra	Day7	Anakinra	0	0.008689584793899864	0.06848627970923465	1045.351358311848	0.12688066618295468	0.899059249719669	0.9126813595639064
IL7	Day*Allocation	Day4	Anakinra	Day1	Placebo	0	0.06646612120117448	0.10306997067109695	1203.928240600149	0.6448640740693741	0.5191381318559121	0.6441158302656687
IL7	Day*Allocation	Day4	Anakinra	Day4	Placebo	0	-0.16390257652979087	0.10468540388507834	1233.2743026608923	-1.5656679006532757	0.11768292313639173	0.5256503900092164
IL7	Day*Allocation	Day4	Anakinra	Day7	Placebo	0	-0.08954378218743583	0.10505328516079426	1240.7303946895101	-0.8523653691589023	0.39417583296733383	0.4962782541635706
IL7	Day*Allocation	Day7	Anakinra	Day1	Placebo	0	0.05777653640727463	0.10279302967726561	1198.6824741221233	0.5620666750330531	0.5741756754791317	0.6106312739222512
IL7	Day*Allocation	Day7	Anakinra	Day4	Placebo	0	-0.17259216132369073	0.10441015123920583	1228.2158451932294	-1.6530208918889362	0.09858217611353737	0.16512514499017508
IL7	Day*Allocation	Day7	Anakinra	Day7	Placebo	0	-0.0982333669813357	0.1047837046073433	1236.0356158574937	-0.9374870582162204	0.3486912177741557	0.6489530997463453
IL7	Day*Allocation	Day1	Placebo	Day4	Placebo	0	-0.23036869773096535	0.08596589705333618	1058.6475684777306	-2.6797684387337544	0.007481638571570743	0.013609710377961265
IL7	Day*Allocation	Day1	Placebo	Day7	Placebo	0	-0.15600990338861032	0.08642230035599033	1061.3138525819522	-1.8052042441126315	0.071326032687102775	0.09016687151011105
IL7	Day*Allocation	Day4	Placebo	Day7	Placebo	0	0.07435879434235504	0.08772851535506913	1054.0214373727076	0.8476011937669071	0.39685253274791565	0.5213552881198108
OPG	Day*Allocation	Day1	Anakinra	Day4	Anakinra	0	0.35083897943398423	0.057530594061932686	1061.1910626394852	6.0983027405609604	1.4992514853766963e-9	5.022492476011933e-9
OPG	Day*Allocation	Day1	Anakinra	Day7	Anakinra	0	0.5433869679889497	0.057298779433487886	1063.9992059678452	9.483395167600566	1.549938609335261e-20	5.769215934747916e-20
OPG	Day*Allocation	Day1	Anakinra	Day1	Placebo	0	0.041819146675900795	0.08770766079285539	1161.2573807895562	0.47680152791519165	0.6335931656095202	0.9706901703326503
OPG	Day*Allocation	Day1	Anakinra	Day4	Placebo	0	0.27357948209327065	0.08907011091643734	1192.1320193185081	3.0715071450841007	0.002178054354335286	0.006080401739186007
OPG	Day*Allocation	Day1	Anakinra	Day7	Placebo	0	0.4773455134949057	0.08938014649546651	1199.978558875267	5.340621292437883	1.1072261522932219e-7	3.9044290633497824e-7
OPG	Day*Allocation	Day4	Anakinra	Day7	Anakinra	0	0.1925479885549654	0.05775493951023993	1043.553905302163	3.3338791484809143	8.865443868607858e-4	0.0018562023099897701
OPG	Day*Allocation	Day4	Anakinra	Day1	Placebo	0	-0.3090198327580834	0.08848206186952996	1177.7984272009726	-3.492457411466569	4.963339743610906e-4	0.0012790144723920413
OPG	Day*Allocation	Day4	Anakinra	Day4	Placebo	0	-0.0772594973407136	0.08983313819731427	1207.6955254070424	-0.8600333784512432	0.38994133285935895	0.6988264267989749
OPG	Day*Allocation	Day4	Anakinra	Day7	Placebo	0	0.12650653406092147	0.09013973931299674	1215.2323191080961	1.4034490783431988	0.16073843172627805	0.262236115432926
OPG	Day*Allocation	Day7	Anakinra	Day1	Placebo	0	-0.5015678213130489	0.08825057502004639	1172.470878397953	-5.683451027929463	1.664543181461296e-8	6.195799619883712e-8
OPG	Day*Allocation	Day7	Anakinra	Day4	Placebo	0	-0.26980748589567904	0.08960308272658334	1202.5433319926378	-3.0111406626374126	0.0026570006587045497	0.011867936275546989
OPG	Day*Allocation	Day7	Anakinra	Day7	Placebo	0	-0.06604145449404396	0.08991417946852255	1210.4208829179884	-0.7344943243035873	0.46278978012551153	0.7133887951845337
OPG	Day*Allocation	Day1	Placebo	Day4	Placebo	0	0.23176033541736984	0.07250898413967988	1056.7720636537565	3.1962981990053994	0.001433300538932364	0.0030977785841441413
OPG	Day*Allocation	Day1	Placebo	Day7	Placebo	0	0.4355263668190049	0.0728965440370742	1059.3142152365806	5.974581821018869	3.1467293931076257e-9	8.433234773528438e-9
OPG	Day*Allocation	Day4	Placebo	Day7	Placebo	0	0.20376603140163507	0.07399083249511991	1052.0228493367304	2.7539361908797892	0.005989798583220503	0.021121921319777564
LAP TGF-beta-1	Day*Allocation	Day1	Anakinra	Day4	Anakinra	0	0.010730345065476099	0.06978964716090467	1065.931310613644	0.1537526768223455	0.8778338513112149	0.9423037157818147
LAP TGF-beta-1	Day*Allocation	Day1	Anakinra	Day7	Anakinra	0	-0.2762456023287133	0.06950258790331695	1068.7242387490262	-3.974608869427864	7.522883372785218e-5	1.1721701999456038e-4
LAP TGF-beta-1	Day*Allocation	Day1	Anakinra	Day1	Placebo	0	0.04701572964164061	0.10242086232220521	1219.0978003205964	0.45904446199382787	0.6462840710258407	0.9706901703326503
LAP TGF-beta-1	Day*Allocation	Day1	Anakinra	Day4	Placebo	0	-0.178544147141672	0.10410360314408611	1248.6530526428567	-1.715062128008724	0.08658194470401169	0.14502475737921958
LAP TGF-beta-1	Day*Allocation	Day1	Anakinra	Day7	Placebo	0	-0.11560542500291332	0.10448964103721627	1256.308263275009	-1.106381683919633	0.26877315779580896	0.30521697580202034
LAP TGF-beta-1	Day*Allocation	Day4	Anakinra	Day7	Anakinra	0	-0.2869759473941894	0.07009969505350304	1047.5329892437105	-4.09382590288242	4.569501079349482e-5	1.5307828615820766e-4
LAP TGF-beta-1	Day*Allocation	Day4	Anakinra	Day1	Placebo	0	0.03628538457616451	0.10337369438607477	1234.7596363073278	0.3510117810112089	0.7256393894233826	0.8240311710401125
LAP TGF-beta-1	Day*Allocation	Day4	Anakinra	Day4	Placebo	0	-0.1892744922071481	0.10504170022544235	1263.2261029588649	-1.801898596470962	0.07179969476018756	0.40088162907771385
LAP TGF-beta-1	Day*Allocation	Day4	Anakinra	Day7	Placebo	0	-0.12633577006838942	0.10542314132896209	1270.5278800309036	-1.198368484146869	0.2309970792101621	0.3364522675452361
LAP TGF-beta-1	Day*Allocation	Day7	Anakinra	Day1	Placebo	0	0.3232613319703539	0.10308755513611473	1229.6524541165024	3.135793952466194	0.0017545236584722201	0.003093502239937862
LAP TGF-beta-1	Day*Allocation	Day7	Anakinra	Day4	Placebo	0	0.09770145518704132	0.10475726581607898	1258.3177906609098	0.9326460978713833	0.351181638389243	0.4439465994731939
LAP TGF-beta-1	Day*Allocation	Day7	Anakinra	Day7	Placebo	0	0.1606401773258	0.10514494105546947	1266.0087361786084	1.5277974928061815	0.12681261542464942	0.5304406229187398
LAP TGF-beta-1	Day*Allocation	Day1	Placebo	Day4	Placebo	0	-0.2255598767833126	0.08797206410639723	1060.877112825966	-2.563994366558351	0.010484318735109058	0.01848550934874492
LAP TGF-beta-1	Day*Allocation	Day1	Placebo	Day7	Placebo	0	-0.16262115464455393	0.08843523941583685	1063.693963427483	-1.8388727810175631	0.06621252632004802	0.08531229352775418
LAP TGF-beta-1	Day*Allocation	Day4	Placebo	Day7	Placebo	0	0.06293872213875866	0.08978248116172773	1056.4292943447656	0.7010133973172935	0.4834490295153083	0.5998349069912159
uPA	Day*Allocation	Day1	Anakinra	Day4	Anakinra	0	0.48855298064624364	0.06605575935679192	1063.2430842890958	7.396069402629767	2.8395648127022495e-13	1.0013202234265827e-12
uPA	Day*Allocation	Day1	Anakinra	Day7	Anakinra	0	0.476257224655935	0.06578716409343568	1066.0495524189514	7.239363958287061	8.613983065009844e-13	2.2197571744448445e-12
uPA	Day*Allocation	Day1	Anakinra	Day1	Placebo	0	-0.007039379999177236	0.09901590882557186	1186.4024675591568	-0.07109342410397838	0.9433353835737244	0.9870910223374412
uPA	Day*Allocation	Day1	Anakinra	Day4	Placebo	0	0.5149261536993995	0.10059329166033212	1216.8114405910678	5.118891580147537	3.56920034527074e-7	1.9928035261094965e-6
uPA	Day*Allocation	Day1	Anakinra	Day7	Placebo	0	0.4583619306671436	0.10095350041011646	1224.6025548373564	4.540327267554673	6.170240621777158e-6	1.7173953494661027e-5
uPA	Day*Allocation	Day4	Anakinra	Day7	Anakinra	0	-0.01229575599030864	0.0663288816868976	1045.2601904845549	-0.1853755962349883	0.8529704119244732	0.8929533999834329
uPA	Day*Allocation	Day4	Anakinra	Day1	Placebo	0	-0.4955923606454209	0.09991100299798793	1202.6182756877104	-4.960338158705118	8.047172701102142e-7	4.493004758115362e-6
uPA	Day*Allocation	Day4	Anakinra	Day4	Placebo	0	0.02637317305315586	0.1014749294963251	1231.9961919053849	0.2598984121896923	0.7949855618394815	0.9135777400542677
uPA	Day*Allocation	Day4	Anakinra	Day7	Placebo	0	-0.030191049979100052	0.10183101834803035	1239.4574113566189	-0.29648186249022246	0.7669117871654734	0.8859153403463227
uPA	Day*Allocation	Day7	Anakinra	Day1	Placebo	0	-0.48329660465511226	0.09964289964750919	1197.3676367780893	-4.850286436512723	1.395077310447319e-6	3.6322938249311865e-6
uPA	Day*Allocation	Day7	Anakinra	Day4	Placebo	0	0.0386689290434645	0.10120846195869444	1226.9323055941554	0.3820720945176126	0.7024740554793036	0.7390925885522303
uPA	Day*Allocation	Day7	Anakinra	Day7	Placebo	0	-0.017895293988791413	0.10157002738619933	1234.7560795188945	-0.17618675951270746	0.8601761134678776	0.9379042505624045
uPA	Day*Allocation	Day1	Placebo	Day4	Placebo	0	0.5219655336985768	0.08325863801694584	1058.553297270592	6.269205768083064	5.275146679433152e-10	2.9452902293501763e-9
uPA	Day*Allocation	Day1	Placebo	Day7	Placebo	0	0.46540131066632084	0.08370082045590879	1061.2132865994279	5.56029568326013	3.4068693153141906e-8	7.871042900898303e-8
uPA	Day*Allocation	Day4	Placebo	Day7	Placebo	0	-0.05656422303225592	0.08496547306767595	1053.9203939569118	-0.6657318671927112	0.5057281751296603	0.6050676381015578
IL6	Day*Allocation	Day1	Anakinra	Day4	Anakinra	0	0.4417626502477633	0.05921107832253145	1061.6902603784547	7.460810759794259	1.785124826413849e-13	6.644631298318215e-13
IL6	Day*Allocation	Day1	Anakinra	Day7	Anakinra	0	0.6844275033034048	0.05897195851998222	1064.498690365627	11.605982241059394	2.081195379662536e-29	1.0726160802876149e-28
IL6	Day*Allocation	Day1	Anakinra	Day1	Placebo	0	-0.0675833055147606	0.08989340904525285	1167.3851729969808	-0.7518160255858001	0.4523132487292557	0.9706901703326503
IL6	Day*Allocation	Day1	Anakinra	Day4	Placebo	0	0.26600726505816524	0.09129859748557335	1198.1615472160272	2.9135964010859934	0.0036392410118124825	0.009378044145824474
IL6	Day*Allocation	Day1	Anakinra	Day7	Placebo	0	0.4543549484732315	0.09161863208634821	1205.9984474106532	4.95919812516971	8.090581748204319e-7	2.4639498960440427e-6
IL6	Day*Allocation	Day4	Anakinra	Day7	Anakinra	0	0.24266485305564164	0.05944536439778262	1043.9667262598673	4.082149306577273	4.8027023405121306e-5	1.5322907467348227e-4
IL6	Day*Allocation	Day4	Anakinra	Day1	Placebo	0	-0.5093459557625238	0.0906917826599317	1183.8550574962976	-5.616230498769947	2.430531628533274e-8	1.4804147191975396e-7
IL6	Day*Allocation	Day4	Anakinra	Day4	Placebo	0	-0.17575538518959802	0.0920851768807453	1213.6402047164659	-1.9086175554314202	0.0565471465304259	0.34442352886713956
IL6	Day*Allocation	Day4	Anakinra	Day7	Placebo	0	0.012592298225468222	0.09240163819980735	1221.162310308425	0.13627786769579672	0.8916240815231857	0.9779689039652274
IL6	Day*Allocation	Day7	Anakinra	Day1	Placebo	0	-0.7520108088181655	0.09045301258752353	1178.54359133825	-8.313828222034173	2.5284080485686936e-16	1.8822593250455832e-15
IL6	Day*Allocation	Day7	Anakinra	Day4	Placebo	0	-0.41842023824523966	0.09184787897960484	1208.5070158462054	-4.555578668704494	5.753156126360479e-6	1.6116520612999735e-4
IL6	Day*Allocation	Day7	Anakinra	Day7	Placebo	0	-0.23007255483017341	0.09216903524074134	1216.375276964846	-2.4962022682480547	0.01268465374355183	0.2832906002726575
IL6	Day*Allocation	Day1	Placebo	Day4	Placebo	0	0.33359057057292585	0.07462804747269804	1057.2059892359878	4.470042857478843	8.663924889070917e-6	2.9024148378387575e-5
IL6	Day*Allocation	Day1	Placebo	Day7	Placebo	0	0.5219382539879921	0.07502632161004485	1059.7766541634173	6.95673522021787	6.086817990447221e-12	2.2656489186664655e-11
IL6	Day*Allocation	Day4	Placebo	Day7	Placebo	0	0.18834768341506625	0.07615437708002627	1052.4830746828384	2.473235165683812	0.01354659909067934	0.03946183213371808
MCP-1	Day*Allocation	Day1	Anakinra	Day4	Anakinra	0	0.0010168215561341398	0.06988218810511496	1070.8848983704993	0.014550511134606483	0.9883934917194712	0.9954769883795649
MCP-1	Day*Allocation	Day1	Anakinra	Day7	Anakinra	0	-0.12340068096822689	0.06958894697921303	1073.6196970497333	-1.773279900399815	0.07646578929091864	0.08683403190663642
MCP-1	Day*Allocation	Day1	Anakinra	Day1	Placebo	0	-0.21489879420254646	0.09888942391665743	1278.1221037278144	-2.173122116513289	0.02995428907859459	0.6689791227552792
MCP-1	Day*Allocation	Day1	Anakinra	Day4	Placebo	0	-0.3061608817913097	0.10059901294651974	1305.417474773985	-3.043378586170327	0.002386131219953159	0.0063948316694744664
MCP-1	Day*Allocation	Day1	Anakinra	Day7	Placebo	0	-0.23688315934956666	0.10099452607970427	1312.6373929782467	-2.3455049352142106	0.0191495479760254	0.02789173292160221
MCP-1	Day*Allocation	Day4	Anakinra	Day7	Anakinra	0	-0.12441750252436103	0.07023223981954003	1051.8337138814036	-1.7715155154391866	0.07676451672182025	0.1094302685183395
MCP-1	Day*Allocation	Day4	Anakinra	Day1	Placebo	0	-0.2159156157586806	0.09985366626995827	1292.4113852162116	-2.1623203616274274	0.030776480919524028	0.06026903996055204
MCP-1	Day*Allocation	Day4	Anakinra	Day4	Placebo	0	-0.3071777033474438	0.1015476435044454	1318.5567781601458	-3.0249614146289536	0.0025347595141199785	0.11867099705946241
MCP-1	Day*Allocation	Day4	Anakinra	Day7	Placebo	0	-0.2378999809057008	0.10193810506673377	1325.3911841889608	-2.3337689154606083	0.019756675757039176	0.05454394988295645
MCP-1	Day*Allocation	Day7	Anakinra	Day1	Placebo	0	-0.09149811323431956	0.09956274899062778	1287.6893603219028	-0.9189994667878507	0.3582679601926779	0.4000658888818237
MCP-1	Day*Allocation	Day7	Anakinra	Day4	Placebo	0	-0.18276020082308278	0.10125835129580939	1314.045432372127	-1.804890149644836	0.07132071553764534	0.14932774815694494
MCP-1	Day*Allocation	Day7	Anakinra	Day7	Placebo	0	-0.11348247838133979	0.10165591773015767	1321.309771615414	-1.1163391262924343	0.2644799658074039	0.5906719236365354
MCP-1	Day*Allocation	Day1	Placebo	Day4	Placebo	0	-0.09126208758876322	0.08810284317121797	1065.1322762671707	-1.0358585977912838	0.3005032263440775	0.3471330373285033
MCP-1	Day*Allocation	Day1	Placebo	Day7	Placebo	0	-0.02198436514702022	0.08855888568662204	1068.2453289154253	-0.2482457291164995	0.8039919986641083	0.8161736956135645
MCP-1	Day*Allocation	Day4	Placebo	Day7	Placebo	0	0.069277722441743	0.0899275893904139	1061.1218547269011	0.7703722840938053	0.4412505662081051	0.56853438338352
CXCL11	Day*Allocation	Day1	Anakinra	Day4	Anakinra	0	0.6441744938450473	0.06124226740071385	1057.5486262738125	10.518462512665538	1.117667178455129e-24	1.0697671565213377e-23
CXCL11	Day*Allocation	Day1	Anakinra	Day7	Anakinra	0	0.739201040023496	0.0609996052077589	1060.3410784518678	12.118128265024781	9.530452563099496e-32	5.804912015706057e-31
CXCL11	Day*Allocation	Day1	Anakinra	Day1	Placebo	0	-0.12164346449204325	0.09638060348568385	1116.441995928739	-1.2621156134399167	0.207170778087045	0.9706901703326503
CXCL11	Day*Allocation	Day1	Anakinra	Day4	Placebo	0	0.531967718521618	0.09780673342366014	1147.7393632540968	5.438968258119243	6.545216591610447e-8	4.385295116379e-7
CXCL11	Day*Allocation	Day1	Anakinra	Day7	Placebo	0	0.7328778231001835	0.09812924000357576	1155.5823488324065	7.468495863959386	1.5940571543712933e-13	1.780030489047944e-12
CXCL11	Day*Allocation	Day4	Anakinra	Day7	Anakinra	0	0.09502654617844865	0.06145551820935918	1040.5855424336671	1.5462654770027937	0.12234451871744714	0.16728740314426446
CXCL11	Day*Allocation	Day4	Anakinra	Day1	Placebo	0	-0.7658179583370905	0.09719357027036207	1133.3444160272225	-7.879306791661473	7.678030179604485e-15	8.573800367225008e-14
CXCL11	Day*Allocation	Day4	Anakinra	Day4	Placebo	0	-0.11220677532342932	0.09860828921111155	1163.7747292160948	-1.1379040871828192	0.2553947409956479	0.6541047251665811
CXCL11	Day*Allocation	Day4	Anakinra	Day7	Placebo	0	0.08870332925513616	0.09892743028543895	1171.3469611131006	0.8966504941975869	0.3700896841058956	0.47684632375182706
CXCL11	Day*Allocation	Day7	Anakinra	Day1	Placebo	0	-0.8608445045155392	0.09695143397808376	1127.950875578941	-8.87913122265047	2.5998308909264773e-18	2.747320655968268e-17
CXCL11	Day*Allocation	Day7	Anakinra	Day4	Placebo	0	-0.20723332150187798	0.0983676713502917	1158.5329217414444	-2.1067218391692	0.03535626587617482	0.0911103774501428
CXCL11	Day*Allocation	Day7	Anakinra	Day7	Placebo	0	-0.006323216923312494	0.09869109797059875	1166.4052300053593	-0.06407079314485138	0.9489248359575562	0.9873260689844163
CXCL11	Day*Allocation	Day1	Placebo	Day4	Placebo	0	0.6536111830136612	0.07717935499724289	1053.5938099366242	8.468730828820872	8.240827033539095e-17	9.202256854118656e-16
CXCL11	Day*Allocation	Day1	Placebo	Day7	Placebo	0	0.8545212875922267	0.07759638220446274	1055.9309297881944	11.012385672061413	8.945647143246241e-27	8.562262265678545e-26
CXCL11	Day*Allocation	Day4	Placebo	Day7	Placebo	0	0.20091010457856548	0.078747417065863	1048.6916217332919	2.551323104483893	0.010872492880854933	0.03311168286442184
AXIN1	Day*Allocation	Day1	Anakinra	Day4	Anakinra	0	-0.15495297706151603	0.07261102949941281	1072.0775810147159	-2.134014324404657	0.033068024016062916	0.0527513716446718
AXIN1	Day*Allocation	Day1	Anakinra	Day7	Anakinra	0	-0.47065535207009856	0.07230493951489879	1074.7920667491503	-6.509311192676092	1.1560209534895761e-10	2.5817801294600536e-10
AXIN1	Day*Allocation	Day1	Anakinra	Day1	Placebo	0	0.02979867474579232	0.10190087941088578	1292.0057251102255	0.2924280429969382	0.7700063218095201	0.9706901703326503
AXIN1	Day*Allocation	Day1	Anakinra	Day4	Placebo	0	-0.19587485295359755	0.10368236496664117	1318.6338222836816	-1.8891819550664999	0.05908669704857643	0.1041791763751216
AXIN1	Day*Allocation	Day1	Anakinra	Day7	Placebo	0	-0.3990015234545404	0.10409534215839783	1325.7145372867994	-3.8330391656467713	1.3250129271065626e-4	3.061236762625507e-4
AXIN1	Day*Allocation	Day4	Anakinra	Day7	Anakinra	0	-0.3157023750085825	0.07298464090903722	1052.8912157531295	-4.3256001684251775	1.6657543063115144e-5	6.975346157679467e-5
AXIN1	Day*Allocation	Day4	Anakinra	Day1	Placebo	0	0.18475165180730838	0.10290473259405127	1305.9031019188587	1.7953659384756862	0.07282655129722282	0.12511228043369046
AXIN1	Day*Allocation	Day4	Anakinra	Day4	Placebo	0	-0.0409218758920815	0.10466980280067802	1331.3764130201002	-0.39096162214052077	0.6958881568473319	0.8797076699768157
AXIN1	Day*Allocation	Day4	Anakinra	Day7	Placebo	0	-0.2440485463930243	0.1050774193428615	1338.0665194382132	-2.3225593844925725	0.020352220105580764	0.05454394988295645
AXIN1	Day*Allocation	Day7	Anakinra	Day1	Placebo	0	0.5004540268158909	0.10260153322243293	1301.2955579409968	4.877646669576971	1.206062021220015e-6	3.5133111052930876e-6
AXIN1	Day*Allocation	Day7	Anakinra	Day4	Placebo	0	0.274780499116501	0.10436826354891378	1326.9800521843924	2.632797459428085	0.008566812784934638	0.030209287188980038
AXIN1	Day*Allocation	Day7	Anakinra	Day7	Placebo	0	0.0716538286155582	0.10478348521852617	1334.1078720070016	0.6838274988288852	0.49420285340736125	0.7265483195655354
AXIN1	Day*Allocation	Day1	Placebo	Day4	Placebo	0	-0.22567352769938986	0.09154692674491353	1066.1519361373466	-2.4651130925258347	0.013853708377636352	0.02379996054619578
AXIN1	Day*Allocation	Day1	Placebo	Day7	Placebo	0	-0.42880019820033266	0.09201876262878311	1069.3376385763095	-4.65992136766905	3.5618077662471015e-6	7.018856480545759e-6
AXIN1	Day*Allocation	Day4	Placebo	Day7	Placebo	0	-0.2031266705009428	0.09344566305623471	1062.2652847097845	-2.173741015446625	0.029944875390397196	0.0757935223755863
TRAIL	Day*Allocation	Day1	Anakinra	Day4	Anakinra	0	-0.16020071007103412	0.06697001942995302	1065.6753235438782	-2.3921257815759676	0.01692358080942846	0.028346997855792668
TRAIL	Day*Allocation	Day1	Anakinra	Day7	Anakinra	0	-0.31344890677061865	0.06669485383774845	1068.4700917078812	-4.699746513174162	2.944780067802705e-6	4.812201574214177e-6
TRAIL	Day*Allocation	Day1	Anakinra	Day1	Placebo	0	-0.11759966992052973	0.09847679791219786	1216.0000500410608	-1.194186574033224	0.2326378877343875	0.9706901703326503
TRAIL	Day*Allocation	Day1	Anakinra	Day4	Placebo	0	-0.16016273491478464	0.10009015808527495	1245.6482887669258	-1.6001846533035642	0.10981119995023714	0.17517500944442593
TRAIL	Day*Allocation	Day1	Anakinra	Day7	Placebo	0	-0.34429567391149685	0.10046011765569524	1253.3195263845269	-3.4271876436726254	6.296334823236218e-4	0.0012783467671418987
TRAIL	Day*Allocation	Day4	Anakinra	Day7	Anakinra	0	-0.1532481966995845	0.06726557806440768	1047.3147191452274	-2.2782558495646517	0.022912061728522816	0.03744166184904948
TRAIL	Day*Allocation	Day4	Anakinra	Day1	Placebo	0	0.04260104015050439	0.09939053045660438	1231.7207083342912	0.42862272647900534	0.6682727493891194	0.7719702449839827
TRAIL	Day*Allocation	Day4	Anakinra	Day4	Placebo	0	3.797515624948122e-5	0.10098979678431885	1260.2849843245285	3.760296332765549e-4	0.9997000312783215	0.9997000312783215
TRAIL	Day*Allocation	Day4	Anakinra	Day7	Placebo	0	-0.1840949638404627	0.10135536756219417	1267.6048679933522	-1.816331668152626	0.06955562473733229	0.14563208929378949
TRAIL	Day*Allocation	Day7	Anakinra	Day1	Placebo	0	0.1958492368500889	0.09911620024386719	1226.5978130789294	1.9759558615868857	0.04838357593592705	0.06141770718852522
TRAIL	Day*Allocation	Day7	Anakinra	Day4	Placebo	0	0.15328617185583399	0.10071710528177186	1255.3599603742978	1.521947750851178	0.12827401057625362	0.19098574908019983
TRAIL	Day*Allocation	Day7	Anakinra	Day7	Placebo	0	-0.030846767140878202	0.10108861681632555	1263.066592180753	-0.3051458028842722	0.7603053840198786	0.8884764088359136
TRAIL	Day*Allocation	Day1	Placebo	Day4	Placebo	0	-0.04256306499425491	0.08441716784053628	1060.656286307574	-0.5041991585722988	0.6142261478933982	0.6430179985759013
TRAIL	Day*Allocation	Day1	Placebo	Day7	Placebo	0	-0.2266960039909671	0.0848620012840681	1063.458079753803	-2.671348784624135	0.0076701008328982105	0.010706182412587084
TRAIL	Day*Allocation	Day4	Placebo	Day7	Placebo	0	-0.18413293899671218	0.08615380983173208	1056.189250030936	-2.1372582286998587	0.032806151476000044	0.0757935223755863
CXCL9	Day*Allocation	Day1	Anakinra	Day4	Anakinra	0	0.18776152048052142	0.06244082634325269	1057.3495371688136	3.0070313203151704	0.00270047715876202	0.00502588804547376
CXCL9	Day*Allocation	Day1	Anakinra	Day7	Anakinra	0	-0.05811363718014363	0.06219364803425674	1060.1404391715819	-0.9343982708352176	0.3503112644883106	0.3785621729147873
CXCL9	Day*Allocation	Day1	Anakinra	Day1	Placebo	0	-0.016793807295810072	0.0984445144954528	1113.9911263826566	-0.1705916005770518	0.8645758802888147	0.9706901703326503
CXCL9	Day*Allocation	Day1	Anakinra	Day4	Placebo	0	0.11662888647561012	0.09989709774083985	1145.2966848406095	1.1674902385870816	0.2432554470596425	0.34676840325523506
CXCL9	Day*Allocation	Day1	Anakinra	Day7	Placebo	0	0.07248572107137255	0.10022547443101544	1153.135784933307	0.7232265198331789	0.46968739670456705	0.5075654125678386
CXCL9	Day*Allocation	Day4	Anakinra	Day7	Anakinra	0	-0.24587515766066503	0.06265682570900437	1040.4255047184786	-3.9241559858550334	9.275071780920652e-5	2.701868736181233e-4
CXCL9	Day*Allocation	Day4	Anakinra	Day1	Placebo	0	-0.20455532777633148	0.0992726931928089	1130.9052252812894	-2.060539723436747	0.03957528001782209	0.0716633448971373
CXCL9	Day*Allocation	Day4	Anakinra	Day4	Placebo	0	-0.0711326340049113	0.10071368249629802	1161.350213187036	-0.7062857026156893	0.4801521468130816	0.7148931963661438
CXCL9	Day*Allocation	Day4	Anakinra	Day7	Placebo	0	-0.11527579940914887	0.10103864399965203	1168.9207727576033	-1.1409080213858163	0.25414188848447145	0.357489973823606
CXCL9	Day*Allocation	Day7	Anakinra	Day1	Placebo	0	0.04131982988433356	0.09902607542719553	1125.5106760532815	0.4172621171351187	0.6765662708818225	0.6973836946012631
CXCL9	Day*Allocation	Day7	Anakinra	Day4	Placebo	0	0.17474252365575374	0.10046861192202931	1156.106012713202	1.7392747875462458	0.08225259874992193	0.16472482007199502
CXCL9	Day*Allocation	Day7	Anakinra	Day7	Placebo	0	0.13059935825151617	0.10079791565128349	1163.9743809764402	1.2956553457249314	0.19535112938899682	0.5378764150311666
CXCL9	Day*Allocation	Day1	Placebo	Day4	Placebo	0	0.1334226937714202	0.07868940451229411	1053.419467065329	1.6955611063313456	0.09026452735639288	0.12867496452932603
CXCL9	Day*Allocation	Day1	Placebo	Day7	Placebo	0	0.08927952836718261	0.07911483624901783	1055.7455344687169	1.128480226972485	0.25937353100316973	0.28963377628687287
CXCL9	Day*Allocation	Day4	Placebo	Day7	Placebo	0	-0.04414316540423757	0.0802876132106636	1048.5108932845947	-0.5498128993872567	0.5825648006700408	0.6398662564736515
CST5	Day*Allocation	Day1	Anakinra	Day4	Anakinra	0	0.017378838215869663	0.0508422119222715	1038.480952166636	0.3418190821917573	0.7325562057474242	0.8375947199973639
CST5	Day*Allocation	Day1	Anakinra	Day7	Anakinra	0	-0.23827991312942204	0.050660283625990676	1040.7953288174342	-4.703485572417429	2.901761425939358e-6	4.812201574214177e-6
CST5	Day*Allocation	Day1	Anakinra	Day1	Placebo	0	0.047601689397777425	0.0995967877973404	889.0014583015985	0.47794402259877466	0.6328075446250894	0.9706901703326503
CST5	Day*Allocation	Day1	Anakinra	Day4	Placebo	0	-0.06467007741723227	0.10061862354457914	914.7060700059078	-0.6427247276800617	0.5205638003175376	0.6204284754251113
CST5	Day*Allocation	Day1	Anakinra	Day7	Placebo	0	-0.29261806349308134	0.10084234904278072	920.7138293344162	-2.9017378737274644	0.0037994329494258935	0.006699000200303549
CST5	Day*Allocation	Day4	Anakinra	Day7	Anakinra	0	-0.2556587513452917	0.050908433259040146	1026.257386474113	-5.021933203962679	6.029465740521685e-7	3.3942523689277288e-6
CST5	Day*Allocation	Day4	Anakinra	Day1	Placebo	0	0.03022285118190776	0.10018813211143762	903.418497230343	0.3016609906280255	0.7629799326894133	0.8519942581698449
CST5	Day*Allocation	Day4	Anakinra	Day4	Placebo	0	-0.08204891563310193	0.10120412289547619	928.8751288623839	-0.810727006822066	0.41773012733280135	0.6988264267989749
CST5	Day*Allocation	Day4	Anakinra	Day7	Placebo	0	-0.309996901708951	0.10142629563124259	934.8061762633785	-3.0563760588872566	0.0023039520912228693	0.012889172018707332
CST5	Day*Allocation	Day7	Anakinra	Day1	Placebo	0	0.28588160252719946	0.10001544550064473	899.0276910264807	2.85837453501476	0.004356555435653201	0.006788121260203825
CST5	Day*Allocation	Day7	Anakinra	Day4	Placebo	0	0.1736098357121898	0.10103239490729393	924.5109549697358	1.7183581154489311	0.08606611939100293	0.16472482007199502
CST5	Day*Allocation	Day7	Anakinra	Day7	Placebo	0	-0.05433815036365929	0.1012562735979263	930.5458221100864	-0.5366398390229928	0.5916446898649627	0.7340776707583796
CST5	Day*Allocation	Day1	Placebo	Day4	Placebo	0	-0.1122717668150097	0.06404641865385416	1036.5781604569804	-1.7529749387205344	0.07990190198153554	0.11637885723397569
CST5	Day*Allocation	Day1	Placebo	Day7	Placebo	0	-0.34021975289085876	0.06440961584014085	1037.9304414049168	-5.282126720570032	1.5554150565084406e-7	3.3617035092279197e-7
CST5	Day*Allocation	Day4	Placebo	Day7	Placebo	0	-0.2279479860758491	0.06529989099755219	1031.9888018794632	-3.490786624504379	5.019660113322046e-4	0.004804531822751101
OSM	Day*Allocation	Day1	Anakinra	Day4	Anakinra	0	-0.11517026815314893	0.06606159684914066	1060.454711128379	-1.743376994294486	0.08155759080841332	0.12143019075919317
OSM	Day*Allocation	Day1	Anakinra	Day7	Anakinra	0	-0.23630537432715135	0.06579629104129057	1063.2616140518842	-3.591469527953445	3.438476178011535e-4	4.7015898760565885e-4
OSM	Day*Allocation	Day1	Anakinra	Day1	Placebo	0	-0.025209505496299016	0.10134354494799189	1152.209042925984	-0.24875294730647313	0.803596220570397	0.9706901703326503
OSM	Day*Allocation	Day1	Anakinra	Day4	Placebo	0	-0.3248164374173227	0.10290305838006071	1183.210911426047	-3.1565285087800814	0.0016369096106767823	0.0047683888658845396
OSM	Day*Allocation	Day1	Anakinra	Day7	Placebo	0	-0.4367265005803912	0.10325748963267649	1191.067177828798	-4.229489813610444	2.5216425519494586e-5	6.0339303921647756e-5
OSM	Day*Allocation	Day4	Anakinra	Day7	Anakinra	0	-0.12113510617400242	0.06631363445853207	1042.9476189150216	-1.8266998508391494	0.06803062268313728	0.09908808086456952
OSM	Day*Allocation	Day4	Anakinra	Day1	Placebo	0	0.08996076265684991	0.10223047791665398	1168.8456117082048	0.8799798698993927	0.3790510998439359	0.49796909195183736
OSM	Day*Allocation	Day4	Anakinra	Day4	Placebo	0	-0.20964616926417376	0.10377707816991381	1198.8908432481728	-2.0201587186808334	0.04358897177523709	0.34442352886713956
OSM	Day*Allocation	Day4	Anakinra	Day7	Placebo	0	-0.32155623242724224	0.10412762903658603	1206.4449627577242	-3.0880971304384643	0.002060417911762007	0.012889172018707332
OSM	Day*Allocation	Day7	Anakinra	Day1	Placebo	0	0.21109586883085232	0.10196554529551384	1163.4974356489604	2.070266659380479	0.03864758053394407	0.05178775791548506
OSM	Day*Allocation	Day7	Anakinra	Day4	Placebo	0	-0.08851106309017134	0.10351379000589406	1193.713554950699	-0.8550654273708994	0.3926865073967444	0.4783635635560341
OSM	Day*Allocation	Day7	Anakinra	Day7	Placebo	0	-0.20042112625323982	0.1038693920780239	1201.6003735911752	-1.9295494297558693	0.05389789645405642	0.44683134289963033
OSM	Day*Allocation	Day1	Placebo	Day4	Placebo	0	-0.29960693192102367	0.08325936047244072	1056.1312750040531	-3.5984774591223907	3.3492544596487074e-4	8.311112918387533e-4
OSM	Day*Allocation	Day1	Placebo	Day7	Placebo	0	-0.4115169950840922	0.08370538081869389	1058.6315483822355	-4.916254977388363	1.0218470526532404e-6	2.074659167508094e-6
OSM	Day*Allocation	Day4	Placebo	Day7	Placebo	0	-0.11191006316306848	0.08495895427332556	1051.3456118197519	-1.317225054383758	0.18805020289204458	0.2863491725856133
CXCL1	Day*Allocation	Day1	Anakinra	Day4	Anakinra	0	0.25678326932641754	0.06645860351595027	1060.8741200932482	3.8638077802039392	1.1840218869480412e-4	2.40392322501572e-4
CXCL1	Day*Allocation	Day1	Anakinra	Day7	Anakinra	0	0.1761394465250171	0.06619119614353271	1063.681849089874	2.6610706073820816	0.007906573414562293	0.009810007755105066
CXCL1	Day*Allocation	Day1	Anakinra	Day1	Placebo	0	-0.1481557983658402	0.10158995466105786	1157.3640116303934	-1.4583705530743019	0.14500974138264863	0.9706901703326503
CXCL1	Day*Allocation	Day1	Anakinra	Day4	Placebo	0	0.009949505590305309	0.10316170687460904	1188.2960041323063	0.09644572479203674	0.9231828409587283	0.9231828409587283
CXCL1	Day*Allocation	Day1	Anakinra	Day7	Placebo	0	-0.09319564030541197	0.10351917649059625	1196.1473855336014	-0.900274166244724	0.3681555773908747	0.41110706141981007
CXCL1	Day*Allocation	Day4	Anakinra	Day7	Anakinra	0	-0.08064382280140045	0.06671535043118723	1043.2925585168946	-1.208774626531859	0.22702332278775553	0.29824632601528667
CXCL1	Day*Allocation	Day4	Anakinra	Day1	Placebo	0	-0.40493906769225774	0.10248354762759539	1173.9475571287048	-3.951259271036605	8.237666611203074e-5	2.569482180011968e-4
CXCL1	Day*Allocation	Day4	Anakinra	Day4	Placebo	0	-0.24683376373611224	0.10404222441486359	1203.9109051884914	-2.372438354949755	0.017827543754224084	0.34442352886713956
CXCL1	Day*Allocation	Day4	Anakinra	Day7	Placebo	0	-0.34997890963182954	0.10439575401834646	1211.4557902333863	-3.3524247506304174	8.258009556594098e-4	0.006147629336575607
CXCL1	Day*Allocation	Day7	Anakinra	Day1	Placebo	0	-0.3242952448908573	0.10221651497608493	1168.610677242496	-3.1726306161654114	0.0015500094211574197	0.0028067738166904625
CXCL1	Day*Allocation	Day7	Anakinra	Day4	Placebo	0	-0.1661899409347118	0.10377684575559218	1198.7474799897502	-1.6014163826689287	0.10954819591230792	0.1747554553839198
CXCL1	Day*Allocation	Day7	Anakinra	Day7	Placebo	0	-0.26933508683042906	0.10413552043407148	1206.629667060776	-2.5863901741475996	0.009814951679064515	0.2832906002726575
CXCL1	Day*Allocation	Day1	Placebo	Day4	Placebo	0	0.15810530395614553	0.08376070065994178	1056.4963589190675	1.8875833500728911	0.05935579553697207	0.08837418446615841
CXCL1	Day*Allocation	Day1	Placebo	Day7	Placebo	0	0.054960158060428234	0.08420883491629402	1059.0204586756329	0.6526649859846677	0.5141139261565819	0.5382130164451717
CXCL1	Day*Allocation	Day4	Placebo	Day7	Placebo	0	-0.10314514589571729	0.08547165361647006	1051.7311134147274	-1.206776065882053	0.22778975242992983	0.3391536313956733
CCL4	Day*Allocation	Day1	Anakinra	Day4	Anakinra	0	-0.47311903638652053	0.06026072396828494	1053.536427146003	-7.851200669867853	1.0096604982532247e-14	4.227953336435378e-14
CCL4	Day*Allocation	Day1	Anakinra	Day7	Anakinra	0	-0.7765405081545407	0.060026556555700016	1056.2836974635024	-12.936615936547534	1.21730714210061e-35	9.062175391193431e-35
CCL4	Day*Allocation	Day1	Anakinra	Day1	Placebo	0	-0.037882435443373344	0.09850308485550759	1067.1529471836814	-0.3845812087909979	0.7006243438741878	0.9706901703326503
CCL4	Day*Allocation	Day1	Anakinra	Day4	Placebo	0	-0.4542025347019191	0.09987584477984919	1098.3208554996327	-4.547671518604851	6.0267001676573566e-6	2.884206508807449e-5
CCL4	Day*Allocation	Day1	Anakinra	Day7	Placebo	0	-0.7083917492440024	0.10018415654406934	1106.0144771170967	-7.070895974778134	2.723309339532624e-12	1.824617257486858e-11
CCL4	Day*Allocation	Day4	Anakinra	Day7	Anakinra	0	-0.3034214717680201	0.06044284819484522	1037.4039860729426	-5.019973095740001	6.079257974198917e-7	3.3942523689277288e-6
CCL4	Day*Allocation	Day4	Anakinra	Day1	Placebo	0	0.4352366009431472	0.09928814631760029	1084.128846455296	4.383570618298421	1.2809989962975665e-5	5.0486431030551153e-5
CCL4	Day*Allocation	Day4	Anakinra	Day4	Placebo	0	0.01891650168460142	0.10065049181049245	1114.5659347451458	0.18794246649303947	0.8509559625375275	0.9502341581669057
CCL4	Day*Allocation	Day4	Anakinra	Day7	Placebo	0	-0.23527271285748189	0.10095580638983795	1122.0341091768894	-2.3304525145288135	0.01995879984349639	0.05454394988295645
CCL4	Day*Allocation	Day7	Anakinra	Day1	Placebo	0	0.7386580727111672	0.09905526864235828	1078.7661150858378	7.457029624321268	1.8141011317787479e-13	1.0128731319098008e-12
CCL4	Day*Allocation	Day7	Anakinra	Day4	Placebo	0	0.3223379734526215	0.10041907719294382	1109.3260080132482	3.209927659794023	0.0013657641430258006	0.007625516465227387
CCL4	Day*Allocation	Day7	Anakinra	Day7	Placebo	0	0.06814875891053819	0.10072809304722878	1117.04838577838	0.676561591199637	0.49882421940320343	0.7265483195655354
CCL4	Day*Allocation	Day1	Placebo	Day4	Placebo	0	-0.4163200992585458	0.075934695757675	1050.0674021881312	-5.4826070626149415	5.248632118854215e-8	2.5118453711659456e-7
CCL4	Day*Allocation	Day1	Placebo	Day7	Placebo	0	-0.6705093138006291	0.07634965838694634	1052.1849019115418	-8.7820866257506065	6.397609842027385e-18	3.896725994689407e-17
CCL4	Day*Allocation	Day4	Placebo	Day7	Placebo	0	-0.2541892145420833	0.0774667567895981	1045.0760720079995	-3.2812683152912725	0.0010675867924703334	0.007947590566168039
CD6	Day*Allocation	Day1	Anakinra	Day4	Anakinra	0	-0.06504901269343719	0.060844260023317984	1055.1264297625253	-1.0691068092291331	0.2852660627388449	0.3747612981078943
CD6	Day*Allocation	Day1	Anakinra	Day7	Anakinra	0	-0.22734880294277016	0.06060596352608404	1057.8951202985468	-3.7512612573995643	1.8549497875094633e-4	2.644290122619873e-4
CD6	Day*Allocation	Day1	Anakinra	Day1	Placebo	0	0.06623137332544596	0.09793375221445311	1086.6509123742392	0.6762875089316909	0.49900203491445716	0.9706901703326503
CD6	Day*Allocation	Day1	Anakinra	Day4	Placebo	0	-0.02815351441928557	0.09933257456328277	1117.9438015054304	-0.28342680679588683	0.7769021578554222	0.8395555576824723
CD6	Day*Allocation	Day1	Anakinra	Day7	Placebo	0	-0.07559615426554381	0.09964759577830123	1125.7142576449457	-0.7586350044383635	0.44822973000083977	0.4923179001648568
CD6	Day*Allocation	Day4	Anakinra	Day7	Anakinra	0	-0.16229979024933297	0.06103923329758993	1038.6538627350506	-2.658942150502752	0.007959204205954808	0.014704565090515258
CD6	Day*Allocation	Day4	Anakinra	Day1	Placebo	0	0.13128038601888314	0.09873270141821536	1103.638363750228	1.3296545534878175	0.18390686732923126	0.2621651087459254
CD6	Day*Allocation	Day4	Anakinra	Day4	Placebo	0	0.03689549827415162	0.10012067583171191	1134.1452821112252	0.3685102798963074	0.7125615548425581	0.8841041513787294
CD6	Day*Allocation	Day4	Anakinra	Day7	Placebo	0	-0.010547141572106625	0.10043254516520435	1141.6722248964431	-0.10501716903377618	0.9163806318718164	0.9779689039652274
CD6	Day*Allocation	Day7	Anakinra	Day1	Placebo	0	0.2935801762682161	0.09849532073417726	1098.250643505681	2.980651000269758	0.0029397124030949703	0.004924018275184076
CD6	Day*Allocation	Day7	Anakinra	Day4	Placebo	0	0.1991952885234846	0.09988478792126916	1128.8920310393648	1.9942505026941	0.04636487433338269	0.10354821934455467
CD6	Day*Allocation	Day7	Anakinra	Day7	Placebo	0	0.15175264867722635	0.10020059728916	1136.6913506978347	1.514488463968901	0.13017999824336765	0.5304406229187398
CD6	Day*Allocation	Day1	Placebo	Day4	Placebo	0	-0.09438488774473153	0.07667301235713744	1051.4681682589112	-1.231005341293928	0.2185961475732048	0.2662898524982677
CD6	Day*Allocation	Day1	Placebo	Day7	Placebo	0	-0.14182752759098977	0.07709017177848997	1053.6719150778015	-1.8397614678887393	0.06608442784207938	0.08531229352775418
CD6	Day*Allocation	Day4	Placebo	Day7	Placebo	0	-0.04744263984625824	0.07822434256494247	1046.502210724811	-0.6064945807230144	0.5443179190229248	0.607821676242266
SCF	Day*Allocation	Day1	Anakinra	Day4	Anakinra	0	0.5301973145333122	0.055429303265953314	1047.1525622843799	9.565289175463596	7.71597450572961e-21	5.169702918838839e-20
SCF	Day*Allocation	Day1	Anakinra	Day7	Anakinra	0	0.5053607826180424	0.055220931191897686	1049.767139712779	9.151616456120024	2.8477529234825446e-19	1.0042076098596341e-18
SCF	Day*Allocation	Day1	Anakinra	Day1	Placebo	0	0.09099756607407893	0.09698744562569123	989.8375690752075	0.9382406711201637	0.3483496163116836	0.9706901703326503
SCF	Day*Allocation	Day1	Anakinra	Day4	Placebo	0	0.5840479854062185	0.09819618222228926	1019.575680981579	5.947766727672709	3.731401449469483e-9	3.5714842444922196e-8
SCF	Day*Allocation	Day1	Anakinra	Day7	Placebo	0	0.5862404059448161	0.09846471796145512	1026.7464492235015	5.953811863598747	3.592738559990917e-9	1.604756556795943e-8
SCF	Day*Allocation	Day4	Anakinra	Day7	Anakinra	0	-0.0248365319152698	0.05555632128488076	1032.5278776908629	-0.4470514127080779	0.6549316962117524	0.7193512073145478
SCF	Day*Allocation	Day4	Anakinra	Day1	Placebo	0	-0.4391997484592333	0.09768222418575648	1006.2444593923565	-4.49620954191249	7.721651237653908e-6	3.233441455767574e-5
SCF	Day*Allocation	Day4	Anakinra	Day4	Placebo	0	0.053850670872906306	0.09888267501783307	1035.4745565012406	0.5445915663506733	0.5861517141899897	0.7854432970145863
SCF	Day*Allocation	Day4	Anakinra	Day7	Placebo	0	0.056043091411503806	0.09914891081230988	1042.4901874958505	0.5652416244651852	0.572031048045964	0.6843942896264212
SCF	Day*Allocation	Day7	Anakinra	Day1	Placebo	0	-0.4143632165439635	0.09747747863056223	1001.1422218640721	-4.250861043650833	2.3285118452205365e-5	4.875321675930498e-5
SCF	Day*Allocation	Day7	Anakinra	Day4	Placebo	0	0.0786872027881761	0.09867918253722671	1030.449032725865	0.7974042828991957	0.425399974827548	0.4940660231791055
SCF	Day*Allocation	Day7	Anakinra	Day7	Placebo	0	0.0808796233267736	0.09894812195778044	1037.6486669665403	0.8173942236244123	0.4138908129516956	0.7133887951845337
SCF	Day*Allocation	Day1	Placebo	Day4	Placebo	0	0.4930504193321396	0.0698364966497231	1044.3984711056814	7.06006805875613	3.031027252801572e-12	2.2564313993078372e-11
SCF	Day*Allocation	Day1	Placebo	Day7	Placebo	0	0.49524283987073714	0.07022454656389869	1046.1801500735874	7.052275366706796	3.194446377407031e-12	1.2589876899192417e-11
SCF	Day*Allocation	Day4	Placebo	Day7	Placebo	0	0.0021924205385975004	0.07122855897576749	1039.4364515125221	0.03078007712248368	0.975450837922572	0.975450837922572
IL18	Day*Allocation	Day1	Anakinra	Day4	Anakinra	0	0.3064586908727534	0.03924775424231891	1025.9205720365385	7.808311501867135	1.4257581180038046e-14	5.619164347426759e-14
IL18	Day*Allocation	Day1	Anakinra	Day7	Anakinra	0	0.5870319437972555	0.03911820105472888	1027.5577593444152	15.006619117682842	3.553634157726845e-46	3.968224809461643e-45
IL18	Day*Allocation	Day1	Anakinra	Day1	Placebo	0	0.09474516247537289	0.09742670440905496	755.3862085507586	0.9724763148877194	0.3311249349555033	0.9706901703326503
IL18	Day*Allocation	Day1	Anakinra	Day4	Placebo	0	0.3512610540387503	0.09807598463609138	772.2329091537194	3.581519526335587	3.629885617077249e-4	0.001280012296548293
IL18	Day*Allocation	Day1	Anakinra	Day7	Placebo	0	0.7151389393123125	0.0982152497836891	775.9975333343198	7.281343181301747	8.121982118165182e-13	6.41893359877062e-12
IL18	Day*Allocation	Day4	Anakinra	Day7	Anakinra	0	0.28057325292450214	0.03924312116698995	1017.852928882885	7.149616151339953	1.6592014861463968e-12	5.558324978590429e-11
IL18	Day*Allocation	Day4	Anakinra	Day1	Placebo	0	-0.2117135283973805	0.0978060212941442	765.0478447799954	-2.1646267335695835	0.03072489674896933	0.06026903996055204
IL18	Day*Allocation	Day4	Anakinra	Day4	Placebo	0	0.044802363165996895	0.09845284334480718	781.8571368604232	0.45506418752262434	0.6491893931278943	0.8528566537170376
IL18	Day*Allocation	Day4	Anakinra	Day7	Placebo	0	0.4086802484395592	0.09859148993067976	785.6075173363671	4.145187872978739	3.764502144257283e-5	5.04443287330476e-4
IL18	Day*Allocation	Day7	Anakinra	Day1	Placebo	0	-0.49228678132188264	0.09769671937653748	762.1914764598265	-5.038928476446964	5.851063354671693e-7	1.7819147489227428e-6
IL18	Day*Allocation	Day7	Anakinra	Day4	Placebo	0	-0.23577088975850524	0.09834398240999032	778.9954496044604	-2.3974104361117914	0.016745956552033692	0.05099904949937534
IL18	Day*Allocation	Day7	Anakinra	Day7	Placebo	0	0.12810699551505705	0.0984832448960054	782.7765525639657	1.300799904088591	0.1937097482102306	0.5378764150311666
IL18	Day*Allocation	Day1	Placebo	Day4	Placebo	0	0.2565158915633774	0.04943143816712163	1024.9959915624036	5.18932689548964	2.5435623142301196e-7	1.1361245003561201e-6
IL18	Day*Allocation	Day1	Placebo	Day7	Placebo	0	0.6203937768369396	0.04971902257879236	1025.7794712116406	12.477996240850649	2.271965987602981e-33	3.0444344233879947e-32
IL18	Day*Allocation	Day4	Placebo	Day7	Placebo	0	0.3638778852735623	0.05037029398450587	1021.6054758588027	7.224057206922255	9.854071444163904e-13	6.602227867589816e-11
SLAMF1	Day*Allocation	Day1	Anakinra	Day4	Anakinra	0	0.19386484984461844	0.06810271367516198	1064.149841567356	2.846653817193245	0.00450301946650851	0.007939534322528162
SLAMF1	Day*Allocation	Day1	Anakinra	Day7	Anakinra	0	0.13406467637168965	0.06782470488670722	1066.9531746646608	1.976634864768348	0.04834010139681527	0.05584115161356247
SLAMF1	Day*Allocation	Day1	Anakinra	Day1	Placebo	0	0.011427323384806093	0.10134551494619227	1197.4682026579637	0.11275608388662528	0.9102428350939767	0.9709073885767218
SLAMF1	Day*Allocation	Day1	Anakinra	Day4	Placebo	0	0.10367231398876615	0.10297733429643341	1227.6197639721133	1.0067488607768011	0.3142538660951701	0.4296940618035999
SLAMF1	Day*Allocation	Day1	Anakinra	Day7	Placebo	0	-0.06678881399293529	0.10335055260899187	1235.3730567057705	-0.646235673703833	0.5182467683527322	0.5511513250735406
SLAMF1	Day*Allocation	Day4	Anakinra	Day7	Anakinra	0	-0.059800173472928785	0.06839137374677472	1046.0220501507788	-0.8743818145011149	0.38211106355973656	0.4571685939018277
SLAMF1	Day*Allocation	Day4	Anakinra	Day1	Placebo	0	-0.18243752645981234	0.10227082817260999	1213.513076584521	-1.7838667166349638	0.07469514315816506	0.12511436478992646
SLAMF1	Day*Allocation	Day4	Anakinra	Day4	Placebo	0	-0.09019253585585227	0.1038885997194338	1242.6124183255768	-0.8681658632364886	0.3854711723941461	0.6988264267989749
SLAMF1	Day*Allocation	Day4	Anakinra	Day7	Placebo	0	-0.26065366383755373	0.10425749010461921	1250.0274758437681	-2.5000953272133803	0.012543297252773464	0.04423162715451695
SLAMF1	Day*Allocation	Day7	Anakinra	Day1	Placebo	0	-0.12263735298688355	0.1019934292514469	1208.3054659490847	-1.202404447884017	0.2294424408544851	0.2650455782284569
SLAMF1	Day*Allocation	Day7	Anakinra	Day4	Placebo	0	-0.03039236238292349	0.10361288118262856	1237.5960352331138	-0.29332610034609274	0.7693220830252148	0.7929935317336828
SLAMF1	Day*Allocation	Day7	Anakinra	Day7	Placebo	0	-0.20085349036462494	0.10398756379522131	1245.3829031444775	-1.9315145295658427	0.05364612507458298	0.44683134289963033
SLAMF1	Day*Allocation	Day1	Placebo	Day4	Placebo	0	0.09224499060396006	0.08584098481834812	1059.3383400472144	1.0746031257582114	0.28279715087472257	0.332410686115902
SLAMF1	Day*Allocation	Day1	Placebo	Day7	Placebo	0	-0.07821613737774138	0.08629556696117523	1062.0509268988098	-0.9063749174152965	0.3649430287964913	0.3881140147518241
SLAMF1	Day*Allocation	Day4	Placebo	Day7	Placebo	0	-0.17046112798170143	0.0876030958949676	1054.7637288468795	-1.9458345192055437	0.05193995559015563	0.10874928201688835
TGF-alpha	Day*Allocation	Day1	Anakinra	Day4	Anakinra	0	-0.028842436426596604	0.06805747728072446	1063.4296235316913	-0.4237952621668139	0.671800838186817	0.8037617171163703
TGF-alpha	Day*Allocation	Day1	Anakinra	Day7	Anakinra	0	-0.217905050669444	0.06778051768546824	1066.2355662722755	-3.2148625904661925	0.0013442509329417024	0.0017659767158253736
TGF-alpha	Day*Allocation	Day1	Anakinra	Day1	Placebo	0	0.021208734576725702	0.10186308054749336	1188.681589621784	0.20820825821026678	0.8351020290471415	0.9706901703326503
TGF-alpha	Day*Allocation	Day1	Anakinra	Day4	Placebo	0	-0.2571932236298335	0.10348942478054557	1219.0401758041332	-2.485212611580598	0.013080698829111977	0.02827118779195169
TGF-alpha	Day*Allocation	Day1	Anakinra	Day7	Placebo	0	-0.4643549399269412	0.10386093285885085	1226.8241774681328	-4.4709298014683645	8.508566950039549e-6	2.111385132046851e-5
TGF-alpha	Day*Allocation	Day4	Anakinra	Day7	Anakinra	0	-0.18906261424284737	0.06834033061575076	1045.416525593705	-2.7664866783549495	0.005766289828999558	0.01103832624408487
TGF-alpha	Day*Allocation	Day4	Anakinra	Day1	Placebo	0	0.050051171003322306	0.10278582040129804	1204.8635795027599	0.4869462617305746	0.6263849843274636	0.7362770868410538
TGF-alpha	Day*Allocation	Day4	Anakinra	Day4	Placebo	0	-0.2283507872032369	0.10439826432822538	1234.1866229521743	-2.187304441051894	0.028907426245859246	0.34442352886713956
TGF-alpha	Day*Allocation	Day4	Anakinra	Day7	Placebo	0	-0.4355125035003446	0.10476551113733139	1241.6389833743567	-4.157021702776356	3.4454183945185485e-5	5.04443287330476e-4
TGF-alpha	Day*Allocation	Day7	Anakinra	Day1	Placebo	0	0.2391137852461697	0.10250938628010242	1199.6213422901694	2.332603812423593	0.019833651106870145	0.028273502641708505
TGF-alpha	Day*Allocation	Day7	Anakinra	Day4	Placebo	0	-0.039288172960389514	0.10412351446452264	1229.1320890419975	-0.377322770581048	0.7059988905573543	0.7390925885522303
TGF-alpha	Day*Allocation	Day7	Anakinra	Day7	Placebo	0	-0.24644988925749722	0.10449643368540663	1236.9489289571006	-2.3584526338903657	0.018506173048701315	0.309978398565747
TGF-alpha	Day*Allocation	Day1	Placebo	Day4	Placebo	0	-0.2784019582065592	0.08578213323058005	1058.7148989402685	-3.245453892574836	0.0012093688305003956	0.002794059022190569
TGF-alpha	Day*Allocation	Day1	Placebo	Day7	Placebo	0	-0.4855636745036669	0.08623744868817494	1061.385682476858	-5.630543132826335	2.298959597659039e-8	5.501081894398415e-8
TGF-alpha	Day*Allocation	Day4	Placebo	Day7	Placebo	0	-0.2071617162971077	0.08754118526353684	1054.0936427163208	-2.366448611284635	0.018139687838415422	0.04861436340695333
MCP-4	Day*Allocation	Day1	Anakinra	Day4	Anakinra	0	-0.4535903330680375	0.05046427922130416	1038.9716666923723	-8.98834462846243	1.1600516584155145e-18	6.4769550928199555e-18
MCP-4	Day*Allocation	Day1	Anakinra	Day7	Anakinra	0	-0.7461179829849507	0.05028317394235023	1041.3067097034125	-14.83832313052427	2.5025833846206032e-45	2.395329810994006e-44
MCP-4	Day*Allocation	Day1	Anakinra	Day1	Placebo	0	-0.06680603310402973	0.09814769179652001	894.5417272701748	-0.6806684077964068	0.4962574694203097	0.9706901703326503
MCP-4	Day*Allocation	Day1	Anakinra	Day4	Placebo	0	-0.5650534378928166	0.09916749861141418	920.5294926902188	-5.697970058788787	1.6314207745971073e-8	1.2145021322000688e-7
MCP-4	Day*Allocation	Day1	Anakinra	Day7	Placebo	0	-0.7208507097893444	0.09939096260939755	926.6141074412919	-7.252678622524852	8.62244811775158e-13	6.41893359877062e-12
MCP-4	Day*Allocation	Day4	Anakinra	Day7	Anakinra	0	-0.29252764991691327	0.05053282516338565	1026.6016996221983	-5.788863950730955	9.409356043115328e-9	9.849318645421374e-8
MCP-4	Day*Allocation	Day4	Anakinra	Day1	Placebo	0	0.38678429996400776	0.09873763831420782	909.1043903713961	3.9172934107777984	9.625575387882493e-5	2.8039719608179435e-4
MCP-4	Day*Allocation	Day4	Anakinra	Day4	Placebo	0	-0.11146310482477913	0.09975154184282113	934.8316851165703	-1.117407337927788	0.2641072884308651	0.6541047251665811
MCP-4	Day*Allocation	Day4	Anakinra	Day7	Placebo	0	-0.267260376721307	0.0999734339190056	940.8358821518564	-2.6733139619654405	0.007640660189418345	0.03412828217940194
MCP-4	Day*Allocation	Day7	Anakinra	Day1	Placebo	0	0.679311949880921	0.098565270596437	904.6640369634046	6.892001064576566	1.0307077225425901e-11	4.603827827356902e-11
MCP-4	Day*Allocation	Day7	Anakinra	Day4	Placebo	0	0.18106454509213413	0.0995801383458601	930.4202183188609	1.8182797101894328	0.06934282190561553	0.14932774815694494
MCP-4	Day*Allocation	Day7	Anakinra	Day7	Placebo	0	0.025267273195606316	0.09980376406988331	936.5321590082924	0.25316954156071697	0.8001927632900233	0.8935485856738594
MCP-4	Day*Allocation	Day1	Placebo	Day4	Placebo	0	-0.4982474047887869	0.06357088062250554	1037.0244861982524	-7.837667182046176	1.1333084412502583e-14	9.491458195470913e-14
MCP-4	Day*Allocation	Day1	Placebo	Day7	Placebo	0	-0.6540446766853147	0.06393098886936714	1038.400251151764	-10.230479588259639	1.8001640447483702e-23	1.3401221222015645e-22
MCP-4	Day*Allocation	Day4	Placebo	Day7	Placebo	0	-0.1557972718965278	0.06481640432802303	1032.4039426916163	-2.4036703904164223	0.01640686703642353	0.04580250381001568
CCL11	Day*Allocation	Day1	Anakinra	Day4	Anakinra	0	-0.24051482088146559	0.06031409552513956	1052.5788593054042	-3.9877050097056737	7.132449615875016e-5	1.5415294331084712e-4
CCL11	Day*Allocation	Day1	Anakinra	Day7	Anakinra	0	-0.4461753397063471	0.06008084344200502	1055.3109964413816	-7.426249602122053	2.2989162250291694e-13	6.161095483078174e-13
CCL11	Day*Allocation	Day1	Anakinra	Day1	Placebo	0	-0.0244536595104988	0.09953781755155032	1055.4447802730085	-0.24567204819248048	0.8059838744855352	0.9706901703326503
CCL11	Day*Allocation	Day1	Anakinra	Day4	Placebo	0	-0.32392721685245945	0.10090380661974317	1086.4916063558194	-3.2102576473966127	0.001365018072719528	0.00415710049419129
CCL11	Day*Allocation	Day1	Anakinra	Day7	Placebo	0	-0.5828155688227006	0.10121009587068686	1094.1281700630404	-5.75847264849296	1.1019460447169115e-8	4.614399062252067e-8
CCL11	Day*Allocation	Day4	Anakinra	Day7	Anakinra	0	-0.2056605188248815	0.060489764709381305	1036.6581348291932	-3.399922611915629	6.997304166271315e-4	0.0015123205778715422
CCL11	Day*Allocation	Day4	Anakinra	Day1	Placebo	0	0.2160611613709668	0.1003196047328208	1072.3881865301405	2.1537281964616803	0.0314838268450645	0.06026903996055204
CCL11	Day*Allocation	Day4	Anakinra	Day4	Placebo	0	-0.0834123959709939	0.1016753729883055	1102.7378095664697	-0.8203795424540791	0.41217706837070556	0.6988264267989749
CCL11	Day*Allocation	Day4	Anakinra	Day7	Placebo	0	-0.34230074794123494	0.10197873732075133	1110.1597871158622	-3.3565893924005397	8.158330952704533e-4	0.006147629336575607
CCL11	Day*Allocation	Day7	Anakinra	Day1	Placebo	0	0.4217216801958483	0.1000879250300876	1067.0484325711723	4.213512070203013	2.7267856544732252e-05	5.5362011772638206e-5
CCL11	Day*Allocation	Day7	Anakinra	Day4	Placebo	0	0.12224812285388763	0.1014451464350679	1097.513790118954	1.2050662564929622	0.22843749547086667	0.30610624393096136
CCL11	Day*Allocation	Day7	Anakinra	Day7	Placebo	0	-0.13664022911635343	0.10175209631830714	1105.1790957569588	-1.342873847914711	0.17958854669770044	0.5378764150311666
CCL11	Day*Allocation	Day1	Placebo	Day4	Placebo	0	-0.2994735573419607	0.07600020379425021	1049.2216868092762	-3.940430977694527	8.671738362466294e-5	2.4208602928551734e-4
CCL11	Day*Allocation	Day1	Placebo	Day7	Placebo	0	-0.5583619093122018	0.07641660499902789	1051.287745141973	-7.306813870091517	5.401171522956522e-13	2.7836807079852843e-12
CCL11	Day*Allocation	Day4	Placebo	Day7	Placebo	0	-0.25888835197024107	0.07753092374888383	1044.2213757423613	-3.3391624844914625	8.700099739227592e-4	0.007286333531603109
TNFSF14	Day*Allocation	Day1	Anakinra	Day4	Anakinra	0	-0.1277962754219006	0.06583945818004835	1060.1036885849985	-1.9410286620588766	0.052519578018287084	0.07997299380057352
TNFSF14	Day*Allocation	Day1	Anakinra	Day7	Anakinra	0	-0.45327244412319834	0.06557546655452115	1062.9096565743287	-6.912225988454628	8.212970850060815e-12	1.9652465962645522e-11
TNFSF14	Day*Allocation	Day1	Anakinra	Day1	Placebo	0	0.03689514602220148	0.1013067591828827	1147.8924434136422	0.364192343332166	0.7157814568249157	0.9706901703326503
TNFSF14	Day*Allocation	Day1	Anakinra	Day4	Placebo	0	-0.29364876102158904	0.10285861287247686	1178.9475170247845	-2.8548777085459243	0.004380754726690008	0.010870761729193724
TNFSF14	Day*Allocation	Day1	Anakinra	Day7	Placebo	0	-0.566361355209223	0.10321109116237356	1186.8065424347017	-5.487407882532828	4.98273493851438e-8	1.8546846715581304e-7
TNFSF14	Day*Allocation	Day4	Anakinra	Day7	Anakinra	0	-0.32547616870129775	0.06608799935657807	1042.659709851682	-4.924890628708395	9.808933261087892e-7	5.055373296099145e-6
TNFSF14	Day*Allocation	Day4	Anakinra	Day1	Placebo	0	0.1646914214441021	0.10218958429447365	1164.570564533464	1.611626298131526	0.10731424675801463	0.15977898961748846
TNFSF14	Day*Allocation	Day4	Anakinra	Day4	Placebo	0	-0.1658524855996884	0.10372863901130885	1194.6792489098348	-1.5989073719708844	0.11010560243156606	0.5256503900092164
TNFSF14	Day*Allocation	Day4	Anakinra	Day7	Placebo	0	-0.4385650797873224	0.10407728006794063	1202.2398085273958	-4.213840710489661	2.6983831802230324e-5	5.04443287330476e-4
TNFSF14	Day*Allocation	Day7	Anakinra	Day1	Placebo	0	0.49016759014539985	0.10192597035448564	1159.2138556057769	4.809054929186928	1.7158884817110162e-6	4.257945491653263e-6
TNFSF14	Day*Allocation	Day7	Anakinra	Day4	Placebo	0	0.15962368310160935	0.10346666403592904	1189.4912361415873	1.5427547083781463	0.12315628316702157	0.1875334311861465
TNFSF14	Day*Allocation	Day7	Anakinra	Day7	Placebo	0	-0.11308891108602462	0.10382028690164746	1197.3806176275634	-1.089275655664077	0.2762515214732272	0.5970597399582651
TNFSF14	Day*Allocation	Day1	Placebo	Day4	Placebo	0	-0.3305439070437905	0.08297858525425816	1055.8255040254771	-3.9834844861593752	7.256972494842765e-5	2.113987639802023e-4
TNFSF14	Day*Allocation	Day1	Placebo	Day7	Placebo	0	-0.6032565012314245	0.08342357333163707	1058.3058900305948	-7.2312474416946255	9.16107268975414e-13	4.0919458014235166e-12
TNFSF14	Day*Allocation	Day4	Placebo	Day7	Placebo	0	-0.27271259418763394	0.08467150741189464	1051.0234499824007	-3.220830743699779	0.0013174010281424015	0.008024169898685537
MMP-1	Day*Allocation	Day1	Anakinra	Day4	Anakinra	0	-0.2403438894193716	0.05399981163553717	1041.9802147949763	-4.450828292541705	9.474662154276659e-6	2.2671513012019147e-5
MMP-1	Day*Allocation	Day1	Anakinra	Day7	Anakinra	0	-0.4253072332790383	0.05380257960801348	1044.4323352369906	-7.904959880691149	6.7782507255845656e-15	1.8954567681241773e-14
MMP-1	Day*Allocation	Day1	Anakinra	Day1	Placebo	0	0.065935956092669	0.10072426817286695	928.9730235167389	0.6546183684304077	0.5128755322132332	0.9706901703326503
MMP-1	Day*Allocation	Day1	Anakinra	Day4	Placebo	0	-0.2508761844915003	0.1018500096083429	956.5623558220892	-2.4631925461394375	0.01394575204776227	0.029198918350002254
MMP-1	Day*Allocation	Day1	Anakinra	Day7	Placebo	0	-0.3657378085712826	0.10209793194124134	963.0919939171517	-3.582225434123086	3.577278736962857e-4	7.489927355515981e-4
MMP-1	Day*Allocation	Day4	Anakinra	Day7	Anakinra	0	-0.18496334385966667	0.05409166301831906	1028.7399502802432	-3.4194427299642403	6.521150529798294e-4	0.0014563902849882857
MMP-1	Day*Allocation	Day4	Anakinra	Day1	Placebo	0	0.30627984551204057	0.10137397664900248	944.3465604908135	3.0212866816155857	0.0025848595020979553	0.005971916780709069
MMP-1	Day*Allocation	Day4	Anakinra	Day4	Placebo	0	-0.010532295072128686	0.10249274118125118	971.5923962271748	-0.10276137559344876	0.9181735657471675	0.9914292859327909
MMP-1	Day*Allocation	Day4	Anakinra	Day7	Placebo	0	-0.12539391915191098	0.1027387782093421	978.0168518343563	-1.2205120728261574	0.2225650012619635	0.33137455743447897
MMP-1	Day*Allocation	Day7	Anakinra	Day1	Placebo	0	0.4912431893717073	0.1011835454513559	939.625072763841	4.854971104050441	1.4095468574359827e-6	3.6322938249311865e-6
MMP-1	Day*Allocation	Day7	Anakinra	Day4	Placebo	0	0.174431048787538	0.10230341991766956	966.915253051591	1.70503634118893	0.08850885854614657	0.16472482007199502
MMP-1	Day*Allocation	Day7	Anakinra	Day7	Placebo	0	0.05956942470775571	0.1025515856856705	973.4732093603236	0.5808727803618869	0.5614606483985136	0.7340776707583796
MMP-1	Day*Allocation	Day1	Placebo	Day4	Placebo	0	-0.3168121405841693	0.06802840238662539	1039.7508876000345	-4.657056897847356	3.62272362917106e-6	1.3484582397470057e-5
MMP-1	Day*Allocation	Day1	Placebo	Day7	Placebo	0	-0.4316737646639516	0.06841113591079132	1041.2727579717039	-6.3099926483731785	4.1204633383927545e-10	1.1502960153013107e-9
MMP-1	Day*Allocation	Day4	Placebo	Day7	Placebo	0	-0.11486162407978229	0.06937001922463215	1034.965474282555	-1.6557819265962783	0.0980691318955794	0.17291136413167948
LIF-R	Day*Allocation	Day1	Anakinra	Day4	Anakinra	0	0.517394090175182	0.06280309996349208	1057.8202710128578	8.238352732205053	5.11621987089834e-16	2.2852448756679253e-15
LIF-R	Day*Allocation	Day1	Anakinra	Day7	Anakinra	0	0.773468421272901	0.06255393417752071	1060.6147221586064	12.364824554086216	6.636091324284515e-33	4.446181187270625e-32
LIF-R	Day*Allocation	Day1	Anakinra	Day1	Placebo	0	-0.0717327633647511	0.09859487262227035	1119.7863244636974	-0.7275506469750059	0.4670407878834353	0.9706901703326503
LIF-R	Day*Allocation	Day1	Anakinra	Day4	Placebo	0	0.4344786966989488	0.10005933052107288	1151.0700290140278	4.342210710748718	1.534706007879568e-5	6.855020168528737e-5
LIF-R	Day*Allocation	Day1	Anakinra	Day7	Placebo	0	0.6780199276530559	0.10039065886002249	1158.9177075939476	6.753814900233278	2.2732392118475987e-11	1.2692252266149092e-10
LIF-R	Day*Allocation	Day4	Anakinra	Day7	Anakinra	0	0.25607433109771904	0.06302374124490381	1040.8042712583845	4.063140747272371	5.205693490183192e-5	1.5853702901921538e-4
LIF-R	Day*Allocation	Day4	Anakinra	Day1	Placebo	0	-0.5891268535399331	0.09942950649633484	1136.671454405621	-5.925070678708935	4.132981806758752e-9	2.7690978105283637e-8
LIF-R	Day*Allocation	Day4	Anakinra	Day4	Placebo	0	-0.0829153934762332	0.10088220741851316	1167.0793204371896	-0.8219030451252515	0.4112999534822097	0.6988264267989749
LIF-R	Day*Allocation	Day4	Anakinra	Day7	Placebo	0	0.16062583747787387	0.10121006226520303	1174.653235806771	1.5870540327994496	0.11276953551627658	0.20420429404298732
LIF-R	Day*Allocation	Day7	Anakinra	Day1	Placebo	0	-0.8452011846376521	0.09918084910275705	1131.279722912765	-8.521818398247177	4.954455184514739e-17	4.1493562170310937e-16
LIF-R	Day*Allocation	Day7	Anakinra	Day4	Placebo	0	-0.3389897245739522	0.10063510835873536	1161.84119812153	-3.3685035978254314	7.805538975262381e-4	0.005398519314511762
LIF-R	Day*Allocation	Day7	Anakinra	Day7	Placebo	0	-0.09544849361984514	0.10096739540496687	1169.7182792846731	-0.9453397627720698	0.3446806731928843	0.6489530997463453
LIF-R	Day*Allocation	Day1	Placebo	Day4	Placebo	0	0.5062114600636999	0.07914692955665444	1053.8315838709298	6.395844575389964	2.395815948290411e-10	1.4592697139587049e-9
LIF-R	Day*Allocation	Day1	Placebo	Day7	Placebo	0	0.749752691017807	0.07957425079535085	1056.1838100266896	9.422051524506612	2.6955238251996967e-20	1.806000962883797e-19
LIF-R	Day*Allocation	Day4	Placebo	Day7	Placebo	0	0.24354123095410707	0.0807556957791577	1048.9384389197737	3.015777755418248	0.0026249369972156434	0.011724718587563207
FGF-21	Day*Allocation	Day1	Anakinra	Day4	Anakinra	0	-0.01470279315255267	0.06913035950735809	1073.302899546583	-0.21268214511437245	0.8316152799783108	0.9134135042384726
FGF-21	Day*Allocation	Day1	Anakinra	Day7	Anakinra	0	0.24847589462411465	0.06883759601784313	1075.99400479755	3.6095957586855323	3.2079133160407754e-4	4.477712336973582e-4
FGF-21	Day*Allocation	Day1	Anakinra	Day1	Placebo	0	-0.030227470869089883	0.09620820660357167	1306.1052668248315	-0.3141880712280911	0.7534283780670413	0.9706901703326503
FGF-21	Day*Allocation	Day1	Anakinra	Day4	Placebo	0	-0.07586044748021027	0.09790893982801854	1332.0023875589113	-0.7748061373503028	0.4385917372929482	0.544178637011621
FGF-21	Day*Allocation	Day1	Anakinra	Day7	Placebo	0	0.11273050160094882	0.0983040111131673	1338.926932321763	1.146753833586442	0.25168825824790736	0.29288318028484817
FGF-21	Day*Allocation	Day4	Anakinra	Day7	Anakinra	0	0.2631786877766673	0.06949572878383131	1053.9866094167983	3.7869764427579864	1.6110596579082333e-4	4.1515768107635247e-4
FGF-21	Day*Allocation	Day4	Anakinra	Day1	Placebo	0	-0.015524677716537212	0.0971656395716149	1319.5779588611408	-0.15977538752364115	0.8730824650493885	0.9140082055985785
FGF-21	Day*Allocation	Day4	Anakinra	Day4	Placebo	0	-0.06115765432765761	0.09885056275596561	1344.3196411621905	-0.6186879732656531	0.5362267500368953	0.7484831719264997
FGF-21	Day*Allocation	Day4	Anakinra	Day7	Placebo	0	0.12743329475350149	0.09924042118828989	1350.8495271269517	1.2840865972517483	0.19933184572025633	0.3035280378012994
FGF-21	Day*Allocation	Day7	Anakinra	Day1	Placebo	0	-0.2787033654932045	0.09687613938066354	1315.0960788074744	-2.8769041301085707	0.004080800611496552	0.0065098485945302145
FGF-21	Day*Allocation	Day7	Anakinra	Day4	Placebo	0	-0.32433634210432494	0.09856261226847919	1340.0484465845996	-3.2906630073972716	0.0010255135719875483	0.006246309938469612
FGF-21	Day*Allocation	Day7	Anakinra	Day7	Placebo	0	-0.13574539302316585	0.09895993186138279	1347.0230789953437	-1.3717207608157003	0.1703788053562956	0.5378764150311666
FGF-21	Day*Allocation	Day1	Placebo	Day4	Placebo	0	-0.045632976611120396	0.08716228971547131	1067.1976625918983	-0.5235403608611321	0.600706965280156	0.6388470900598484
FGF-21	Day*Allocation	Day1	Placebo	Day7	Placebo	0	0.1429579724700387	0.08760950639327968	1070.4585202620558	1.631763245284129	0.10302349624430332	0.12326025443514861
FGF-21	Day*Allocation	Day4	Placebo	Day7	Placebo	0	0.1885909490811591	0.08897258389479905	1063.4455440580748	2.11965237858157	0.03426654200501652	0.07652861047787023
CCL19	Day*Allocation	Day1	Anakinra	Day4	Anakinra	0	0.45805985597699544	0.04984609859399008	1037.7336333980522	9.189482605409433	2.094842322956849e-19	1.2759494148918989e-18
CCL19	Day*Allocation	Day1	Anakinra	Day7	Anakinra	0	0.43675671699886415	0.049668533644656294	1040.0156927165451	8.793428856256433	5.914485080767257e-18	1.8870023829114584e-17
CCL19	Day*Allocation	Day1	Anakinra	Day1	Placebo	0	-0.15529755742329593	0.09874315259652709	880.6066558764308	-1.5727425481122215	0.11613763968064356	0.9706901703326503
CCL19	Day*Allocation	Day1	Anakinra	Day4	Placebo	0	0.1647828731124389	0.09973642103418837	905.8689478948315	1.6521835394108781	0.09884368393671107	0.16152504448194246
CCL19	Day*Allocation	Day1	Anakinra	Day7	Placebo	0	0.26088737041358595	0.0999536215468107	911.7575642058972	2.6100842208244157	0.009200452857609941	0.014676912891901574
CCL19	Day*Allocation	Day4	Anakinra	Day7	Anakinra	0	-0.021303138978131297	0.04990678720712002	1025.7353992878884	-0.42685855312064763	0.669571932164924	0.7235696686298373
CCL19	Day*Allocation	Day4	Anakinra	Day1	Placebo	0	-0.6133574134002914	0.0993182959701196	894.7950775891383	-6.175673952207386	9.985417516369926e-10	8.362787169959813e-9
CCL19	Day*Allocation	Day4	Anakinra	Day4	Placebo	0	-0.29327698286455656	0.10030598757456058	919.8278153508164	-2.923823292667894	0.0035424178226705198	0.11867099705946241
CCL19	Day*Allocation	Day4	Anakinra	Day7	Placebo	0	-0.19717248556340947	0.100521711764952	925.6451785725344	-1.961491523587005	0.05012111364091599	0.11193715379804571
CCL19	Day*Allocation	Day7	Anakinra	Day1	Placebo	0	-0.5920542744221601	0.0991504730168752	890.4815888945811	-5.971270296626762	3.3982219368023102e-9	1.3392992339162048e-8
CCL19	Day*Allocation	Day7	Anakinra	Day4	Placebo	0	-0.27197384388642526	0.10013908491455402	915.537674325055	-2.7159609469019337	0.006732895527504602	0.026199466502308665
CCL19	Day*Allocation	Day7	Anakinra	Day7	Placebo	0	-0.17586934658527817	0.10035642161892334	921.4530348507351	-1.7524473645851477	0.08002949425068007	0.44683134289963033
CCL19	Day*Allocation	Day1	Placebo	Day4	Placebo	0	0.3200804305357348	0.06279079359734391	1035.8975588788694	5.09756943969051	4.0881031188340246e-7	1.7118931810117477e-6
CCL19	Day*Allocation	Day1	Placebo	Day7	Placebo	0	0.4161849278368819	0.06314745624208343	1037.2142614106117	6.590683973735799	6.954391775451842e-11	2.329721244776367e-10
CCL19	Day*Allocation	Day4	Placebo	Day7	Placebo	0	0.09610449730114708	0.06401763651939334	1031.357993409691	1.5012190784649388	0.13360498158968345	0.22378834416271978
IL-10RB	Day*Allocation	Day1	Anakinra	Day4	Anakinra	0	0.11129612009478898	0.055182284014888415	1045.774550266784	2.016881361140485	0.043963073141194464	0.06850060233627975
IL-10RB	Day*Allocation	Day1	Anakinra	Day7	Anakinra	0	-0.21817445109452369	0.054976391292325295	1048.3506521570434	-3.9685116823042703	7.724660535232313e-5	1.1762551269558294e-4
IL-10RB	Day*Allocation	Day1	Anakinra	Day1	Placebo	0	-0.048133397353974455	0.09812884428679973	973.4370080789322	-0.4905122209866824	0.6238820293207701	0.9706901703326503
IL-10RB	Day*Allocation	Day1	Anakinra	Day4	Placebo	0	-0.11775722798958428	0.09931896643892406	1002.6833410490764	-1.1856469334283577	0.2360426586112395	0.34676840325523506
IL-10RB	Day*Allocation	Day1	Anakinra	Day7	Placebo	0	-0.3392098893728859	0.09958274998051689	1009.7004124872777	-3.4063117300862995	6.844179148665531e-4	0.0013118982702107224
IL-10RB	Day*Allocation	Day4	Anakinra	Day7	Anakinra	0	-0.32947057118931267	0.05530004480258985	1031.5046814725886	-5.9578716864598755	3.5025413545642985e-9	5.8667567688952e-8
IL-10RB	Day*Allocation	Day4	Anakinra	Day1	Placebo	0	-0.15942951744876344	0.09881366802495829	989.6160139896216	-1.6134358802316178	0.10696864774944448	0.15977898961748846
IL-10RB	Day*Allocation	Day4	Anakinra	Day4	Placebo	0	-0.22905334808437325	0.09999583369164253	1018.4003524337887	-2.290628915507678	0.022188504137439474	0.34442352886713956
IL-10RB	Day*Allocation	Day4	Anakinra	Day7	Placebo	0	-0.45050600946767483	0.10025742488501724	1025.2763977572256	-4.493492726193088	7.803189294472612e-6	5.04443287330476e-4
IL-10RB	Day*Allocation	Day7	Anakinra	Day1	Placebo	0	0.17004105374054923	0.0986121454348206	984.6014572875368	1.724341895116163	0.08496000332180485	0.10349673131928955
IL-10RB	Day*Allocation	Day7	Anakinra	Day4	Placebo	0	0.10041722310493942	0.09979553159278338	1013.4532730063687	1.006229652793402	0.31454529297619466	0.40527951210394314
IL-10RB	Day*Allocation	Day7	Anakinra	Day7	Placebo	0	-0.12103543827836216	0.10005967249012512	1020.4991759538124	-1.2096325649107749	0.22670005693916656	0.5625519931453392
IL-10RB	Day*Allocation	Day1	Placebo	Day4	Placebo	0	-0.06962383063560983	0.06952327238311089	1043.1651147095713	-1.0014463969984728	0.31684328037082343	0.3598050810990707
IL-10RB	Day*Allocation	Day1	Placebo	Day7	Placebo	0	-0.2910764920189114	0.0699108981926305	1044.876504426861	-4.163535293408583	3.3917752808107166e-5	6.14186334633292e-5
IL-10RB	Day*Allocation	Day4	Placebo	Day7	Placebo	0	-0.22145266138330158	0.07090525555002031	1038.2368537261157	-3.123219282766384	0.0018383836009356043	0.009474746250975807
IL-18R1	Day*Allocation	Day1	Anakinra	Day4	Anakinra	0	0.591778473475746	0.050586895795989385	1042.2289653881146	11.69825632041773	8.636959199931529e-30	1.157352532790825e-28
IL-18R1	Day*Allocation	Day1	Anakinra	Day7	Anakinra	0	0.8031446540197347	0.05040186549437561	1044.6900237048917	15.934819994100383	2.4448195070331772e-51	4.0950726742805717e-50
IL-18R1	Day*Allocation	Day1	Anakinra	Day1	Placebo	0	0.02145678612351282	0.09404826725472112	931.8540761036136	0.22814653315620456	0.8195823773965596	0.9706901703326503
IL-18R1	Day*Allocation	Day1	Anakinra	Day4	Placebo	0	0.5592814141209773	0.09510538966012319	959.5649361093218	5.880648994969407	5.637808796265e-9	4.7216648668719375e-8
IL-18R1	Day*Allocation	Day1	Anakinra	Day7	Placebo	0	0.6957860974345013	0.09533829733843957	966.1291986845118	7.298075556819981	6.086370280025518e-13	5.825525839452996e-12
IL-18R1	Day*Allocation	Day4	Anakinra	Day7	Anakinra	0	0.21136618054398865	0.05067437669395783	1028.9188614127795	4.171066214006159	3.287387648687898e-5	1.2236387359004954e-4
IL-18R1	Day*Allocation	Day4	Anakinra	Day1	Placebo	0	-0.5703216873522331	0.09465825460824505	947.2880809431571	-6.025060251877454	2.417497969389288e-9	1.799692932767581e-8
IL-18R1	Day*Allocation	Day4	Anakinra	Day4	Placebo	0	-0.032497059354768626	0.09570879056682988	974.6481118920943	-0.33954100937130893	0.7342753592190692	0.8944808921395934
IL-18R1	Day*Allocation	Day4	Anakinra	Day7	Placebo	0	0.10400762395875528	0.09593991623279302	981.1049923665986	1.0840912525542175	0.2785906716484081	0.38093010204986416
IL-18R1	Day*Allocation	Day7	Anakinra	Day1	Placebo	0	-0.7816878678962218	0.09447941904266487	942.5451889555867	-8.273631186737383	4.4039444923349963e-16	2.9506428098644477e-15
IL-18R1	Day*Allocation	Day7	Anakinra	Day4	Placebo	0	-0.24386323989875727	0.09553100043766831	969.9509635730425	-2.5527131379501484	0.010840930743399148	0.03631711799038715
IL-18R1	Day*Allocation	Day7	Anakinra	Day7	Placebo	0	-0.10735855658523338	0.09576414212409312	976.5436011897444	-1.1210726082223552	0.262532561707917	0.5906719236365354
IL-18R1	Day*Allocation	Day1	Placebo	Day4	Placebo	0	0.5378246279974646	0.06372914695223915	1039.975543994166	8.439225279455398	1.059853652116949e-16	1.0144313527405083e-15
IL-18R1	Day*Allocation	Day1	Placebo	Day7	Placebo	0	0.6743293113109884	0.06408748537178854	1041.509658891064	10.522012330473332	1.1239819103330233e-24	9.41334849903907e-24
IL-18R1	Day*Allocation	Day4	Placebo	Day7	Placebo	0	0.1365046833135239	0.06498664342383326	1035.178534134581	2.1005036746283476	0.035925985190396185	0.07764648412117885
PD-L1	Day*Allocation	Day1	Anakinra	Day4	Anakinra	0	0.28223252909579744	0.0551313175985048	1048.0881335757147	5.119277778760212	3.647475311587908e-7	9.05114243986629e-7
PD-L1	Day*Allocation	Day1	Anakinra	Day7	Anakinra	0	0.4937051054108552	0.054923022062732786	1050.7268422047023	8.989037508659809	1.1346283588770876e-18	3.801005002238243e-18
PD-L1	Day*Allocation	Day1	Anakinra	Day1	Placebo	0	-0.028181657695187032	0.09544393603529326	1001.0400310346961	-0.2952692320313154	0.7678494479442176	0.9706901703326503
PD-L1	Day*Allocation	Day1	Anakinra	Day4	Placebo	0	0.1940611648399538	0.09665480225581263	1031.076553858221	2.0077757163719543	0.044927640178576186	0.08361533033235012
PD-L1	Day*Allocation	Day1	Anakinra	Day7	Placebo	0	0.49665691296353903	0.09692423881551598	1038.3439410028075	5.124176563396776	3.5618933219951996e-7	1.1364135836841829e-6
PD-L1	Day*Allocation	Day4	Anakinra	Day7	Anakinra	0	0.21147257631505775	0.05526355113010682	1033.228432061709	3.826619390006054	1.3771125516156632e-4	3.788498008075383e-4
PD-L1	Day*Allocation	Day4	Anakinra	Day1	Placebo	0	-0.3104141867909845	0.09613942341834925	1017.5810596975375	-3.2287918499388315	0.0012829024377734104	0.0031834986418821667
PD-L1	Day*Allocation	Day4	Anakinra	Day4	Placebo	0	-0.08817136425584364	0.09734185279422648	1047.0776491859472	-0.9057908980038774	0.36525491816927036	0.6988264267989749
PD-L1	Day*Allocation	Day4	Anakinra	Day7	Placebo	0	0.21442438386774154	0.09760893553655405	1054.180040439388	2.1967700261154954	0.02825395901817532	0.07280827900837487
PD-L1	Day*Allocation	Day7	Anakinra	Day1	Placebo	0	-0.5218867631060422	0.09593426979064941	1012.4253648724587	-5.440045191826851	6.679787690839133e-8	2.1311703585058187e-7
PD-L1	Day*Allocation	Day7	Anakinra	Day4	Placebo	0	-0.2996439405709014	0.09713796243865669	1042.0051418165629	-3.0847254054780966	0.002091094147521283	0.01000737913456614
PD-L1	Day*Allocation	Day7	Anakinra	Day7	Placebo	0	0.0029518075526838022	0.09740783228640466	1049.3013882310458	0.03030359554665698	0.9758306916980704	0.9873260689844163
PD-L1	Day*Allocation	Day1	Placebo	Day4	Placebo	0	0.22224282253514085	0.06946244917651243	1045.2338488565874	3.199467124609948	0.0014182438876430244	0.0030977785841441413
PD-L1	Day*Allocation	Day1	Placebo	Day7	Placebo	0	0.5248385706587261	0.06984751564858394	1047.0636941373996	7.5140621077961915	1.226761678737805e-13	6.849419372952744e-13
PD-L1	Day*Allocation	Day4	Placebo	Day7	Placebo	0	0.3025957481235852	0.07084962018041371	1040.2544412579184	4.270957943783549	2.1244755469462865e-5	2.8819644613294184e-4
CXCL5	Day*Allocation	Day1	Anakinra	Day4	Anakinra	0	0.028589192338375924	0.05827925525807585	1048.2725986587827	0.49055521062812957	0.623843736462192	0.7767429954543834
CXCL5	Day*Allocation	Day1	Anakinra	Day7	Anakinra	0	-0.15354166724189133	0.05805884959055706	1050.9158751615428	-2.6445867998539194	0.008301005046934	0.01011213342081051
CXCL5	Day*Allocation	Day1	Anakinra	Day1	Placebo	0	0.023635875893629508	0.10068498822178568	1003.254880936896	0.23475074398941334	0.8144501015902422	0.9706901703326503
CXCL5	Day*Allocation	Day1	Anakinra	Day4	Placebo	0	-0.06439608142184061	0.10196675778512296	1033.3467798383433	-0.6315399530261033	0.5278272104362887	0.6204284754251113
CXCL5	Day*Allocation	Day1	Anakinra	Day7	Placebo	0	-0.28309175865808617	0.10225206087064394	1040.6324549438384	-2.768567755482378	0.005730321991859852	0.009598289336365253
CXCL5	Day*Allocation	Day4	Anakinra	Day7	Anakinra	0	-0.18213085958026726	0.05842026884580889	1033.3671230658504	-3.117597080235509	0.0018737148672705825	0.003692320473739089
CXCL5	Day*Allocation	Day4	Anakinra	Day1	Placebo	0	-0.004953316444746416	0.10142109285869871	1019.8203597173227	-0.04883911526813703	0.9610570727306963	0.9896849632056838
CXCL5	Day*Allocation	Day4	Anakinra	Day4	Placebo	0	-0.09298527376021654	0.10269390335072336	1049.3659778641713	-0.9054605066734136	0.36542931566881476	0.6988264267989749
CXCL5	Day*Allocation	Day4	Anakinra	Day7	Placebo	0	-0.3116809509964621	0.10297670439379294	1056.4846891674442	-3.026713205003763	0.002532186611088954	0.013050500226381533
CXCL5	Day*Allocation	Day7	Anakinra	Day1	Placebo	0	0.17717754313552084	0.1012039164947097	1014.6547181429103	1.750698483539247	0.08030005993701562	0.09963155584777864
CXCL5	Day*Allocation	Day7	Anakinra	Day4	Placebo	0	0.08914558582005072	0.10247806577805042	1044.284817199654	0.8698991842129854	0.3845554043632522	0.4771335572655166
CXCL5	Day*Allocation	Day7	Anakinra	Day7	Placebo	0	-0.12955009141619483	0.10276383367501574	1051.599348100999	-1.2606584124322278	0.20771157702363668	0.5378764150311666
CXCL5	Day*Allocation	Day1	Placebo	Day4	Placebo	0	-0.08803195731547012	0.0734289720513389	1045.398370735548	-1.198872255135498	0.2308493047195232	0.2761947038608581
CXCL5	Day*Allocation	Day1	Placebo	Day7	Placebo	0	-0.3067276345517157	0.07383583715178621	1047.2377553981999	-4.154183745776023	3.530512031706672e-5	6.224850161167027e-5
CXCL5	Day*Allocation	Day4	Placebo	Day7	Placebo	0	-0.21869567723624556	0.07489588557599555	1040.4160637655089	-2.9199958790037788	0.003575848225096161	0.014973864442590173
TRANCE	Day*Allocation	Day1	Anakinra	Day4	Anakinra	0	-0.26733859382135233	0.061881165490044146	1065.5335711899177	-4.320193255965154	1.7045570148330393e-5	3.9381144825452975e-5
TRANCE	Day*Allocation	Day1	Anakinra	Day7	Anakinra	0	-0.5284092981332245	0.06162706067776571	1068.3293085820897	-8.574306357010276	3.4540775152528085e-17	1.0519236069179008e-16
TRANCE	Day*Allocation	Day1	Anakinra	Day1	Placebo	0	0.14906055040433516	0.09109357857822906	1214.2830843202605	1.6363453135867905	0.1020264730526714	0.9706901703326503
TRANCE	Day*Allocation	Day1	Anakinra	Day4	Placebo	0	-0.1684948150878051	0.09258362352850756	1243.9817679963355	-1.8199202911508816	0.06901137872786564	0.1185580096094102
TRANCE	Day*Allocation	Day1	Anakinra	Day7	Placebo	0	-0.42111663270691463	0.0929252230019034	1251.6616020871784	-4.531779629932003	6.408191602485458e-6	1.7173953494661027e-5
TRANCE	Day*Allocation	Day4	Anakinra	Day7	Anakinra	0	-0.2610707043118721	0.06215326114615974	1047.1940197541744	-4.200434530666665	2.8907759195463033e-5	1.1393058035858961e-4
TRANCE	Day*Allocation	Day4	Anakinra	Day1	Placebo	0	0.4163991442256875	0.09193756649109056	1230.0357753253556	4.529151250332907	6.497401339219406e-6	2.902172598184668e-5
TRANCE	Day*Allocation	Day4	Anakinra	Day4	Placebo	0	0.09884377873354724	0.09341461211736961	1258.653231049895	1.058119029701223	0.2902042072224565	0.670471789100158
TRANCE	Day*Allocation	Day4	Anakinra	Day7	Placebo	0	-0.15377803888556232	0.0937521676906093	1265.982878434543	-1.6402611552731652	0.10119929845830401	0.19372437133446768
TRANCE	Day*Allocation	Day7	Anakinra	Day1	Placebo	0	0.6774698485375596	0.0916842101917735	1224.9043628103097	7.3891659983819835	2.726289468080471e-13	1.4050876489337814e-12
TRANCE	Day*Allocation	Day7	Anakinra	Day4	Placebo	0	0.3599144830454194	0.09316277136273125	1253.7191220321877	3.863286565876026	1.1759078452737434e-4	0.001548359287749791
TRANCE	Day*Allocation	Day7	Anakinra	Day7	Placebo	0	0.1072926654263098	0.09350579508090354	1261.4341661004476	1.1474440202714444	0.2514157317284896	0.5906719236365354
TRANCE	Day*Allocation	Day1	Placebo	Day4	Placebo	0	-0.31755536549214025	0.07800221710876604	1060.5339630640963	-4.071106915452699	5.0267481597299155e-5	1.5308733031904742e-4
TRANCE	Day*Allocation	Day1	Placebo	Day7	Placebo	0	-0.5701771831112499	0.07841343846168329	1063.3274294225462	-7.271421765159129	6.884797701905984e-13	3.2948674716264354e-12
TRANCE	Day*Allocation	Day4	Placebo	Day7	Placebo	0	-0.25262181761910957	0.07960657244796104	1056.0564289393742	-3.173378903912097	0.0015502763955665163	0.008655709875246383
HGF	Day*Allocation	Day1	Anakinra	Day4	Anakinra	0	-0.0059373887764062605	0.06925738266453631	1066.8675291298593	-0.08572932657829906	0.9316976741117486	0.9753710025857368
HGF	Day*Allocation	Day1	Anakinra	Day7	Anakinra	0	-0.13916077276393574	0.06897140070494197	1069.652746368643	-2.0176590781338812	0.04387611755970431	0.051573682043862965
HGF	Day*Allocation	Day1	Anakinra	Day1	Placebo	0	0.061375993246821636	0.10091751257171235	1230.3936116122964	0.6081798062869181	0.5431804724798177	0.9706901703326503
HGF	Day*Allocation	Day1	Anakinra	Day4	Placebo	0	-0.14460305936756218	0.10259254056032191	1259.5882457304901	-1.4094890191605998	0.15893746028504405	0.24764674044413842
HGF	Day*Allocation	Day1	Anakinra	Day7	Placebo	0	-0.22219954570880357	0.1029774231468536	1267.1793462470055	-2.157750105981291	0.03113469860654026	0.04345885013829578
HGF	Day*Allocation	Day4	Anakinra	Day7	Anakinra	0	-0.13322338398752948	0.06957248801232466	1048.334582117984	-1.9148860101701288	0.05577895390198289	0.08493613435074668
HGF	Day*Allocation	Day4	Anakinra	Day1	Placebo	0	0.0673133820232279	0.10186527050472455	1245.8297509303661	0.6608079641834935	0.5088576457533931	0.6432728729335346
HGF	Day*Allocation	Day4	Anakinra	Day4	Placebo	0	-0.13866567059115592	0.10352550546102572	1273.9192622640392	-1.3394348568851897	0.1806680566203435	0.5513839116859255
HGF	Day*Allocation	Day4	Anakinra	Day7	Placebo	0	-0.2162621569323973	0.10390574209669906	1281.1496447721847	-2.0813301803006676	0.03760187933660644	0.08997592555545113
HGF	Day*Allocation	Day7	Anakinra	Day1	Placebo	0	0.20053676601075737	0.10158040065191484	1240.7836472107488	1.974167897781147	0.04858415643271398	0.06141770718852522
HGF	Day*Allocation	Day7	Anakinra	Day4	Placebo	0	-0.00544228660362644	0.10324231592073278	1269.075378266326	-0.052713720678301226	0.9579683028278345	0.9579683028278345
HGF	Day*Allocation	Day7	Anakinra	Day7	Placebo	0	-0.08303877294486783	0.10362889719388134	1276.7035487734786	-0.8013090478952889	0.42310185754143925	0.7133887951845337
HGF	Day*Allocation	Day1	Placebo	Day4	Placebo	0	-0.20597905261438382	0.08730367559831777	1061.6839353006965	-2.359339984287589	0.018487759332204416	0.03022407924330118
HGF	Day*Allocation	Day1	Placebo	Day7	Placebo	0	-0.2835755389556252	0.0877619037582429	1064.5560667085185	-3.2311917450741356	0.0012705283881160035	0.0019346682273584598
HGF	Day*Allocation	Day4	Placebo	Day7	Placebo	0	-0.07759648634124139	0.08910263755956105	1057.3092483282965	-0.8708663230016247	0.38402483025196366	0.5145932725376313
IL-12B	Day*Allocation	Day1	Anakinra	Day4	Anakinra	0	0.9049643038903579	0.054419632471397986	1062.1089214850126	16.629371842340014	2.294175428652169e-55	1.5370975371969532e-53
IL-12B	Day*Allocation	Day1	Anakinra	Day7	Anakinra	0	1.0498688107011975	0.05419945297930304	1064.9172472578464	19.370468759197763	7.602193513799629e-72	1.697823218081917e-70
IL-12B	Day*Allocation	Day1	Anakinra	Day1	Placebo	0	-0.02493108327187151	0.08233280992639398	1172.5195913225925	-0.30280860442100843	0.7620894373195782	0.9706901703326503
IL-12B	Day*Allocation	Day1	Anakinra	Day4	Placebo	0	0.783252898792449	0.08362651050461219	1203.2060907309417	9.366083722329307	3.582985865344594e-20	2.4006005297808777e-18
IL-12B	Day*Allocation	Day1	Anakinra	Day7	Placebo	0	0.9113530005716569	0.08392136488809107	1211.0330037562262	10.859606511249476	2.790154771733759e-26	4.673509242654046e-25
IL-12B	Day*Allocation	Day4	Anakinra	Day7	Anakinra	0	0.14490450681083977	0.054637570651358956	1044.314069109659	2.652103764559226	0.008120431467896486	0.014704565090515258
IL-12B	Day*Allocation	Day4	Anakinra	Day1	Placebo	0	-0.9298953871622293	0.08306759398054911	1188.9258292941693	-11.194442292140677	9.9992252602868e-28	6.699480924392155e-26
IL-12B	Day*Allocation	Day4	Anakinra	Day4	Placebo	0	-0.12171140509790887	0.08435038748819627	1218.609942374382	-1.442926449092374	0.14929817693838518	0.5513839116859255
IL-12B	Day*Allocation	Day4	Anakinra	Day7	Placebo	0	0.006388696681299152	0.08464192807495943	1226.1178959054039	0.07547910151150244	0.9398458375700943	0.9783871841855423
IL-12B	Day*Allocation	Day7	Anakinra	Day1	Placebo	0	-1.0747998939730692	0.08284775135318305	1183.6291562022013	-12.97319331445892	4.4062036256617616e-36	9.8405214306446e-35
IL-12B	Day*Allocation	Day7	Anakinra	Day4	Placebo	0	-0.26661591190874867	0.08413189681922262	1213.4939260608678	-3.169022950732186	0.001567732193094739	0.008079850533642118
IL-12B	Day*Allocation	Day7	Anakinra	Day7	Placebo	0	-0.13851581012954062	0.08442780513196974	1221.3525180269687	-1.640642083647982	0.10112921675297383	0.5212044248037883
IL-12B	Day*Allocation	Day1	Placebo	Day4	Placebo	0	0.8081839820643204	0.06858985967217872	1057.569608007249	11.78284932972584	3.370281230188304e-30	7.526961414087211e-29
IL-12B	Day*Allocation	Day1	Placebo	Day7	Placebo	0	0.9362840838435285	0.06895543476917022	1060.1642623097136	13.578104278187197	7.777788701899882e-39	1.7370394767576403e-37
IL-12B	Day*Allocation	Day4	Placebo	Day7	Placebo	0	0.12810010177920803	0.06999358994927513	1052.8697399730427	1.8301690465090177	0.06750725417372527	0.12563850082332204
MMP-10	Day*Allocation	Day1	Anakinra	Day4	Anakinra	0	0.4532572180703181	0.05393962579981513	1046.3356451360346	8.403047135560062	1.40548913093165e-16	6.726269412315754e-16
MMP-10	Day*Allocation	Day1	Anakinra	Day7	Anakinra	0	0.5303041760169347	0.05373775071403673	1048.9278349663448	9.86837314495962	5.017970131151768e-22	1.9776705811009912e-21
MMP-10	Day*Allocation	Day1	Anakinra	Day1	Placebo	0	0.06536991627707782	0.09528303226418593	980.1000363083785	0.6860604110061308	0.4928372701204935	0.9706901703326503
MMP-10	Day*Allocation	Day1	Anakinra	Day4	Placebo	0	0.36448747215227806	0.0964516911208166	1009.5540020257042	3.7789640380251757	1.667021888854301e-4	6.205025919624342e-4
MMP-10	Day*Allocation	Day1	Anakinra	Day7	Placebo	0	0.43322300733226893	0.09671096371022771	1016.6352538496915	4.479564577914068	8.327016726729434e-6	2.111385132046851e-5
MMP-10	Day*Allocation	Day4	Anakinra	Day7	Anakinra	0	0.07704695794661659	0.05405819319384215	1031.9200632370314	1.425259584062331	0.15438456533521944	0.20687531754919405
MMP-10	Day*Allocation	Day4	Anakinra	Day1	Placebo	0	-0.38788730179324027	0.0959552079531078	996.3761354892846	-4.042378835579162	5.6989408581428123e-5	1.9575404165348296e-4
MMP-10	Day*Allocation	Day4	Anakinra	Day4	Placebo	0	-0.08876974591804004	0.09711597259902034	1025.3495264306239	-0.9140591762856475	0.3609006395427766	0.6988264267989749
MMP-10	Day*Allocation	Day4	Anakinra	Day7	Placebo	0	-0.020034210738049153	0.09737306351059141	1032.2840689791706	-0.20574694906122576	0.8370291500696254	0.9346825509110818
MMP-10	Day*Allocation	Day7	Anakinra	Day1	Placebo	0	-0.46493425973985686	0.09575729158807096	991.3246133315005	-4.855340538868963	1.3956418897226003e-6	3.6322938249311865e-6
MMP-10	Day*Allocation	Day7	Anakinra	Day4	Placebo	0	-0.16581670386465663	0.09691926026866365	1020.3691960388276	-1.7108746332257057	0.08740820055353114	0.16472482007199502
MMP-10	Day*Allocation	Day7	Anakinra	Day7	Placebo	0	-0.09708116868466574	0.09717889956392867	1027.479300886855	-0.9989943199634748	0.31803264804147796	0.6267113946699713
MMP-10	Day*Allocation	Day1	Placebo	Day4	Placebo	0	0.2991175558752002	0.06795845614413094	1043.6677305937556	4.401476620375414	1.185670578923759e-5	3.7828537518043745e-5
MMP-10	Day*Allocation	Day1	Placebo	Day7	Placebo	0	0.36785309105519115	0.06833683591399206	1045.4076463218325	5.382940051807004	9.045996939283629e-8	2.0202726497733437e-7
MMP-10	Day*Allocation	Day4	Placebo	Day7	Placebo	0	0.0687355351799909	0.0693108681402788	1038.724554073945	0.9916992388679438	0.3215752154134004	0.44886540484787135
IL10	Day*Allocation	Day1	Anakinra	Day4	Anakinra	0	0.6990367061333699	0.06306752372607102	1064.9721737517423	11.08394090704405	4.263929785359014e-27	4.761388260317565e-26
IL10	Day*Allocation	Day1	Anakinra	Day7	Anakinra	0	0.9744060763754524	0.06280916221715624	1067.7714012760775	15.513756942124834	4.197669234272261e-49	5.62487677392483e-48
IL10	Day*Allocation	Day1	Anakinra	Day1	Placebo	0	-0.0015090107911450434	0.09324631284084083	1207.4725591732108	-0.016183061240402353	0.9870910223374412	0.9870910223374412
IL10	Day*Allocation	Day1	Anakinra	Day4	Placebo	0	0.8269855955515127	0.09476196470000799	1237.3636615833573	8.726978151725078	8.307455699853739e-18	2.7829976594510023e-16
IL10	Day*Allocation	Day1	Anakinra	Day7	Placebo	0	0.9463106195175602	0.0951091016287196	1245.0755881542227	9.949737757083469	1.7031640546414524e-22	2.282239833219546e-21
IL10	Day*Allocation	Day4	Anakinra	Day7	Anakinra	0	0.2753693702420825	0.06334078155232375	1046.7171704861712	4.347426152527166	1.5118218426708817e-5	6.752804230596604e-5
IL10	Day*Allocation	Day4	Anakinra	Day1	Placebo	0	-0.700545716924515	0.09410518962975334	1223.3483019754221	-7.444283569064959	1.8324128684506972e-13	1.7538808883742387e-12
IL10	Day*Allocation	Day4	Anakinra	Day4	Placebo	0	0.12794888941814286	0.09560768900275332	1252.1694473903933	1.338269868801642	0.18105143368791585	0.5513839116859255
IL10	Day*Allocation	Day4	Anakinra	Day7	Placebo	0	0.24727391338419036	0.09595075053378425	1259.5359167660472	2.5770920186510184	0.010076472743093938	0.04017342353000633
IL10	Day*Allocation	Day7	Anakinra	Day1	Placebo	0	-0.9759150871665975	0.0938475030096701	1218.1844511104161	-10.398945692418035	2.523025678301511e-24	3.3808544089240244e-23
IL10	Day*Allocation	Day7	Anakinra	Day4	Placebo	0	-0.14742048082393966	0.0953515520898917	1247.2005495872274	-1.546073216353736	0.12234057520995144	0.1875334311861465
IL10	Day*Allocation	Day7	Anakinra	Day7	Placebo	0	-0.02809545685789218	0.09570010140469014	1254.9469874296312	-0.2935781304879083	0.7691288315295969	0.8884764088359136
IL10	Day*Allocation	Day1	Placebo	Day4	Placebo	0	0.8284946063426578	0.07949627966198339	1060.0492240964388	10.421803509112634	2.802590915690424e-24	4.69433978378146e-23
IL10	Day*Allocation	Day1	Placebo	Day7	Placebo	0	0.9478196303087053	0.07991614626953196	1062.8097875248363	11.860176879801093	1.4653182850729744e-30	1.6362720849981546e-29
IL10	Day*Allocation	Day4	Placebo	Day7	Placebo	0	0.11932502396604748	0.08113007298733478	1055.531123073563	1.4707865970325864	0.14164687063979603	0.23147171543576422
TNF	Day*Allocation	Day1	Anakinra	Day4	Anakinra	0	0.24743328104980356	0.06442712067438576	1057.3476876313948	3.8405143433357782	1.3007452327715507e-4	2.563233252814527e-4
TNF	Day*Allocation	Day1	Anakinra	Day7	Anakinra	0	0.3160996634516384	0.06417208165407491	1060.1385748953717	4.925812834864867	9.740013442353751e-7	1.8127247239936148e-6
TNF	Day*Allocation	Day1	Anakinra	Day1	Placebo	0	-0.018656895290711455	0.10157782411767463	1113.9683587862537	-0.18367094838631357	0.8543050267490164	0.9706901703326503
TNF	Day*Allocation	Day1	Anakinra	Day4	Placebo	0	0.1011941549425619	0.10307660121474763	1145.2739861187772	0.9817374045127479	0.3264365729652039	0.43742500777337323
TNF	Day*Allocation	Day1	Anakinra	Day7	Placebo	0	0.2579610207073502	0.10341541959496946	1153.113048350813	2.494415452914707	0.012755611464512215	0.01942331745732542
TNF	Day*Allocation	Day4	Anakinra	Day7	Anakinra	0	0.06866638240183487	0.06464997749999767	1040.4240190350297	1.0621253874657164	0.2884252369407684	0.35786094213021263
TNF	Day*Allocation	Day4	Anakinra	Day1	Placebo	0	-0.266090176340515	0.10243234113645075	1130.8825622416796	-2.5977164378782933	0.009506516881285038	0.020546342936970885
TNF	Day*Allocation	Day4	Anakinra	Day4	Placebo	0	-0.14623912610724166	0.10391915586654309	1161.327679429767	-1.4072393572465838	0.15962399988880674	0.5513839116859255
TNF	Day*Allocation	Day4	Anakinra	Day7	Placebo	0	0.010527739657546692	0.10425445057515449	1168.8982217282262	0.10098120127694214	0.9195827007434227	0.9779689039652274
TNF	Day*Allocation	Day7	Anakinra	Day1	Placebo	0	-0.3347565587423499	0.10217788073178417	1125.4880048980629	-3.276213563492105	0.0010841866202564382	0.0020177917654772603
TNF	Day*Allocation	Day7	Anakinra	Day4	Placebo	0	-0.21490550850907653	0.10366629186115663	1156.083457945933	-2.0730509855306285	0.038388653067798324	0.09225286166546803
TNF	Day*Allocation	Day7	Anakinra	Day7	Placebo	0	-0.05813864274428818	0.10400606666516297	1163.9517878578017	-0.5589928030973391	0.5762741614596325	0.7340776707583796
TNF	Day*Allocation	Day1	Placebo	Day4	Placebo	0	0.11985105023327336	0.0811925756257389	1053.417847111455	1.4761331231285553	0.14020700418209767	0.17724281660755742
TNF	Day*Allocation	Day1	Placebo	Day7	Placebo	0	0.2766179159980617	0.08163154302416771	1055.7438119129388	3.388615549214433	7.284109288315867e-4	0.0011349658658538677
TNF	Day*Allocation	Day4	Placebo	Day7	Placebo	0	0.15676686576478835	0.08284161946453186	1048.5092149694208	1.8923684348289103	0.05871718188751713	0.11240146247038994
CCL23	Day*Allocation	Day1	Anakinra	Day4	Anakinra	0	0.5155773231203618	0.0602595179464704	1053.842137073362	8.555948349576216	4.074903040711414e-17	2.100142336366652e-16
CCL23	Day*Allocation	Day1	Anakinra	Day7	Anakinra	0	0.7068400422184361	0.06002499889794607	1056.5938850171647	11.775761019507868	3.643493451511404e-30	2.0342838437605335e-29
CCL23	Day*Allocation	Day1	Anakinra	Day1	Placebo	0	0.15591514202069745	0.09820506420404453	1070.8967788562752	1.5876486949465909	0.11266099048429316	0.9706901703326503
CCL23	Day*Allocation	Day1	Anakinra	Day4	Placebo	0	0.5051355712780413	0.09958028614965257	1102.0961315685686	5.072646311930725	4.600554105140069e-7	2.371054808033728e-6
CCL23	Day*Allocation	Day1	Anakinra	Day7	Placebo	0	0.6527542437550653	0.09988931242230674	1109.8062791837053	6.534775622394771	9.688208921764301e-11	4.636499983987201e-10
CCL23	Day*Allocation	Day4	Anakinra	Day7	Anakinra	0	0.19126271909807427	0.06044374920755151	1037.6431905694399	3.16430932239688	0.0015997325009038871	0.003247941744259407
CCL23	Day*Allocation	Day4	Anakinra	Day1	Placebo	0	-0.3596621810996643	0.0989913414501024	1087.8790218396823	-3.6332690903169116	2.9291377514613625e-4	7.850089173916452e-4
CCL23	Day*Allocation	Day4	Anakinra	Day4	Placebo	0	-0.010441751842320409	0.10035608513617632	1118.3368724911759	-0.10404702244165531	0.9171506883246747	0.9914292859327909
CCL23	Day*Allocation	Day4	Anakinra	Day7	Placebo	0	0.1371769206347035	0.10066209036861085	1125.8180988735944	1.362746592410115	0.17323490475397674	0.26992415391898705
CCL23	Day*Allocation	Day7	Anakinra	Day1	Placebo	0	-0.5509249001977385	0.09875803045472636	1082.5102020338547	-5.578532678922743	3.06336387473467e-8	1.080238840038015e-7
CCL23	Day*Allocation	Day7	Anakinra	Day4	Placebo	0	-0.20170447094039468	0.10012424044083203	1113.0931105985874	-2.0145418337489516	0.04419281975729979	0.10210065254272709
CCL23	Day*Allocation	Day7	Anakinra	Day7	Placebo	0	-0.054085798463370784	0.10043398517091298	1120.8320259225552	-0.53852088385550545	0.5903244207672025	0.7340776707583796
CCL23	Day*Allocation	Day1	Placebo	Day4	Placebo	0	0.3492204292573439	0.0759337400963387	1050.337066364391	4.599015257437349	4.761648427871183e-6	1.6791076035124695e-5
CCL23	Day*Allocation	Day1	Placebo	Day7	Placebo	0	0.4968391017343678	0.07634835021628103	1052.4710683677522	6.507528981659888	1.1796174624795508e-10	3.763541427910948e-10
CCL23	Day*Allocation	Day4	Placebo	Day7	Placebo	0	0.1476186724770239	0.07746662299874545	1045.3496003802136	1.9055777412604464	0.056979133539615104	0.112282410210418
CD5	Day*Allocation	Day1	Anakinra	Day4	Anakinra	0	-0.10889257353877868	0.06384737834992656	1062.3164009706593	-1.70551362253238	0.08839100584107677	0.12874342155113355
CD5	Day*Allocation	Day1	Anakinra	Day7	Anakinra	0	-0.41290784665501257	0.06358881718135345	1065.124558753144	-6.493403478121183	1.2846376699536807e-10	2.776474964093439e-10
CD5	Day*Allocation	Day1	Anakinra	Day1	Placebo	0	0.04960087892146531	0.09643125928250365	1175.0623055204937	0.5143651476763906	0.6070934434476396	0.9706901703326503
CD5	Day*Allocation	Day1	Anakinra	Day4	Placebo	0	-0.08187466881672197	0.097950356968852	1205.7017472512355	-0.8358792285234645	0.4033884643676544	0.511589479767983
CD5	Day*Allocation	Day1	Anakinra	Day7	Placebo	0	-0.2579799206520478	0.09829670589088044	1213.523066487114	-2.6245021978501732	0.008786537816395008	0.014358488626791841
CD5	Day*Allocation	Day4	Anakinra	Day7	Anakinra	0	-0.3040152731162339	0.06410459046909711	1044.4865850688143	-4.742488344306489	2.403792210368896e-6	1.1503862721051145e-5
CD5	Day*Allocation	Day4	Anakinra	Day1	Placebo	0	0.158493452460244	0.09729391893430664	1191.4356673667723	1.6290170464534335	0.10357376387447939	0.15977898961748846
CD5	Day*Allocation	Day4	Anakinra	Day4	Placebo	0	0.027017904722056715	0.09880018117466727	1221.0673043350328	0.2734600726520146	0.7845458258405246	0.9135777400542677
CD5	Day*Allocation	Day4	Anakinra	Day7	Placebo	0	-0.1490873471132691	0.09914262496281748	1228.567624689461	-1.5037663887675248	0.13289853615188058	0.22831286979938456
CD5	Day*Allocation	Day7	Anakinra	Day1	Placebo	0	0.4625087255764779	0.09703576428134536	1186.146765829108	4.766373810747558	2.1079809368223473e-6	5.0440972416820455e-6
CD5	Day*Allocation	Day7	Anakinra	Day4	Placebo	0	0.3310331778382906	0.09854361194769297	1215.9602137826357	3.3592555752269697	8.05749151419666e-4	0.005398519314511762
CD5	Day*Allocation	Day7	Anakinra	Day7	Placebo	0	0.1549279260029648	0.09889121089441677	1223.8133781848278	1.5666501057245297	0.11745501543794519	0.5304406229187398
CD5	Day*Allocation	Day1	Placebo	Day4	Placebo	0	-0.1314755477381873	0.08047295932841314	1057.7497086593748	-1.633785421033551	0.10260149603807014	0.13855081079158044
CD5	Day*Allocation	Day1	Placebo	Day7	Placebo	0	-0.3075807995735131	0.08090159285303777	1060.3562772571495	-3.8019127773201036	1.517679340484056e-4	2.542112895310794e-4
CD5	Day*Allocation	Day4	Placebo	Day7	Placebo	0	-0.1761052518353258	0.08212040186619285	1053.0615964014842	-2.144476254783459	0.032223089709228034	0.0757935223755863
CCL3	Day*Allocation	Day1	Anakinra	Day4	Anakinra	0	-0.43758307272525104	0.07195023384926029	1076.4742401707156	-6.081746358768086	1.6491793106980814e-9	5.261667324608165e-9
CCL3	Day*Allocation	Day1	Anakinra	Day7	Anakinra	0	-0.7370498057154706	0.07164200904763021	1079.0931791802057	-10.287955565643799	9.571823515071826e-24	4.008201096936327e-23
CCL3	Day*Allocation	Day1	Anakinra	Day1	Placebo	0	-0.04691450409560523	0.09806360227322433	1341.7112963474356	-0.4784089408106003	0.6324371146561354	0.9706901703326503
CCL3	Day*Allocation	Day1	Anakinra	Day4	Placebo	0	-0.3770912847039981	0.0998443891574432	1365.5218183378656	-3.776789941689845	1.656891085714664e-4	6.205025919624342e-4
CCL3	Day*Allocation	Day1	Anakinra	Day7	Placebo	0	-0.6778867181186273	0.10026025409016251	1371.9839252668958	-6.761270697648683	2.0178635569155772e-11	1.2290623483031242e-10
CCL3	Day*Allocation	Day4	Anakinra	Day7	Anakinra	0	-0.29946673299021964	0.0723565105041845	1056.864008497626	-4.138766932008156	3.769549688561124e-5	1.32926225859787e-4
CCL3	Day*Allocation	Day4	Anakinra	Day1	Placebo	0	0.3906685686296458	0.09906364680783739	1353.9927417668544	3.9436118214733256	8.437105665710939e-5	2.569482180011968e-4
CCL3	Day*Allocation	Day4	Anakinra	Day4	Placebo	0	0.060491788021252935	0.10082753000722683	1376.6667594491007	0.5999530883769262	0.5486362360000845	0.7501760777960339
CCL3	Day*Allocation	Day4	Anakinra	Day7	Placebo	0	-0.2403036453933763	0.1012376764877692	1382.7296288128418	-2.373658243948418	0.01774881556240661	0.05454394988295645
CCL3	Day*Allocation	Day7	Anakinra	Day1	Placebo	0	0.6901353016198655	0.09876041064311528	1349.8706860087452	6.987975213203265	4.3687688142032754e-12	2.0907679325115675e-11
CCL3	Day*Allocation	Day7	Anakinra	Day4	Placebo	0	0.3599585210114726	0.10052580873567407	1372.749217037665	3.5807572755565644	3.545523903553179e-4	0.003316639868034595
CCL3	Day*Allocation	Day7	Anakinra	Day7	Placebo	0	0.05916308759684335	0.10094432766749868	1379.270075953917	0.5860962073245077	0.5579067596870031	0.7340776707583796
CCL3	Day*Allocation	Day1	Placebo	Day4	Placebo	0	-0.33017678060839284	0.09072818827116667	1069.8960637721143	-3.6391863091277297	2.8656402660234565e-4	7.384534531675831e-4
CCL3	Day*Allocation	Day1	Placebo	Day7	Placebo	0	-0.6309722140230221	0.09118810052755666	1073.3537821282293	-6.9194578061459335	7.781409970952995e-12	2.7439708844939505e-11
CCL3	Day*Allocation	Day4	Placebo	Day7	Placebo	0	-0.3007954334146292	0.09261875660539559	1066.526486710505	-3.2476729815773204	0.0011998003337263894	0.008024169898685537
Flt3L	Day*Allocation	Day1	Anakinra	Day4	Anakinra	0	0.10433599409647429	0.06620407282842317	1068.2124793807156	1.575975459498922	0.11532754813269891	0.16440310052959206
Flt3L	Day*Allocation	Day1	Anakinra	Day7	Anakinra	0	-0.24962492713270806	0.06592919125593331	1070.983933793681	-3.7862579894796298	1.61426396177172e-4	2.3512105530153316e-4
Flt3L	Day*Allocation	Day1	Anakinra	Day1	Placebo	0	-0.002429707266310935	0.09550516563190783	1246.5179557963406	-0.025440584812714894	0.9797076115526198	0.9870910223374412
Flt3L	Day*Allocation	Day1	Anakinra	Day4	Placebo	0	-0.030761251383190955	0.09711297772545868	1275.139057229825	-0.31675736964995493	0.7514795628135869	0.8253955853854151
Flt3L	Day*Allocation	Day1	Anakinra	Day7	Placebo	0	-0.14784836791233041	0.0974832626114506	1282.6230710249818	-1.5166538742309577	0.12960050555025643	0.1691880357625621
Flt3L	Day*Allocation	Day4	Anakinra	Day7	Anakinra	0	-0.3539609212291824	0.06651547436929137	1049.4952726274037	-5.321482325511277	1.2581161549701135e-7	9.365975820333067e-7
Flt3L	Day*Allocation	Day4	Anakinra	Day1	Placebo	0	-0.10676570136278522	0.09641392034700466	1261.601521052717	-1.1073681163313691	0.26834588920205904	0.3745661370112074
Flt3L	Day*Allocation	Day4	Anakinra	Day4	Placebo	0	-0.13509724547966523	0.09800736514074881	1289.0977714586556	-1.3784397252762737	0.1683067375411776	0.5513839116859255
Flt3L	Day*Allocation	Day4	Anakinra	Day7	Placebo	0	-0.2521843620088047	0.09837309336944602	1296.21154283568	-2.563550188075425	0.010472752573882383	0.04017342353000633
Flt3L	Day*Allocation	Day7	Anakinra	Day1	Placebo	0	0.24719521986639714	0.09614042586516525	1256.6529250018273	2.571189150057259	0.010249196050864086	0.014928176856693343
Flt3L	Day*Allocation	Day7	Anakinra	Day4	Placebo	0	0.21886367574951712	0.0977354580807549	1284.3553344520428	2.239347725455779	0.025303912898937405	0.06781448656915225
Flt3L	Day*Allocation	Day7	Anakinra	Day7	Placebo	0	0.10177655922037768	0.09810747102090353	1291.8785850400086	1.037398662520741	0.2997442317279499	0.6172278053481889
Flt3L	Day*Allocation	Day1	Placebo	Day4	Placebo	0	-0.02833154411688002	0.0834583440210353	1062.8408288977828	-0.33946928194188924	0.7343232998196754	0.7569178628910499
Flt3L	Day*Allocation	Day1	Placebo	Day7	Placebo	0	-0.14541866064601947	0.08389439990660633	1065.7929537413588	-1.7333536065327808	0.0833220543739759	0.10338106746400713
Flt3L	Day*Allocation	Day4	Placebo	Day7	Placebo	0	-0.11708711652913945	0.08518113601585042	1058.5790045250326	-1.3745662714260114	0.1695568542834249	0.270483553261654
CXCL6	Day*Allocation	Day1	Anakinra	Day4	Anakinra	0	-0.13478714122484864	0.0625788133724433	1055.5468015340277	-2.1538781891348937	0.03147557824303481	0.05143570103130079
CXCL6	Day*Allocation	Day1	Anakinra	Day7	Anakinra	0	-0.3689063604614965	0.06233322148192481	1058.3203829179477	-5.918294477503795	4.3895400586575715e-9	8.912096482729008e-9
CXCL6	Day*Allocation	Day1	Anakinra	Day1	Placebo	0	-0.15951174906187532	0.10032449430554619	1091.8152797583123	-1.5899581669065748	0.11213373183772088	0.9706901703326503
CXCL6	Day*Allocation	Day1	Anakinra	Day4	Placebo	0	-0.3422706600198544	0.10176653859339725	1123.1251474415178	-3.363292736008036	7.961665455678916e-4	0.002667157927652437
CXCL6	Day*Allocation	Day1	Anakinra	Day7	Placebo	0	-0.5709029686334256	0.10209152745430626	1130.9120968931775	-5.59207000687641	2.8119959862666257e-8	1.1082572416462584e-7
CXCL6	Day*Allocation	Day4	Anakinra	Day7	Anakinra	0	-0.23411921923664783	0.06278235978757021	1038.9867052616546	-3.729060520006119	2.025782336636502e-4	5.026941353875764e-4
CXCL6	Day*Allocation	Day4	Anakinra	Day1	Placebo	0	-0.024724607837026673	0.1011478528766332	1108.7968825750968	-0.2444402637709224	0.8069350863726206	0.8863057506059931
CXCL6	Day*Allocation	Day4	Anakinra	Day4	Placebo	0	-0.20748351879500576	0.10257865108913604	1139.3064063309748	-2.0226773952672894	0.043339652949874706	0.34442352886713956
CXCL6	Day*Allocation	Day4	Anakinra	Day7	Placebo	0	-0.43611582740857696	0.10290036400985776	1146.845077635011	-4.23823405879106	2.4337325712256094e-5	5.04443287330476e-4
CXCL6	Day*Allocation	Day7	Anakinra	Day1	Placebo	0	0.20939461139962115	0.10090311561270612	1103.4053395099797	2.075204617103551	0.038198853582874594	0.05178775791548506
CXCL6	Day*Allocation	Day7	Anakinra	Day4	Placebo	0	0.026635700441642075	0.10233545268258677	1134.0523840061853	0.26027832724068617	0.7946963378603805	0.8067371914643257
CXCL6	Day*Allocation	Day7	Anakinra	Day7	Placebo	0	-0.20199660817192916	0.10266127390398588	1141.8682477418358	-1.9676027823388087	0.049355492063264506	0.44683134289963033
CXCL6	Day*Allocation	Day1	Placebo	Day4	Placebo	0	-0.18275891095797908	0.07885964604896528	1051.8377840218418	-2.3175213193893995	0.0206665587448413	0.03296808180724684
CXCL6	Day*Allocation	Day1	Placebo	Day7	Placebo	0	-0.41139121957155034	0.0792881966004433	1054.0645061654166	-5.1885556389265926	2.5409588265785314e-7	5.3201325431488e-7
CXCL6	Day*Allocation	Day4	Placebo	Day7	Placebo	0	-0.22863230861357123	0.08045638847767352	1046.8807183364638	-2.8416924117469704	0.004574563898393481	0.01802916359955078
CXCL10	Day*Allocation	Day1	Anakinra	Day4	Anakinra	0	0.7663227976110938	0.05586029013401425	1060.1625164777765	13.718560998745462	1.510034648546516e-39	3.372410715087219e-38
CXCL10	Day*Allocation	Day1	Anakinra	Day7	Anakinra	0	1.0903537130447756	0.055636251147581105	1062.968656645539	19.59790047953619	2.997724274911697e-73	1.0042376320954186e-71
CXCL10	Day*Allocation	Day1	Anakinra	Day1	Placebo	0	-0.1950543317866612	0.08590847106742701	1148.6159858133317	-2.270490085122908	0.023362425739456984	0.6689791227552792
CXCL10	Day*Allocation	Day1	Anakinra	Day4	Placebo	0	0.70252513944761	0.08722545868072178	1179.6624783771395	8.054129494682488	1.94330606795694e-15	3.255037663827875e-14
CXCL10	Day*Allocation	Day1	Anakinra	Day7	Placebo	0	1.0967695279631873	0.08752462113058387	1187.5211257493963	12.530982868544418	6.36668662987184e-34	4.2656800420141326e-32
CXCL10	Day*Allocation	Day4	Anakinra	Day7	Anakinra	0	0.3240309154336819	0.056071537024903084	1042.7079106004771	5.778884129567731	9.923685885147358e-9	9.849318645421374e-8
CXCL10	Day*Allocation	Day4	Anakinra	Day1	Placebo	0	-0.961377129397755	0.086657649230963	1165.2873231123565	-11.093967329248212	2.9425043756582635e-27	9.857389658455182e-26
CXCL10	Day*Allocation	Day4	Anakinra	Day4	Placebo	0	-0.06379765816348382	0.08796376769170985	1195.3856967743666	-0.7252720050268655	0.4684271276430001	0.7132867625472956
CXCL10	Day*Allocation	Day4	Anakinra	Day7	Placebo	0	0.3304467303520935	0.08825967023030057	1202.945258943834	3.7440286088747166	1.8965289461577006e-4	0.0018152491341795133
CXCL10	Day*Allocation	Day7	Anakinra	Day1	Placebo	0	-1.285408044831437	0.08643392958661843	1159.9319856302182	-14.871567808834667	6.443674871675924e-46	4.3172621640228692e-44
CXCL10	Day*Allocation	Day7	Anakinra	Day4	Placebo	0	-0.3878285735971657	0.08774143860528688	1190.1994254032145	-4.420130097727815	1.0764053456767486e-5	1.802978954008554e-4
CXCL10	Day*Allocation	Day7	Anakinra	Day7	Placebo	0	0.006415814918411613	0.08804157530786592	1198.0884607332207	0.07287255931049207	0.9419196938171617	0.9873260689844163
CXCL10	Day*Allocation	Day1	Placebo	Day4	Placebo	0	0.8975794712342712	0.07040178506903672	1055.8767619547832	12.74938512360298	9.883965030332896e-35	6.622256570323041e-33
CXCL10	Day*Allocation	Day1	Placebo	Day7	Placebo	0	1.2918238597498486	0.07077926074785869	1058.3604774480802	18.25144606061643	6.453788476001207e-65	2.1620191394604042e-63
CXCL10	Day*Allocation	Day4	Placebo	Day7	Placebo	0	0.3942443885155773	0.07183825046036928	1051.077410503734	5.487945293615809	5.095706060898282e-8	1.1380410202672828e-6
4E-BP1	Day*Allocation	Day1	Anakinra	Day4	Anakinra	0	0.19677567304414167	0.068514371559434	1063.0279409167103	2.8720349988680134	0.004159395047307257	0.007531877518096924
4E-BP1	Day*Allocation	Day1	Anakinra	Day7	Anakinra	0	0.19562791890275097	0.06823604085403916	1065.8349379749163	2.866929506083309	0.004226339649076806	0.00534273125449332
4E-BP1	Day*Allocation	Day1	Anakinra	Day1	Placebo	0	-0.08097973839412961	0.10288033691008819	1183.7722740445936	-0.7871255171423233	0.43136595153656754	0.9706901703326503
4E-BP1	Day*Allocation	Day1	Anakinra	Day4	Placebo	0	0.055193271896910166	0.10451506966965697	1214.2377017863987	0.5280891269685867	0.5975339706527256	0.6785555259954681
4E-BP1	Day*Allocation	Day1	Anakinra	Day7	Placebo	0	0.01019878734450645	0.10488823732105672	1222.0365895069456	0.09723480539851731	0.9225558726223753	0.9365339919045325
4E-BP1	Day*Allocation	Day4	Anakinra	Day7	Anakinra	0	-0.0011477541413906986	0.06879597075869336	1045.080136905559	-0.01668345004413886	0.9866923346554614	0.9866923346554614
4E-BP1	Day*Allocation	Day4	Anakinra	Day1	Placebo	0	-0.27775541143827126	0.10380813431717903	1200.0262142884965	-2.675661336804374	0.007559697450243403	0.0168833243055436
4E-BP1	Day*Allocation	Day4	Anakinra	Day4	Placebo	0	-0.1415824011472315	0.10542895212879791	1229.465841624857	-1.3429176548607493	0.1795464969110134	0.5513839116859255
4E-BP1	Day*Allocation	Day4	Anakinra	Day7	Placebo	0	-0.18657688569963524	0.10579786572593608	1236.936867727624	-1.7635222073661962	0.07805930918803232	0.15382275634112252
4E-BP1	Day*Allocation	Day7	Anakinra	Day1	Placebo	0	-0.2766076572968806	0.1035302937821946	1194.7661759142	-2.671755745992602	0.007648157991136548	0.011387257453469971
4E-BP1	Day*Allocation	Day7	Anakinra	Day4	Placebo	0	-0.14043464700584082	0.10515280951434677	1224.3914406287377	-1.3355291946496235	0.18195141862652053	0.2539738551661849
4E-BP1	Day*Allocation	Day7	Anakinra	Day7	Placebo	0	-0.18542913155824453	0.10552736891955285	1232.2227882345373	-1.757166254183818	0.07913779763660006	0.44683134289963033
4E-BP1	Day*Allocation	Day1	Placebo	Day4	Placebo	0	0.1361730102910398	0.08635700147063527	1058.3668495764744	1.5768612616470234	0.11512628531822659	0.15124433561414083
4E-BP1	Day*Allocation	Day1	Placebo	Day7	Placebo	0	0.09117852573863605	0.08681595087558668	1061.0144064219423	1.0502508446783154	0.29384194935622265	0.32274443617814624
4E-BP1	Day*Allocation	Day4	Placebo	Day7	Placebo	0	-0.044994484552403714	0.08812678934087188	1053.720735180413	-0.510565344419463	0.609762387742897	0.6589367738511951
SIRT2	Day*Allocation	Day1	Anakinra	Day4	Anakinra	0	-0.0022309210187080597	0.08475169818305707	1094.5960155666899	-0.026323024394029768	0.9790044884886033	0.9954769883795649
SIRT2	Day*Allocation	Day1	Anakinra	Day7	Anakinra	0	-0.08556522092542389	0.08436882580679063	1096.503473821201	-1.0141805353718336	0.31072034472572835	0.34128300158399677
SIRT2	Day*Allocation	Day1	Anakinra	Day1	Placebo	0	-0.021191356579807086	0.10430899501790085	1508.2861800461494	-0.20315943582977058	0.8390378201839135	0.9706901703326503
SIRT2	Day*Allocation	Day1	Anakinra	Day4	Placebo	0	0.07168949246728377	0.10642219491904549	1517.6448556442317	0.6736329063859038	0.5006473022569456	0.6098794409311884
SIRT2	Day*Allocation	Day1	Anakinra	Day7	Placebo	0	-0.007451580729895432	0.10692990635834737	1520.4906819837042	-0.06968659174659168	0.9444522775234931	0.9444522775234931
SIRT2	Day*Allocation	Day4	Anakinra	Day7	Anakinra	0	-0.08333429990671583	0.08540361731370814	1074.4926556221722	-0.9757701433255314	0.32939800810645925	0.40126666442059583
SIRT2	Day*Allocation	Day4	Anakinra	Day1	Placebo	0	-0.018960435561099026	0.1054806979850381	1512.8308831960317	-0.1797526554459136	0.857370826144479	0.9140082055985785
SIRT2	Day*Allocation	Day4	Anakinra	Day4	Placebo	0	0.07392041348599183	0.10757234559122596	1521.6308484467118	0.6871693006201501	0.4920807630880356	0.716726328845617
SIRT2	Day*Allocation	Day4	Anakinra	Day7	Placebo	0	-0.005220659711187372	0.10807140242428022	1524.2130553851632	-0.048307504058210084	0.9614775029273654	0.9783871841855423
SIRT2	Day*Allocation	Day7	Anakinra	Day1	Placebo	0	0.0643738643456168	0.10512050281177897	1511.2211139398835	0.6123816251229306	0.5403774254743012	0.5839562501093255
SIRT2	Day*Allocation	Day7	Anakinra	Day4	Placebo	0	0.15725471339270766	0.10721279774466677	1520.085438287235	1.4667531927225563	0.14265005114332927	0.20335220056602257
SIRT2	Day*Allocation	Day7	Anakinra	Day7	Placebo	0	0.07811364019552845	0.10772617023719619	1523.0363466782962	0.725112941669925	0.468494134151037	0.7133887951845337
SIRT2	Day*Allocation	Day1	Placebo	Day4	Placebo	0	0.09288084904709086	0.10695630178029998	1085.1610845676882	0.8683999680344067	0.3853674205794687	0.42327241276761324
SIRT2	Day*Allocation	Day1	Placebo	Day7	Placebo	0	0.013739775849911654	0.1074548563398833	1089.7942349175198	0.1278655643673496	0.8982789531513694	0.8982789531513694
SIRT2	Day*Allocation	Day4	Placebo	Day7	Placebo	0	-0.07914107319717921	0.10920764436461106	1084.869097600919	-0.7246843722125466	0.46880194634797334	0.5926364227417776
DNER	Day*Allocation	Day1	Anakinra	Day4	Anakinra	0	0.01976341150430283	0.05896996176439569	1053.4298415226194	0.3351437055914015	0.7375834101469323	0.8375947199973639
DNER	Day*Allocation	Day1	Anakinra	Day7	Anakinra	0	-0.28611351213134584	0.05874093190384624	1056.1755104820998	-4.870769033758072	1.2815100744585627e-6	2.287483147022165e-6
DNER	Day*Allocation	Day1	Anakinra	Day1	Placebo	0	0.0362600449086466	0.09649487089402028	1065.8482998777806	0.3757717334890347	0.7071613780943768	0.9706901703326503
DNER	Day*Allocation	Day1	Anakinra	Day4	Placebo	0	-0.02051377050898088	0.09783737100655411	1097.0044212092612	-0.20967213548294	0.8339625061507119	0.8869125065412332
DNER	Day*Allocation	Day1	Anakinra	Day7	Placebo	0	-0.18464525513073515	0.09813883168222058	1104.6920873870217	-1.8814698724825618	0.060170807160946055	0.08062888159566772
DNER	Day*Allocation	Day4	Anakinra	Day7	Anakinra	0	-0.30587692363564867	0.05914746484793208	1037.3207113502945	-5.171429146152876	2.7868527927143985e-7	1.8671913711186471e-6
DNER	Day*Allocation	Day4	Anakinra	Day1	Placebo	0	0.01649663340434377	0.0972626926244602	1082.8215277861912	0.16960905522160197	0.8653492811543912	0.9140082055985785
DNER	Day*Allocation	Day4	Anakinra	Day4	Placebo	0	-0.04027718201328371	0.09859502330182453	1113.2505601101784	-0.4085113088313289	0.6829768938259129	0.8797076699768157
DNER	Day*Allocation	Day4	Anakinra	Day7	Placebo	0	-0.20440866663503798	0.09889355914892592	1120.7139898402709	-2.0669563153977966	0.038967487636339324	0.09002833350464602
DNER	Day*Allocation	Day7	Anakinra	Day1	Placebo	0	0.32237355703999243	0.0970349536348202	1077.4610616958316	3.3222415734149564	9.229694516262589e-4	0.001766827235970267
DNER	Day*Allocation	Day7	Anakinra	Day4	Placebo	0	0.26559974162236494	0.09836871488171037	1108.0121123672943	2.7000428128165748	0.007038662642411282	0.026199466502308665
DNER	Day*Allocation	Day7	Anakinra	Day7	Placebo	0	0.10146825700061066	0.09867085969509908	1115.728531533302	1.0283507948968496	0.30400772502224227	0.6172278053481889
DNER	Day*Allocation	Day1	Placebo	Day4	Placebo	0	-0.05677381541762748	0.07430801129533718	1049.9733457608895	-0.764033573607292	0.4450188907342303	0.4809075109547327
DNER	Day*Allocation	Day1	Placebo	Day7	Placebo	0	-0.22090530003938175	0.07471420273083149	1052.0851009879264	-2.9566707796538285	0.0031792219118201154	0.004630605828085821
DNER	Day*Allocation	Day4	Placebo	Day7	Placebo	0	-0.16413148462175425	0.07580696437781918	1044.9807818034808	-2.165124088121097	0.030603946410115653	0.0757935223755863
EN-RAGE	Day*Allocation	Day1	Anakinra	Day4	Anakinra	0	-0.18863164325306686	0.06903192814246828	1068.1069241699502	-2.7325275177562527	0.006388747561492184	0.010975540682563494
EN-RAGE	Day*Allocation	Day1	Anakinra	Day7	Anakinra	0	-0.32981989155398284	0.06874542770864821	1070.8795727826475	-4.797699316844767	1.8322044930791094e-6	3.1476333599051366e-6
EN-RAGE	Day*Allocation	Day1	Anakinra	Day1	Placebo	0	0.019857495442405004	0.09966219118201065	1245.2572614026703	0.19924803184529366	0.84210125659952	0.9706901703326503
EN-RAGE	Day*Allocation	Day1	Anakinra	Day4	Placebo	0	-0.21395244855946338	0.10133815485455563	1273.925701583214	-2.111272391593631	0.034943265765894765	0.06689139446614141
EN-RAGE	Day*Allocation	Day1	Anakinra	Day7	Placebo	0	-0.33144643944155855	0.10172406600463764	1281.418753818937	-3.2582893356469627	0.0011502537672630842	0.002082891956935855
EN-RAGE	Day*Allocation	Day4	Anakinra	Day7	Anakinra	0	-0.14118824830091597	0.06935579742451624	1049.4037879571079	-2.035709393357909	0.04203033716521269	0.06704839500164882
EN-RAGE	Day*Allocation	Day4	Anakinra	Day1	Placebo	0	0.20848913869547187	0.10060954529882636	1260.369678843477	2.07226002340261	0.03844414039430965	0.07154881684496518
EN-RAGE	Day*Allocation	Day4	Anakinra	Day4	Placebo	0	-0.025320805306396507	0.10227054617314026	1287.9146511401188	-0.24758648754578194	0.8044938307940566	0.9135777400542677
EN-RAGE	Day*Allocation	Day4	Anakinra	Day7	Placebo	0	-0.1428147961884917	0.10265171548020569	1295.038166334087	-1.3912558160416777	0.1643868186295954	0.262236115432926
EN-RAGE	Day*Allocation	Day7	Anakinra	Day1	Placebo	0	0.34967738699638784	0.10032446247609458	1255.4130203295936	3.4854648444262466	5.082223835316236e-4	0.0010014970499005523
EN-RAGE	Day*Allocation	Day7	Anakinra	Day4	Placebo	0	0.11586744299451947	0.10198712025026084	1283.163881181898	1.1360987810048802	0.2561273636373618	0.3364810463471224
EN-RAGE	Day*Allocation	Day7	Anakinra	Day7	Placebo	0	-0.0016265478875757203	0.10237482460758766	1290.6959894450497	-0.015888162874128784	0.9873260689844163	0.9873260689844163
EN-RAGE	Day*Allocation	Day1	Placebo	Day4	Placebo	0	-0.23380994400186839	0.08702290612557936	1062.7501238612242	-2.6867632260460983	0.007327386614860887	0.013609710377961265
EN-RAGE	Day*Allocation	Day1	Placebo	Day7	Placebo	0	-0.35130393488396355	0.0874777503238857	1065.695946170227	-4.015923290016757	6.336506852422449e-5	1.0885793823392411e-4
EN-RAGE	Day*Allocation	Day4	Placebo	Day7	Placebo	0	-0.1174939908820952	0.08881903297077082	1058.479109797167	-1.3228469952015907	0.18617197852884962	0.2863491725856133
CD40	Day*Allocation	Day1	Anakinra	Day4	Anakinra	0	-3.694782940423108e-4	0.06516232697037407	1060.5619758952446	-0.005670121237541033	0.9954769883795649	0.9954769883795649
CD40	Day*Allocation	Day1	Anakinra	Day7	Anakinra	0	-0.37644194092572325	0.0649005052935743	1063.3691202271277	-5.800292913327968	8.7241167079798445e-09	1.719164174807793e-8
CD40	Day*Allocation	Day1	Anakinra	Day1	Placebo	0	0.05327006483436575	0.09987265814844612	1153.5277248266332	0.5333798641384669	0.5938734036748623	0.9706901703326503
CD40	Day*Allocation	Day1	Anakinra	Day4	Placebo	0	-0.08453393947779023	0.10141166615446578	1184.5123755080758	-0.833572139018324	0.404690185488106	0.511589479767983
CD40	Day*Allocation	Day1	Anakinra	Day7	Placebo	0	-0.24516060358119104	0.10176150143784317	1192.3675573499045	-2.4091684980781984	0.016139739242605474	0.024030278427879262
CD40	Day*Allocation	Day4	Anakinra	Day7	Anakinra	0	-0.3760724626316809	0.06541173480787062	1043.0357405225266	-5.749311858740525	1.1760380472144924e-8	9.849318645421374e-8
CD40	Day*Allocation	Day4	Anakinra	Day1	Placebo	0	0.05363954312840806	0.10074785392111402	1170.151082104925	0.5324137541471409	0.5945405395600494	0.7113252884022019
CD40	Day*Allocation	Day4	Anakinra	Day4	Placebo	0	-0.08416446118374792	0.10227410323064612	1200.1759999298813	-0.8229303266922051	0.4107110915025598	0.6988264267989749
CD40	Day*Allocation	Day4	Anakinra	Day7	Placebo	0	-0.24479112528714875	0.10262010184564967	1207.7279173109134	-2.385411053823916	0.017213495625302045	0.05454394988295645
CD40	Day*Allocation	Day7	Anakinra	Day1	Placebo	0	0.42971200576008894	0.100486399542644	1164.8056810104636	4.276320056404544	2.055601013522514e-5	4.442750577613175e-5
CD40	Day*Allocation	Day7	Anakinra	Day4	Placebo	0	0.291908001447933	0.10201427086762205	1195.0021485540099	2.8614428056514263	0.004290661612083481	0.01796714550059958
CD40	Day*Allocation	Day7	Anakinra	Day7	Placebo	0	0.13128133734453218	0.10236526782423462	1202.8879454492933	1.2824793031357826	0.19992164277199062	0.5378764150311666
CD40	Day*Allocation	Day1	Placebo	Day4	Placebo	0	-0.13780400431215598	0.08212622964413124	1056.2246726452702	-1.6779536198031646	0.09365198815214083	0.13072256679569658
CD40	Day*Allocation	Day1	Placebo	Day7	Placebo	0	-0.2984306684155568	0.08256603670510144	1058.7310329913855	-3.614448268619849	3.151445499209949e-4	5.027305915406348e-4
CD40	Day*Allocation	Day4	Placebo	Day7	Placebo	0	-0.16062666410340082	0.08380297560122671	1051.444144971205	-1.9167179082964396	0.05554460240583264	0.112282410210418
IFN-gamma	Day*Allocation	Day1	Anakinra	Day4	Anakinra	0	0.8021525289973764	0.06465251922331737	1070.5747352122994	12.407134921172178	4.006016713477067e-33	6.710077995074088e-32
IFN-gamma	Day*Allocation	Day1	Anakinra	Day7	Anakinra	0	0.9527992802414745	0.0643815497495161	1073.3144186699255	14.799259787135458	3.0903478835233855e-45	2.588166352450835e-44
IFN-gamma	Day*Allocation	Day1	Anakinra	Day1	Placebo	0	-0.02532699350081925	0.09168940795858843	1274.4876522784728	-0.27622594653744736	0.7824193143668874	0.9706901703326503
IFN-gamma	Day*Allocation	Day1	Anakinra	Day4	Placebo	0	0.7960152960932889	0.09326981251604322	1301.94912235282	8.534543756656179	3.860713487911847e-17	8.622260123003125e-16
IFN-gamma	Day*Allocation	Day1	Anakinra	Day7	Placebo	0	1.0260618987315566	0.09363524705337566	1309.2031202414928	10.958073279249877	8.513183115520712e-27	1.9012775624662922e-25
IFN-gamma	Day*Allocation	Day4	Anakinra	Day7	Anakinra	0	0.15064675124409807	0.0649740835503728	1051.5601107593716	2.3185667732782314	0.020609566275166247	0.03452102351090346
IFN-gamma	Day*Allocation	Day4	Anakinra	Day1	Placebo	0	-0.8274795224981957	0.09258100532449906	1288.875205522739	-8.937897353759082	1.3419886018383532e-18	2.2478309080792418e-17
IFN-gamma	Day*Allocation	Day4	Anakinra	Day4	Placebo	0	-0.006137232904087558	0.09414701248961864	1315.1886098833015	-0.06518776052255822	0.9480344129375047	0.9914292859327909
IFN-gamma	Day*Allocation	Day4	Anakinra	Day7	Placebo	0	0.22390936973418013	0.09450779941255863	1322.0586010357638	2.369215780347818	0.017968849107071593	0.05454394988295645
IFN-gamma	Day*Allocation	Day7	Anakinra	Day1	Placebo	0	-0.9781262737422938	0.09231208241429484	1284.1247237129223	-10.595864031671196	3.303446006224938e-25	5.533272060426771e-24
IFN-gamma	Day*Allocation	Day7	Anakinra	Day4	Placebo	0	-0.15678398414818562	0.09387959916691904	1310.6485194493885	-1.6700538300064727	0.0951474915734757	0.16488012761864762
IFN-gamma	Day*Allocation	Day7	Anakinra	Day7	Placebo	0	0.07326261849008205	0.09424690806540686	1317.9462772188767	0.7773477135105394	0.43709315746172994	0.7133887951845337
IFN-gamma	Day*Allocation	Day1	Placebo	Day4	Placebo	0	0.8213422895941082	0.08150876810272163	1064.8668119833635	10.076735407888995	7.14060856839956e-23	9.56841548165541e-22
IFN-gamma	Day*Allocation	Day1	Placebo	Day7	Placebo	0	1.0513888922323757	0.08193114450372363	1067.9610544312084	12.832591300913561	3.6811271507202034e-35	6.165887977456341e-34
IFN-gamma	Day*Allocation	Day4	Placebo	Day7	Placebo	0	0.23004660263826768	0.08319631067543813	1060.8253691874818	2.7651058174408187	0.0057891153424784875	0.021121921319777564
FGF-19	Day*Allocation	Day1	Anakinra	Day4	Anakinra	0	0.42337842925687486	0.07644466761088761	1081.1622024098024	5.53836444697387	3.832392629682046e-8	1.1671377554031685e-7
FGF-19	Day*Allocation	Day1	Anakinra	Day7	Anakinra	0	0.2993170103787902	0.07611197564765994	1083.644466632945	3.9325875833837025	8.937519782401707e-5	1.3306973898242542e-4
FGF-19	Day*Allocation	Day1	Anakinra	Day1	Placebo	0	0.011067074582272698	0.10121027985899897	1391.512051854692	0.1093473370263454	0.9129427683631861	0.9709073885767218
FGF-19	Day*Allocation	Day1	Anakinra	Day4	Placebo	0	0.2227546389047682	0.1031140787399473	1411.8200771686793	2.1602737630673428	0.0309193058882689	0.060929220426882834
FGF-19	Day*Allocation	Day1	Anakinra	Day7	Placebo	0	0.15636099986867683	0.10356210868391422	1417.4646606461272	1.5098282746048757	0.13131011730825715	0.1691880357625621
FGF-19	Day*Allocation	Day4	Anakinra	Day7	Anakinra	0	-0.12406141887808467	0.07691704021725605	1061.2299927882123	-1.6129250232154921	0.1070581061484974	0.14943527316561095
FGF-19	Day*Allocation	Day4	Anakinra	Day1	Placebo	0	-0.41231135467460217	0.10227562947950183	1401.8461259639103	-4.031374402415563	5.843404228462178e-5	1.9575404165348296e-4
FGF-19	Day*Allocation	Day4	Anakinra	Day4	Placebo	0	-0.20062379035210667	0.10416087996743757	1421.0995255139862	-1.9260953864332273	0.05429173952947587	0.34442352886713956
FGF-19	Day*Allocation	Day4	Anakinra	Day7	Placebo	0	-0.26701742938819806	0.10460237782846608	1426.3545022232063	-2.5526898616594638	0.010792860052837522	0.04017342353000633
FGF-19	Day*Allocation	Day7	Anakinra	Day1	Placebo	0	-0.28824993579651753	0.1019513063992384	1398.3305989449298	-2.82732949657103	0.004760674073916505	0.007249208248918315
FGF-19	Day*Allocation	Day7	Anakinra	Day4	Placebo	0	-0.076562371474022	0.10383797058403273	1417.7667244972495	-0.7373253834161035	0.46104650256226876	0.523561282570712
FGF-19	Day*Allocation	Day7	Anakinra	Day7	Placebo	0	-0.1429560105101134	0.10428935151837704	1423.4845616290327	-1.3707632507900178	0.17066486109828818	0.5378764150311666
FGF-19	Day*Allocation	Day1	Placebo	Day4	Placebo	0	0.2116875643224955	0.09641328652550761	1073.8658531597002	2.1956264738106435	0.028332030351416876	0.04414525659406816
FGF-19	Day*Allocation	Day1	Placebo	Day7	Placebo	0	0.1452939252864041	0.09689275518466486	1077.6203237247335	1.4995334275456713	0.1340281965383802	0.1575419152293241
FGF-19	Day*Allocation	Day4	Placebo	Day7	Placebo	0	-0.06639363903609138	0.09843055183918202	1071.1506582669297	-0.6745226740633006	0.5001246248485254	0.6050676381015578
MCP-2	Day*Allocation	Day1	Anakinra	Day4	Anakinra	0	0.753270957867584	0.04961811564593669	1043.5996849129185	15.181369708651372	3.48743537653383e-47	1.168290851138833e-45
MCP-2	Day*Allocation	Day1	Anakinra	Day7	Anakinra	0	1.0395390405695975	0.04943520997722441	1046.1079575315646	21.028312432546148	3.6988159080296984e-82	2.478206658379898e-80
MCP-2	Day*Allocation	Day1	Anakinra	Day1	Placebo	0	-0.15822170216301681	0.09062722362040054	947.8181570825544	-1.745851807462857	0.08116070656001323	0.9706901703326503
MCP-2	Day*Allocation	Day1	Anakinra	Day4	Placebo	0	0.6240468996505795	0.09167741824114911	976.167039850498	6.806985969097437	1.7378451381810072e-11	2.32871248516255e-10
MCP-2	Day*Allocation	Day1	Anakinra	Day7	Placebo	0	1.0358996072457767	0.09190933405516499	982.9156242772037	11.270885790816614	8.521914282335766e-28	2.8548412845824815e-26
MCP-2	Day*Allocation	Day4	Anakinra	Day7	Anakinra	0	0.28626808270201337	0.049711679708292426	1029.9105988378326	5.758567893537922	1.119040176806214e-8	9.849318645421374e-8
MCP-2	Day*Allocation	Day4	Anakinra	Day1	Placebo	0	-0.9114926600306008	0.09123256391752264	963.5664681592989	-9.990869716810998	1.972468749038577e-22	4.405180206186155e-21
MCP-2	Day*Allocation	Day4	Anakinra	Day4	Placebo	0	-0.1292240582170045	0.09227602717920758	991.5229517013469	-1.4004076916536603	0.16170411288716932	0.5513839116859255
MCP-2	Day*Allocation	Day4	Anakinra	Day7	Placebo	0	0.2826286493781927	0.0925061090840576	998.151640405554	3.0552430772045156	0.0023085084212610147	0.012889172018707332
MCP-2	Day*Allocation	Day7	Anakinra	Day1	Placebo	0	-1.1977607427326142	0.09105483539169251	958.7109969748726	-13.154279370010187	1.876499399044283e-36	6.286272986798348e-35
MCP-2	Day*Allocation	Day7	Anakinra	Day4	Placebo	0	-0.41549214091901787	0.09209935348787614	986.7212433198182	-4.511346987617158	7.216352513283464e-6	1.6116520612999735e-4
MCP-2	Day*Allocation	Day7	Anakinra	Day7	Placebo	0	-0.0036394333238206275	0.09233153242421711	993.4984533414672	-0.03941701419076698	0.9685658342402836	0.9873260689844163
MCP-2	Day*Allocation	Day1	Placebo	Day4	Placebo	0	0.7822686018135963	0.06251033616498293	1041.21141014898	12.514228043006556	1.4203883387314978e-33	4.7583009347505175e-32
MCP-2	Day*Allocation	Day1	Placebo	Day7	Placebo	0	1.1941213094087935	0.06286069141110318	1042.8134498689735	18.996312044984506	2.477724196977584e-69	1.660075211974981e-67
MCP-2	Day*Allocation	Day4	Placebo	Day7	Placebo	0	0.41185270759519726	0.06374735729834637	1036.3561030628096	6.460702451831378	1.6003016666480658e-10	5.361010583271021e-9
CASP-8	Day*Allocation	Day1	Anakinra	Day4	Anakinra	0	-0.055181193380668854	0.07223455809421578	1069.6759443328635	-0.7639168126244482	0.4450852820659139	0.5734752672772353
CASP-8	Day*Allocation	Day1	Anakinra	Day7	Anakinra	0	-0.2297480826958568	0.07193287704951781	1072.4288507894296	-3.1939231700367094	0.0014444187139700242	0.0018610779583844543
CASP-8	Day*Allocation	Day1	Anakinra	Day1	Placebo	0	-0.05585914056323135	0.10310068926318201	1263.9036967519	-0.5417921156728779	0.5880572186763465	0.9706901703326503
CASP-8	Day*Allocation	Day1	Anakinra	Day4	Placebo	0	-0.06040151203228177	0.10486224892007724	1291.828640530372	-0.5760081693300125	0.564709990933939	0.6523374033202399
CASP-8	Day*Allocation	Day1	Anakinra	Day7	Placebo	0	-0.15080860106281346	0.10526895196363983	1299.1763584294533	-1.4326028544000622	0.15221193095352478	0.19241885611105963
CASP-8	Day*Allocation	Day4	Anakinra	Day7	Anakinra	0	-0.17456688931518796	0.07258641344824666	1050.7705331970833	-2.404952676710667	0.01634667228185945	0.028082744689348283
CASP-8	Day*Allocation	Day4	Anakinra	Day1	Placebo	0	-6.779471825624998e-4	0.10409519136840999	1278.5671870356798	-0.0065127617678623915	0.9948046206599848	0.9948046206599848
CASP-8	Day*Allocation	Day4	Anakinra	Day4	Placebo	0	-0.00522031865161292	0.10584081746362586	1305.3511185595992	-0.049322357637751404	0.9606699477729337	0.9914292859327909
CASP-8	Day*Allocation	Day4	Anakinra	Day7	Placebo	0	-0.09562740768214462	0.1062424118361157	1312.3195974668104	-0.9000869429588509	0.3682391198181093	0.47684632375182706
CASP-8	Day*Allocation	Day7	Anakinra	Day1	Placebo	0	0.17388894213262546	0.10379548034169149	1273.7373973671226	1.6753036024322878	0.09412012682949607	0.11260800888528993
CASP-8	Day*Allocation	Day7	Anakinra	Day4	Placebo	0	0.16934657066357503	0.10554281173970574	1300.7305293200036	1.6045296488900151	0.10884010803590977	0.1747554553839198
CASP-8	Day*Allocation	Day7	Anakinra	Day7	Placebo	0	0.07893948163304335	0.10595152821037024	1308.1201787583052	0.7450527893878643	0.4563736439270589	0.7133887951845337
CASP-8	Day*Allocation	Day1	Placebo	Day4	Placebo	0	-0.00454237146905042	0.09106486627277971	1064.0968424571556	-0.04988061428041854	0.9602268865526342	0.9602268865526342
CASP-8	Day*Allocation	Day1	Placebo	Day7	Placebo	0	-0.09494946049958211	0.09153826084425568	1067.1367721617316	-1.0372652880212603	0.29984721420848137	0.3240284411607782
CASP-8	Day*Allocation	Day4	Placebo	Day7	Placebo	0	-0.0904070890305317	0.09294817850989176	1059.9682340827464	-0.9726612234892841	0.3309436099823775	0.4525147320167202
CCL25	Day*Allocation	Day1	Anakinra	Day4	Anakinra	0	0.21003565988602482	0.05814516571411648	1048.6799008828093	3.612263501297966	3.1791809477433567e-4	6.085860671394426e-4
CCL25	Day*Allocation	Day1	Anakinra	Day7	Anakinra	0	0.24501861229780747	0.057924790801712193	1051.333041656652	4.229943844537199	2.541182303239446e-5	4.05379081707245e-5
CCL25	Day*Allocation	Day1	Anakinra	Day1	Placebo	0	0.044388908446879274	0.09999849991423107	1008.1521200217634	0.44389574328566667	0.6572132186013337	0.9706901703326503
CCL25	Day*Allocation	Day1	Anakinra	Day4	Placebo	0	0.3257852059279401	0.10128116770271992	1038.362200889613	3.2166414874301563	0.0013370817814354775	0.00415710049419129
CCL25	Day*Allocation	Day1	Anakinra	Day7	Placebo	0	0.37341709735973916	0.10156686850801179	1045.6873498906868	3.6765640493315326	2.4841341678469373e-4	5.547899641524827e-4
CCL25	Day*Allocation	Day4	Anakinra	Day7	Anakinra	0	0.03498295241178266	0.0582885640611498	1033.6740150386217	0.6001683687915607	0.5485255799642883	0.6304539014684939
CCL25	Day*Allocation	Day4	Anakinra	Day1	Placebo	0	-0.16564675143914553	0.10073488249908333	1024.7692320248746	-1.6443832298176642	0.10040377282847088	0.15977898961748846
CCL25	Day*Allocation	Day4	Anakinra	Day4	Placebo	0	0.11574954604191524	0.10200852296240297	1054.4189614951301	1.134704656831241	0.2567569683023596	0.6541047251665811
CCL25	Day*Allocation	Day4	Anakinra	Day7	Placebo	0	0.16338143747371434	0.10229169700596613	1061.57277526379	1.5972111349778972	0.1105162545527896	0.20420429404298732
CCL25	Day*Allocation	Day7	Anakinra	Day1	Placebo	0	-0.2006297038509282	0.10051753243889891	1019.5823295269662	-1.9959672604665657	0.04620312260780873	0.06069821989653304
CCL25	Day*Allocation	Day7	Anakinra	Day4	Placebo	0	0.08076659363013258	0.1017925159094282	1049.3194140091714	0.7934433382312328	0.42769894543862863	0.4940660231791055
CCL25	Day*Allocation	Day7	Anakinra	Day7	Placebo	0	0.1283984850619317	0.10207869558652712	1056.67340918256	1.2578382229923244	0.2087281610568706	0.5378764150311666
CCL25	Day*Allocation	Day1	Placebo	Day4	Placebo	0	0.28139629748106076	0.07326067619736674	1045.7614192301717	3.8410278485960134	1.2988880066186343e-4	3.48101985773794e-4
CCL25	Day*Allocation	Day1	Placebo	Day7	Placebo	0	0.3290281889128599	0.07366618905384115	1047.621916627047	4.466474961428774	8.81501185604003e-6	1.6874451267276627e-5
CCL25	Day*Allocation	Day4	Placebo	Day7	Placebo	0	0.04763189143179909	0.0747253922952597	1040.7733281738613	0.6374257794939765	0.5239877354857436	0.6075524927291837
CX3CL1	Day*Allocation	Day1	Anakinra	Day4	Anakinra	0	0.06746223542768075	0.056398812413310864	1045.401449040025	1.1961641130542453	0.2319037477899855	0.31075102203858057
CX3CL1	Day*Allocation	Day1	Anakinra	Day7	Anakinra	0	0.03459651158730721	0.05618881227590305	1047.9665326868305	0.6157188626345846	0.5382137821021542	0.5634425531381927
CX3CL1	Day*Allocation	Day1	Anakinra	Day1	Placebo	0	-0.08116355070604603	0.10074238484746877	969.018169277275	-0.8056544504970127	0.42063977058171964	0.9706901703326503
CX3CL1	Day*Allocation	Day1	Anakinra	Day4	Placebo	0	-0.012165790266389132	0.10195497462701117	998.1209096407399	-0.11932512671300319	0.9050417891286238	0.9231828409587283
CX3CL1	Day*Allocation	Day1	Anakinra	Day7	Placebo	0	0.06278838892291139	0.10222356835508668	1005.0941182483107	0.6142261509088379	0.5392048975234616	0.557318491752272
CX3CL1	Day*Allocation	Day4	Anakinra	Day7	Anakinra	0	-0.032865723840373534	0.05651676530409126	1031.2294122146964	-0.581521671729404	0.5610160027335601	0.6304539014684939
CX3CL1	Day*Allocation	Day4	Anakinra	Day1	Placebo	0	-0.1486257861337268	0.10144034213178423	985.1293828002687	-1.4651546220205225	0.14319780401319576	0.20857071454095905
CX3CL1	Day*Allocation	Day4	Anakinra	Day4	Placebo	0	-0.07962802569406988	0.10264488171211608	1013.7823522432296	-0.7757622627244031	0.43807029739637227	0.6988264267989749
CX3CL1	Day*Allocation	Day4	Anakinra	Day7	Placebo	0	-0.004673846504769365	0.10291126162862582	1020.6182635866897	-0.045416278362574135	0.9637843903917283	0.9783871841855423
CX3CL1	Day*Allocation	Day7	Anakinra	Day1	Placebo	0	-0.11576006229335324	0.10123503467917191	980.1403502621796	-1.1434782697532844	0.25311927595346084	0.28744053370986233
CX3CL1	Day*Allocation	Day7	Anakinra	Day4	Placebo	0	-0.04676230185369635	0.10244081376886655	1008.8583647504424	-0.45648116344726053	0.6481422698247623	0.7118939684960505
CX3CL1	Day*Allocation	Day7	Anakinra	Day7	Placebo	0	0.02819187733560417	0.10270976089153497	1015.8603841055669	0.27448099470678117	0.7837708138658992	0.8900448225256822
CX3CL1	Day*Allocation	Day1	Placebo	Day4	Placebo	0	0.0689977604396569	0.07105541403543873	1042.8305775645115	0.9710415649009436	0.33175274773976193	0.37045723497606753
CX3CL1	Day*Allocation	Day1	Placebo	Day7	Placebo	0	0.14395193962895741	0.07145194284424498	1044.5230703884176	2.0146679558140503	0.044195343426878815	0.06043036754287511
CX3CL1	Day*Allocation	Day4	Placebo	Day7	Placebo	0	0.07495417918930052	0.07246678043370045	1037.9131229456666	1.0343246759510143	0.30122533598281276	0.42940633001805223
TNFRSF9	Day*Allocation	Day1	Anakinra	Day4	Anakinra	0	0.026444522817168387	0.05612653056314406	1051.9823895144768	0.4711590499508515	0.6376248470147923	0.7767429954543834
TNFRSF9	Day*Allocation	Day1	Anakinra	Day7	Anakinra	0	-0.3976591938310567	0.05591012776022618	1054.7042504326237	-7.112471563943498	2.1000474123530242e-12	5.211228763987134e-12
TNFRSF9	Day*Allocation	Day1	Anakinra	Day1	Placebo	0	0.11470968212512989	0.09319044941093604	1048.167597397464	1.2309167178634566	0.21863014814064458	0.9706901703326503
TNFRSF9	Day*Allocation	Day1	Anakinra	Day4	Placebo	0	-0.03452075472290999	0.0944568379503066	1079.121849831053	-0.3654659151418051	0.7148352670797042	0.7982327149056697
TNFRSF9	Day*Allocation	Day1	Anakinra	Day7	Placebo	0	-0.3424451382910806	0.09474050504582554	1086.7188789344204	-3.6145589273082455	3.146417989540457e-4	6.800322751587439e-4
TNFRSF9	Day*Allocation	Day4	Anakinra	Day7	Anakinra	0	-0.4241037166482251	0.05628616867113653	1036.196142848915	-7.534776778397156	1.0637192418273553e-13	7.12691892024328e-12
TNFRSF9	Day*Allocation	Day4	Anakinra	Day1	Placebo	0	0.0882651593079615	0.09391557803359298	1065.0811452052021	0.9398351280592624	0.34751522787358813	0.4751738830108246
TNFRSF9	Day*Allocation	Day4	Anakinra	Day4	Placebo	0	-0.060965277540078376	0.09517257441852807	1095.3592102225366	-0.6405761104241995	0.52193210588397	0.7440308743452337
TNFRSF9	Day*Allocation	Day4	Anakinra	Day7	Placebo	0	-0.368889661108249	0.0954535630542412	1102.7483907582312	-3.86459812818751	1.1776335855175825e-4	0.0013150241704946337
TNFRSF9	Day*Allocation	Day7	Anakinra	Day1	Placebo	0	0.5123688759561866	0.09370082010873278	1059.7586674296326	5.468136515364764	5.6712919186448e-8	1.899882792746008e-7
TNFRSF9	Day*Allocation	Day7	Anakinra	Day4	Placebo	0	0.36313843910814675	0.09495916158851919	1090.148064569591	3.824153804997907	1.3865904069401114e-4	0.001548359287749791
TNFRSF9	Day*Allocation	Day7	Anakinra	Day7	Placebo	0	0.055214055539976124	0.09524341861218805	1097.773840304055	0.5797151797416743	0.5622256560539074	0.7340776707583796
TNFRSF9	Day*Allocation	Day1	Placebo	Day4	Placebo	0	-0.14923043684803988	0.07072256769064704	1048.6940784596832	-2.110082279546185	0.035087645327787846	0.05342891447640422
TNFRSF9	Day*Allocation	Day1	Placebo	Day7	Placebo	0	-0.45715482041621047	0.07111067359637122	1050.7282843610537	-6.428779215495142	1.9482654457050066e-10	5.933353857374339e-10
TNFRSF9	Day*Allocation	Day4	Placebo	Day7	Placebo	0	-0.3079243835681706	0.07214542918705467	1043.6905647496105	-4.268106615178645	2.15071974726076e-5	2.8819644613294184e-4
TWEAK	Day*Allocation	Day1	Anakinra	Day4	Anakinra	0	0.009451211928796527	0.06593440616149503	1061.8330795347074	0.1433426412554229	0.886046777526184	0.9423037157818147
TWEAK	Day*Allocation	Day1	Anakinra	Day7	Anakinra	0	-0.22249085279253478	0.06566796514155734	1064.6415092737982	-3.3881185797812026	7.294981834718156e-4	9.77527565852233e-4
TWEAK	Day*Allocation	Day1	Anakinra	Day1	Placebo	0	0.24596717101035773	0.09998188477260711	1169.1372129709973	2.4601173659585527	0.014033005941849414	0.6689791227552792
TWEAK	Day*Allocation	Day1	Anakinra	Day4	Placebo	0	0.01435338415413421	0.10154755415050284	1199.8836921765737	0.1413464290125705	0.8876199991609549	0.9231828409587283
TWEAK	Day*Allocation	Day1	Anakinra	Day7	Placebo	0	-0.282954253605616	0.10190422587157542	1207.7173806983126	-2.776668496183941	0.005576803591633139	0.009580662580497957
TWEAK	Day*Allocation	Day4	Anakinra	Day7	Anakinra	0	-0.2319420647213313	0.06619637419686034	1044.0851011535005	-3.5038484741107196	4.7802393885895374e-4	0.001104400134605169
TWEAK	Day*Allocation	Day4	Anakinra	Day1	Placebo	0	0.2365159590815612	0.10087133565756072	1185.585790998238	2.3447291298341537	0.01920518581640375	0.04021085780309535
TWEAK	Day*Allocation	Day4	Anakinra	Day4	Placebo	0	0.004902172225337682	0.10242384371223129	1215.3372029715192	0.04786163111697665	0.9618343818750957	0.9914292859327909
TWEAK	Day*Allocation	Day4	Anakinra	Day7	Placebo	0	-0.29240546553441255	0.1027765241473548	1222.8546687917158	-2.845060853733282	0.0045143337980573664	0.021604311747845967
TWEAK	Day*Allocation	Day7	Anakinra	Day1	Placebo	0	0.4684580238028925	0.10060528973019894	1180.279237574555	4.656395553943465	3.5824987288246806e-6	8.276807407974262e-6
TWEAK	Day*Allocation	Day7	Anakinra	Day4	Placebo	0	0.23684423694666898	0.10215943670849921	1210.2097460140612	2.3183784540871946	0.02059475213231385	0.059993408385435994
TWEAK	Day*Allocation	Day7	Anakinra	Day7	Placebo	0	-0.06046340081308122	0.10251736693677257	1218.0749013589243	-0.5897869075234046	0.5554429037805403	0.7340776707583796
TWEAK	Day*Allocation	Day1	Placebo	Day4	Placebo	0	-0.23161378685622352	0.08310228729892939	1057.330062348956	-2.7870928031508875	0.005413554478771832	0.010991156062960993
TWEAK	Day*Allocation	Day1	Placebo	Day7	Placebo	0	-0.5289214246159737	0.0835455908790539	1059.9089030510077	-6.330931639249224	3.591950978694055e-10	1.0463509372717464e-9
TWEAK	Day*Allocation	Day4	Placebo	Day7	Placebo	0	-0.2973076377597502	0.08480230791286915	1052.61490828913	-3.5058908781730502	4.7425488763140703e-4	0.004804531822751101
CCL20	Day*Allocation	Day1	Anakinra	Day4	Anakinra	0	0.33537919915434306	0.06179726735439833	1058.1054140845758	5.427087855373801	7.100489246797878e-8	1.9822199147310743e-7
CCL20	Day*Allocation	Day1	Anakinra	Day7	Anakinra	0	0.2996436112919264	0.061551763389290755	1060.9018194122687	4.8681564067758405	1.2973785012961533e-6	2.287483147022165e-6
CCL20	Day*Allocation	Day1	Anakinra	Day1	Placebo	0	-0.11825479663915076	0.09676781685785966	1123.2970363141505	-1.2220467556155874	0.2219463201214134	0.9706901703326503
CCL20	Day*Allocation	Day1	Anakinra	Day4	Placebo	0	0.2580070042192851	0.09821084458296529	1154.56330857089	2.6270724512640684	0.008726381551030412	0.020880984425679913
CCL20	Day*Allocation	Day1	Anakinra	Day7	Placebo	0	0.22250577509640843	0.09853748403325358	1162.4151551049415	2.258082569079185	0.02412534075754696	0.034391443207566944
CCL20	Day*Allocation	Day4	Anakinra	Day7	Anakinra	0	-0.03573558786241662	0.062016394751285765	1041.0343255031466	-0.576228076555123	0.5645855834046214	0.6304539014684939
CCL20	Day*Allocation	Day4	Anakinra	Day1	Placebo	0	-0.4536339957934938	0.09759004908527215	1140.162335068748	-4.648363230119065	3.7360412547858914e-6	1.7879626005046766e-5
CCL20	Day*Allocation	Day4	Anakinra	Day4	Placebo	0	-0.07737219493505797	0.09902145147356574	1170.543628401828	-0.781368014542918	0.4347440808902545	0.6988264267989749
CCL20	Day*Allocation	Day4	Anakinra	Day7	Placebo	0	-0.1128734240579346	0.09934465011648475	1178.1185662664905	-1.1361801961714793	0.25611222005273265	0.357489973823606
CCL20	Day*Allocation	Day7	Anakinra	Day1	Placebo	0	-0.41789840793107713	0.09734501648428727	1134.7730402239426	-4.292961499457255	1.9135841823565807e-5	4.2736713405963636e-5
CCL20	Day*Allocation	Day7	Anakinra	Day4	Placebo	0	-0.041636607072641336	0.0987779533566974	1165.3098958202559	-0.4215172076129908	0.673455188477024	0.7277660907735581
CCL20	Day*Allocation	Day7	Anakinra	Day7	Placebo	0	-0.07713783619551798	0.09910555201674061	1173.1912358826294	-0.7783402102688262	0.43652542184470744	0.7133887951845337
CCL20	Day*Allocation	Day1	Placebo	Day4	Placebo	0	0.3762618008584358	0.07787992794492307	1054.0810417477012	4.831306484060043	1.5572967786710274e-6	6.137581421821108e-6
CCL20	Day*Allocation	Day1	Placebo	Day7	Placebo	0	0.3407605717355592	0.0783000587889005	1056.4491570088014	4.351983600092316	1.4800159248091152e-5	2.754474082283631e-5
CCL20	Day*Allocation	Day4	Placebo	Day7	Placebo	0	-0.03550122912287664	0.0794636895834578	1049.1977997629747	-0.446760392186308	0.6551402715823113	0.696736479301823
ST1A1	Day*Allocation	Day1	Anakinra	Day4	Anakinra	0	-0.37032945050080496	0.06871201108438502	1068.4895093182172	-5.389588292591298	8.687283408511524e-8	2.2386461091164313e-7
ST1A1	Day*Allocation	Day1	Anakinra	Day7	Anakinra	0	-0.7907039538103973	0.06842639719367627	1071.2577374325988	-11.555539765923426	3.430256255041307e-29	1.641622636341197e-28
ST1A1	Day*Allocation	Day1	Anakinra	Day1	Placebo	0	-0.004777915513184287	0.0989213475045281	1249.8225327631212	-0.04830014586048354	0.9614847551960355	0.9870910223374412
ST1A1	Day*Allocation	Day1	Anakinra	Day4	Placebo	0	-0.25105345021881426	0.10059142355636047	1278.3175345098387	-2.4957739073863614	0.01269351039895989	0.02827118779195169
ST1A1	Day*Allocation	Day1	Anakinra	Day7	Placebo	0	-0.5202552521451367	0.1009762292604635	1285.7773168725687	-5.1522547034625585	2.9760056920088675e-07	9.969619068229707e-7
ST1A1	Day*Allocation	Day4	Anakinra	Day7	Anakinra	0	-0.4203745033095923	0.06903738641224515	1049.7356913983813	-6.0890848445420085	1.5907161016149767e-9	3.552599293606781e-8
ST1A1	Day*Allocation	Day4	Anakinra	Day1	Placebo	0	0.36555153498762066	0.09986508727183072	1264.8294359700255	3.66045376791788	2.621444751365342e-4	7.318199930894913e-4
ST1A1	Day*Allocation	Day4	Anakinra	Day4	Placebo	0	0.1192760002819907	0.10152020452225277	1292.196093645703	1.1748991330671121	0.2402515248113976	0.6541047251665811
ST1A1	Day*Allocation	Day4	Anakinra	Day7	Placebo	0	-0.14992580164433175	0.10190025627696517	1299.2838176415066	-1.471299554309589	0.1414522701737673	0.23693255254106024
ST1A1	Day*Allocation	Day7	Anakinra	Day1	Placebo	0	0.785926038297213	0.09958098982768732	1259.9023275702527	7.892330048708709	6.401711000430586e-15	3.8992239729895383e-14
ST1A1	Day*Allocation	Day7	Anakinra	Day4	Placebo	0	0.539650503591583	0.1012377501578527	1287.475822027117	5.330526436533259	1.1552750836146844e-7	7.740343060218385e-6
ST1A1	Day*Allocation	Day7	Anakinra	Day7	Placebo	0	0.2704487016652605	0.10162437210218579	1294.9753243079306	2.6612582795918063	0.007881194721082955	0.2832906002726575
ST1A1	Day*Allocation	Day1	Placebo	Day4	Placebo	0	-0.24627553470562996	0.08662068329017937	1063.0788117211582	-2.843149295885911	0.004552536902159089	0.009531874138895592
ST1A1	Day*Allocation	Day1	Placebo	Day7	Placebo	0	-0.5154773366319524	0.08707283221858192	1066.0474972467596	-5.920070859047423	4.334657145558888e-9	1.0756371435275759e-8
ST1A1	Day*Allocation	Day4	Placebo	Day7	Placebo	0	-0.2692018019263225	0.08840939522313568	1058.8413741171107	-3.0449456332880285	0.002384745607147844	0.011412711119921825
STAMBP	Day*Allocation	Day1	Anakinra	Day4	Anakinra	0	0.017983727818337264	0.0738689877801876	1072.4496783611855	0.24345436913054166	0.8076999890049441	0.9019316543888543
STAMBP	Day*Allocation	Day1	Anakinra	Day7	Anakinra	0	-0.12341310956616479	0.07355715562877913	1075.1573321757728	-1.6777852339613795	0.09367966821457435	0.10460896283960804
STAMBP	Day*Allocation	Day1	Anakinra	Day1	Placebo	0	-0.03816679010536349	0.10340145545353988	1296.3056866783177	-0.3691126970887998	0.712104005021217	0.9706901703326503
STAMBP	Day*Allocation	Day1	Anakinra	Day4	Placebo	0	0.09593089746730953	0.10521535512812331	1322.7165614758046	0.9117575790196414	0.36206248089622695	0.475650710197004
STAMBP	Day*Allocation	Day1	Anakinra	Day7	Placebo	0	-0.06464295307103446	0.10563611014554407	1329.751240600758	-0.6119399226454877	0.5406821188641445	0.557318491752272
STAMBP	Day*Allocation	Day4	Anakinra	Day7	Anakinra	0	-0.14139683738450204	0.07425220958867326	1053.2228974968593	-1.90427784126267	0.05714627646459429	0.08508445606950706
STAMBP	Day*Allocation	Day4	Anakinra	Day1	Placebo	0	-0.05615051792370075	0.10442327614276599	1310.076390775191	-0.537720324412467	0.5908614729336865	0.7113252884022019
STAMBP	Day*Allocation	Day4	Anakinra	Day4	Placebo	0	0.07794716964897226	0.10622041622667078	1335.3318177633025	0.733824743094921	0.46318437826615233	0.7132867625472956
STAMBP	Day*Allocation	Day4	Anakinra	Day7	Placebo	0	-0.08262668088937172	0.10663568227471468	1341.9745289292985	-0.7748502108000678	0.4385646779189919	0.5342515167376811
STAMBP	Day*Allocation	Day7	Anakinra	Day1	Placebo	0	0.0852463194608013	0.104114545409507	1305.5061644830214	0.8187743520898783	0.4130645969500115	0.4536939015680455
STAMBP	Day*Allocation	Day7	Anakinra	Day4	Placebo	0	0.21934400703347431	0.1059133647173366	1330.9727333491523	2.0709757226471215	0.03855343472586724	0.09225286166546803
STAMBP	Day*Allocation	Day7	Anakinra	Day7	Placebo	0	0.05877015649513033	0.10633643892634613	1338.0553995028745	0.5526812547845188	0.5805740040759946	0.7340776707583796
STAMBP	Day*Allocation	Day1	Placebo	Day4	Placebo	0	0.134097687572673	0.09313414662230064	1066.469689509733	1.4398337498758356	0.15020790676159013	0.18636906950049145
STAMBP	Day*Allocation	Day1	Placebo	Day7	Placebo	0	-0.026476162965670964	0.09361351101232607	1069.6781597200936	-0.2828241637276574	0.7773663494480818	0.8012853140464843
STAMBP	Day*Allocation	Day4	Placebo	Day7	Placebo	0	-0.16057385053834397	0.09506662505420349	1062.6231040106213	-1.689066488336897	0.09150005569212623	0.16568929003709343
ADA	Day*Allocation	Day1	Anakinra	Day4	Anakinra	0	0.10401866851703463	0.07055305612727013	1066.6367635177705	1.4743325693701508	0.1406871428356449	0.196375803541421
ADA	Day*Allocation	Day1	Anakinra	Day7	Anakinra	0	0.16376290297614454	0.07026200212036712	1069.424024290812	2.330746321398575	0.019951927377093497	0.023871055969022576
ADA	Day*Allocation	Day1	Anakinra	Day1	Placebo	0	0.015059672391581166	0.10298518604186607	1227.614450330283	0.14623144328213408	0.8837626923924128	0.9706901703326503
ADA	Day*Allocation	Day1	Anakinra	Day4	Placebo	0	-0.011745895742785742	0.10469028765453112	1256.900949310445	-0.1121966135153452	0.9106854291453057	0.9231828409587283
ADA	Day*Allocation	Day1	Anakinra	Day7	Placebo	0	0.1308635684950455	0.10508192636298774	1264.508651516102	1.2453480158233816	0.21323456865162627	0.2597584745392538
ADA	Day*Allocation	Day4	Anakinra	Day7	Anakinra	0	0.05974423445910991	0.07087219304754247	1048.1365157819273	0.8429855475056669	0.39942885181942833	0.4695040889807316
ADA	Day*Allocation	Day4	Anakinra	Day1	Placebo	0	-0.08895899612545347	0.10395013729504686	1243.1077485669496	-0.8557852682094754	0.3922814828680613	0.505439602926156
ADA	Day*Allocation	Day4	Anakinra	Day4	Placebo	0	-0.11576456425982037	0.10564021149349857	1271.2929583970936	-1.0958380584740204	0.2733571985770787	0.6541047251665811
ADA	Day*Allocation	Day4	Anakinra	Day7	Placebo	0	0.026844899978010858	0.10602713847505375	1278.5416900868904	0.2531889510941293	0.8001629074609167	0.9086595728793461
ADA	Day*Allocation	Day7	Anakinra	Day1	Placebo	0	-0.14870323058456336	0.10366016330880701	1238.046066162511	-1.4345263005381497	0.1516746691526096	0.17828426023201482
ADA	Day*Allocation	Day7	Anakinra	Day4	Placebo	0	-0.17550879871893027	0.10535195231767487	1266.4327149886883	-1.665928298981178	0.09597499965861579	0.16488012761864762
ADA	Day*Allocation	Day7	Anakinra	Day7	Placebo	0	-0.03289933448109905	0.10574530279129521	1274.0771450112322	-0.3111186370711047	0.7557613279459057	0.8884764088359136
ADA	Day*Allocation	Day1	Placebo	Day4	Placebo	0	-0.02680556813436691	0.08893631675814617	1061.4851805558483	-0.301401824490462	0.7631671359770316	0.774730274400926
ADA	Day*Allocation	Day1	Placebo	Day7	Placebo	0	0.11580389610346432	0.08940347427715506	1064.3436550932067	1.2952952560262556	0.19549926715567756	0.22200764236322706
ADA	Day*Allocation	Day4	Placebo	Day7	Placebo	0	0.14260946423783122	0.09076834825434807	1057.0920528581898	1.5711364917450705	0.11645019780997103	0.2000554680325143
TNFB	Day*Allocation	Day1	Anakinra	Day4	Anakinra	0	-0.02133759324751422	0.05884556198866888	1056.7439014127797	-0.36260327077210885	0.7169737738682228	0.8375947199973639
TNFB	Day*Allocation	Day1	Anakinra	Day7	Anakinra	0	-0.04042096553988171	0.058613286157660704	1059.5296446437865	-0.6896212137151898	0.49058342863378923	0.52173158283276
TNFB	Day*Allocation	Day1	Anakinra	Day1	Placebo	0	-0.018378764724892263	0.0932917922514485	1106.5371041380483	-0.19700301903683176	0.8438613532810826	0.9706901703326503
TNFB	Day*Allocation	Day1	Anakinra	Day4	Placebo	0	0.10249936424154853	0.09465649384195567	1137.8581210064845	1.082856126201841	0.27910170046617033	0.38957945690069606
TNFB	Day*Allocation	Day1	Anakinra	Day7	Placebo	0	0.12770109411771974	0.09496468362190726	1145.6830946774821	1.3447219455408217	0.17898119640386437	0.22206926220479467
TNFB	Day*Allocation	Day4	Anakinra	Day7	Anakinra	0	-0.019083372292367493	0.05904503936815545	1039.9400621630812	-0.32320026367294896	0.7466085572768435	0.7940122751991827
TNFB	Day*Allocation	Day4	Anakinra	Day1	Placebo	0	0.0029588285226219563	0.09407024375568439	1123.4815638807167	0.031453394872734804	0.9749135458444049	0.9896849632056838
TNFB	Day*Allocation	Day4	Anakinra	Day4	Placebo	0	0.12383695748906275	0.09542413563180571	1153.96195508882	1.2977529916214068	0.19463157352038254	0.5669702359072013
TNFB	Day*Allocation	Day4	Anakinra	Day7	Placebo	0	0.14903868736523396	0.09572915325701516	1161.525155384024	1.5568787803344768	0.11977167962362366	0.2111763824942838
TNFB	Day*Allocation	Day7	Anakinra	Day1	Placebo	0	0.02204220081498945	0.09383857503443914	1118.0855906362601	0.2348948799243794	0.8143333338340178	0.8143333338340178
TNFB	Day*Allocation	Day7	Anakinra	Day4	Placebo	0	0.14292032978143024	0.09519392188150798	1148.7120759285951	1.501359823785067	0.13353733386188044	0.1945000297553476
TNFB	Day*Allocation	Day7	Anakinra	Day7	Placebo	0	0.16812205965760146	0.09550295416863266	1156.5661719431182	1.760385960006461	0.07860667416881466	0.44683134289963033
TNFB	Day*Allocation	Day1	Placebo	Day4	Placebo	0	0.12087812896644079	0.07415739953138398	1052.8887039614176	1.630021140577944	0.10339612745640331	0.13855081079158044
TNFB	Day*Allocation	Day1	Placebo	Day7	Placebo	0	0.146079858842612	0.07455902867035084	1055.181248394497	1.959251098729806	0.050346396028949955	0.06746417067879294
TNFB	Day*Allocation	Day4	Placebo	Day7	Placebo	0	0.025201729876171215	0.07566202209495194	1047.9619649043173	0.3330829546763149	0.7391382897660506	0.7737853970988342
CSF-1	Day*Allocation	Day1	Anakinra	Day4	Anakinra	0	0.7321568717221119	0.07343406618407396	1086.007688137534	9.970261892986374	1.8349034179759526e-22	1.3659836556043203e-21
CSF-1	Day*Allocation	Day1	Anakinra	Day7	Anakinra	0	0.8205987235695595	0.07310970063329413	1088.3126630028935	11.224211239566467	9.686777466906398e-28	4.326760601884858e-27
CSF-1	Day*Allocation	Day1	Anakinra	Day1	Placebo	0	-0.02090754624995643	0.09454779270498659	1438.5894776549578	-0.22113203969968234	0.8250210049586189	0.9706901703326503
CSF-1	Day*Allocation	Day1	Anakinra	Day4	Placebo	0	0.5789491327997243	0.09638248070897745	1454.9510887820943	6.006788044269529	2.386891409220659e-9	2.665362073629736e-8
CSF-1	Day*Allocation	Day1	Anakinra	Day7	Placebo	0	0.6376432429643646	0.09681760420898304	1459.6268607761328	6.586025838730701	6.286923730631093e-11	3.240183768863717e-10
CSF-1	Day*Allocation	Day4	Anakinra	Day7	Anakinra	0	0.08844185184744766	0.07392808863538988	1065.8847656366802	1.1963227168450008	0.2318366880809817	0.2987126557966495
CSF-1	Day*Allocation	Day4	Anakinra	Day1	Placebo	0	-0.7530644179720684	0.09557087157133545	1446.7890931685297	-7.8796437197914475	6.40661474974407e-15	8.573800367225008e-14
CSF-1	Day*Allocation	Day4	Anakinra	Day4	Placebo	0	-0.15320773892238765	0.09738730035051475	1462.2410136497112	-1.573179853748537	0.11589350994653685	0.5256503900092164
CSF-1	Day*Allocation	Day4	Anakinra	Day7	Placebo	0	-0.09451362875774737	0.09781570125385808	1466.557538539647	-0.9662418972232183	0.334082458649967	0.4476704945909558
CSF-1	Day*Allocation	Day7	Anakinra	Day1	Placebo	0	-0.841506269819516	0.09525822232745369	1443.9593704920226	-8.833948915473217	2.8703350136981905e-18	2.747320655968268e-17
CSF-1	Day*Allocation	Day7	Anakinra	Day4	Placebo	0	-0.24164959076983528	0.09707576487889004	1459.5577759124096	-2.4892885579764723	0.01291056539171178	0.04119085148784235
CSF-1	Day*Allocation	Day7	Anakinra	Day7	Placebo	0	-0.182955480605195	0.0975146789499427	1464.321844069374	-1.876184001991246	0.06082879002221346	0.44683134289963033
CSF-1	Day*Allocation	Day1	Placebo	Day4	Placebo	0	0.5998566790496807	0.09263537281818315	1077.9498906907174	6.475460299890285	1.4334232472969225e-10	9.603935756889382e-10
CSF-1	Day*Allocation	Day1	Placebo	Day7	Placebo	0	0.658550789214321	0.09308625083076366	1082.0173252833515	7.074630069822078	2.6869302922095148e-12	1.1251520598627343e-11
CSF-1	Day*Allocation	Day4	Placebo	Day7	Placebo	0	0.05869411016464027	0.0945797880791181	1076.0185443607486	0.6205777297316561	0.5350089115077885	0.6075524927291837
