Assay	term	contrast	null.value	estimate	std.error	df	statistic	p.value	adj.p.value
IL8	Day*Allocation*srf14	Day1 Anakinra No - Day4 Anakinra No	0	-0.2350367799963375	0.06420587153234109	1042.6513982717202	-3.660674240329365	2.641668239943383e-4	5.363387032612323e-4
IL8	Day*Allocation*srf14	Day1 Anakinra No - Day7 Anakinra No	0	-0.4327039586776129	0.06471296461349205	1048.0508149542222	-6.686511138254948	3.709759215304477e-11	6.411505349235044e-11
IL8	Day*Allocation*srf14	Day1 Anakinra No - Day1 Placebo No	0	-0.026033766734208368	0.10618684204153028	1324.0499102218523	-0.2451694224414962	0.8063632437500071	0.9893930626752736
IL8	Day*Allocation*srf14	Day1 Anakinra No - Day4 Placebo No	0	-0.15036361662217462	0.10488436511637837	1303.1500307502868	-1.4336132602350506	0.151922538602979	0.21605500090420615
IL8	Day*Allocation*srf14	Day1 Anakinra No - Day7 Placebo No	0	-0.4088543049621824	0.1065336538996689	1329.9545095939106	-3.8377948187831104	1.29970809614041e-4	2.721263826293983e-4
IL8	Day*Allocation*srf14	Day1 Anakinra No - Day1 Anakinra Yes	0	-0.08743396263544446	0.1274094335085638	1307.696431825796	-0.6862440262680205	0.49268089158540584	0.7176004290483086
IL8	Day*Allocation*srf14	Day1 Anakinra No - Day4 Anakinra Yes	0	-0.4815091867441125	0.13051349743274399	1339.1602478869884	-3.6893439852245407	2.338436220463496e-4	0.0011102661560034065
IL8	Day*Allocation*srf14	Day1 Anakinra No - Day7 Anakinra Yes	0	-0.5803573135651184	0.12927918481617118	1325.1305857823427	-4.489178318925501	7.770667674459134e-6	3.062557259933894e-5
IL8	Day*Allocation*srf14	Day1 Anakinra No - Day1 Placebo Yes	0	-0.35874767398281643	0.1438381376638483	1295.6387209061752	-2.4941067773083567	0.012751308641312362	0.05695584526452855
IL8	Day*Allocation*srf14	Day1 Anakinra No - Day4 Placebo Yes	0	-0.7335438734510665	0.14981162799462983	1355.126420234379	-4.896441506378673	1.0931033672416225e-6	1.8309481401297176e-5
IL8	Day*Allocation*srf14	Day1 Anakinra No - Day7 Placebo Yes	0	-0.67905113692593555	0.14974942208862443	1354.943542527067	-4.53458268789886	6.281487636211657e-6	3.155568970470979e-5
IL8	Day*Allocation*srf14	Day4 Anakinra No - Day7 Anakinra No	0	-0.1976671786812754	0.06492162644717363	1047.100726720024	-3.0447046615832414	0.002387289783550918	0.0039011808658027196
IL8	Day*Allocation*srf14	Day4 Anakinra No - Day1 Placebo No	0	0.20900301326212914	0.10635331559462233	1326.3005684383195	1.965176281468908	0.04960227350239852	0.08982033309893786
IL8	Day*Allocation*srf14	Day4 Anakinra No - Day4 Placebo No	0	0.08467316337416289	0.10505304128321519	1305.5740870546035	0.8060039227792591	0.42038736728265824	0.9152190012754137
IL8	Day*Allocation*srf14	Day4 Anakinra No - Day7 Placebo No	0	-0.17381752496584485	0.10670119988220604	1332.2485732332839	-1.629011905749257	0.10354691351944632	0.18256955804744482
IL8	Day*Allocation*srf14	Day4 Anakinra No - Day1 Anakinra Yes	0	0.14760281736089303	0.12757304084478285	1309.866029112708	1.1570063422763455	0.24748071973082186	0.3070594115178716
IL8	Day*Allocation*srf14	Day4 Anakinra No - Day4 Anakinra Yes	0	-0.24647240674777499	0.13067318160230224	1341.102957930811	-1.8861743758401959	0.059487375029692945	0.1207773977875584
IL8	Day*Allocation*srf14	Day4 Anakinra No - Day7 Anakinra Yes	0	-0.3453205335687809	0.12944057796986636	1327.1955723097117	-2.6677919628045172	0.007728089226020154	0.023535544461061375
IL8	Day*Allocation*srf14	Day4 Anakinra No - Day1 Placebo Yes	0	-0.12371089398647891	0.1439850753458679	1297.4101485758238	-0.8591924801185943	0.3903930474610011	0.4588830557874926
IL8	Day*Allocation*srf14	Day4 Anakinra No - Day4 Placebo Yes	0	-0.49850709345472904	0.14995280194341187	1356.579912348738	-3.3244266662176285	9.096533438284399e-4	0.0032077249492897613
IL8	Day*Allocation*srf14	Day4 Anakinra No - Day7 Placebo Yes	0	-0.444014356929598	0.1498880699407924	1356.2818009493185	-2.9623061869099323	0.0031066171609910554	0.012243726458023572
IL8	Day*Allocation*srf14	Day7 Anakinra No - Day1 Placebo No	0	0.40667019194340454	0.1066519369486346	1330.977806900686	3.813059599088799	1.435362779774663e-4	2.671369617913956e-4
IL8	Day*Allocation*srf14	Day7 Anakinra No - Day4 Placebo No	0	0.2823403420554383	0.10535358963927932	1310.478891720123	2.679930916660218	0.007456008471595007	0.022479726670978206
IL8	Day*Allocation*srf14	Day7 Anakinra No - Day7 Placebo No	0	0.023849653715430533	0.10700030348036638	1336.8731889341357	0.2228933277727267	0.8236525792009841	0.9681530316923849
IL8	Day*Allocation*srf14	Day7 Anakinra No - Day1 Anakinra Yes	0	0.34526999604216846	0.1278400072234914	1313.152621587626	2.7007976887748715	0.00700628996668056	0.009987689952502075
IL8	Day*Allocation*srf14	Day7 Anakinra No - Day4 Anakinra Yes	0	-0.048805228066499604	0.13093335202628256	1344.0296285959366	-0.37274863364609206	0.7093943086397225	0.7666035270784097
IL8	Day*Allocation*srf14	Day7 Anakinra No - Day7 Anakinra Yes	0	-0.14765335488750547	0.12970074786786528	1330.1766274222014	-1.1384156014114097	0.255151972993796	0.3561496289705069
IL8	Day*Allocation*srf14	Day7 Anakinra No - Day1 Placebo Yes	0	0.07395628469479648	0.14422675111286037	1300.112855288575	0.5127778593370946	0.6081938278774526	0.6367029135592082
IL8	Day*Allocation*srf14	Day7 Anakinra No - Day4 Placebo Yes	0	-0.3008399147734536	0.1501817948811313	1358.6845259017489	-2.003171656135606	0.045357183344991225	0.0675318063136536
IL8	Day*Allocation*srf14	Day7 Anakinra No - Day7 Placebo Yes	0	-0.2463471782483226	0.1501233391058451	1358.5993730213213	-1.640965220435408	0.10103609808563485	0.1651077700423789
IL8	Day*Allocation*srf14	Day1 Placebo No - Day4 Placebo No	0	-0.12432984988796625	0.10179745449088591	1045.5479578523646	-1.2213453716477527	0.22223060331033218	0.30386633513861744
IL8	Day*Allocation*srf14	Day1 Placebo No - Day7 Placebo No	0	-0.382820538227974	0.10350639891050374	1057.4821016661083	-3.698520499771012	2.280099579142159e-4	4.0201755737506484e-4
IL8	Day*Allocation*srf14	Day1 Placebo No - Day1 Anakinra Yes	0	-0.0614001959012361	0.14519211076339214	1322.5953860190982	-0.4228893400502665	0.672444747367841	0.901075961472907
IL8	Day*Allocation*srf14	Day1 Placebo No - Day4 Anakinra Yes	0	-0.45547542000990415	0.14791282787901622	1346.359876220018	-3.079350361568745	0.0021164979127033714	0.010128954296508992
IL8	Day*Allocation*srf14	Day1 Placebo No - Day7 Anakinra Yes	0	-0.55432354683091	0.14682839286551658	1335.80177903277	-3.7753157683788543	1.6681663523646903e-4	6.574537976966721e-4
IL8	Day*Allocation*srf14	Day1 Placebo No - Day1 Placebo Yes	0	-0.33271390724860805	0.15991522988758614	1308.852416944573	-2.080564230702056	0.03766792017017856	0.13953392170852363
IL8	Day*Allocation*srf14	Day1 Placebo No - Day4 Placebo Yes	0	-0.7075101067168582	0.16531859778247157	1356.5485908351538	-4.279676432096342	2.0030517005206695e-5	3.3551115983721213e-4
IL8	Day*Allocation*srf14	Day1 Placebo No - Day7 Placebo Yes	0	-0.6530173701917271	0.16522634313428397	1356.059098900262	-3.952259414595904	8.140602051538449e-5	4.5451694787756336e-4
IL8	Day*Allocation*srf14	Day4 Placebo No - Day7 Placebo No	0	-0.25849068834000777	0.10210478507723832	1047.0520110956413	-2.5316216879010085	0.011499000653802868	0.03081732175219169
IL8	Day*Allocation*srf14	Day4 Placebo No - Day1 Anakinra Yes	0	0.06292965398673014	0.14425648580255285	1311.3190550592892	0.43623448634998224	0.6627384177026819	0.7048170473980903
IL8	Day*Allocation*srf14	Day4 Placebo No - Day4 Anakinra Yes	0	-0.3311455701219379	0.1469952977280775	1336.0338020898168	-2.2527630151442994	0.024435798566203926	0.060636981627246775
IL8	Day*Allocation*srf14	Day4 Placebo No - Day7 Anakinra Yes	0	-0.42999369694294376	0.14590215157833974	1325.0146017475442	-2.9471374636450496	0.003263421716437541	0.013665578437582203
IL8	Day*Allocation*srf14	Day4 Placebo No - Day1 Placebo Yes	0	-0.2083840573606418	0.15906559517188115	1299.4604125657763	-1.3100510964389798	0.1904100818220169	0.269469138305331
IL8	Day*Allocation*srf14	Day4 Placebo No - Day4 Placebo Yes	0	-0.583180256828892	0.16449436346997665	1348.5123950434106	-3.545290212544781	4.055964692472796e-4	0.0030194403821741924
IL8	Day*Allocation*srf14	Day4 Placebo No - Day7 Placebo Yes	0	-0.5286875203037609	0.16440703656163352	1348.1463787955802	-3.2157231914192708	0.00133203316420408	0.007437185166806113
IL8	Day*Allocation*srf14	Day7 Placebo No - Day1 Anakinra Yes	0	0.3214203423267379	0.14521063883771113	1323.0987391140081	2.2134765393185862	0.027034880575200485	0.0385390850752858
IL8	Day*Allocation*srf14	Day7 Placebo No - Day4 Anakinra Yes	0	-0.07265488178193014	0.14792905470122078	1346.766391535678	-0.4911467995835882	0.623402646947267	0.6961329557577814
IL8	Day*Allocation*srf14	Day7 Placebo No - Day7 Anakinra Yes	0	-0.17150300860293602	0.14684487155804132	1336.2330765950214	-1.1679196337146063	0.24304752767181007	0.34647200753215474
IL8	Day*Allocation*srf14	Day7 Placebo No - Day1 Placebo Yes	0	0.05010663097936594	0.15995717963773287	1309.5375852088846	0.3132502779359215	0.7541404059049341	0.7894907374317279
IL8	Day*Allocation*srf14	Day7 Placebo No - Day4 Placebo Yes	0	-0.32468956848888414	0.16536182612072509	1357.2221481215795	-1.9635098142411613	0.04979086949465879	0.08778916463531944
IL8	Day*Allocation*srf14	Day7 Placebo No - Day7 Placebo Yes	0	-0.27019683196375316	0.16527024675132174	1356.7132769582936	-1.6348788561459098	0.10230642422026232	0.2016038359634581
IL8	Day*Allocation*srf14	Day1 Anakinra Yes - Day4 Anakinra Yes	0	-0.394075224108668	0.13240417645315053	1082.462386903337	-2.9763050884433873	0.002982291918008566	0.007136198518091926
IL8	Day*Allocation*srf14	Day1 Anakinra Yes - Day7 Anakinra Yes	0	-0.49292335092967393	0.1314562091022337	1084.705846074777	-3.7497152420265416	1.8638586806132108e-4	4.803020446195582e-4
IL8	Day*Allocation*srf14	Day1 Anakinra Yes - Day1 Placebo Yes	0	-0.271313711347372	0.17278012373544183	1321.9059862253293	-1.570283117534996	0.11658857463509917	0.9153337162977851
IL8	Day*Allocation*srf14	Day1 Anakinra Yes - Day4 Placebo Yes	0	-0.6461099108156221	0.1778075842257161	1362.4400724174097	-3.6337590076890316	2.897046291131326e-4	0.0024262762688224853
IL8	Day*Allocation*srf14	Day1 Anakinra Yes - Day7 Placebo Yes	0	-0.5916171742904911	0.17780571817253574	1362.624072264603	-3.3273236674897535	9.00219600843517e-4	0.003015735662825782
IL8	Day*Allocation*srf14	Day4 Anakinra Yes - Day7 Anakinra Yes	0	-0.09884812682100588	0.1329468981565546	1057.3892787625955	-0.7435158562677036	0.457334595353624	0.666117780188974
IL8	Day*Allocation*srf14	Day4 Anakinra Yes - Day1 Placebo Yes	0	0.12276151276129607	0.17507755907543932	1338.7385470745708	0.7011835977699419	0.483310304734496	0.5969872452297763
IL8	Day*Allocation*srf14	Day4 Anakinra Yes - Day4 Placebo Yes	0	-0.252034686706954	0.1800417947079822	1376.795538845135	-1.3998676647038555	0.16177823484576428	0.44740482011467014
IL8	Day*Allocation*srf14	Day4 Anakinra Yes - Day7 Placebo Yes	0	-0.197541950181823	0.18003967565649448	1376.9570245473653	-1.0972134306591501	0.2727399422128742	0.5374581214194873
IL8	Day*Allocation*srf14	Day7 Anakinra Yes - Day1 Placebo Yes	0	0.22160963958230195	0.17416235659247156	1330.947541668534	1.2724313331430965	0.20344215457564957	0.2963179207949679
IL8	Day*Allocation*srf14	Day7 Anakinra Yes - Day4 Placebo Yes	0	-0.15318655988594815	0.17914841628486683	1370.004209252321	-0.8550818537092937	0.3926553423741702	0.5597427221078597
IL8	Day*Allocation*srf14	Day7 Anakinra Yes - Day7 Placebo Yes	0	-0.09869382336081713	0.17915387588449608	1370.4076166540428	-0.5508885748274122	0.5817998539234125	0.9309787269339678
IL8	Day*Allocation*srf14	Day1 Placebo Yes - Day4 Placebo Yes	0	-0.3747961994682501	0.15512183065461257	1078.4942697422825	-2.416140899618151	0.015851279965419084	0.040847529141656874
IL8	Day*Allocation*srf14	Day1 Placebo Yes - Day7 Placebo Yes	0	-0.32030346294311907	0.15513217491524836	1078.2574390216462	-2.064713287995265	0.039188809720254916	0.06106163375016464
IL8	Day*Allocation*srf14	Day4 Placebo Yes - Day7 Placebo Yes	0	0.05449273652513102	0.15952003888759164	1072.4000166396647	0.3416043332557749	0.732715600257158	0.8431894494798821
VEGFA	Day*Allocation*srf14	Day1 Anakinra No - Day4 Anakinra No	0	0.13538155693250642	0.04851512707299087	1024.8121414621198	2.7905019547578482	0.005360306284637083	0.008978513026767113
VEGFA	Day*Allocation*srf14	Day1 Anakinra No - Day7 Anakinra No	0	0.052033589804987096	0.048938226166214106	1027.430923127095	1.0632504257154698	0.28791823323747545	0.306198755982712
VEGFA	Day*Allocation*srf14	Day1 Anakinra No - Day1 Placebo No	0	0.08929038829693216	0.10676480523956518	949.349762472067	0.8363279275092304	0.40318089911287924	0.9893930626752736
VEGFA	Day*Allocation*srf14	Day1 Anakinra No - Day4 Placebo No	0	0.15548750814858997	0.10595652926371585	929.3672583004516	1.467465093742323	0.1425878998639769	0.20768237588883592
VEGFA	Day*Allocation*srf14	Day1 Anakinra No - Day7 Placebo No	0	0.05252279559184039	0.106974854299292	954.7049752221754	0.4909826326558316	0.6235515690253982	0.6799384154887018
VEGFA	Day*Allocation*srf14	Day1 Anakinra No - Day1 Anakinra Yes	0	0.008861732721927614	0.12848081236868872	938.7405139586073	0.06897319964399021	0.9450256410206205	0.9893237179434621
VEGFA	Day*Allocation*srf14	Day1 Anakinra No - Day4 Anakinra Yes	0	0.030316154341910345	0.13055570115609663	976.5782872199601	0.23220858279994505	0.816424662918835	0.8546945689931553
VEGFA	Day*Allocation*srf14	Day1 Anakinra No - Day7 Anakinra Yes	0	-0.01386064731529246	0.1297615205444991	961.2110418200227	-0.10681631393598867	0.9149569939181987	0.928819978674535
VEGFA	Day*Allocation*srf14	Day1 Anakinra No - Day1 Placebo Yes	0	-0.11243894132456685	0.1454296300494417	928.3698079928203	-0.7731501571333227	0.43963032537187785	0.5846468033107596
VEGFA	Day*Allocation*srf14	Day1 Anakinra No - Day4 Placebo Yes	0	-0.38786751826964755	0.1492990883622131	993.494799023756	-2.5979228843557696	0.009517744223273375	0.03036613633139601
VEGFA	Day*Allocation*srf14	Day1 Anakinra No - Day7 Placebo Yes	0	-0.2798369167286849	0.14925261677005877	992.8472329668506	-1.8749213433209455	0.061096917753093824	0.11695695684163675
VEGFA	Day*Allocation*srf14	Day4 Anakinra No - Day7 Anakinra No	0	-0.08334796712751932	0.04908501396522143	1026.4187704397982	-1.6980328697996192	0.08980465631701957	0.12033823946480623
VEGFA	Day*Allocation*srf14	Day4 Anakinra No - Day1 Placebo No	0	-0.04609116863557426	0.10687301583928574	951.8469996437398	-0.4312704032314908	0.6663694220153829	0.7567245978818755
VEGFA	Day*Allocation*srf14	Day4 Anakinra No - Day4 Placebo No	0	0.020105951216083565	0.10606555641878267	931.9034736619486	0.18956154943173514	0.8496939988757796	0.9791167195678598
VEGFA	Day*Allocation*srf14	Day4 Anakinra No - Day7 Placebo No	0	-0.08285876134066603	0.10708325434160906	957.2180302543318	-0.7737788868120887	0.43925261394297344	0.5169160601417854
VEGFA	Day*Allocation*srf14	Day4 Anakinra No - Day1 Anakinra Yes	0	-0.1265198242105788	0.12858314903677484	940.800618808441	-0.9839533808150404	0.3253914058761589	0.38930757488754725
VEGFA	Day*Allocation*srf14	Day4 Anakinra No - Day4 Anakinra Yes	0	-0.10506540259059607	0.1306563833809463	978.5723126445256	-0.8041352429315584	0.4215141738606918	0.5431048009358914
VEGFA	Day*Allocation*srf14	Day4 Anakinra No - Day7 Anakinra Yes	0	-0.14924220424779888	0.1298627565781427	963.2308275442208	-1.1492302195048119	0.25074634075300695	0.39069778675468525
VEGFA	Day*Allocation*srf14	Day4 Anakinra No - Day1 Placebo Yes	0	-0.24782049825707325	0.1455212295929052	929.9988619903777	-1.7029851860814376	0.08890496892032891	0.12156393709514361
VEGFA	Day*Allocation*srf14	Day4 Anakinra No - Day4 Placebo Yes	0	-0.5232490752021539	0.14938830532823394	995.0400344081934	-3.502610689989944	4.811989982858979e-4	0.0018964901697150094
VEGFA	Day*Allocation*srf14	Day4 Anakinra No - Day7 Placebo Yes	0	-0.4152184736611913	0.14934137240929482	994.3658695743701	-2.7803311765691836	0.005532861754430728	0.01765246369270756
VEGFA	Day*Allocation*srf14	Day7 Anakinra No - Day1 Placebo No	0	0.03725679849194506	0.10705828265319373	956.4246975906349	0.34800482100609925	0.727913140377186	0.727913140377186
VEGFA	Day*Allocation*srf14	Day7 Anakinra No - Day4 Placebo No	0	0.10345391834360289	0.10625168733427277	936.51592934841	0.9736684747239075	0.33047259269646057	0.4428332742132572
VEGFA	Day*Allocation*srf14	Day7 Anakinra No - Day7 Placebo No	0	4.892057868532973e-4	0.10726876848777667	961.8073246515462	0.0045605612309145005	0.9963621569295963	0.9963621569295963
VEGFA	Day*Allocation*srf14	Day7 Anakinra No - Day1 Anakinra Yes	0	-0.043171857083059484	0.1287525882157996	944.1630097671513	-0.3353086542283718	0.7374667520180177	0.7486404906849573
VEGFA	Day*Allocation*srf14	Day7 Anakinra No - Day4 Anakinra Yes	0	-0.02171743546307675	0.13082291613844615	981.8179728387952	-0.16600635503411199	0.8681861264188513	0.8948995456932773
VEGFA	Day*Allocation*srf14	Day7 Anakinra No - Day7 Anakinra Yes	0	-0.06589423712027956	0.13002957261647624	966.4842042607407	-0.5067634676815819	0.6124363833454441	0.7198813628797327
VEGFA	Day*Allocation*srf14	Day7 Anakinra No - Day1 Placebo Yes	0	-0.16447253112955393	0.1456740120287755	932.6839135764918	-1.1290451113343751	0.2591691115953842	0.3157150995798317
VEGFA	Day*Allocation*srf14	Day7 Anakinra No - Day4 Placebo Yes	0	-0.4399011080746346	0.14953618447279662	997.5439715250134	-2.9417703121525123	0.0033388657967091733	0.005886947588934595
VEGFA	Day*Allocation*srf14	Day7 Anakinra No - Day7 Placebo Yes	0	-0.331870506533672	0.14949101418784422	996.947089703986	-2.22000304390642	0.026642846542582106	0.05537048203517373
VEGFA	Day*Allocation*srf14	Day1 Placebo No - Day4 Placebo No	0	0.06619711985165783	0.07694369010276259	1025.3272836136941	0.8603320137524972	0.38980717038243895	0.4836496373263594
VEGFA	Day*Allocation*srf14	Day1 Placebo No - Day7 Placebo No	0	-0.036767592705091764	0.07837777315344018	1031.2374883939058	-0.4691073913660681	0.6390920337373169	0.6587564040061574
VEGFA	Day*Allocation*srf14	Day1 Placebo No - Day1 Anakinra Yes	0	-0.08042865557500455	0.1459733000765287	950.5494977044006	-0.5509819640498544	0.5817755131032021	0.8171386957015813
VEGFA	Day*Allocation*srf14	Day1 Placebo No - Day4 Anakinra Yes	0	-0.05897423395502181	0.14779368261610082	979.8500677287425	-0.3990308172251815	0.6899574445402378	0.7704524797365989
VEGFA	Day*Allocation*srf14	Day1 Placebo No - Day7 Anakinra Yes	0	-0.10315103561222462	0.14709350206879968	967.9237951850906	-0.7012616747949753	0.48330828451805896	0.610974623824716
VEGFA	Day*Allocation*srf14	Day1 Placebo No - Day1 Placebo Yes	0	-0.201729329621499	0.16125306255835742	938.7230260668658	-1.2510108423428747	0.21124221716997654	0.40788369254091633
VEGFA	Day*Allocation*srf14	Day1 Placebo No - Day4 Placebo Yes	0	-0.4771579065665797	0.16476034959492697	992.0271107408561	-2.896072433323312	0.0038616033980266333	0.015219260451046143
VEGFA	Day*Allocation*srf14	Day1 Placebo No - Day7 Placebo Yes	0	-0.369127305025617	0.16469552726542597	991.1412599476874	-2.2412709753236073	0.025229230982604326	0.056566744357513764
VEGFA	Day*Allocation*srf14	Day4 Placebo No - Day7 Placebo No	0	-0.10296471255674959	0.07719266431264424	1025.9848172712313	-1.3338665464340485	0.1825436121852673	0.27796413673665704
VEGFA	Day*Allocation*srf14	Day4 Placebo No - Day1 Anakinra Yes	0	-0.14662577542666236	0.1453985990715072	940.0070345019308	-1.0084400837627852	0.31350274570920383	0.3877766812321811
VEGFA	Day*Allocation*srf14	Day4 Placebo No - Day4 Anakinra Yes	0	-0.12517135380667962	0.14722635172925497	969.5717595453394	-0.8501966688467982	0.3954256486514066	0.5094907396085432
VEGFA	Day*Allocation*srf14	Day4 Placebo No - Day7 Anakinra Yes	0	-0.16934815546388243	0.14652296388212221	957.5229445650606	-1.155778937150924	0.24805989656414087	0.4373687649946694
VEGFA	Day*Allocation*srf14	Day4 Placebo No - Day1 Placebo Yes	0	-0.2679264494731568	0.16073048431052583	930.1035870305592	-1.6669298958592822	0.09586500577755508	0.14597625879764067
VEGFA	Day*Allocation*srf14	Day4 Placebo No - Day4 Placebo Yes	0	-0.5433550264182375	0.16424808208513678	983.7390964249661	-3.3081362017767333	9.732299961073465e-4	0.005433867478266017
VEGFA	Day*Allocation*srf14	Day4 Placebo No - Day7 Placebo Yes	0	-0.43532442487727485	0.16418482306905918	982.9092511715081	-2.6514291439359736	0.00814416873006357	0.03031440582856996
VEGFA	Day*Allocation*srf14	Day7 Placebo No - Day1 Anakinra Yes	0	-0.04366106286991278	0.14598044687836484	950.7785901523886	-0.2990884313862421	0.7649379346194145	0.7765279033257693
VEGFA	Day*Allocation*srf14	Day7 Placebo No - Day4 Anakinra Yes	0	-0.022206641249930048	0.147800165213536	980.0508129465852	-0.15024774307827563	0.8806000753286027	0.9365111912224823
VEGFA	Day*Allocation*srf14	Day7 Placebo No - Day7 Anakinra Yes	0	-0.06638344290713286	0.14710001054131122	968.1263010172443	-0.4512810207344607	0.651888088517907	0.7799375344767816
VEGFA	Day*Allocation*srf14	Day7 Placebo No - Day1 Placebo Yes	0	-0.16496173691640723	0.1612751118559987	939.1660511028455	-1.0228592311484508	0.3066378011703656	0.38763646563046217
VEGFA	Day*Allocation*srf14	Day7 Placebo No - Day4 Placebo Yes	0	-0.4403903138614879	0.16478264405316542	992.4839845555545	-2.6725527824362407	0.00765108181301673	0.018307945766861462
VEGFA	Day*Allocation*srf14	Day7 Placebo No - Day7 Placebo Yes	0	-0.3323597123205253	0.16471839214883932	991.6110492861328	-2.0177450009359337	0.0438867804223714	0.10139359614823737
VEGFA	Day*Allocation*srf14	Day1 Anakinra Yes - Day4 Anakinra Yes	0	0.021454421619982733	0.10070617956638385	1048.1489294789656	0.21303977285565015	0.8313373676189504	0.8569169789303026
VEGFA	Day*Allocation*srf14	Day1 Anakinra Yes - Day7 Anakinra Yes	0	-0.022722380037220075	0.10004107419277555	1050.80941998091	-0.22713050834934925	0.8203664412381412	0.8327962358023554
VEGFA	Day*Allocation*srf14	Day1 Anakinra Yes - Day1 Placebo Yes	0	-0.12130067404649446	0.17378542375168676	948.3083773051587	-0.6979910709877192	0.48535388532258417	0.9668895255885167
VEGFA	Day*Allocation*srf14	Day1 Anakinra Yes - Day4 Placebo Yes	0	-0.39672925099157513	0.17704935613484643	994.4852430709868	-2.240783359242569	0.025260183786979234	0.07692874153307312
VEGFA	Day*Allocation*srf14	Day1 Anakinra Yes - Day7 Placebo Yes	0	-0.2886986494506125	0.17704445896521254	994.4822790396839	-1.630656226904785	0.10327951546840605	0.17016097350176412
VEGFA	Day*Allocation*srf14	Day4 Anakinra Yes - Day7 Anakinra Yes	0	-0.04417680165720281	0.10066515545256151	1030.8917451240773	-0.4388489885958716	0.6608629192923132	0.8364559817201378
VEGFA	Day*Allocation*srf14	Day4 Anakinra Yes - Day1 Placebo Yes	0	-0.1427550956664772	0.17532549113841553	969.0843986214588	-0.8142289791378668	0.4157138153484957	0.5570565125669843
VEGFA	Day*Allocation*srf14	Day4 Anakinra Yes - Day4 Placebo Yes	0	-0.41818367261155787	0.17856148589684778	1014.3798439825542	-2.341958964505572	0.01937550843009222	0.21635984413602977
VEGFA	Day*Allocation*srf14	Day4 Anakinra Yes - Day7 Placebo Yes	0	-0.31015307107059525	0.1785566078326576	1014.3762842679008	-1.7370013623985803	0.08269048243211197	0.26382201537864297
VEGFA	Day*Allocation*srf14	Day7 Anakinra Yes - Day1 Placebo Yes	0	-0.09857829400927438	0.17473870696824043	960.603138597489	-0.5641468665966004	0.572785872638909	0.6977573357601256
VEGFA	Day*Allocation*srf14	Day7 Anakinra Yes - Day4 Placebo Yes	0	-0.3740068709543551	0.17798437580704105	1006.2074721007815	-2.101346644942749	0.035858754707354897	0.19645302644676887
VEGFA	Day*Allocation*srf14	Day7 Anakinra Yes - Day7 Placebo Yes	0	-0.2659762694133924	0.17798132419335616	1006.2780651223385	-1.494405497986069	0.13538316626765023	0.7556349850316068
VEGFA	Day*Allocation*srf14	Day1 Placebo Yes - Day4 Placebo Yes	0	-0.2754285769450807	0.11794870223040375	1048.209821672926	-2.335155637465617	0.019723255428731868	0.0480718683068456
VEGFA	Day*Allocation*srf14	Day1 Placebo Yes - Day7 Placebo Yes	0	-0.16739797540411805	0.11795218566928274	1048.0870619288191	-1.4192019796349737	0.1561374620847321	0.20512176391523626
VEGFA	Day*Allocation*srf14	Day4 Placebo Yes - Day7 Placebo Yes	0	0.10803060154096264	0.12110459627716624	1040.8009139543035	0.89204377754349	0.37257565142703697	0.567331105582079
CD8A	Day*Allocation*srf14	Day1 Anakinra No - Day4 Anakinra No	0	0.2600122895566504	0.05518844917116225	1031.8640858958256	4.711353434669718	2.797218610410497e-6	6.2471215632501105e-6
CD8A	Day*Allocation*srf14	Day1 Anakinra No - Day7 Anakinra No	0	0.2509394749015749	0.055652978269399855	1035.5669198976093	4.509003519755044	7.2564803883254685e-6	1.1049640591313781e-5
CD8A	Day*Allocation*srf14	Day1 Anakinra No - Day1 Placebo No	0	0.05077519178256015	0.1055282801130496	1104.970963251466	0.4811524619577431	0.6305034060227307	0.9893930626752736
CD8A	Day*Allocation*srf14	Day1 Anakinra No - Day4 Placebo No	0	0.3240330544681878	0.10450304347413368	1081.3885856311113	3.1007044742040613	0.001980567381311793	0.005769478893386527
CD8A	Day*Allocation*srf14	Day1 Anakinra No - Day7 Placebo No	0	0.2102837903969059	0.10579723555023422	1111.4070058548182	1.9876113898747363	0.0470997657666172	0.0686018327470294
CD8A	Day*Allocation*srf14	Day1 Anakinra No - Day1 Anakinra Yes	0	0.10033580647289878	0.12683919522147163	1090.8153155396465	0.7910473280574213	0.429088331923113	0.6533845054283767
CD8A	Day*Allocation*srf14	Day1 Anakinra No - Day4 Anakinra Yes	0	0.541166158824043	0.12938845401023472	1131.5154286659363	4.1824918843317835	3.106147472613999e-5	1.8919261878648904e-4
CD8A	Day*Allocation*srf14	Day1 Anakinra No - Day7 Anakinra Yes	0	0.5296488337966999	0.12839667832488602	1114.3647524322512	4.125097632639011	3.981367710313134e-5	1.4039559820577894e-4
CD8A	Day*Allocation*srf14	Day1 Anakinra No - Day1 Placebo Yes	0	0.1306851371802908	0.14340432680836943	1077.7922844342925	0.9113053984411835	0.36233825422552446	0.5277535441980465
CD8A	Day*Allocation*srf14	Day1 Anakinra No - Day4 Placebo Yes	0	0.285711839923482	0.1482212591156839	1150.3724983519082	1.9276036489508517	0.0541504109321635	0.1321563688838875
CD8A	Day*Allocation*srf14	Day1 Anakinra No - Day7 Placebo Yes	0	0.4168444581411484	0.1481662794186931	1149.8102291484195	2.8133557768783257	0.004986231424608838	0.012373240942547858
CD8A	Day*Allocation*srf14	Day4 Anakinra No - Day7 Anakinra No	0	-0.009072814655075478	0.05582566504052458	1034.4766016302224	-0.162520493907048	0.8709277305457921	0.8841236052510314
CD8A	Day*Allocation*srf14	Day4 Anakinra No - Day1 Placebo No	0	-0.20923709777409025	0.10566284978665486	1107.7564264494958	-1.9802333383640836	0.04792442913668987	0.08919268755995059
CD8A	Day*Allocation*srf14	Day4 Anakinra No - Day4 Placebo No	0	0.06402076491153741	0.10463895300793907	1084.2717176416581	0.6118253582552577	0.5407815747907674	0.9152190012754137
CD8A	Day*Allocation*srf14	Day4 Anakinra No - Day7 Placebo No	0	-0.049728499159744505	0.10593224265304424	1114.2185948583997	-0.469436858073687	0.6388492553452039	0.6903693565827203
CD8A	Day*Allocation*srf14	Day4 Anakinra No - Day1 Anakinra Yes	0	-0.15967648308375162	0.12696844017666464	1093.2326413113728	-1.257607661097331	0.2088022507391079	0.26395756225509864
CD8A	Day*Allocation*srf14	Day4 Anakinra No - Day4 Anakinra Yes	0	0.2811538692673926	0.12951511692883597	1133.785839311087	2.1708189432580047	0.03015181186740336	0.0673390465038675
CD8A	Day*Allocation*srf14	Day4 Anakinra No - Day7 Anakinra Yes	0	0.2696365442400495	0.12852428827950318	1116.7010085383306	2.0979423255289142	0.03613451556744648	0.07798998688200084
CD8A	Day*Allocation*srf14	Day4 Anakinra No - Day1 Placebo Yes	0	-0.1293271523763596	0.1435201721693455	1079.7229314998644	-0.9011078402537104	0.36773193374024704	0.4399649921535098
CD8A	Day*Allocation*srf14	Day4 Anakinra No - Day4 Placebo Yes	0	0.025699550366831567	0.14833335782438353	1152.109505269178	0.17325536712556633	0.862481138390853	0.8823420506603358
CD8A	Day*Allocation*srf14	Day4 Anakinra No - Day7 Placebo Yes	0	0.156832168584498	0.14827734069540074	1151.4881195365274	1.0576947755400539	0.29041645284589945	0.41938528447484724
CD8A	Day*Allocation*srf14	Day7 Anakinra No - Day1 Placebo No	0	-0.20016428311901477	0.10589780315265354	1113.114729831485	-1.890164641380468	0.05899554236202177	0.07559887842118683
CD8A	Day*Allocation*srf14	Day7 Anakinra No - Day4 Placebo No	0	0.07309357956661289	0.10487524299276497	1089.7443830659192	0.6969574275184792	0.48597808267538045	0.5814380632009016
CD8A	Day*Allocation*srf14	Day7 Anakinra No - Day7 Placebo No	0	-0.040655684504669026	0.10616756636701476	1119.5713318942812	-0.38293883806401685	0.7018378058904218	0.9538344209491556
CD8A	Day*Allocation*srf14	Day7 Anakinra No - Day1 Anakinra Yes	0	-0.15060366842867615	0.12718140207447068	1097.0993819882199	-1.1841642407786213	0.23660454013773138	0.27811410858294744
CD8A	Day*Allocation*srf14	Day7 Anakinra No - Day4 Anakinra Yes	0	0.2902266839224681	0.12972356118226008	1137.4037434585996	2.2372704023650956	0.025461769895455684	0.04032668924000953
CD8A	Day*Allocation*srf14	Day7 Anakinra No - Day7 Anakinra Yes	0	0.278709358895125	0.12873302260213831	1120.353294246142	2.1650183710554427	0.03059686095785387	0.05540512659935701
CD8A	Day*Allocation*srf14	Day7 Anakinra No - Day1 Placebo Yes	0	-0.12025433772128412	0.14371256773162633	1082.8434051544964	-0.8367698080925748	0.4029065943127963	0.4499123636492892
CD8A	Day*Allocation*srf14	Day7 Anakinra No - Day4 Placebo Yes	0	0.034772365021907045	0.14851783644485048	1154.8400774967447	0.23412921878120113	0.8149261620208131	0.8272735281120376
CD8A	Day*Allocation*srf14	Day7 Anakinra No - Day7 Placebo Yes	0	0.16590498323957348	0.1484650550001491	1154.358810565844	1.1174682368144266	0.26402668960847026	0.3610160857911736
CD8A	Day*Allocation*srf14	Day1 Placebo No - Day4 Placebo No	0	0.2732578626856277	0.08752033910816986	1033.1430222576016	3.1222212513127654	0.0018448153659117359	0.004414379625574511
CD8A	Day*Allocation*srf14	Day1 Placebo No - Day7 Placebo No	0	0.15950859861434574	0.08909131408828681	1041.423694635412	1.7903944985734246	0.07368090583132648	0.09314378661695989
CD8A	Day*Allocation*srf14	Day1 Placebo No - Day1 Anakinra Yes	0	0.04956061469033862	0.1442965222754299	1105.547691824759	0.3434636809592573	0.7313149636126137	0.9033746582334262
CD8A	Day*Allocation*srf14	Day1 Placebo No - Day4 Anakinra Yes	0	0.49039096704148283	0.146532150697598	1136.85732446369	3.346644164484521	8.447130572815621e-4	0.004353521141374205
CD8A	Day*Allocation*srf14	Day1 Placebo No - Day7 Anakinra Yes	0	0.47887364201413973	0.14565892420195475	1123.654174537124	3.2876368175710664	0.001041598883902542	0.003172142055521378
CD8A	Day*Allocation*srf14	Day1 Placebo No - Day1 Placebo Yes	0	0.07990994539773065	0.15919206753668724	1090.849558427724	0.5019719049714251	0.6157885846963702	0.7934199072049386
CD8A	Day*Allocation*srf14	Day1 Placebo No - Day4 Placebo Yes	0	0.2349366481409218	0.16355458812939755	1149.923939812936	1.4364418071540113	0.1511486569285025	0.2847715974172787
CD8A	Day*Allocation*srf14	Day1 Placebo No - Day7 Placebo Yes	0	0.3660692663585883	0.16347627405327522	1149.0636315385416	2.239280705891854	0.025328392995901686	0.056566744357513764
CD8A	Day*Allocation*srf14	Day4 Placebo No - Day7 Placebo No	0	-0.11374926407128191	0.08779676310979524	1034.1128226276348	-1.295597468998162	0.19540332123185528	0.28460918527248485
CD8A	Day*Allocation*srf14	Day4 Placebo No - Day1 Anakinra Yes	0	-0.22369724799528903	0.14356453125688945	1093.016917001226	-1.5581651403508074	0.11948358705249915	0.17686654166732796
CD8A	Day*Allocation*srf14	Day4 Placebo No - Day4 Anakinra Yes	0	0.21713310435585517	0.1458118252903019	1124.927902658128	1.489132338365268	0.13673281065869045	0.23489995677262204
CD8A	Day*Allocation*srf14	Day4 Placebo No - Day7 Anakinra Yes	0	0.2056157793285121	0.14493331583178112	1111.4446411746721	1.4186923009969836	0.15626908806498846	0.3079420264810067
CD8A	Day*Allocation*srf14	Day4 Placebo No - Day1 Placebo Yes	0	-0.19334791728789702	0.15852679048576487	1080.5500849067064	-1.2196545246102044	0.22286201232522657	0.2986350965158036
CD8A	Day*Allocation*srf14	Day4 Placebo No - Day4 Placebo Yes	0	-0.03832121454470584	0.1629056945178565	1140.4323970408416	-0.2352355739197647	0.8140681282545733	0.8522275717665064
CD8A	Day*Allocation*srf14	Day4 Placebo No - Day7 Placebo Yes	0	0.09281140367296059	0.16283010573692272	1139.6615843757602	0.5699892120865646	0.5687973560090658	0.6574656586824013
CD8A	Day*Allocation*srf14	Day7 Placebo No - Day1 Anakinra Yes	0	-0.10994798392400712	0.14430774064029753	1105.917589576658	-0.7618994201985618	0.44628248448473595	0.5245776572013563
CD8A	Day*Allocation*srf14	Day7 Placebo No - Day4 Anakinra Yes	0	0.3308823684271371	0.1465421540224599	1137.170460692183	2.2579330202586223	0.02413880217362984	0.04371080393603241
CD8A	Day*Allocation*srf14	Day7 Placebo No - Day7 Anakinra Yes	0	0.319365043399794	0.145669003759765	1123.9752240991515	2.1924021937191647	0.028554944234483567	0.05797518980940603
CD8A	Day*Allocation*srf14	Day7 Placebo No - Day1 Placebo Yes	0	-0.07959865321661509	0.15922203133943294	1091.4552559304868	-0.4999223571449417	0.6172305185137239	0.7009227922105
CD8A	Day*Allocation*srf14	Day7 Placebo No - Day4 Placebo Yes	0	0.07542804952657607	0.16358509846593297	1150.539627384963	0.4610936462668338	0.6448185693965451	0.6968200669285245
CD8A	Day*Allocation*srf14	Day7 Placebo No - Day7 Placebo Yes	0	0.2065606677442425	0.16350753116161723	1149.6869618819883	1.263309807669164	0.20673398656357442	0.34627942749398716
CD8A	Day*Allocation*srf14	Day1 Anakinra Yes - Day4 Anakinra Yes	0	0.4408303523511442	0.11426404661242315	1062.3952454359467	3.8579970289903573	1.212018141470063e-4	4.511400859916346e-4
CD8A	Day*Allocation*srf14	Day1 Anakinra Yes - Day7 Anakinra Yes	0	0.42931302732380117	0.11347942844610302	1065.1723790574697	3.783179323358181	1.6345783077106996e-4	4.563197775692369e-4
CD8A	Day*Allocation*srf14	Day1 Anakinra Yes - Day1 Placebo Yes	0	0.030349330707392028	0.17174885837596504	1103.1590915747827	0.17670761246608196	0.8597704965466139	0.9668895255885167
CD8A	Day*Allocation*srf14	Day1 Anakinra Yes - Day4 Placebo Yes	0	0.18537603345058318	0.17580831335744437	1154.1005243499249	1.0544213178001782	0.2919107560790847	0.4346226812733039
CD8A	Day*Allocation*srf14	Day1 Anakinra Yes - Day7 Placebo Yes	0	0.3165086516682496	0.17580392523195396	1154.170325541794	1.800350312148328	0.07206635645235471	0.12380630467455808
CD8A	Day*Allocation*srf14	Day4 Anakinra Yes - Day7 Anakinra Yes	0	-0.011517325027343067	0.1144288664274286	1041.125832305069	-0.10065052103480739	0.91984726871939	0.9481502616030635
CD8A	Day*Allocation*srf14	Day4 Anakinra Yes - Day1 Placebo Yes	0	-0.41048102164375216	0.17363910653706197	1125.3922993815418	-2.3639894827271415	0.01824843058436251	0.050943535381345335
CD8A	Day*Allocation*srf14	Day4 Anakinra Yes - Day4 Placebo Yes	0	-0.25545431890056103	0.1776557883901938	1174.506270095598	-1.4379172286775967	0.15072391915474675	0.44740482011467014
CD8A	Day*Allocation*srf14	Day4 Anakinra Yes - Day7 Placebo Yes	0	-0.12432170068289458	0.17765137066539455	1174.5702672671266	-0.6998071572273645	0.48418631573582194	0.7052278946586972
CD8A	Day*Allocation*srf14	Day7 Anakinra Yes - Day1 Placebo Yes	0	-0.3989636966164091	0.17290517060374827	1115.8724348896599	-2.3074133365897174	0.021214111757467548	0.04180427905148017
CD8A	Day*Allocation*srf14	Day7 Anakinra Yes - Day4 Placebo Yes	0	-0.24393699387321793	0.17693667966441484	1165.6712500604522	-1.3786683142007556	0.16826155253040212	0.41753792664951633
CD8A	Day*Allocation*srf14	Day7 Anakinra Yes - Day7 Placebo Yes	0	-0.11280437565555151	0.17693585176417803	1165.880135151282	-0.6375439151014932	0.5238957947693319	0.9309787269339678
CD8A	Day*Allocation*srf14	Day1 Placebo Yes - Day4 Placebo Yes	0	0.15502670274319116	0.13383345018894235	1061.226654311108	1.1583554225369574	0.2469796297227253	0.37608261798687714
CD8A	Day*Allocation*srf14	Day1 Placebo Yes - Day7 Placebo Yes	0	0.2861593209608576	0.1338392726370689	1061.0537499001155	2.138081859850165	0.03273803677300811	0.052224963423608176
CD8A	Day*Allocation*srf14	Day4 Placebo Yes - Day7 Placebo Yes	0	0.13113261821766642	0.13751568867703726	1053.5108914036234	0.9535829655453946	0.3405135187272942	0.5330905633420302
MCP-3	Day*Allocation*srf14	Day1 Anakinra No - Day4 Anakinra No	0	0.4844920875666583	0.05131200425122632	1031.863189328362	9.442080749653806	2.3539343026677448e-20	1.2131815252210686e-19
MCP-3	Day*Allocation*srf14	Day1 Anakinra No - Day7 Anakinra No	0	0.7468225289302902	0.05174390682995924	1035.5658834176222	14.43305259853102	3.668684416508341e-43	2.048348799217157e-42
MCP-3	Day*Allocation*srf14	Day1 Anakinra No - Day1 Placebo No	0	0.006018403537356666	0.09811742346306264	1104.9513805819083	0.06133878494702176	0.951100495703519	0.9893930626752736
MCP-3	Day*Allocation*srf14	Day1 Anakinra No - Day4 Placebo No	0	0.42991959664790963	0.09716420974487186	1081.3692037750927	4.4246703367090365	1.0636071670555564e-5	4.453855012045142e-5
MCP-3	Day*Allocation*srf14	Day1 Anakinra No - Day7 Placebo No	0	0.5790924449223327	0.09836748446479808	1111.3873530431786	5.887031147264597	5.201781599210982e-9	2.1782460446695987e-8
MCP-3	Day*Allocation*srf14	Day1 Anakinra No - Day1 Anakinra Yes	0	-0.33468011116030877	0.11793177034249959	1090.796103310162	-2.837913059291188	0.004625107703439987	0.03098822161304791
MCP-3	Day*Allocation*srf14	Day1 Anakinra No - Day4 Anakinra Yes	0	-0.18248756155438534	0.12030195275892713	1131.496352898702	-1.516912713130034	0.12956804358803786	0.2346232140648253
MCP-3	Day*Allocation*srf14	Day1 Anakinra No - Day7 Anakinra Yes	0	-0.15276878678644018	0.11937984762282623	1114.3456992342497	-1.2796865620829436	0.20092175258802802	0.3130641261255321
MCP-3	Day*Allocation*srf14	Day1 Anakinra No - Day1 Placebo Yes	0	-0.5895278093933102	0.13333361552292225	1077.7732675685777	-4.421449212797808	1.0796447864238637e-5	2.411206689679962e-4
MCP-3	Day*Allocation*srf14	Day1 Anakinra No - Day4 Placebo Yes	0	-0.5149979269865639	0.1378121681704491	1150.353384959008	-3.7369554069391255	1.9540869030027774e-4	0.0013129386000673908
MCP-3	Day*Allocation*srf14	Day1 Anakinra No - Day7 Placebo Yes	0	-0.2721459760736237	0.13776105033215189	1149.791093611009	-1.9754928945261376	0.04845106812591708	0.09547710483636603
MCP-3	Day*Allocation*srf14	Day4 Anakinra No - Day7 Anakinra No	0	0.26233044136363193	0.05190446344279916	1034.4755658215663	5.054101785537785	5.110926024178762e-7	1.4268001817499043e-6
MCP-3	Day*Allocation*srf14	Day4 Anakinra No - Day1 Placebo No	0	-0.4784736840293016	0.09824253991204696	1107.736840709828	-4.870330963121089	1.275938721134089e-6	7.771626755998542e-6
MCP-3	Day*Allocation*srf14	Day4 Anakinra No - Day4 Placebo No	0	-0.05457249091874865	0.09729057189520511	1084.2523244591362	-0.5609227066475719	0.5749661263437695	0.9152190012754137
MCP-3	Day*Allocation*srf14	Day4 Anakinra No - Day7 Placebo No	0	0.0946003573556744	0.09849300758695546	1114.198937597226	0.9604779026790872	0.3370231280989566	0.43963843155312227
MCP-3	Day*Allocation*srf14	Day4 Anakinra No - Day1 Anakinra Yes	0	-0.8191721987269671	0.11805193588870079	1093.213409051521	-6.9390831464151645	6.748527502662098e-12	5.596569905895535e-11
MCP-3	Day*Allocation*srf14	Day4 Anakinra No - Day4 Anakinra Yes	0	-0.6669796491210436	0.12041971770602651	1133.7667539734264	-5.538791003889424	3.7838949310021046e-8	8.450698679238033e-7
MCP-3	Day*Allocation*srf14	Day4 Anakinra No - Day7 Anakinra Yes	0	-0.6372608743530985	0.11949849304732185	1116.6819400816603	-5.332794231143491	1.1700222586017486e-7	1.959787283157929e-6
MCP-3	Day*Allocation*srf14	Day4 Anakinra No - Day1 Placebo Yes	0	-1.0740198969599684	0.13344132277280923	1079.7038956709932	-8.048630473998994	2.194129466350735e-15	2.940133484909985e-14
MCP-3	Day*Allocation*srf14	Day4 Anakinra No - Day4 Placebo Yes	0	-0.9994900145532222	0.13791639204554734	1152.090387644597	-7.247071937780516	7.783818378671471e-13	2.607579156854943e-11
MCP-3	Day*Allocation*srf14	Day4 Anakinra No - Day7 Placebo Yes	0	-0.756638063640282	0.13786430971621733	1151.4689845371413	-5.488280942310312	4.9888442767338276e-8	1.1141752218038881e-6
MCP-3	Day*Allocation*srf14	Day7 Anakinra No - Day1 Placebo No	0	-0.7408041253929335	0.09846098779314491	1113.0951049407856	-7.523833977262922	1.0937091421352046e-13	6.661682956641701e-13
MCP-3	Day*Allocation*srf14	Day7 Anakinra No - Day4 Placebo No	0	-0.3169029322823806	0.09751026247484841	1089.724938911036	-3.2499444083039144	0.0011895777368892823	0.005313447224772128
MCP-3	Day*Allocation*srf14	Day7 Anakinra No - Day7 Placebo No	0	-0.16773008400795753	0.09871179979464566	1119.5516388282163	-1.6991898066583075	0.08956123598394712	0.5359416459991351
MCP-3	Day*Allocation*srf14	Day7 Anakinra No - Day1 Anakinra Yes	0	-1.081502640090599	0.11824993742994212	1097.0801299146108	-9.145904544189223	2.798019124870221e-19	2.3433410170788098e-18
MCP-3	Day*Allocation*srf14	Day7 Anakinra No - Day4 Anakinra Yes	0	-0.9293100904846756	0.12061351905123936	1137.3846548084618	-7.70485844202824	2.8401800535254423e-14	4.757301589655116e-13
MCP-3	Day*Allocation*srf14	Day7 Anakinra No - Day7 Anakinra Yes	0	-0.8995913157167303	0.11969256409844486	1120.3342189623463	-7.515849647742808	1.1539590408192019e-13	3.865762786744326e-12
MCP-3	Day*Allocation*srf14	Day7 Anakinra No - Day1 Placebo Yes	0	-1.3363503383236004	0.13362020270394492	1082.8243486192614	-10.001109946558604	1.3885041813069582e-22	1.860595602951324e-21
MCP-3	Day*Allocation*srf14	Day7 Anakinra No - Day4 Placebo Yes	0	-1.261820455916854	0.1380879113837395	1154.82096621828	-9.137805353651249	2.7858884042546696e-19	9.332726154253143e-18
MCP-3	Day*Allocation*srf14	Day7 Anakinra No - Day7 Placebo Yes	0	-1.018968505003914	0.13803883730816424	1154.3396738932704	-7.381752301557871	2.981627293527068e-13	9.988451433315679e-12
MCP-3	Day*Allocation*srf14	Day1 Placebo No - Day4 Placebo No	0	0.42390119311055297	0.08137289851268893	1033.1420119676427	5.209365782201449	2.2866169954310837e-7	9.575208668367663e-7
MCP-3	Day*Allocation*srf14	Day1 Placebo No - Day7 Placebo No	0	0.573074041384976	0.0828335354084933	1041.4223804126975	6.918382012295664	7.965144788793436e-12	3.557764672327735e-11
MCP-3	Day*Allocation*srf14	Day1 Placebo No - Day1 Anakinra Yes	0	-0.34069851469766543	0.13416311603964748	1105.528233441102	-2.5394350157831997	0.011239265461990076	0.0941288482441669
MCP-3	Day*Allocation*srf14	Day1 Placebo No - Day4 Anakinra Yes	0	-0.188505965091742	0.13624169961244015	1136.8380052695554	-1.3836143091870945	0.16674819459718063	0.29400339573713424
MCP-3	Day*Allocation*srf14	Day1 Placebo No - Day7 Anakinra Yes	0	-0.15878719032379685	0.13542981564674336	1123.6348552792088	-1.1724684816671325	0.2412575321733339	0.3477209348585997
MCP-3	Day*Allocation*srf14	Day1 Placebo No - Day1 Placebo Yes	0	-0.5955462129306668	0.14801262586364802	1090.8303101176487	-4.023617643803543	6.126367197695432e-5	0.003838770932365551
MCP-3	Day*Allocation*srf14	Day1 Placebo No - Day4 Placebo Yes	0	-0.5210163305239205	0.1520686887120292	1149.9046666111997	-3.4261907229999427	6.337288679911945e-4	0.004717759350601115
MCP-3	Day*Allocation*srf14	Day1 Placebo No - Day7 Placebo Yes	0	-0.27816437961098034	0.1519958757490388	1149.0443413000635	-1.8300784691701701	0.06749715025756177	0.12920883049304682
MCP-3	Day*Allocation*srf14	Day4 Placebo No - Day7 Placebo No	0	0.14917284827442306	0.0816299073097193	1034.111770585265	1.8274288577645088	0.06792337569258784	0.12418410555867071
MCP-3	Day*Allocation*srf14	Day4 Placebo No - Day1 Anakinra Yes	0	-0.7645997078082184	0.13348254777727708	1092.9975771298582	-5.728087458174643	1.3120570451702086e-8	6.897401831355748e-8
MCP-3	Day*Allocation*srf14	Day4 Placebo No - Day4 Anakinra Yes	0	-0.612407158202295	0.1355719772097291	1124.9086575609654	-4.517210494429128	6.926761021896261e-6	1.5469766282234982e-4
MCP-3	Day*Allocation*srf14	Day4 Placebo No - Day7 Anakinra Yes	0	-0.5826883834343498	0.13475518154409005	1111.4254172785038	-4.324051786043583	1.669384281137923e-5	1.9912318568926572e-4
MCP-3	Day*Allocation*srf14	Day4 Placebo No - Day1 Placebo Yes	0	-1.0194474060412198	0.14739408483765232	1080.5309432996012	-6.916474342671847	7.912244168468211e-12	8.835339321456168e-11
MCP-3	Day*Allocation*srf14	Day4 Placebo No - Day4 Placebo Yes	0	-0.9449175236344735	0.15146537984351496	1140.413165606622	-6.238504961402441	6.214611629968011e-10	2.0818948960392835e-8
MCP-3	Day*Allocation*srf14	Day4 Placebo No - Day7 Placebo Yes	0	-0.7020655727215334	0.15139510063549372	1139.6423319281234	-4.637307084407315	3.937753855441308e-6	2.23117186165007e-4
MCP-3	Day*Allocation*srf14	Day7 Placebo No - Day1 Anakinra Yes	0	-0.9137725560826415	0.13417354605686405	1105.8981143059855	-6.810377924239819	1.5944673033624325e-11	1.1233367708560801e-10
MCP-3	Day*Allocation*srf14	Day7 Placebo No - Day4 Anakinra Yes	0	-0.7615800064767181	0.13625099999139878	1137.151128549212	-5.589537005414969	2.8487388396228394e-8	2.1207278028303362e-7
MCP-3	Day*Allocation*srf14	Day7 Placebo No - Day7 Anakinra Yes	0	-0.7318612317087729	0.13543918689664636	1123.9558907841858	-5.403615072403353	7.96966700679421e-8	2.6698384472760604e-6
MCP-3	Day*Allocation*srf14	Day7 Placebo No - Day1 Placebo Yes	0	-1.168620254315643	0.1480404844716492	1091.435990970638	-7.893923466181591	7.091894809386775e-15	7.919282537148565e-14
MCP-3	Day*Allocation*srf14	Day7 Placebo No - Day4 Placebo Yes	0	-1.0940903719088966	0.1520970554286304	1150.5203387620377	-7.193369844180084	1.1366083713813686e-12	3.8076380441275844e-11
MCP-3	Day*Allocation*srf14	Day7 Placebo No - Day7 Placebo Yes	0	-0.8512384209959564	0.15202493678177326	1149.6676576487546	-5.599334155408207	2.6899277234786936e-8	9.011257873653624e-7
MCP-3	Day*Allocation*srf14	Day1 Anakinra Yes - Day4 Anakinra Yes	0	0.15219254960592343	0.10623815788697281	1062.393490453292	1.43256013312883	0.1522777494071502	0.23726998163439683
MCP-3	Day*Allocation*srf14	Day1 Anakinra Yes - Day7 Anakinra Yes	0	0.1819113243738686	0.1055086543472679	1065.170635183048	1.7241365222527747	0.08497333934778137	0.11860861950627816
MCP-3	Day*Allocation*srf14	Day1 Anakinra Yes - Day1 Placebo Yes	0	-0.2548476982330014	0.1596875811182059	1103.1395905947509	-1.5959143250116294	0.11079433936407682	0.9153337162977851
MCP-3	Day*Allocation*srf14	Day1 Anakinra Yes - Day4 Placebo Yes	0	-0.18031781582625506	0.16346186810574426	1154.081042849397	-1.1031185310423994	0.2702056621045628	0.4210181246745514
MCP-3	Day*Allocation*srf14	Day1 Anakinra Yes - Day7 Placebo Yes	0	0.0625341350866851	0.16345778802650113	1154.150833489331	0.38257054522569794	0.7021086525846498	0.746328445873087
MCP-3	Day*Allocation*srf14	Day4 Anakinra Yes - Day7 Anakinra Yes	0	0.029718774767945155	0.10639137636212509	1041.124507018456	0.2793344327719866	0.7800436635350336	0.8680023420269136
MCP-3	Day*Allocation*srf14	Day4 Anakinra Yes - Day1 Placebo Yes	0	-0.40704024783892484	0.1614450463050365	1125.3728939665627	-2.5212309522947973	0.01183176600151908	0.03963641610508892
MCP-3	Day*Allocation*srf14	Day4 Anakinra Yes - Day4 Placebo Yes	0	-0.3325103654321785	0.16517956570075476	1174.4869967724574	-2.0130236087105726	0.04433997814513492	0.33008650396933775
MCP-3	Day*Allocation*srf14	Day4 Anakinra Yes - Day7 Placebo Yes	0	-0.08965841451923834	0.16517545811041193	1174.5509844195753	-0.5428071188354505	0.5873655936319646	0.7391651378811923
MCP-3	Day*Allocation*srf14	Day7 Anakinra Yes - Day1 Placebo Yes	0	-0.43675902260687	0.16076266824469165	1115.8530474784352	-2.7167938139848067	0.006693714451764371	0.01723921883324149
MCP-3	Day*Allocation*srf14	Day7 Anakinra Yes - Day4 Placebo Yes	0	-0.36222914020012364	0.16451097298608594	1165.6519476753492	-2.2018539774289727	0.027870946959289884	0.18673534462724223
MCP-3	Day*Allocation*srf14	Day7 Anakinra Yes - Day7 Placebo Yes	0	-0.1193771892871835	0.16451020287129497	1165.8608136605694	-0.7256521918010069	0.4681976509292739	0.9309787269339678
MCP-3	Day*Allocation*srf14	Day1 Placebo Yes - Day4 Placebo Yes	0	0.07452988240674634	0.12443300813660894	1061.225090442296	0.5989558841567473	0.54933013433118	0.657234267860519
MCP-3	Day*Allocation*srf14	Day1 Placebo Yes - Day7 Placebo Yes	0	0.3173818333196865	0.12443842138656173	1061.0521921454638	2.5505131757799764	0.010895979560465101	0.018718734116696455
MCP-3	Day*Allocation*srf14	Day4 Placebo Yes - Day7 Placebo Yes	0	0.24285195091294015	0.1278565960218242	1053.5092913659853	1.8994088570251555	0.057783664162691706	0.2150836388277969
CDCP1	Day*Allocation*srf14	Day1 Anakinra No - Day4 Anakinra No	0	0.46146931440538735	0.04632382641999582	1024.5405160810901	9.961813392129297	2.2433560812128104e-22	1.3664077949205299e-21
CDCP1	Day*Allocation*srf14	Day1 Anakinra No - Day7 Anakinra No	0	0.41250640330915017	0.046728331425015555	1027.1183548615825	8.82775803735031	4.5244115158169456e-18	1.2630648814988973e-17
CDCP1	Day*Allocation*srf14	Day1 Anakinra No - Day1 Placebo No	0	0.17374520973311358	0.10261368975585523	943.3778437630381	1.6931971761906117	0.09074808540303894	0.9893930626752736
CDCP1	Day*Allocation*srf14	Day1 Anakinra No - Day4 Placebo No	0	0.5912223437591889	0.10184609785603413	923.6059982846665	5.805056415562616	8.84160061285992e-9	5.923872410616146e-8
CDCP1	Day*Allocation*srf14	Day1 Anakinra No - Day7 Placebo No	0	0.41044757307506385	0.10281309469007123	948.6728928660492	3.9921721480357424	7.05242673846719e-5	1.6293537637148336e-4
CDCP1	Day*Allocation*srf14	Day1 Anakinra No - Day1 Anakinra Yes	0	-0.10803741888876173	0.12349127001782344	932.9240175582978	-0.8748587561952252	0.3818759294399642	0.5950159830808744
CDCP1	Day*Allocation*srf14	Day1 Anakinra No - Day4 Anakinra Yes	0	0.5298024754063435	0.12546424463930542	970.4942290502564	4.2227367400924605	2.6404201957469204e-5	1.7690815311504368e-4
CDCP1	Day*Allocation*srf14	Day1 Anakinra No - Day7 Anakinra Yes	0	0.18933707075068235	0.124709564100711	955.2575213317314	1.5182241403536658	0.12928877296455893	0.211276775332328
CDCP1	Day*Allocation*srf14	Day1 Anakinra No - Day1 Placebo Yes	0	-0.019374895217206117	0.13978849724674086	922.6914381408274	-0.13860149868416902	0.8897953019142752	0.9032770489129763
CDCP1	Day*Allocation*srf14	Day1 Anakinra No - Day4 Placebo Yes	0	0.34523847453596496	0.14346599716784988	987.2712620422986	2.4064132362461383	0.016292892653564317	0.04548432532453372
CDCP1	Day*Allocation*srf14	Day1 Anakinra No - Day7 Placebo Yes	0	0.15819762685093008	0.14342175004919028	986.6243439607325	1.1030239611263426	0.27028572841137516	0.3709026565226098
CDCP1	Day*Allocation*srf14	Day4 Anakinra No - Day7 Anakinra No	0	-0.04896291109623718	0.04686828780068555	1026.1122626954484	-1.0446916965360318	0.29641152467556353	0.34841354654846945
CDCP1	Day*Allocation*srf14	Day4 Anakinra No - Day1 Placebo No	0	-0.2877241046722738	0.10271653512481374	945.8539234298142	-2.8011469070938984	0.005195989601539082	0.012433260832254232
CDCP1	Day*Allocation*srf14	Day4 Anakinra No - Day4 Placebo No	0	0.12975302935380156	0.10194970928930494	926.1192382536358	1.272716030857906	0.2034382400323003	0.9152190012754137
CDCP1	Day*Allocation*srf14	Day4 Anakinra No - Day7 Placebo No	0	-0.0510217413303235	0.1029161151329878	951.1644170527325	-0.495760467293129	0.62017794365058	0.6811790528621126
CDCP1	Day*Allocation*srf14	Day4 Anakinra No - Day1 Anakinra Yes	0	-0.569506733294149	0.12358847456407543	934.9631145187893	-4.608089348969865	4.62715019789213e-6	1.4091775602671487e-5
CDCP1	Day*Allocation*srf14	Day4 Anakinra No - Day4 Anakinra Yes	0	0.0683331610009561	0.12555989408114038	972.4699802262394	0.54422760946897	0.5864096113702486	0.6774042062380458
CDCP1	Day*Allocation*srf14	Day4 Anakinra No - Day7 Anakinra Yes	0	-0.272132243654705	0.12480573245473224	957.2577967679916	-2.1804466694140747	0.029467279966572262	0.06807957785380488
CDCP1	Day*Allocation*srf14	Day4 Anakinra No - Day1 Placebo Yes	0	-0.48084420962259344	0.1398754983369416	924.3034041839971	-3.4376585988226704	6.129454627514162e-4	0.0015795133078594188
CDCP1	Day*Allocation*srf14	Day4 Anakinra No - Day4 Placebo Yes	0	-0.1162308398694224	0.1435507593691378	988.8029994153603	-0.8096846048061452	0.4183162671200301	0.5190220351304077
CDCP1	Day*Allocation*srf14	Day4 Anakinra No - Day7 Placebo Yes	0	-0.30327168755445727	0.1435060852152327	988.1304822256536	-2.113301934894298	0.03482511326829184	0.07526718028953397
CDCP1	Day*Allocation*srf14	Day7 Anakinra No - Day1 Placebo No	0	-0.2387611935760366	0.10289247927321522	950.3845001097329	-2.320492180405555	0.020525193791378113	0.02864974966713195
CDCP1	Day*Allocation*srf14	Day7 Anakinra No - Day4 Placebo No	0	0.17871594045003875	0.10212646567787496	930.6823048275371	1.7499473742070013	0.08045693944392633	0.154017569792659
CDCP1	Day*Allocation*srf14	Day7 Anakinra No - Day7 Placebo No	0	-0.0020588302340863174	0.103092291973518	955.7068588809121	-0.019970748488307766	0.9840708757311307	0.9963621569295963
CDCP1	Day*Allocation*srf14	Day7 Anakinra No - Day1 Anakinra Yes	0	-0.520543822197912	0.12374944283225214	938.2932488749959	-4.206433663734003	2.8430227749390308e-5	5.4423578834547165e-5
CDCP1	Day*Allocation*srf14	Day7 Anakinra No - Day4 Anakinra Yes	0	0.11729607209719328	0.12571813010354146	975.6879928409786	0.9330084053953732	0.35104645194213635	0.41263354877409014
CDCP1	Day*Allocation*srf14	Day7 Anakinra No - Day7 Anakinra Yes	0	-0.22316933255846783	0.12496423795856211	960.4826966766315	-1.785865590061617	0.07443642467029409	0.12897756721095466
CDCP1	Day*Allocation*srf14	Day7 Anakinra No - Day1 Placebo Yes	0	-0.43188129852635626	0.1400206306793824	926.96178734181	-3.0844118929536393	0.002100000992647418	0.003350001583508977
CDCP1	Day*Allocation*srf14	Day7 Anakinra No - Day4 Placebo Yes	0	-0.06726792877318521	0.14369128876710707	991.2873497854602	-0.4681420102105993	0.6397859497381901	0.6735610841906895
CDCP1	Day*Allocation*srf14	Day7 Anakinra No - Day7 Placebo Yes	0	-0.2543087764582201	0.14364826104575712	990.6898638100874	-1.7703575010714097	0.0769750991674684	0.1361524242838806
CDCP1	Day*Allocation*srf14	Day1 Placebo No - Day4 Placebo No	0	0.41747713402607534	0.0734684983414681	1025.031812942807	5.682396448144594	1.730156913165807e-8	8.280036655864934e-8
CDCP1	Day*Allocation*srf14	Day1 Placebo No - Day7 Placebo No	0	0.23670236334195027	0.07483967514367554	1030.8518220929645	3.1627925012706744	0.0016083109686989133	0.0025526759388759764
CDCP1	Day*Allocation*srf14	Day1 Placebo No - Day1 Anakinra Yes	0	-0.2817826286218753	0.14029694830147574	944.5869833397361	-2.0084729713177327	0.044877290044454586	0.19277343507106146
CDCP1	Day*Allocation*srf14	Day1 Placebo No - Day4 Anakinra Yes	0	0.3560572656732299	0.14202794713750547	973.6855697176269	2.50695213758536	0.012339676938027552	0.03936944546894505
CDCP1	Day*Allocation*srf14	Day1 Placebo No - Day7 Anakinra Yes	0	0.015591861017568778	0.14136255843121298	961.8579014894609	0.11029696399528435	0.9121968733089838	0.969094396577817
CDCP1	Day*Allocation*srf14	Day1 Placebo No - Day1 Placebo Yes	0	-0.1931201049503197	0.15499082745852788	932.9114124685733	-1.2460098969533817	0.21307357073032943	0.40788369254091633
CDCP1	Day*Allocation*srf14	Day1 Placebo No - Day4 Placebo Yes	0	0.17149326480285138	0.15832422710106334	985.7776434979014	1.083177653495708	0.2789944428291797	0.4450625635608343
CDCP1	Day*Allocation*srf14	Day1 Placebo No - Day7 Placebo Yes	0	-0.015547582882183497	0.15826255307807233	984.89541701115445	-0.09823917648108291	0.9217623637354768	0.9357284601557113
CDCP1	Day*Allocation*srf14	Day4 Placebo No - Day7 Placebo No	0	-0.18077477068412506	0.0737064314852792	1025.67799519655	-2.4526322471632587	0.014347194271700954	0.036971616007844765
CDCP1	Day*Allocation*srf14	Day4 Placebo No - Day1 Anakinra Yes	0	-0.6992597626479506	0.13975126272550317	934.1585710403956	-5.003602464912419	6.721981759155111e-7	2.8148298616462026e-6
CDCP1	Day*Allocation*srf14	Day4 Placebo No - Day4 Anakinra Yes	0	-0.06141986835284547	0.14148918532598076	963.5101322977868	-0.4340958512930764	0.6643160235176606	0.7808626943102327
CDCP1	Day*Allocation*srf14	Day4 Placebo No - Day7 Anakinra Yes	0	-0.40188527300850657	0.14082078814208634	951.5650433193841	-2.8538774587954268	0.004412624568254374	0.01739093212194371
CDCP1	Day*Allocation*srf14	Day4 Placebo No - Day1 Placebo Yes	0	-0.6105972389763951	0.154494623910915	924.3862961607609	-3.952223213465854	8.332995438202229e-5	2.537775883452497e-4
CDCP1	Day*Allocation*srf14	Day4 Placebo No - Day4 Placebo Yes	0	-0.24598386922322396	0.15783770794491164	977.5687354886288	-1.5584607279591072	0.1194477319040641	0.18611623343191386
CDCP1	Day*Allocation*srf14	Day4 Placebo No - Day7 Placebo Yes	0	-0.43302471690825883	0.15777749719853928	976.7412023489856	-2.7445277342900316	0.006170930680475092	0.024320726799519483
CDCP1	Day*Allocation*srf14	Day7 Placebo No - Day1 Anakinra Yes	0	-0.5184849919638256	0.14030367396522264	944.8106901173907	-3.6954484320370935	2.3211569016239834e-4	4.3199309002446356e-4
CDCP1	Day*Allocation*srf14	Day7 Placebo No - Day4 Anakinra Yes	0	0.1193549023312796	0.14203405244350756	973.8818588445324	0.8403259660478368	0.4009319004735159	0.506838440221237
CDCP1	Day*Allocation*srf14	Day7 Placebo No - Day7 Anakinra Yes	0	-0.2211105023243815	0.14136868740340533	962.0558136937315	-1.5640698544043732	0.11813002237291663	0.19786778747463535
CDCP1	Day*Allocation*srf14	Day7 Placebo No - Day1 Placebo Yes	0	-0.42982246829227	0.155011709475106	933.347301656412	-2.7728387084286497	0.005667670359516979	0.009992997739148357
CDCP1	Day*Allocation*srf14	Day7 Placebo No - Day4 Placebo Yes	0	-0.0652090985390989	0.15834533603010673	986.2273035904992	-0.41181571983086684	0.6805639835290569	0.7237743951816954
CDCP1	Day*Allocation*srf14	Day7 Placebo No - Day7 Placebo Yes	0	-0.25224994622413377	0.15828420104666469	985.3579684472564	-1.593652079968275	0.11133467894836759	0.21312638541544654
CDCP1	Day*Allocation*srf14	Day1 Anakinra Yes - Day4 Anakinra Yes	0	0.6378398942951051	0.09616700408697519	1047.5826280825859	6.632627275341042	5.2744772541545304e-11	5.048428228976478e-10
CDCP1	Day*Allocation*srf14	Day1 Anakinra Yes - Day7 Anakinra Yes	0	0.2973744896394441	0.09553295355025888	1050.2299721537602	3.1127948900166524	0.0019033550769585615	0.0038643875804916248
CDCP1	Day*Allocation*srf14	Day1 Anakinra Yes - Day1 Placebo Yes	0	0.08866252367155561	0.16702925870510463	942.3681295208175	0.5308203147096047	0.5956683726447217	0.9668895255885167
CDCP1	Day*Allocation*srf14	Day1 Anakinra Yes - Day4 Placebo Yes	0	0.4532758934247267	0.17013138108540551	988.1708607339896	2.664269757483385	0.007841219856104996	0.03090363119759028
CDCP1	Day*Allocation*srf14	Day1 Anakinra Yes - Day7 Placebo Yes	0	0.2662350457396918	0.17012667893152794	988.1657173200635	1.5649223708578082	0.11792127788903935	0.18373780508292178
CDCP1	Day*Allocation*srf14	Day4 Anakinra Yes - Day7 Anakinra Yes	0	-0.3404654046556611	0.0961208261834732	1030.5059249633061	-3.5420565778927933	4.1479000678188897e-4	0.0039701329220552225
CDCP1	Day*Allocation*srf14	Day4 Anakinra Yes - Day1 Placebo Yes	0	-0.5491773706235495	0.1684937339173859	962.9998487683804	-3.2593340883098745	0.0011558544367570802	0.007040204296611306
CDCP1	Day*Allocation*srf14	Day4 Anakinra Yes - Day4 Placebo Yes	0	-0.1845640008703785	0.17156957618402213	1007.955516545	-1.0757385136419455	0.2823016366001924	0.4757836278524742
CDCP1	Day*Allocation*srf14	Day4 Anakinra Yes - Day7 Placebo Yes	0	-0.37160484855541337	0.17156489312716844	1007.9498716474997	-2.165972547075642	0.030547163021736927	0.16132340732005795
CDCP1	Day*Allocation*srf14	Day7 Anakinra Yes - Day1 Placebo Yes	0	-0.2087119659678885	0.1679361712814044	954.5927124050045	-1.2428053133244155	0.21424476587795616	0.3054127513579375
CDCP1	Day*Allocation*srf14	Day7 Anakinra Yes - Day4 Placebo Yes	0	0.1559014037852826	0.1710211128278755	999.8442523468916	0.9115915643829885	0.36220349270848484	0.5597427221078597
CDCP1	Day*Allocation*srf14	Day7 Anakinra Yes - Day7 Placebo Yes	0	-0.031139443899752275	0.17101813091842835	999.9103792077952	-0.1820827051057239	0.8555547272453686	0.955369445423995
CDCP1	Day*Allocation*srf14	Day1 Placebo Yes - Day4 Placebo Yes	0	0.3646133697531711	0.11263240083171937	1047.6790270404279	3.237197884984524	0.0012449496467003267	0.0055607750885947925
CDCP1	Day*Allocation*srf14	Day1 Placebo Yes - Day7 Placebo Yes	0	0.1775725220681362	0.11263566959288278	1047.5582450223326	1.576521209577438	0.11520765497017121	0.1575288343469688
CDCP1	Day*Allocation*srf14	Day4 Placebo Yes - Day7 Placebo Yes	0	-0.18704084768503487	0.11564241192150497	1040.306790314448	-1.6174070099125335	0.10609360464857397	0.2910085801014228
CD244	Day*Allocation*srf14	Day1 Anakinra No - Day4 Anakinra No	0	0.0874353679794252	0.05069467012610058	1030.3141312783007	1.7247447860284697	0.08487338052094848	0.11605135703884792
CD244	Day*Allocation*srf14	Day1 Anakinra No - Day7 Anakinra No	0	-0.20141065143910625	0.05112488192265108	1033.7757351500663	-3.9395817430704025	8.710286813496228e-5	1.190998401029076e-4
CD244	Day*Allocation*srf14	Day1 Anakinra No - Day1 Placebo No	0	0.06780124084357952	0.09956508536285565	1070.9594161184552	0.6809740643166652	0.496035107407645	0.9893930626752736
CD244	Day*Allocation*srf14	Day1 Anakinra No - Day4 Placebo No	0	0.1533447594581436	0.09864147027794538	1047.8283145602836	1.554566847250542	0.12035123161626447	0.1875240120532493
CD244	Day*Allocation*srf14	Day1 Anakinra No - Day7 Placebo No	0	-0.07624744139560326	0.09980687514444175	1077.2466450868446	-0.7639497908862191	0.4450644530854828	0.5141261785642646
CD244	Day*Allocation*srf14	Day1 Anakinra No - Day1 Anakinra Yes	0	0.27194586467318077	0.11970295744940135	1057.4805035091542	2.2718391463981393	0.02329642027580093	0.09669711398870617
CD244	Day*Allocation*srf14	Day1 Anakinra No - Day4 Anakinra Yes	0	0.6479282909829525	0.12201512370597743	1098.2298208280506	5.3102293494721176	1.3245955347460664e-7	1.774958016559729e-6
CD244	Day*Allocation*srf14	Day1 Anakinra No - Day7 Anakinra Yes	0	0.48994145074835965	0.1211187021305087	1081.196460450233	4.0451345839260595	5.600909154223305e-5	1.8763045666648072e-4
CD244	Day*Allocation*srf14	Day1 Anakinra No - Day1 Placebo Yes	0	0.3196832800892342	0.13536916422559328	1044.8562339192133	2.3615664757779005	0.018380607638839693	0.07696879448764121
CD244	Day*Allocation*srf14	Day1 Anakinra No - Day4 Placebo Yes	0	0.5808235202884997	0.13972575553072386	1116.942881468525	4.1568823019231	3.4728641797168636e-5	4.4991797719502215e-4
CD244	Day*Allocation*srf14	Day1 Anakinra No - Day7 Placebo Yes	0	0.7165875816271228	0.13967544174648752	1116.3461743875641	5.130376340085161	3.407747569250409e-7	4.566381742795549e-6
CD244	Day*Allocation*srf14	Day4 Anakinra No - Day7 Anakinra No	0	-0.28884601941853144	0.051282435997843406	1032.689968234897	-5.632455124219886	2.2896944141611443e-8	1.0227301716586444e-7
CD244	Day*Allocation*srf14	Day4 Anakinra No - Day1 Placebo No	0	-0.01963412713584567	0.09968682715585439	1073.7265830639872	-0.19695809061260308	0.8438976087848338	0.8946497566778464
CD244	Day*Allocation*srf14	Day4 Anakinra No - Day4 Placebo No	0	0.0659093914787184	0.09876436199253948	1050.678969230066	0.6673398192325396	0.504701634101673	0.9152190012754137
CD244	Day*Allocation*srf14	Day4 Anakinra No - Day7 Placebo No	0	-0.16368280937502844	0.09992896763550693	1080.0375787371916	-1.6379915979124793	0.10171472367639332	0.18256955804744482
CD244	Day*Allocation*srf14	Day4 Anakinra No - Day1 Anakinra Yes	0	0.18451049669375558	0.11981948810131783	1059.853033277248	1.5399038972503025	0.1238822720359412	0.16939004543689917
CD244	Day*Allocation*srf14	Day4 Anakinra No - Day4 Anakinra Yes	0	0.5604929230035274	0.12212941358617757	1100.4737697762212	4.58933607020089	4.957788135692106e-6	4.745311501305301e-5
CD244	Day*Allocation*srf14	Day4 Anakinra No - Day7 Anakinra Yes	0	0.40250608276893446	0.12123379631474862	1083.4965161695404	3.3200814872112345	9.298975143286545e-4	0.0041535422306679904
CD244	Day*Allocation*srf14	Day4 Anakinra No - Day1 Placebo Yes	0	0.232247912109809	0.13547358226155387	1046.7462643399385	1.7143409676834003	0.08676214315539366	0.12110549148773697
CD244	Day*Allocation*srf14	Day4 Anakinra No - Day4 Placebo Yes	0	0.49338815230907457	0.1398269276412719	1118.66485538678	3.5285632076167004	4.3478262954509605e-4	0.0018964901697150094
CD244	Day*Allocation*srf14	Day4 Anakinra No - Day7 Placebo Yes	0	0.6291522136476976	0.13977577905539412	1118.0170970147958	4.501153332140328	7.4657530254343686e-6	6.457265597850026e-5
CD244	Day*Allocation*srf14	Day7 Anakinra No - Day1 Placebo No	0	0.26921189228268577	0.09989849352726606	1078.9930732060452	2.694854374447676	0.0071513400668043224	0.01064755076613088
CD244	Day*Allocation*srf14	Day7 Anakinra No - Day4 Placebo No	0	0.3547554108972498	0.09897719228670114	1056.039726397915	3.584213723396514	3.535359955329116e-4	0.0026318790778561197
CD244	Day*Allocation*srf14	Day7 Anakinra No - Day7 Placebo No	0	0.125163210043503	0.10014095938923938	1085.3038938932325	1.2498702909066834	0.2116163806371689	0.6751570239376341
CD244	Day*Allocation*srf14	Day7 Anakinra No - Day1 Anakinra Yes	0	0.473356516112287	0.12001172250670486	1063.6679590325944	3.944252329899201	8.529241285839975e-5	1.5038399109244168e-4
CD244	Day*Allocation*srf14	Day7 Anakinra No - Day4 Anakinra Yes	0	0.8493389424220588	0.12231772336788903	1104.0690560982514	6.943711173135095	6.506492996673709e-12	7.265583846285642e-11
CD244	Day*Allocation*srf14	Day7 Anakinra No - Day7 Anakinra Yes	0	0.6913521021874659	0.12142238887183228	1087.1199942943779	5.693777800049911	1.5979119496800168e-8	2.1412020125712225e-7
CD244	Day*Allocation*srf14	Day7 Anakinra No - Day1 Placebo Yes	0	0.5210939315283405	0.13564718517764926	1049.8170598360625	3.841538848343178	1.2959342739943125e-4	2.4118776766005262e-4
CD244	Day*Allocation*srf14	Day7 Anakinra No - Day4 Placebo Yes	0	0.782234171727606	0.13999371161522664	1121.3931273333121	5.587637921034483	2.8881229274825996e-8	2.1500470682370466e-7
CD244	Day*Allocation*srf14	Day7 Anakinra No - Day7 Placebo Yes	0	0.917998233066229	0.13994527299637835	1120.8714824047347	6.559694467779457	8.217167545169106e-11	1.8351674184211003e-9
CD244	Day*Allocation*srf14	Day1 Placebo No - Day4 Placebo No	0	0.08554351861456407	0.0803956882572231	1031.4024489051521	1.0640311746678588	0.28756361857648327	0.3777796557769486
CD244	Day*Allocation*srf14	Day1 Placebo No - Day7 Placebo No	0	-0.14404868223918277	0.081851328891169	1039.158372657736	-1.7598820225718326	0.07872200812786397	0.09767360267716454
CD244	Day*Allocation*srf14	Day1 Placebo No - Day1 Anakinra Yes	0	0.20414462382960125	0.1361408084726641	1071.734721002045	1.4995108822979535	0.13403564830263584	0.374182851511525
CD244	Day*Allocation*srf14	Day1 Placebo No - Day4 Anakinra Yes	0	0.5801270501393729	0.13816869147178978	1103.1383470917679	4.198686720991483	2.9009018254046017e-5	2.77657746145869e-4
CD244	Day*Allocation*srf14	Day1 Placebo No - Day7 Anakinra Yes	0	0.42214020990478013	0.1373791853987213	1089.9971050592592	3.072810547533712	0.002173177713905564	0.006330561166594469
CD244	Day*Allocation*srf14	Day1 Placebo No - Day1 Placebo Yes	0	0.25188203924565467	0.15023563210575694	1057.4654958504784	1.6765798879745433	0.09392023105216062	0.24202521078826006
CD244	Day*Allocation*srf14	Day1 Placebo No - Day4 Placebo Yes	0	0.5130222794449202	0.15418194615977215	1116.22578738779	3.3273823052752047	9.052408776871049e-4	0.006065113880503604
CD244	Day*Allocation*srf14	Day1 Placebo No - Day7 Placebo Yes	0	0.6487863407835432	0.15411063060171268	1115.340900054888	4.209874025240236	2.7607487893638462e-5	1.849701688873777e-4
CD244	Day*Allocation*srf14	Day4 Placebo No - Day7 Placebo No	0	-0.22959220085374685	0.08065104956234335	1032.3008172132368	-2.8467354374138902	0.004504505060784208	0.014371516146311523
CD244	Day*Allocation*srf14	Day4 Placebo No - Day1 Anakinra Yes	0	0.11860110521503718	0.13548196651438757	1059.4633839827256	0.875401415157657	0.38155394479115157	0.4511459504482782
CD244	Day*Allocation*srf14	Day4 Placebo No - Day4 Anakinra Yes	0	0.49458353152480894	0.13751994237567944	1091.390822876886	3.5964495256527726	3.3702499516502624e-4	0.0025089638528951953
CD244	Day*Allocation*srf14	Day4 Placebo No - Day7 Anakinra Yes	0	0.3365966912902161	0.13672590563120474	1078.0063451715305	2.461835522217197	0.013978474448952822	0.046827889403991955
CD244	Day*Allocation*srf14	Day4 Placebo No - Day1 Placebo Yes	0	0.1663385206310906	0.14963677136206605	1047.3941809640285	1.1116152742203482	0.2665586959726352	0.3307302338919733
CD244	Day*Allocation*srf14	Day4 Placebo No - Day4 Placebo Yes	0	0.4274787608303562	0.1535972512067519	1106.8499471103573	2.783114655189642	0.0054755769958100865	0.022040587756453366
CD244	Day*Allocation*srf14	Day4 Placebo No - Day7 Placebo Yes	0	0.5632428221689791	0.15352824339033108	1106.0475150555212	3.668659327632554	2.5543738766375517e-4	0.0034228609946943193
CD244	Day*Allocation*srf14	Day7 Placebo No - Day1 Anakinra Yes	0	0.348193306068784	0.13615048522080248	1072.0747021150758	2.557415094805578	0.010682024049739853	0.015944074857035574
CD244	Day*Allocation*srf14	Day7 Placebo No - Day4 Anakinra Yes	0	0.7241757323785558	0.13817734886759647	1103.4283196340252	5.240914942379387	1.913452222272005e-7	1.1654663535656758e-6
CD244	Day*Allocation*srf14	Day7 Placebo No - Day7 Anakinra Yes	0	0.566188892143963	0.13738790094756917	1090.2931960888227	4.1210971871535875	4.0564148175427264e-5	2.7177979277536265e-4
CD244	Day*Allocation*srf14	Day7 Placebo No - Day1 Placebo Yes	0	0.39593072148483743	0.15026223025267685	1058.0405231368563	2.6349317511063903	0.00853840460468241	0.013001661557130033
CD244	Day*Allocation*srf14	Day7 Placebo No - Day4 Placebo Yes	0	0.6570709616841031	0.15420898563470053	1116.812659651234	4.260912287177688	2.207503717477483e-5	1.3445704460999215e-4
CD244	Day*Allocation*srf14	Day7 Placebo No - Day7 Placebo Yes	0	0.792835023022726	0.15413834848356783	1115.937595681683	5.143658478391232	3.1806860241229435e-7	4.262119272324745e-6
CD244	Day*Allocation*srf14	Day1 Anakinra Yes - Day4 Anakinra Yes	0	0.37598242630977174	0.10501967092980287	1059.339816947063	3.5801143060244924	3.590115091953028e-4	0.001045816135481969
CD244	Day*Allocation*srf14	Day1 Anakinra Yes - Day7 Anakinra Yes	0	0.21799558607517888	0.10430408936390335	1062.1267670553916	2.090000376827228	0.03685514330061477	0.0548732133586931
CD244	Day*Allocation*srf14	Day1 Anakinra Yes - Day1 Placebo Yes	0	0.04773741541605342	0.16204898941526055	1069.2977234490809	0.2945863197808864	0.7683670930163491	0.9668895255885167
CD244	Day*Allocation*srf14	Day1 Anakinra Yes - Day4 Placebo Yes	0	0.308877655615319	0.1657212193622506	1120.0342533922458	1.8638389024892597	0.0626058305962257	0.15535520925730079
CD244	Day*Allocation*srf14	Day1 Anakinra Yes - Day7 Placebo Yes	0	0.44464171695394195	0.1657168995612864	1120.0860907147107	2.6831404529717378	0.007400873694460787	0.017709233483174026
CD244	Day*Allocation*srf14	Day4 Anakinra Yes - Day7 Anakinra Yes	0	-0.15798684023459286	0.10512920032555852	1038.8431560276329	-1.5027874248576762	0.13319778084208037	0.2832425209970772
CD244	Day*Allocation*srf14	Day4 Anakinra Yes - Day1 Placebo Yes	0	-0.3282450108937183	0.16376383975757616	1091.5912837972917	-2.0043802794293777	0.04527599275103029	0.10111638381063431
CD244	Day*Allocation*srf14	Day4 Anakinra Yes - Day4 Placebo Yes	0	-0.06710477069445275	0.16739879632923213	1140.7021618363958	-0.4008677013571485	0.6885926027852295	0.7689284064435062
CD244	Day*Allocation*srf14	Day4 Anakinra Yes - Day7 Placebo Yes	0	0.068659290644170215	0.16739446374604774	1140.749831663791	0.4101646440848393	0.6817621926514594	0.7875528777180651
CD244	Day*Allocation*srf14	Day7 Anakinra Yes - Day1 Placebo Yes	0	-0.17025817065912546	0.16310068400702207	1082.1466732984823	-1.0438838542933102	0.29677226094528386	0.3894830672602503
CD244	Day*Allocation*srf14	Day7 Anakinra Yes - Day4 Placebo Yes	0	0.09088206954014011	0.1667485612681173	1131.8591042008493	0.5450246098016377	0.5858439649174135	0.7209249905941011
CD244	Day*Allocation*srf14	Day7 Anakinra Yes - Day7 Placebo Yes	0	0.2266461308787631	0.16674719336415422	1132.0351580909096	1.359220064254979	0.17434757173921195	0.7556349850316068
CD244	Day*Allocation*srf14	Day1 Placebo Yes - Day4 Placebo Yes	0	0.26114024019926557	0.12300361135337362	1058.4892454188703	2.1230290503344906	0.033982985334607405	0.07115187554433425
CD244	Day*Allocation*srf14	Day1 Placebo Yes - Day7 Placebo Yes	0	0.3969043015378885	0.12300857228465022	1058.3270421939928	3.2266393647706515	0.001290939852496503	0.002702905316164553
CD244	Day*Allocation*srf14	Day4 Placebo Yes - Day7 Placebo Yes	0	0.13576406133862298	0.12636909910742922	1050.7383622732298	1.0743454079957229	0.28291454759807305	0.4860326843351511
IL7	Day*Allocation*srf14	Day1 Anakinra No - Day4 Anakinra No	0	0.057367300734885385	0.05939470282540422	1035.7480171959305	0.9658656076371229	0.3343368956854036	0.3612995485632587
IL7	Day*Allocation*srf14	Day1 Anakinra No - Day7 Anakinra No	0	-0.0029820805635061725	0.059883983621353	1040.0600198276743	-0.049797631740097596	0.9602932152018175	0.9748431124018451
IL7	Day*Allocation*srf14	Day1 Anakinra No - Day1 Placebo No	0	0.03772487286123865	0.1070084958686252	1188.2952871165626	0.3525409132706028	0.7244951587229403	0.9893930626752736
IL7	Day*Allocation*srf14	Day1 Anakinra No - Day4 Placebo No	0	-0.023095157476227847	0.1058598115444693	1164.5166030866856	-0.2181673775843262	0.827336925639623	0.8798662542516625
IL7	Day*Allocation*srf14	Day1 Anakinra No - Day7 Placebo No	0	-0.04061266885690711	0.107311436606018	1194.8553474387452	-0.37845611000449103	0.7051590220827888	0.7499310234848706
IL7	Day*Allocation*srf14	Day1 Anakinra No - Day1 Anakinra Yes	0	0.08144696846784463	0.1285360013519691	1172.7957607173057	0.6336510208125975	0.5264321486935023	0.7198153869890745
IL7	Day*Allocation*srf14	Day1 Anakinra No - Day4 Anakinra Yes	0	-0.041613938714444576	0.1313461165173062	1211.7925813067097	-0.316826563417743	0.7514297791110587	0.8060756594641768
IL7	Day*Allocation*srf14	Day1 Anakinra No - Day7 Anakinra Yes	0	0.03611461217174671	0.13024367517921948	1195.0234483978427	0.27728495930456387	0.78160926513202	0.8584888649810712
IL7	Day*Allocation*srf14	Day1 Anakinra No - Day1 Placebo Yes	0	0.11096073156155113	0.14523877975906924	1159.3417396776827	0.7639883214773591	0.4450296562514737	0.5846468033107596
IL7	Day*Allocation*srf14	Day1 Anakinra No - Day4 Placebo Yes	0	-0.28895663356291307	0.15058538012492553	1230.3354369557505	-1.918889027096753	0.05522952729475895	0.1321563688838875
IL7	Day*Allocation*srf14	Day1 Anakinra No - Day7 Placebo Yes	0	-0.12272153349752374	0.1505262164887858	1229.8894459880107	-0.8152834526779359	0.41506792841963913	0.534799061617612
IL7	Day*Allocation*srf14	Day4 Anakinra No - Day7 Anakinra No	0	-0.060349381298391555	0.060072734268714366	1038.9872247309734	-1.004605201228892	0.3153208962763236	0.3642500008709255
IL7	Day*Allocation*srf14	Day4 Anakinra No - Day1 Placebo No	0	-0.019642427873646735	0.10715774810816761	1191.013868125711	-0.18330385082205344	0.8545908123489876	0.8946497566778464
IL7	Day*Allocation*srf14	Day4 Anakinra No - Day4 Placebo No	0	-0.08046245821111322	0.10601073417886539	1167.3676031669565	-0.7590029333761039	0.44800402548572593	0.9152190012754137
IL7	Day*Allocation*srf14	Day4 Anakinra No - Day7 Placebo No	0	-0.0979799695917925	0.10746132710842664	1197.6061776795043	-0.911769584726349	0.3620735143745525	0.45771557477537766
IL7	Day*Allocation*srf14	Day4 Anakinra No - Day1 Anakinra Yes	0	0.024079667732959248	0.1286805561694351	1175.2347235294308	0.18712747636288798	0.8515929846394217	0.8733955337645807
IL7	Day*Allocation*srf14	Day4 Anakinra No - Day4 Anakinra Yes	0	-0.09898123944932996	0.131487541468417	1214.0429944879138	-0.752780364922292	0.45172784619022444	0.5556182252131134
IL7	Day*Allocation*srf14	Day4 Anakinra No - Day7 Anakinra Yes	0	-0.021252688563138677	0.13038631630231276	1197.363992634049	-0.16299784491082905	0.8705476362678644	0.9201306293515953
IL7	Day*Allocation*srf14	Day4 Anakinra No - Day1 Placebo Yes	0	0.053593430826665754	0.14536844282453726	1161.3037820591962	0.3686730750177612	0.7124386182236889	0.7825145478850355
IL7	Day*Allocation*srf14	Day4 Anakinra No - Day4 Placebo Yes	0	-0.34632393429779845	0.15071048175889637	1232.04357909582	-2.297941923189129	0.02173198936860606	0.04972769122033574
IL7	Day*Allocation*srf14	Day4 Anakinra No - Day7 Placebo Yes	0	-0.18008883423240912	0.15064981287820453	1231.5171928187085	-1.195413593895434	0.23215561407459465	0.3793762473901912
IL7	Day*Allocation*srf14	Day7 Anakinra No - Day1 Placebo No	0	0.04070695342474482	0.10742100808811757	1196.3873274715327	0.3789477882329392	0.7047938762863974	0.7154725713816459
IL7	Day*Allocation*srf14	Day7 Anakinra No - Day4 Placebo No	0	-0.020113076912721673	0.10627559394787803	1172.9062791861356	-0.18925395912241114	0.8499265215442536	0.8760781068225383
IL7	Day*Allocation*srf14	Day7 Anakinra No - Day7 Placebo No	0	-0.03763058829340094	0.10772501826581532	1202.957690941095	-0.34932078823645335	0.7269096312781482	0.9538344209491556
IL7	Day*Allocation*srf14	Day7 Anakinra No - Day1 Anakinra Yes	0	0.0844290490313508	0.12891799376686872	1179.0761666166143	0.654905080077725	0.5126566064846669	0.5284306559149643
IL7	Day*Allocation*srf14	Day7 Anakinra No - Day4 Anakinra Yes	0	-0.038631858150938406	0.13171951937486642	1217.5718552772753	-0.29328878767765837	0.7693514026488065	0.8145407162453175
IL7	Day*Allocation*srf14	Day7 Anakinra No - Day7 Anakinra Yes	0	0.03909669273525288	0.13061852954259182	1200.9406807518046	0.2993196514473417	0.7647479528746215	0.8264211748806393
IL7	Day*Allocation*srf14	Day7 Anakinra No - Day1 Placebo Yes	0	0.11394281212505732	0.1455831363729206	1164.425000129486	0.7826649086140406	0.4339830498603041	0.47666990722361274
IL7	Day*Allocation*srf14	Day7 Anakinra No - Day4 Placebo Yes	0	-0.2859745529994069	0.15091539442881063	1234.666914055246	-1.8949329462496018	0.05833472380730927	0.08496579337151568
IL7	Day*Allocation*srf14	Day7 Anakinra No - Day7 Placebo Yes	0	-0.11973945293401757	0.15085901126319726	1234.3134930043955	-0.7937176038169392	0.42751240632918963	0.5426432364531766
IL7	Day*Allocation*srf14	Day1 Placebo No - Day4 Placebo No	0	-0.060820030337466496	0.09418448759868465	1037.554959519468	-0.6457542201282399	0.5185813246406106	0.617822595206658
IL7	Day*Allocation*srf14	Day1 Placebo No - Day7 Placebo No	0	-0.07833754171814576	0.09583710352166798	1047.1545645574797	-0.8174030603964809	0.4138840638939545	0.4545939718179501
IL7	Day*Allocation*srf14	Day1 Placebo No - Day1 Anakinra Yes	0	0.04372209560660598	0.14632248623333483	1188.2422825221997	0.2988064017507469	0.7651400140765023	0.9033746582334262
IL7	Day*Allocation*srf14	Day1 Placebo No - Day4 Anakinra Yes	0	-0.07933881157568323	0.14878636451840213	1218.080658928317	-0.5332398021316697	0.5939648686906291	0.6981692316188097
IL7	Day*Allocation*srf14	Day1 Placebo No - Day7 Anakinra Yes	0	-0.0016102606894919402	0.1478164397828028	1205.2551949379845	-0.010893650881174048	0.9913100988929403	0.9958950365226904
IL7	Day*Allocation*srf14	Day1 Placebo No - Day1 Placebo Yes	0	0.07323585870031249	0.16132243483353015	1173.0759808205457	0.45397193995915774	0.6499329992954418	0.8063983509776778
IL7	Day*Allocation*srf14	Day1 Placebo No - Day4 Placebo Yes	0	-0.3266815064241517	0.16616249366631464	1230.602754434822	-1.9660363732876402	0.049518933715917327	0.10702479222472454
IL7	Day*Allocation*srf14	Day1 Placebo No - Day7 Placebo Yes	0	-0.1604464063587624	0.1660770966186447	1229.843375264522	-0.9660959254796475	0.3341861161598241	0.4763929741001747
IL7	Day*Allocation*srf14	Day4 Placebo No - Day7 Placebo No	0	-0.01751751138067927	0.09447751703485129	1038.7101059281922	-0.18541460371166751	0.8529400533878359	0.8658633875300757
IL7	Day*Allocation*srf14	Day4 Placebo No - Day1 Anakinra Yes	0	0.10454212594407247	0.14550052390474133	1175.5516169407438	0.7184999966908423	0.47259182806639743	0.5366720759398073
IL7	Day*Allocation*srf14	Day4 Placebo No - Day4 Anakinra Yes	0	-0.01851878123821673	0.14797865027651885	1206.1699001507166	-0.1251449530294525	0.9004296495447014	0.9426372893671092
IL7	Day*Allocation*srf14	Day4 Placebo No - Day7 Anakinra Yes	0	0.05920976964797456	0.14700212900461387	1192.9770338703327	0.402781715128195	0.6871809792590652	0.8077307989713184
IL7	Day*Allocation*srf14	Day4 Placebo No - Day1 Placebo Yes	0	0.13405588903777899	0.16057559997401585	1162.5996929206726	0.8348459483226078	0.403975966947821	0.46666189285351733
IL7	Day*Allocation*srf14	Day4 Placebo No - Day4 Placebo Yes	0	-0.26586147608668526	0.16543568673824	1221.201241571344	-1.607038247481292	0.10830448399455543	0.1727714387532194
IL7	Day*Allocation*srf14	Day4 Placebo No - Day7 Placebo Yes	0	-0.0996263760212959	0.1653538046636546	1220.5471929341575	-0.6025042860304632	0.5469504283830133	0.6543871196725338
IL7	Day*Allocation*srf14	Day7 Placebo No - Day1 Anakinra Yes	0	0.12205963732475175	0.14633640331936623	1188.6786716739305	0.8341030294312168	0.4043905137121493	0.4926211712493455
IL7	Day*Allocation*srf14	Day7 Placebo No - Day4 Anakinra Yes	0	-0.0010012698575374616	0.14879868236535285	1218.443420478661	-0.0067290236823401	0.9946321579310158	0.9946321579310158
IL7	Day*Allocation*srf14	Day7 Placebo No - Day7 Anakinra Yes	0	0.07672728102865382	0.14782888259505092	1205.631343260702	0.5190276736301498	0.6038367002927196	0.7355828894474948
IL7	Day*Allocation*srf14	Day7 Placebo No - Day1 Placebo Yes	0	0.15157340041845827	0.16135724000568205	1173.7399723243666	0.9393653511495409	0.3477364622255843	0.43145079572433603
IL7	Day*Allocation*srf14	Day7 Placebo No - Day4 Placebo Yes	0	-0.24834396470600595	0.16619808263445932	1231.2699875862165	-1.494264920325348	0.1353626102891847	0.2015398864305639
IL7	Day*Allocation*srf14	Day7 Placebo No - Day7 Placebo Yes	0	-0.08210886464061663	0.16611347368324794	1230.510429324038	-0.4942938271051102	0.6211869117332417	0.7432057693951284
IL7	Day*Allocation*srf14	Day1 Anakinra Yes - Day4 Anakinra Yes	0	-0.12306090718228921	0.12279694015769362	1069.862368715244	-1.0021496221669417	0.3164979372763013	0.41579140779435664
IL7	Day*Allocation*srf14	Day1 Anakinra Yes - Day7 Anakinra Yes	0	-0.04533235629609792	0.12193890520667164	1072.5354508792925	-0.3717628612399388	0.7101428497976354	0.7434307958818995
IL7	Day*Allocation*srf14	Day1 Anakinra Yes - Day1 Placebo Yes	0	0.029513763093706506	0.17414312395149187	1186.2009333214592	0.1694799221698105	0.8654480608282322	0.9668895255885167
IL7	Day*Allocation*srf14	Day1 Anakinra Yes - Day4 Placebo Yes	0	-0.37040360203075773	0.17864675186535794	1235.6062146636812	-2.0733855956693947	0.038343232226042766	0.10586918363741539
IL7	Day*Allocation*srf14	Day1 Anakinra Yes - Day7 Placebo Yes	0	-0.20416850196536837	0.17864299403357814	1235.7219680965975	-1.1428855806513878	0.25330747466058495	0.3263769385049845
IL7	Day*Allocation*srf14	Day4 Anakinra Yes - Day7 Anakinra Yes	0	0.07772855088619128	0.12309467571414935	1046.9149926895836	0.6314533950005493	0.5278819569140436	0.7525125768774664
IL7	Day*Allocation*srf14	Day4 Anakinra Yes - Day1 Placebo Yes	0	0.15257467027599572	0.17622550196592807	1207.39578310619	0.8657922296938325	0.38677611111974075	0.5398749884379714
IL7	Day*Allocation*srf14	Day4 Anakinra Yes - Day4 Placebo Yes	0	-0.2473426948484685	0.18067780478932297	1254.555095900422	-1.368971109300776	0.1712533508374258	0.44740482011467014
IL7	Day*Allocation*srf14	Day4 Anakinra Yes - Day7 Placebo Yes	0	-0.08110759478307916	0.1806739598697525	1254.6598013365237	-0.44891690447007127	0.6535691259534049	0.7816147051635711
IL7	Day*Allocation*srf14	Day7 Anakinra Yes - Day1 Placebo Yes	0	0.07484611938980443	0.17540904650703046	1198.070371711888	0.42669475081380465	0.6696783344441088	0.7664214515742764
IL7	Day*Allocation*srf14	Day7 Anakinra Yes - Day4 Placebo Yes	0	-0.3250712457346598	0.1798791298542732	1246.0960591613562	-1.8071648778711134	0.07097767564237012	0.26419468155771103
IL7	Day*Allocation*srf14	Day7 Anakinra Yes - Day7 Placebo Yes	0	-0.15883614566927046	0.17988019911863248	1246.3863505914817	-0.8830107285155755	0.3774007500969625	0.9309787269339678
IL7	Day*Allocation*srf14	Day1 Placebo Yes - Day4 Placebo Yes	0	-0.3999173651244642	0.14383748099595198	1067.7936753373567	-2.7803418299276186	0.0055256034132489034	0.018446106671266758
IL7	Day*Allocation*srf14	Day1 Placebo Yes - Day7 Placebo Yes	0	-0.23368226505907488	0.1438449122494949	1067.5953030092828	-1.6245431374990842	0.10455511395261595	0.14904665180479296
IL7	Day*Allocation*srf14	Day4 Placebo Yes - Day7 Placebo Yes	0	0.16623510006538933	0.14784497826473297	1060.3990492282328	1.124387869080861	0.2611029728533788	0.47280808597774
OPG	Day*Allocation*srf14	Day1 Anakinra No - Day4 Anakinra No	0	0.42374613385607696	0.05008150500084801	1034.493895399334	8.461130188657506	8.946755337289506e-17	3.3301811533244273e-16
OPG	Day*Allocation*srf14	Day1 Anakinra No - Day7 Anakinra No	0	0.7054388766149484	0.050497012975508564	1038.6086347592084	13.969912972022556	9.070041515627142e-41	4.674559858053989e-40
OPG	Day*Allocation*srf14	Day1 Anakinra No - Day1 Placebo No	0	0.11671106148845878	0.09188264471242974	1161.7741111197126	1.2702187867331847	0.20426103600586915	0.9893930626752736
OPG	Day*Allocation*srf14	Day1 Anakinra No - Day4 Placebo No	0	0.4861917718930931	0.09092541922846842	1137.9105223866427	5.3471490812864815	1.0792708912045001e-7	6.573740882791046e-7
OPG	Day*Allocation*srf14	Day1 Anakinra No - Day7 Placebo No	0	0.49301371756724516	0.09213465882517004	1168.3338745761896	5.351012570663148	1.0519132912412124e-7	3.5239095256580616e-7
OPG	Day*Allocation*srf14	Day1 Anakinra No - Day1 Anakinra Yes	0	-0.2978141416633536	0.11038980200922523	1146.6482649763154	-2.697841070848786	0.007081488236541517	0.03649690091140628
OPG	Day*Allocation*srf14	Day1 Anakinra No - Day4 Anakinra Yes	0	-0.01988231665146209	0.11274360904657217	1186.4301380998916	-0.17634983321537184	0.8600492105234451	0.8865122631549356
OPG	Day*Allocation*srf14	Day1 Anakinra No - Day7 Anakinra Yes	0	0.0835209176995973	0.11182262283362258	1169.435083237001	0.7469053719466542	0.4552708197029143	0.5755310362282123
OPG	Day*Allocation*srf14	Day1 Anakinra No - Day1 Placebo Yes	0	-0.3308869098000108	0.12475712131663091	1133.2399027117642	-2.6522486757307173	0.008107430891169245	0.03879984783630996
OPG	Day*Allocation*srf14	Day1 Anakinra No - Day4 Placebo Yes	0	-0.23684694936990547	0.12922571602396454	1205.176133885011	-1.8328159182030215	0.06707653439048253	0.15138329280377566
OPG	Day*Allocation*srf14	Day1 Anakinra No - Day7 Placebo Yes	0	0.16386316775921264	0.12917575894869046	1204.6885855745747	1.268528778873289	0.20485424743191138	0.29837466473778396
OPG	Day*Allocation*srf14	Day4 Anakinra No - Day7 Anakinra No	0	0.28169274275887146	0.05065540940141199	1037.5258108908974	5.560960736229276	3.412201101919368e-8	1.4288592114287352e-7
OPG	Day*Allocation*srf14	Day4 Anakinra No - Day1 Placebo No	0	-0.3070350723676182	0.09200741987806235	1164.5315396127362	-3.3370686057117185	8.734077613683002e-4	0.0025442747831163526
OPG	Day*Allocation*srf14	Day4 Anakinra No - Day4 Placebo No	0	0.06244563803701615	0.09105154196304029	1140.789546218614	0.6858273532848476	0.49296133443069157	0.9152190012754137
OPG	Day*Allocation*srf14	Day4 Anakinra No - Day7 Placebo No	0	0.0692675837111682	0.09225992433010052	1171.1215442735643	0.7507873457963493	0.4529314690959587	0.5216405534415232
OPG	Day*Allocation*srf14	Day4 Anakinra No - Day1 Anakinra Yes	0	-0.7215602755194306	0.11051032439016317	1149.094517591595	-6.529347185444138	9.893442526527706e-11	6.02600590252142e-10
OPG	Day*Allocation*srf14	Day4 Anakinra No - Day4 Anakinra Yes	0	-0.4436284505075391	0.11286158335744553	1188.7002629660358	-3.930730345174381	8.957465362459754e-5	4.2867869948914536e-4
OPG	Day*Allocation*srf14	Day4 Anakinra No - Day7 Anakinra Yes	0	-0.34022521615647966	0.11194156843483419	1171.7876789141696	-3.0393107843092158	0.002423766659511672	0.00955249212866365
OPG	Day*Allocation*srf14	Day4 Anakinra No - Day1 Placebo Yes	0	-0.7546330436560877	0.12486520234555896	1135.2029973170195	-6.043581634278492	2.04135759350447e-9	9.769354197485679e-9
OPG	Day*Allocation*srf14	Day4 Anakinra No - Day4 Placebo Yes	0	-0.6605930832259824	0.12933008880245178	1206.9037080771427	-5.107806615945502	3.7848751529870197e-7	4.226443920835505e-6
OPG	Day*Allocation*srf14	Day4 Anakinra No - Day7 Placebo Yes	0	-0.25988296609686434	0.12927897380091638	1206.34271086954	-2.0102492962008816	0.04462706451976973	0.09343791633826787
OPG	Day*Allocation*srf14	Day7 Anakinra No - Day1 Placebo No	0	-0.5887278151264896	0.0922267935056382	1169.9339230417893	-6.383479168561773	2.4904988811400717e-10	1.042896406477405e-9
OPG	Day*Allocation*srf14	Day7 Anakinra No - Day4 Placebo No	0	-0.21924710472185532	0.09127222423976908	1146.3410843848874	-2.4021229519497687	0.016458537430900106	0.042412384918088734
OPG	Day*Allocation*srf14	Day7 Anakinra No - Day7 Placebo No	0	-0.21242515904770326	0.09247965415302177	1176.5076109508948	-2.296993441348875	0.021794113047004876	0.29024415321245195
OPG	Day*Allocation*srf14	Day7 Anakinra No - Day1 Anakinra Yes	0	-1.003253018278302	0.11070849779354952	1152.9683349592262	-9.062113914228876	5.349661932527042e-19	3.982526105325687e-18
OPG	Day*Allocation*srf14	Day7 Anakinra No - Day4 Anakinra Yes	0	-0.7253211932664105	0.11305530732751515	1192.2800303001713	-6.415631520643202	2.0182883087923511e-10	1.5025035187676391e-9
OPG	Day*Allocation*srf14	Day7 Anakinra No - Day7 Anakinra Yes	0	-0.6219179589153512	0.11213551555730096	1175.4114309742795	-5.546128323613519	3.605090757683366e-8	3.4505868680683646e-7
OPG	Day*Allocation*srf14	Day7 Anakinra No - Day1 Placebo Yes	0	-1.0363257864149593	0.12504434549353652	1138.3434747189194	-8.28766612616263	3.219861549174308e-16	1.961188398133442e-15
OPG	Day*Allocation*srf14	Day7 Anakinra No - Day4 Placebo Yes	0	-0.9422858259848539	0.12950131803444295	1209.5785939815048	-7.2762643677050285	6.155435831778359e-13	8.248284014583e-12
OPG	Day*Allocation*srf14	Day7 Anakinra No - Day7 Placebo Yes	0	-0.5415757088557358	0.1294535939078147	1209.1804746223952	-4.183550973806087	3.077300128394189e-5	1.4727079185886477e-4
OPG	Day*Allocation*srf14	Day1 Placebo No - Day4 Placebo No	0	0.3694807104046343	0.07941805056951975	1036.1228568711365	4.652351798552446	3.706218304602668e-6	1.2415831320418937e-5
OPG	Day*Allocation*srf14	Day1 Placebo No - Day7 Placebo No	0	0.3763026560787864	0.08082205579873691	1045.2962924499752	4.655940168310681	3.639696175760399e-6	7.389686175028689e-6
OPG	Day*Allocation*srf14	Day1 Placebo No - Day1 Anakinra Yes	0	-0.4145252031518124	0.1256393774409262	1161.943007865156	-3.2993255107994792	9.985692319039782e-4	0.0442433066508597
OPG	Day*Allocation*srf14	Day1 Placebo No - Day4 Anakinra Yes	0	-0.13659337813992087	0.12770330492353404	1192.4393565962532	-1.0696150598585525	0.2850090766198789	0.41512191594634534
OPG	Day*Allocation*srf14	Day1 Placebo No - Day7 Anakinra Yes	0	-0.03319014378886148	0.12689282294221577	1179.4113224124624	-0.26156044935634815	0.7937060085487364	0.9308402312078153
OPG	Day*Allocation*srf14	Day1 Placebo No - Day1 Placebo Yes	0	-0.44759797128846956	0.1385472195462432	1146.8289380508922	-3.2306528615615693	0.0012701667531550504	0.012288201699650938
OPG	Day*Allocation*srf14	Day1 Placebo No - Day4 Placebo Yes	0	-0.35355801085836425	0.14259303708761553	1205.2097978848865	-2.4794900093271903	0.013292935083832417	0.040483029573489634
OPG	Day*Allocation*srf14	Day1 Placebo No - Day7 Placebo Yes	0	0.04715210627075386	0.14252124691196086	1204.4123122723356	0.3308426448154847	0.7408208937078009	0.8557758599728045
OPG	Day*Allocation*srf14	Day4 Placebo No - Day7 Placebo No	0	0.0068219456741520496	0.07966637663969207	1037.2172025731488	0.08563142899049786	0.9317759396380345	0.9317759396380345
OPG	Day*Allocation*srf14	Day4 Placebo No - Day1 Anakinra Yes	0	-0.7840059135564468	0.12495490778332977	1149.2261011506398	-6.274310689067956	4.965094080473034e-10	3.6962367043521478e-9
OPG	Day*Allocation*srf14	Day4 Placebo No - Day4 Anakinra Yes	0	-0.5060740885445552	0.12703040671984878	1180.44868620673	-3.9838815100438465	7.1948895398603e-5	6.886537131009144e-4
OPG	Day*Allocation*srf14	Day4 Placebo No - Day7 Anakinra Yes	0	-0.4026708541934958	0.12621460548201335	1167.0799410533425	-3.1903665400347014	0.0014587755732829672	0.007518304877689139
OPG	Day*Allocation*srf14	Day4 Placebo No - Day1 Placebo Yes	0	-0.8170786816931039	0.1379252520047606	1136.3466049140798	-5.924068796806706	4.157821231113829e-9	2.3214501873718875e-8
OPG	Day*Allocation*srf14	Day4 Placebo No - Day4 Placebo Yes	0	-0.7230387212629985	0.1419873322920963	1195.720653518592	-5.092276258670481	4.1070001038127634e-7	4.5861501159242525e-6
OPG	Day*Allocation*srf14	Day4 Placebo No - Day7 Placebo Yes	0	-0.3223286041338805	0.14191834672596848	1195.0237255026182	-2.2712257545972396	0.02331055931465691	0.06971154738389322
OPG	Day*Allocation*srf14	Day7 Placebo No - Day1 Anakinra Yes	0	-0.7908278592305988	0.12565061106606176	1162.359603287161	-6.293864013242364	4.3793408393064045e-10	1.9561055748901943e-9
OPG	Day*Allocation*srf14	Day7 Placebo No - Day4 Anakinra Yes	0	-0.5128960342187072	0.12771327026043985	1192.7876673427807	-4.01599640485896	6.289391396492872e-5	2.478760138617779e-4
OPG	Day*Allocation*srf14	Day7 Placebo No - Day7 Anakinra Yes	0	-0.40949279986764786	0.12690288085330534	1179.7711181858697	-3.2268203614778863	0.001286148412651517	0.005068937861626568
OPG	Day*Allocation*srf14	Day7 Placebo No - Day1 Placebo Yes	0	-0.823900627367256	0.13857589158912811	1147.4773244250441	-5.945483142263215	3.653546676330841e-9	1.7484830522440452e-8
OPG	Day*Allocation*srf14	Day7 Placebo No - Day4 Placebo Yes	0	-0.7298606669371506	0.14262231459220973	1205.8638814076405	-5.1174367000282635	3.6010600155638186e-7	4.352402531819533e-6
OPG	Day*Allocation*srf14	Day7 Placebo No - Day7 Placebo Yes	0	-0.3291505498080325	0.14255119822943754	1205.069080077208	-2.308998829166357	0.0211121524996902	0.0523894154621942
OPG	Day*Allocation*srf14	Day1 Anakinra Yes - Day4 Anakinra Yes	0	0.2779318250118915	0.10359011573140432	1067.4808912497842	2.682995602906097	0.007409372853521996	0.01601380584470883
OPG	Day*Allocation*srf14	Day1 Anakinra Yes - Day7 Anakinra Yes	0	0.3813350593629509	0.10287013149920611	1070.199467301672	3.706956079529206	2.205137572087418e-4	5.472008049253963e-4
OPG	Day*Allocation*srf14	Day1 Anakinra Yes - Day1 Placebo Yes	0	-0.03307276813665719	0.14953181131900498	1159.753904553086	-0.22117546657748371	0.8249947444254286	0.9668895255885167
OPG	Day*Allocation*srf14	Day1 Anakinra Yes - Day4 Placebo Yes	0	0.06096719229344817	0.15329645472354675	1209.9653229219437	0.397707777413351	0.6909157568415523	0.7685163904106364
OPG	Day*Allocation*srf14	Day1 Anakinra Yes - Day7 Placebo Yes	0	0.46167730942256624	0.15329300941795482	1210.0663477817177	3.0117310057094566	0.002651539306434441	0.0074022138971294804
OPG	Day*Allocation*srf14	Day4 Anakinra Yes - Day7 Anakinra Yes	0	0.10340323435105939	0.1038087435545917	1045.0357174853705	0.9960936893208898	0.31943520754232124	0.535053972633388
OPG	Day*Allocation*srf14	Day4 Anakinra Yes - Day1 Placebo Yes	0	-0.3110045931485487	0.1512764091815683	1181.4159453386403	-2.0558697475114442	0.040014415672092435	0.09424809556754542
OPG	Day*Allocation*srf14	Day4 Anakinra Yes - Day4 Placebo Yes	0	-0.21696463271844335	0.15499913228137538	1229.4989623888148	-1.3997796602149992	0.161831573180637	0.44740482011467014
OPG	Day*Allocation*srf14	Day4 Anakinra Yes - Day7 Placebo Yes	0	0.18374548441067473	0.15499563033591626	1229.5907931242543	1.1854881586819574	0.23605354408158635	0.4792602258626147
OPG	Day*Allocation*srf14	Day7 Anakinra Yes - Day1 Placebo Yes	0	-0.41440782749960814	0.1505945004450324	1171.9691212765576	-2.7518124916578124	0.006018033194993197	0.016800342669356007
OPG	Day*Allocation*srf14	Day7 Anakinra Yes - Day4 Placebo Yes	0	-0.32036786706950277	0.15433175042693809	1220.8658239817291	-2.0758390038553185	0.03811775140011933	0.19645302644676887
OPG	Day*Allocation*srf14	Day7 Anakinra Yes - Day7 Placebo Yes	0	0.08034225005961534	0.15433209668491088	1221.1304054104853	0.5205803056226505	0.6027535450268671	0.9309787269339678
OPG	Day*Allocation*srf14	Day1 Placebo Yes - Day4 Placebo Yes	0	0.09403996043010536	0.12133659619663337	1065.7180246754322	0.7750337769299862	0.43849162759411886	0.5685522675283292
OPG	Day*Allocation*srf14	Day1 Placebo Yes - Day7 Placebo Yes	0	0.49475007755922346	0.12134254174131859	1065.527633285985	4.077301088796586	4.8951177520782795e-5	1.7261731020486564e-4
OPG	Day*Allocation*srf14	Day4 Placebo Yes - Day7 Placebo Yes	0	0.4007101171291181	0.12470423608438258	1058.1846039400875	3.2132839245169897	0.0013518918186606335	0.015096125308377072
LAP TGF-beta-1	Day*Allocation*srf14	Day1 Anakinra No - Day4 Anakinra No	0	0.06933577981041594	0.06080366900441435	1037.2630930371763	1.1403223020206588	0.25441527883200965	0.2840970613624108
LAP TGF-beta-1	Day*Allocation*srf14	Day1 Anakinra No - Day7 Anakinra No	0	-0.24287775089271016	0.06130016142324379	1041.8138297320345	-3.9621062205003557	7.934980008380845e-5	1.1075909595031596e-4
LAP TGF-beta-1	Day*Allocation*srf14	Day1 Anakinra No - Day1 Placebo No	0	0.1269639334382143	0.10729800270572643	1219.7050211773799	1.1832832880069846	0.23692747164953498	0.9893930626752736
LAP TGF-beta-1	Day*Allocation*srf14	Day1 Anakinra No - Day4 Placebo No	0	0.013237884029990626	0.1061068712464467	1196.216727499521	0.12475991304318038	0.9007345858540552	0.9242590055911887
LAP TGF-beta-1	Day*Allocation*srf14	Day1 Anakinra No - Day7 Placebo No	0	-0.12848732720533818	0.10761279400636724	1226.2146928344334	-1.193978173243377	0.232717430303417	0.2887419968579433
LAP TGF-beta-1	Day*Allocation*srf14	Day1 Anakinra No - Day1 Anakinra Yes	0	0.1944088711872581	0.12885218263012643	1203.83829539663	1.5087743740074149	0.13161884269247667	0.2939487486798646
LAP TGF-beta-1	Day*Allocation*srf14	Day1 Anakinra No - Day4 Anakinra Yes	0	0.14653378150779436	0.13174853076534324	1241.6135677488942	1.1122232684991764	0.2662574671598897	0.3909054906219339
LAP TGF-beta-1	Day*Allocation*srf14	Day1 Anakinra No - Day7 Anakinra Yes	0	-0.11520458257745836	0.1306087059835503	1225.2404174533087	-0.8820589845822986	0.37791791933031427	0.49648040382609915
LAP TGF-beta-1	Day*Allocation*srf14	Day1 Anakinra No - Day1 Placebo Yes	0	0.16147639703232503	0.14556533925617737	1190.4527229243904	1.1093052635843903	0.267522554223888	0.4371710032439145
LAP TGF-beta-1	Day*Allocation*srf14	Day1 Anakinra No - Day4 Placebo Yes	0	-0.1759173071260765	0.1510903850223239	1259.7904498606072	-1.1643183456054096	0.2445154677024534	0.39006038895391376
LAP TGF-beta-1	Day*Allocation*srf14	Day1 Anakinra No - Day7 Placebo Yes	0	0.09168534838676964	0.15103001770296873	1259.3985382083968	0.6070670571401743	0.5439158379779216	0.6539230970043208
LAP TGF-beta-1	Day*Allocation*srf14	Day4 Anakinra No - Day7 Anakinra No	0	-0.3122135307031261	0.061494450333004484	1040.7584518106203	-5.077100925570172	4.538309267311964e-7	1.322029221347398e-6
LAP TGF-beta-1	Day*Allocation*srf14	Day4 Anakinra No - Day1 Placebo No	0	0.057628153627798356	0.10745218465433443	1222.3558561104567	0.5363143970798153	0.5918388660601601	0.6836759314832884
LAP TGF-beta-1	Day*Allocation*srf14	Day4 Anakinra No - Day4 Placebo No	0	-0.056097895780425316	0.10626285037167851	1199.0120898181076	-0.5279163469096693	0.5976550799896214	0.9152190012754137
LAP TGF-beta-1	Day*Allocation*srf14	Day4 Anakinra No - Day7 Placebo No	0	-0.19782310701575412	0.10776770285473601	1228.900232994529	-1.8356437204791036	0.0666518833759266	0.13532352079354795
LAP TGF-beta-1	Day*Allocation*srf14	Day4 Anakinra No - Day1 Anakinra Yes	0	0.12507309137684217	0.12900199725631872	1206.250510344214	0.9695438368161845	0.33246827868280815	0.3907960468727745
LAP TGF-beta-1	Day*Allocation*srf14	Day4 Anakinra No - Day4 Anakinra Yes	0	0.07719800169737842	0.13189501494908307	1243.8240599223327	0.5852988585442751	0.5584529492102259	0.6564271508260551
LAP TGF-beta-1	Day*Allocation*srf14	Day4 Anakinra No - Day7 Anakinra Yes	0	-0.1845403623878743	0.13075651551229953	1227.5497927625736	-1.4113282360336044	0.1584012488285648	0.2721252223465087
LAP TGF-beta-1	Day*Allocation*srf14	Day4 Anakinra No - Day1 Placebo Yes	0	0.09214061722190908	0.14569975803578483	1192.3992455672103	0.6324006193564078	0.5272463702097155	0.5887584467341823
LAP TGF-beta-1	Day*Allocation*srf14	Day4 Anakinra No - Day4 Placebo Yes	0	-0.24525308693649245	0.15121994162560273	1261.4630014009829	-1.6218303240964165	0.1050895732474518	0.15306524799085372
LAP TGF-beta-1	Day*Allocation*srf14	Day4 Anakinra No - Day7 Placebo Yes	0	0.0223495685763537	0.15115786187196367	1260.9823743035088	0.1478558131186363	0.8824801988395745	0.8833858352534298
LAP TGF-beta-1	Day*Allocation*srf14	Day7 Anakinra No - Day1 Placebo No	0	0.36984168433092446	0.10772518771585779	1227.6520342614663	3.433196007106902	6.16382831009268e-4	0.0010324412419405239
LAP TGF-beta-1	Day*Allocation*srf14	Day7 Anakinra No - Day4 Placebo No	0	0.2561156349227008	0.10653754436945334	1204.4916693136415	2.4039941641092937	0.016367327398647154	0.042412384918088734
LAP TGF-beta-1	Day*Allocation*srf14	Day7 Anakinra No - Day7 Placebo No	0	0.11439042368737198	0.10804115569250453	1234.16744557374	1.058767124010947	0.2899130229848501	0.7321193133326226
LAP TGF-beta-1	Day*Allocation*srf14	Day7 Anakinra No - Day1 Anakinra Yes	0	0.43728662207996827	0.12924774580581358	1210.0228526995872	3.3833210734441996	7.390600642654849e-4	0.0011253869160406248
LAP TGF-beta-1	Day*Allocation*srf14	Day7 Anakinra No - Day4 Anakinra Yes	0	0.3894115324005045	0.13213496172731656	1247.2649008623396	2.947074168032249	0.003267600560437609	0.006081367709703328
LAP TGF-beta-1	Day*Allocation*srf14	Day7 Anakinra No - Day7 Anakinra Yes	0	0.1276731683152518	0.13099666115198313	1231.0422027975499	0.9746291790378123	0.3299357057578103	0.4334449467798684
LAP TGF-beta-1	Day*Allocation*srf14	Day7 Anakinra No - Day1 Placebo Yes	0	0.4043541479250352	0.1459220327185387	1195.4726947955935	2.7710287500241484	0.005674568933514103	0.008640820876032839
LAP TGF-beta-1	Day*Allocation*srf14	Day7 Anakinra No - Day4 Placebo Yes	0	0.06696044376663367	0.15143173087474415	1264.0042315411724	0.4421823839682556	0.658432878055593	0.6786923512265343
LAP TGF-beta-1	Day*Allocation*srf14	Day7 Anakinra No - Day7 Placebo Yes	0	0.3345630992794798	0.1513743709915376	1263.7078301435752	2.2101700379530107	0.027272028465085568	0.05537048203517373
LAP TGF-beta-1	Day*Allocation*srf14	Day1 Placebo No - Day4 Placebo No	0	-0.11372604940822367	0.09641578714768595	1039.2939239514146	-1.1795376335415126	0.2384540945555727	0.31952848670446743
LAP TGF-beta-1	Day*Allocation*srf14	Day1 Placebo No - Day7 Placebo No	0	-0.2554512606435525	0.09809194044482347	1049.4081536948584	-2.604202337981512	0.009338945383946504	0.013312964696264164
LAP TGF-beta-1	Day*Allocation*srf14	Day1 Placebo No - Day1 Anakinra Yes	0	0.06744493774904381	0.14671798413462822	1219.364763985153	0.45969100616292835	0.6458199724508036	0.8830599623306906
LAP TGF-beta-1	Day*Allocation*srf14	Day1 Placebo No - Day4 Anakinra Yes	0	0.019569848069580065	0.14925727568132086	1248.1974785717039	0.13111486847290205	0.8957055681312801	0.9092768646181176
LAP TGF-beta-1	Day*Allocation*srf14	Day1 Placebo No - Day7 Anakinra Yes	0	-0.24216851601567266	0.14825476366753398	1235.7125265547227	-1.6334619544417692	0.10262661530093872	0.17189958062907237
LAP TGF-beta-1	Day*Allocation*srf14	Day1 Placebo No - Day1 Placebo Yes	0	0.034512463594110726	0.16172005046109533	1204.2648066573533	0.2134086867751338	0.8310443278466296	0.8699995307144404
LAP TGF-beta-1	Day*Allocation*srf14	Day1 Placebo No - Day4 Placebo Yes	0	-0.3028812405642908	0.16672078521467779	1260.3363959374065	-1.8166975411871182	0.0695008783154209	0.14551746397291251
LAP TGF-beta-1	Day*Allocation*srf14	Day1 Placebo No - Day7 Placebo Yes	0	-0.035278585051444655	0.1666331670569235	1259.6288739030351	-0.2117140643398631	0.83236436439391	0.9225160683274197
LAP TGF-beta-1	Day*Allocation*srf14	Day4 Placebo No - Day7 Placebo No	0	-0.1417252112353288	0.09671389732535163	1040.5236625604284	-1.4654068872703607	0.14311203533700972	0.23386600896535734
LAP TGF-beta-1	Day*Allocation*srf14	Day4 Placebo No - Day1 Anakinra Yes	0	0.18117098715726748	0.14586491432900706	1206.8045450713892	1.2420463686601526	0.21446077123286592	0.2817425818157258
LAP TGF-beta-1	Day*Allocation*srf14	Day4 Placebo No - Day4 Anakinra Yes	0	0.13329589747780374	0.14841941126763075	1236.4745558558127	0.8981028582403133	0.36930555931774123	0.49486944948577327
LAP TGF-beta-1	Day*Allocation*srf14	Day4 Placebo No - Day7 Anakinra Yes	0	-0.12844246660744899	0.14740979866155576	1223.5929793984665	-0.8713292316635296	0.3837453378861233	0.5782545692061741
LAP TGF-beta-1	Day*Allocation*srf14	Day4 Placebo No - Day1 Placebo Yes	0	0.1482385130023344	0.16094504146568706	1193.8766546696675	0.9210505129723947	0.35721012911215966	0.42737640447347675
LAP TGF-beta-1	Day*Allocation*srf14	Day4 Placebo No - Day4 Placebo Yes	0	-0.1891551911560671	0.16596715078664917	1251.1121272318405	-1.1397146378636467	0.2546233558637851	0.3481584661810939
LAP TGF-beta-1	Day*Allocation*srf14	Day4 Placebo No - Day7 Placebo Yes	0	0.07844746435677902	0.16588336522314895	1250.5151783212716	0.47290736024826985	0.6363618024421591	0.7106040127270777
LAP TGF-beta-1	Day*Allocation*srf14	Day7 Placebo No - Day1 Anakinra Yes	0	0.3228961983925963	0.14673296404579284	1219.8223868874802	2.200570270575506	0.027953338358011236	0.03901820145805735
LAP TGF-beta-1	Day*Allocation*srf14	Day7 Placebo No - Day4 Anakinra Yes	0	0.27502110871313257	0.1492704999640753	1248.5753162689011	1.8424344313130958	0.06564860709740052	0.1047251589410913
LAP TGF-beta-1	Day*Allocation*srf14	Day7 Placebo No - Day7 Anakinra Yes	0	0.013282744627879818	0.14826813644803322	1236.1061767371853	0.08958596867868042	0.9286307476640789	0.9846158164782576
LAP TGF-beta-1	Day*Allocation*srf14	Day7 Placebo No - Day1 Placebo Yes	0	0.2899637242376632	0.1617566407138504	1204.9431121619052	1.7925923965657322	0.07328889402681513	0.10229908124576277
LAP TGF-beta-1	Day*Allocation*srf14	Day7 Placebo No - Day4 Placebo Yes	0	-0.047429979920738316	0.1667582622709161	1261.0147381275276	-0.28442356783307915	0.7761324978608256	0.7878920811617472
LAP TGF-beta-1	Day*Allocation*srf14	Day7 Placebo No - Day7 Placebo Yes	0	0.22017267559210782	0.1666714294147195	1260.3032211809807	1.3209983040600441	0.18674172247108686	0.32081270270673895
LAP TGF-beta-1	Day*Allocation*srf14	Day1 Anakinra Yes - Day4 Anakinra Yes	0	-0.047875089679463745	0.1256394942722882	1072.7015428049488	-0.3810512765652174	0.7032406538601258	0.7478908541052132
LAP TGF-beta-1	Day*Allocation*srf14	Day1 Anakinra Yes - Day7 Anakinra Yes	0	-0.3096134537647165	0.12475626412108815	1075.3054111355286	-2.481746755932082	0.013225887824748088	0.021613036201417607
LAP TGF-beta-1	Day*Allocation*srf14	Day1 Anakinra Yes - Day1 Placebo Yes	0	-0.032932474154933083	0.17460840643866501	1217.5460318805265	-0.18860760960269876	0.8504317996965275	0.9668895255885167
LAP TGF-beta-1	Day*Allocation*srf14	Day1 Anakinra Yes - Day4 Placebo Yes	0	-0.3703261783133346	0.17926147119500785	1265.608871832316	-2.065843685453629	0.039046383151773	0.10586918363741539
LAP TGF-beta-1	Day*Allocation*srf14	Day1 Anakinra Yes - Day7 Placebo Yes	0	-0.10272352280048846	0.17925804938456377	1265.7418559496748	-0.5730483130501707	0.5667137676342981	0.6546521108878961
LAP TGF-beta-1	Day*Allocation*srf14	Day4 Anakinra Yes - Day7 Anakinra Yes	0	-0.26173836408525275	0.12599129853448932	1049.196505942035	-2.0774320697520516	0.03800449603191151	0.11002474207753131
LAP TGF-beta-1	Day*Allocation*srf14	Day4 Anakinra Yes - Day1 Placebo Yes	0	0.014942615524530661	0.17675414176526438	1238.0234992863923	0.0845389837844647	0.9326415771832806	0.9326415771832806
LAP TGF-beta-1	Day*Allocation*srf14	Day4 Anakinra Yes - Day4 Placebo Yes	0	-0.32245108863387084	0.18135280394377534	1283.726139316253	-1.7780319996256584	0.0756352556496784	0.4222968440440377
LAP TGF-beta-1	Day*Allocation*srf14	Day4 Anakinra Yes - Day7 Placebo Yes	0	-0.05484843312102472	0.18134926555796851	1283.845676931363	-0.3024464033657327	0.7623607766633702	0.8381835442341468
LAP TGF-beta-1	Day*Allocation*srf14	Day7 Anakinra Yes - Day1 Placebo Yes	0	0.2766809796097834	0.17590976493256208	1228.9155511460376	1.572857423326406	0.11600923750200756	0.17665042983260243
LAP TGF-beta-1	Day*Allocation*srf14	Day7 Anakinra Yes - Day4 Placebo Yes	0	-0.06071272454861813	0.18052726420353732	1275.5382198869402	-0.3363077860647517	0.7366940953014394	0.8294605188192528
LAP TGF-beta-1	Day*Allocation*srf14	Day7 Anakinra Yes - Day7 Placebo Yes	0	0.206889930964228	0.18052920354368607	1275.8581154597314	1.1460191863869988	0.25200210989485206	0.7681379674748076
LAP TGF-beta-1	Day*Allocation*srf14	Day1 Placebo Yes - Day4 Placebo Yes	0	-0.33739370415840153	0.14717226473639483	1070.245661940101	-2.2925087465543776	0.022069638937356292	0.049288860293429056
LAP TGF-beta-1	Day*Allocation*srf14	Day1 Placebo Yes - Day7 Placebo Yes	0	-0.06979104864555538	0.14718034660833465	1070.038007790603	-0.47418728283931894	0.6354631058951006	0.6758099697614561
LAP TGF-beta-1	Day*Allocation*srf14	Day4 Placebo Yes - Day7 Placebo Yes	0	0.2676026555128461	0.15129061236037486	1063.0610748944757	1.7687988126812224	0.07721416962616218	0.2586674682476433
uPA	Day*Allocation*srf14	Day1 Anakinra No - Day4 Anakinra No	0	0.5036884290206831	0.057523320623662826	1035.6845400658442	8.756247441207098	8.089218995360466e-18	3.8712690906367944e-17
uPA	Day*Allocation*srf14	Day1 Anakinra No - Day7 Anakinra No	0	0.49238357174783765	0.057997357951356104	1039.9865490359439	8.489758656951453	7.064654081486864e-17	1.7530808276282218e-16
uPA	Day*Allocation*srf14	Day1 Anakinra No - Day1 Placebo No	0	0.018457212619827596	0.10372990144694988	1186.9635363820842	0.17793531433428658	0.8588041378062045	0.9893930626752736
uPA	Day*Allocation*srf14	Day1 Anakinra No - Day4 Placebo No	0	0.5422846891042362	0.10261804384023092	1163.177153597291	5.284496457061054	1.5040929296775945e-7	8.397852190699902e-7
uPA	Day*Allocation*srf14	Day1 Anakinra No - Day7 Placebo No	0	0.3866573732418333	0.10402310437233607	1193.5244985457691	3.7170335914783665	2.1091767166156445e-4	4.0375668575213765e-4
uPA	Day*Allocation*srf14	Day1 Anakinra No - Day1 Anakinra Yes	0	-0.26471080198098457	0.1245991195239911	1171.4814426762428	-2.1244997797116496	0.03383732115650414	0.10114326194177803
uPA	Day*Allocation*srf14	Day1 Anakinra No - Day4 Anakinra Yes	0	0.2087067302908196	0.12731984339998756	1210.523072548749	1.6392317545910522	0.10142484056106935	0.18876289771087906
uPA	Day*Allocation*srf14	Day1 Anakinra No - Day7 Anakinra Yes	0	0.1954200755830478	0.12625261285539685	1193.74023964946	1.5478497526769743	0.12192352855971693	0.20422191033752587
uPA	Day*Allocation*srf14	Day1 Anakinra No - Day1 Placebo Yes	0	-0.29724677459916665	0.14079158504851702	1158.0275208290627	-2.111253840183239	0.03496432779953843	0.11713049812845375
uPA	Day*Allocation*srf14	Day1 Anakinra No - Day4 Placebo Yes	0	0.22285681631357823	0.14596753617646674	1229.0784349626097	1.5267560318628421	0.12707897146630678	0.2365080857845154
uPA	Day*Allocation*srf14	Day1 Anakinra No - Day7 Placebo Yes	0	0.2653556861114693	0.1459102308593375	1228.6302640393615	1.8186228926419927	0.06921235299057024	0.12881187917689463
uPA	Day*Allocation*srf14	Day4 Anakinra No - Day7 Anakinra No	0	-0.01130485727284547	0.0581801183341746	1038.9131494403625	-0.19430791130249514	0.8459727782909867	0.8720027099307093
uPA	Day*Allocation*srf14	Day4 Anakinra No - Day1 Placebo No	0	-0.48523121640085554	0.10387439192011998	1189.6844660786815	-4.671326661281456	3.333205740973468e-6	1.7178829588094028e-5
uPA	Day*Allocation*srf14	Day4 Anakinra No - Day4 Placebo No	0	0.0385962600835531	0.10276414857361499	1166.029969533979	0.3755809844121339	0.7072967421268532	0.9152190012754137
uPA	Day*Allocation*srf14	Day4 Anakinra No - Day7 Placebo No	0	-0.11703105577884984	0.10416821015951656	1196.2775752277475	-1.123481488254775	0.2614584640768362	0.3981299339351824
uPA	Day*Allocation*srf14	Day4 Anakinra No - Day1 Anakinra Yes	0	-0.7683992310016676	0.12473904336581292	1173.9211000265943	-6.160053903477841	9.973784117641346e-10	4.773168113442644e-9
uPA	Day*Allocation*srf14	Day4 Anakinra No - Day4 Anakinra Yes	0	-0.2949816987298635	0.12745674116004882	1212.7747786077691	-2.3143671809359363	0.02081399625373471	0.048087508586214675
uPA	Day*Allocation*srf14	Day4 Anakinra No - Day7 Anakinra Yes	0	-0.3082683534376353	0.1263906853042685	1196.0816966755158	-2.439011646273781	0.014872118519470538	0.041517997533521915
uPA	Day*Allocation*srf14	Day4 Anakinra No - Day1 Placebo Yes	0	-0.8009352036198497	0.1409170927271386	1159.989873973492	-5.683733521033685	1.665946435558624e-8	6.976150698901738e-8
uPA	Day*Allocation*srf14	Day4 Anakinra No - Day4 Placebo Yes	0	-0.2808316127071049	0.14608863399687663	1230.7877835969273	-1.9223371799965563	0.05479394635202674	0.0895413269655071
uPA	Day*Allocation*srf14	Day4 Anakinra No - Day7 Placebo Yes	0	-0.23833274290921377	0.14602987747341434	1230.2595685886245	-1.6320820576775719	0.10291811465394077	0.19089230667877816
uPA	Day*Allocation*srf14	Day7 Anakinra No - Day1 Placebo No	0	-0.47392635912801007	0.10412921132124558	1195.0601588285358	-4.551329575193992	5.87486737700384e-6	1.3572969457215766e-5
uPA	Day*Allocation*srf14	Day7 Anakinra No - Day4 Placebo No	0	0.04990111735639857	0.10302051511522244	1171.5700838889493	0.4843803906492516	0.6282064699819911	0.7014972248132235
uPA	Day*Allocation*srf14	Day7 Anakinra No - Day7 Placebo No	0	-0.10572619850600437	0.10442344676521044	1201.6316119755527	-1.0124756630924383	0.31151449924526803	0.7321193133326226
uPA	Day*Allocation*srf14	Day7 Anakinra No - Day1 Anakinra Yes	0	-0.7570943737288223	0.12496888694773013	1177.7647283639828	-6.058262918237296	1.8486950077113142e-9	6.193128275832903e-9
uPA	Day*Allocation*srf14	Day7 Anakinra No - Day4 Anakinra Yes	0	-0.28367684145701805	0.12768130580539136	1216.3067043186234	-2.221757051023516	0.026483198903886857	0.04032668924000953
uPA	Day*Allocation*srf14	Day7 Anakinra No - Day7 Anakinra Yes	0	-0.29696349616478984	0.12661547940498183	1199.6612701496542	-2.345396452000524	0.019169076779664267	0.03777435718345606
uPA	Day*Allocation*srf14	Day7 Anakinra No - Day1 Placebo Yes	0	-0.7896303463470042	0.14112491698706123	1163.1125115376196	-5.595258181228195	2.7452260959248676e-8	9.68053412773506e-8
uPA	Day*Allocation*srf14	Day7 Anakinra No - Day4 Placebo Yes	0	-0.2695267554342594	0.1462870046531752	1233.4140952642288	-1.8424518026961272	0.0656489795921243	0.09358471558877295
uPA	Day*Allocation*srf14	Day7 Anakinra No - Day7 Placebo Yes	0	-0.2270278856363683	0.14623238575814482	1233.0583502324987	-1.5525144068418055	0.12079579937439411	0.18821671065312573
uPA	Day*Allocation*srf14	Day1 Placebo No - Day4 Placebo No	0	0.5238274764844086	0.09121707618434426	1037.4823105650653	5.742647083160007	1.223547115749295e-8	6.305973596554059e-8
uPA	Day*Allocation*srf14	Day1 Placebo No - Day7 Placebo No	0	0.36820016062200567	0.09281823791300065	1047.0603459404367	3.966894533885926	7.777079508060489e-5	1.447400908444591e-4
uPA	Day*Allocation*srf14	Day1 Placebo No - Day1 Anakinra Yes	0	-0.28316801460081215	0.14183936625594654	1186.9221348922151	-1.9963993218204363	0.04611857675429427	0.19277343507106146
uPA	Day*Allocation*srf14	Day1 Placebo No - Day4 Anakinra Yes	0	0.19024951767099202	0.1442248750411778	1216.7977404276842	1.319117230066406	0.18737810131283522	0.313858319698999
uPA	Day*Allocation*srf14	Day1 Placebo No - Day7 Anakinra Yes	0	0.1769628629632202	0.14328591683793332	1203.9602555510214	1.2350331900613647	0.21705911355811486	0.33052183200894764
uPA	Day*Allocation*srf14	Day1 Placebo No - Day1 Placebo Yes	0	-0.31570398721899423	0.15638132438468144	1171.7561539834112	-2.0188087577669824	0.043734512774313374	0.13953392170852363
uPA	Day*Allocation*srf14	Day1 Placebo No - Day4 Placebo Yes	0	0.20439960369375063	0.16106693544106826	1229.3339565724239	1.2690351569303748	0.20466874040216418	0.3537454560397789
uPA	Day*Allocation*srf14	Day1 Placebo No - Day7 Placebo Yes	0	0.24689847349164173	0.1609842394917925	1228.5725370976954	1.5336810253666442	0.12536560350543344	0.22103935354905369
uPA	Day*Allocation*srf14	Day4 Placebo No - Day7 Placebo No	0	-0.15562731586240294	0.09150094608470886	1038.6343586238997	-1.7008273960176081	0.08927473944732955	0.15336942417874563
uPA	Day*Allocation*srf14	Day4 Placebo No - Day1 Anakinra Yes	0	-0.8069954910852208	0.14104378475057414	1174.2283535305535	-5.721595549299352	1.3383018478749959e-8	6.897401831355748e-8
uPA	Day*Allocation*srf14	Day4 Placebo No - Day4 Anakinra Yes	0	-0.3335779588134166	0.1434430674765714	1204.8812716248476	-2.325507706169906	0.020210179104592413	0.05416328000030767
uPA	Day*Allocation*srf14	Day4 Placebo No - Day7 Anakinra Yes	0	-0.3468646135211884	0.14249773455595213	1191.6776866997106	-2.434176336922683	0.01507181108005239	0.04808625439826239
uPA	Day*Allocation*srf14	Day4 Placebo No - Day1 Placebo Yes	0	-0.8395314637034028	0.15565845566298375	1161.2781011358913	-5.393420229743722	8.370960792260724e-8	3.739029153876457e-7
uPA	Day*Allocation*srf14	Day4 Placebo No - Day4 Placebo Yes	0	-0.319427872790658	0.16036342805179565	1219.9267010221624	-1.9918997533994236	0.04660467611107403	0.08439225133626918
uPA	Day*Allocation*srf14	Day4 Placebo No - Day7 Placebo Yes	0	-0.2769290029927669	0.1602841270571287	1219.2703794647846	-1.7277381614591412	0.08428839451206686	0.17849764268101304
uPA	Day*Allocation*srf14	Day7 Placebo No - Day1 Anakinra Yes	0	-0.6513681752228179	0.1418528157445799	1187.3575676962007	-4.591859328303156	4.860828732273332e-6	1.3027021002492532e-5
uPA	Day*Allocation*srf14	Day7 Placebo No - Day4 Anakinra Yes	0	-0.17795064295101368	0.14423678035683685	1217.1598116016905	-1.2337397057170154	0.21753809151365458	0.2915010426282972
uPA	Day*Allocation*srf14	Day7 Placebo No - Day7 Anakinra Yes	0	-0.19123729765878547	0.1432979424073447	1204.3356146700378	-1.334543221249935	0.18227814342531004	0.2713919024332394
uPA	Day*Allocation*srf14	Day7 Placebo No - Day1 Placebo Yes	0	-0.683904147841	0.1564149941924245	1172.419435306171	-4.372369486518978	1.3381372575696385e-5	3.735633177381908e-5
uPA	Day*Allocation*srf14	Day7 Placebo No - Day4 Placebo Yes	0	-0.16380055692825504	0.1611013610723347	1230.0006087894237	-1.0167546433993715	0.3094701146338811	0.406558778048432
uPA	Day*Allocation*srf14	Day7 Placebo No - Day7 Placebo Yes	0	-0.12130168713036393	0.16101942906250818	1229.2391620211458	-0.7533357175380014	0.4513924582312626	0.6574629282933607
uPA	Day*Allocation*srf14	Day1 Anakinra Yes - Day4 Anakinra Yes	0	0.47341753227180416	0.11893069810320167	1069.742511738895	3.9806167778566124	7.337509482844713e-5	2.8918419726505634e-4
uPA	Day*Allocation*srf14	Day1 Anakinra Yes - Day7 Anakinra Yes	0	0.46013087756403237	0.11809989653605428	1072.4181580222287	3.896115839725234	1.0380151545175758e-4	3.023783276203373e-4
uPA	Day*Allocation*srf14	Day1 Anakinra Yes - Day1 Placebo Yes	0	-0.03253597261818207	0.1688078532240735	1184.8725008843037	-0.1927396859611396	0.847195871104115	0.9668895255885167
uPA	Day*Allocation*srf14	Day1 Anakinra Yes - Day4 Placebo Yes	0	0.4875676182945628	0.1731677718143011	1234.3253861412616	2.8155794417532425	0.0049463770419603415	0.022093817454089525
uPA	Day*Allocation*srf14	Day1 Anakinra Yes - Day7 Placebo Yes	0	0.5300664880924539	0.17316411595547915	1234.4404020145778	3.0610642693936376	0.002253151069236938	0.006563527027777167
uPA	Day*Allocation*srf14	Day4 Anakinra Yes - Day7 Anakinra Yes	0	-0.013286654707771808	0.11921717712729088	1046.8196638597194	-0.1114491638531698	0.9112815404285184	0.9481502616030635
uPA	Day*Allocation*srf14	Day4 Anakinra Yes - Day1 Placebo Yes	0	-0.5059535048899862	0.17082401079361018	1206.0938414898426	-2.961840683516558	0.003117948558055406	0.01392683689264748
uPA	Day*Allocation*srf14	Day4 Anakinra Yes - Day4 Placebo Yes	0	0.01415008602275862	0.1751342980874338	1253.3062331528918	0.08079563042354132	0.9356173827051877	0.9722401686198228
uPA	Day*Allocation*srf14	Day4 Anakinra Yes - Day7 Placebo Yes	0	0.05664895582064973	0.17513055890820237	1253.4102980069194	0.3234669961302598	0.7463955577894795	0.8381835442341468
uPA	Day*Allocation*srf14	Day7 Anakinra Yes - Day1 Placebo Yes	0	-0.49266685018221446	0.1700336414737919	1196.7609847162325	-2.8974669125000863	0.0038304063163051966	0.011665328326929462
uPA	Day*Allocation*srf14	Day7 Anakinra Yes - Day4 Placebo Yes	0	0.02743674073053043	0.1743611228200608	1244.8372525115806	0.15735583877172502	0.8749899336539085	0.9160050867939356
uPA	Day*Allocation*srf14	Day7 Anakinra Yes - Day7 Placebo Yes	0	0.06993561052842154	0.1743621255791472	1245.1262651033826	0.4010940466350077	0.688419703906813	0.9309787269339678
uPA	Day*Allocation*srf14	Day1 Placebo Yes - Day4 Placebo Yes	0	0.5201035909127448	0.13930859051470904	1067.6896255055703	3.733463880375914	1.9883359703194505e-4	0.0010247577693184861
uPA	Day*Allocation*srf14	Day1 Placebo Yes - Day7 Placebo Yes	0	0.562602460710636	0.13931576891956923	1067.491650914258	4.038325776570502	5.7684531304730875e-5	1.9324317987084845e-4
uPA	Day*Allocation*srf14	Day4 Placebo Yes - Day7 Placebo Yes	0	0.04249886979789111	0.14318917202908216	1060.287198881123	0.2968022595260168	0.7666756110086923	0.8431894494798821
IL6	Day*Allocation*srf14	Day1 Anakinra No - Day4 Anakinra No	0	0.5483625620836117	0.051548847582689176	1034.7824284386802	10.63772689009171	3.751105485382939e-25	3.1415508440082115e-24
IL6	Day*Allocation*srf14	Day1 Anakinra No - Day7 Anakinra No	0	0.9906863785940888	0.05197583568859804	1038.942514484376	19.060518517288912	1.0802178960466691e-69	1.8093649758781709e-68
IL6	Day*Allocation*srf14	Day1 Anakinra No - Day1 Placebo No	0	-0.09264465338026828	0.09417259292810354	1167.9133418968147	-0.9837751143902158	0.3254298485139343	0.9893930626752736
IL6	Day*Allocation*srf14	Day1 Anakinra No - Day4 Placebo No	0	0.4483717174619263	0.0931845521590749	1144.056729851493	4.811652865986984	1.696906544711642e-6	8.120909892548573e-6
IL6	Day*Allocation*srf14	Day1 Anakinra No - Day7 Placebo No	0	0.6214451318905272	0.09443282265187813	1174.4765540931496	6.580817076510076	7.033031332481923e-11	4.712130992762889e-10
IL6	Day*Allocation*srf14	Day1 Anakinra No - Day1 Anakinra Yes	0	-0.48712221947132905	0.11313564614432607	1152.6961461566743	-4.305647566195997	1.8064950556584083e-5	0.0010772619445455767
IL6	Day*Allocation*srf14	Day1 Anakinra No - Day4 Anakinra Yes	0	-0.1519594810594142	0.1155623314025906	1192.3164091270903	-1.3149568653995471	0.18877724473830246	0.30114465232062537
IL6	Day*Allocation*srf14	Day1 Anakinra No - Day7 Anakinra Yes	0	-0.10895359145860806	0.1146122470437766	1175.3648912865215	-0.9506278279056235	0.34198876700794634	0.45826494779064814
IL6	Day*Allocation*srf14	Day1 Anakinra No - Day1 Placebo Yes	0	-0.529644177120582	0.12785495324624582	1139.2691709098863	-4.1425393672507855	3.688685127144201e-5	4.942838070373229e-4
IL6	Day*Allocation*srf14	Day1 Anakinra No - Day4 Placebo Yes	0	-0.4034794068169249	0.13246424516370278	1211.0239732791465	-3.04594954146528	0.0023696125727672105	0.009339061316200183
IL6	Day*Allocation*srf14	Day1 Anakinra No - Day7 Placebo Yes	0	-0.19985745441539332	0.13241283539471838	1210.545689951599	-1.509351067210552	0.1314700395630951	0.21484128416408224
IL6	Day*Allocation*srf14	Day4 Anakinra No - Day7 Anakinra No	0	0.44232381651047714	0.052139055274838156	1037.8616378436743	8.48354106492487	7.444800412236744e-17	1.799954799164264e-15
IL6	Day*Allocation*srf14	Day4 Anakinra No - Day1 Placebo No	0	-0.64100721546388	0.09430128911649267	1170.6632562625562	-6.79743852358188	1.6927842035058323e-11	1.890275693914846e-10
IL6	Day*Allocation*srf14	Day4 Anakinra No - Day4 Placebo No	0	-0.09999084462168537	0.09331464993959579	1146.9307799235626	-1.07154497912612	0.2841498819879357	0.9152190012754137
IL6	Day*Allocation*srf14	Day4 Anakinra No - Day7 Placebo No	0	0.07308256980691558	0.0945620346848329	1177.2571692850765	0.7728531862760089	0.4397644093743547	0.5169160601417854
IL6	Day*Allocation*srf14	Day4 Anakinra No - Day1 Anakinra Yes	0	-1.0354847815549406	0.11326003324782624	1155.1419250782653	-9.142543506844806	2.673309194443624e-19	4.477792900693071e-18
IL6	Day*Allocation*srf14	Day4 Anakinra No - Day4 Anakinra Yes	0	-0.7003220431430259	0.11568407382269029	1194.5830962266607	-6.053746380131927	1.891990595277514e-9	6.338168494179673e-8
IL6	Day*Allocation*srf14	Day4 Anakinra No - Day7 Anakinra Yes	0	-0.6573161535422197	0.11473500199514065	1177.715836697979	-5.728994135286274	1.2818573453303327e-8	2.8628147379044097e-7
IL6	Day*Allocation*srf14	Day4 Anakinra No - Day1 Placebo Yes	0	-1.0780067392041937	0.12796650609243002	1141.2329731587863	-8.424132002365925	1.0804067127533718e-16	2.4129083251491968e-15
IL6	Day*Allocation*srf14	Day4 Anakinra No - Day4 Placebo Yes	0	-0.9518419689005365	0.1325719479011405	1212.747907516876	-7.179814311926151	1.2140274711065275e-12	2.711328018804578e-11
IL6	Day*Allocation*srf14	Day4 Anakinra No - Day7 Placebo Yes	0	-0.748220016499005	0.13251932039368203	1212.1945776921161	-5.646120235722829	2.042472690941134e-8	1.1141752218038881e-6
IL6	Day*Allocation*srf14	Day7 Anakinra No - Day1 Placebo No	0	-1.0833310319743572	0.09452772632603235	1176.0618313413438	-11.460457942655653	6.682686246341067e-29	1.4924665950161714e-27
IL6	Day*Allocation*srf14	Day7 Anakinra No - Day4 Placebo No	0	-0.5423146611321625	0.0935424440064528	1152.4822625101283	-5.797525036813794	8.681410364489146e-9	2.908272472103864e-7
IL6	Day*Allocation*srf14	Day7 Anakinra No - Day7 Placebo No	0	-0.36924124670356157	0.09478884040649743	1182.6381539402953	-3.8954084164347624	1.0352448564024952e-4	0.006936140537896718
IL6	Day*Allocation*srf14	Day7 Anakinra No - Day1 Anakinra Yes	0	-1.4778085980654179	0.11346451217514145	1159.0103197062942	-13.024412388820775	2.7346650981153363e-36	9.161128078686377e-35
IL6	Day*Allocation*srf14	Day7 Anakinra No - Day4 Anakinra Yes	0	-1.142645859653503	0.11588393568743934	1198.1529714418825	-9.860261069622563	4.1816981952745887e-22	2.8017377908339744e-20
IL6	Day*Allocation*srf14	Day7 Anakinra No - Day7 Anakinra Yes	0	-1.0996399700526969	0.11493508802527617	1181.330632831161	-9.567487082890365	6.139992213957507e-21	4.1137947833515293e-19
IL6	Day*Allocation*srf14	Day7 Anakinra No - Day1 Placebo Yes	0	-1.5203305557146707	0.12815136073548775	1144.370663448721	-11.863553746048206	1.0613992976382795e-30	2.3704584313921574e-29
IL6	Day*Allocation*srf14	Day7 Anakinra No - Day4 Placebo Yes	0	-1.3941657854110137	0.13274857693416675	1215.4123077450008	-10.502303057473938	9.328088936108962e-25	6.249819587193004e-23
IL6	Day*Allocation*srf14	Day7 Anakinra No - Day7 Placebo Yes	0	-1.1905438330094822	0.13269949208432508	1215.0242300952186	-8.971728635200355	1.0806077024330116e-18	7.240071606301177e-17
IL6	Day*Allocation*srf14	Day1 Placebo No - Day4 Placebo No	0	0.5410163708421946	0.08174449861381519	1036.4517281070275	6.618382643682401	5.814208344836118e-11	3.895519591040199e-10
IL6	Day*Allocation*srf14	Day1 Placebo No - Day7 Placebo No	0	0.7140897852707955	0.08318716121519375	1045.7232080360689	8.584134556816327	3.272069885061246e-17	2.192286822991035e-16
IL6	Day*Allocation*srf14	Day1 Placebo No - Day1 Anakinra Yes	0	-0.39447756609106077	0.12877069864951177	1168.032607499308	-3.06341093298523	0.002238400108852118	0.04999093576436397
IL6	Day*Allocation*srf14	Day1 Placebo No - Day4 Anakinra Yes	0	-0.05931482767914592	0.13089849674674933	1198.3923042696495	-0.4531360493306728	0.6505328089019579	0.7514775551108823
IL6	Day*Allocation*srf14	Day1 Placebo No - Day7 Anakinra Yes	0	-0.016308938078339774	0.13006245551853993	1185.4042780176142	-0.1253931275810412	0.9002335904735047	0.969094396577817
IL6	Day*Allocation*srf14	Day1 Placebo No - Day1 Placebo Yes	0	-0.4369995237403137	0.14199352312666022	1152.8979906762825	-3.077601809700179	0.0021359815771024027	0.016287968853749966
IL6	Day*Allocation*srf14	Day1 Placebo No - Day4 Placebo Yes	0	-0.3108347534366566	0.1461665882026183	1211.1114302707833	-2.126578702143426	0.03365683833567116	0.08351882105518399
IL6	Day*Allocation*srf14	Day1 Placebo No - Day7 Placebo Yes	0	-0.10721280103512505	0.14609263620655688	1210.3222868906935	-0.7338686180153491	0.46317094792927804	0.6166647641127109
IL6	Day*Allocation*srf14	Day4 Placebo No - Day7 Placebo No	0	0.17307341442860094	0.08199980833374827	1037.5599841204648	2.110656328904734	0.035040658745310614	0.07114315563441852
IL6	Day*Allocation*srf14	Day4 Placebo No - Day1 Anakinra Yes	0	-0.9354939369332553	0.12806407757989516	1155.3151398243535	-7.304889510094117	5.159511498009289e-13	6.913745407332447e-12
IL6	Day*Allocation*srf14	Day4 Placebo No - Day4 Anakinra Yes	0	-0.6003311985213405	0.13020389260239262	1186.4138453710923	-4.610700851737123	4.447792155640008e-6	1.4900103721394027e-4
IL6	Day*Allocation*srf14	Day4 Placebo No - Day7 Anakinra Yes	0	-0.5573253089205343	0.12936231826983455	1173.0788000844475	-4.30825078256575	1.7831927076650663e-5	1.9912318568926572e-4
IL6	Day*Allocation*srf14	Day4 Placebo No - Day1 Placebo Yes	0	-0.9780158945825083	0.14135144071289793	1142.4116719392264	-6.919037327458008	7.55949916165762e-12	8.835339321456168e-11
IL6	Day*Allocation*srf14	Day4 Placebo No - Day4 Placebo Yes	0	-0.8518511242788512	0.14554139543837746	1201.6375898320568	-5.852981701274994	6.22151235013156e-9	1.3894710915293816e-7
IL6	Day*Allocation*srf14	Day4 Placebo No - Day7 Placebo Yes	0	-0.6482291718773197	0.14547036787452938	1200.95013419867	-4.456090826940288	9.125855762198978e-6	2.23117186165007e-4
IL6	Day*Allocation*srf14	Day7 Placebo No - Day1 Anakinra Yes	0	-1.1085673513618564	0.12878238021260047	1168.4539185862477	-8.608066953971322	2.3652332485285416e-17	3.1694125530282457e-16
IL6	Day*Allocation*srf14	Day7 Placebo No - Day4 Anakinra Yes	0	-0.7734046129499415	0.13090885393014481	1198.7440868700446	-5.907962599402507	4.507545888999373e-9	7.55013936407395e-8
IL6	Day*Allocation*srf14	Day7 Placebo No - Day7 Anakinra Yes	0	-0.7303987233491354	0.13007291091953543	1185.7679731969233	-5.615302357621321	2.4424244305161072e-8	1.6364243684457917e-6
IL6	Day*Allocation*srf14	Day7 Placebo No - Day1 Placebo Yes	0	-1.1510893090111092	0.1420231970112884	1153.550256206268	-8.104938722930012	1.335697223305326e-15	1.7898342792291368e-14
IL6	Day*Allocation*srf14	Day7 Placebo No - Day4 Placebo Yes	0	-1.0249245387074521	0.1461968982338544	1211.7688476257692	-7.0105764971018605	3.932558031690077e-12	8.782712937441172e-11
IL6	Day*Allocation*srf14	Day7 Placebo No - Day7 Placebo Yes	0	-0.8213025863059206	0.14612363803405679	1210.98175593728	-5.620600454216046	2.3599338545690686e-8	9.011257873653624e-7
IL6	Day*Allocation*srf14	Day1 Anakinra Yes - Day4 Anakinra Yes	0	0.33516273841191485	0.1066138606916166	1068.0313018931079	3.143706983666804	0.0017142273182853675	0.004417431935581524
IL6	Day*Allocation*srf14	Day1 Anakinra Yes - Day7 Anakinra Yes	0	0.378168628012721	0.10587193331335515	1070.7403848641018	3.5719441043305964	3.7009159447227595e-4	8.855763153443745e-4
IL6	Day*Allocation*srf14	Day1 Anakinra Yes - Day1 Placebo Yes	0	-0.042521957649252914	0.1532575474110126	1165.8745084895427	-0.27745424853508666	0.781480519935384	0.9668895255885167
IL6	Day*Allocation*srf14	Day1 Anakinra Yes - Day4 Placebo Yes	0	0.08364281265440417	0.15714058308313922	1215.9258403534493	0.5322801469442863	0.5946292257882383	0.724366511414763
IL6	Day*Allocation*srf14	Day1 Anakinra Yes - Day7 Placebo Yes	0	0.28726476505593573	0.1571371012135711	1216.0302782907356	1.828115466286368	0.06777711382635425	0.12273153044231715
IL6	Day*Allocation*srf14	Day4 Anakinra Yes - Day7 Anakinra Yes	0	0.043005889600806146	0.10684660252410531	1045.4672889195222	0.4025012362101427	0.6873974611464699	0.8528820351261757
IL6	Day*Allocation*srf14	Day4 Anakinra Yes - Day1 Placebo Yes	0	-0.3776846960611678	0.1550560771243268	1187.4397201490758	-2.4357942175870555	0.015005434596517804	0.047874481807937755
IL6	Day*Allocation*srf14	Day4 Anakinra Yes - Day4 Placebo Yes	0	-0.2515199257575107	0.15889563560566727	1235.3339069650476	-1.5829253257887457	0.113694449071399	0.44740482011467014
IL6	Day*Allocation*srf14	Day4 Anakinra Yes - Day7 Placebo Yes	0	-0.04789797335597913	0.15889209161538279	1235.4287363903936	-0.3014497000387022	0.7631223313176559	0.8381835442341468
IL6	Day*Allocation*srf14	Day7 Anakinra Yes - Day1 Placebo Yes	0	-0.4206905856619739	0.15435258460970316	1178.0159908513092	-2.7255169502067917	0.006515218328837778	0.01723921883324149
IL6	Day*Allocation*srf14	Day7 Anakinra Yes - Day4 Placebo Yes	0	-0.29452581535831684	0.15820720856156958	1226.7365792191144	-1.861645989687607	0.06289201426467599	0.253431785490245
IL6	Day*Allocation*srf14	Day7 Anakinra Yes - Day7 Placebo Yes	0	-0.09090386295678528	0.15820769469401416	1227.007150503073	-0.5745855985867206	0.5656769207862233	0.9309787269339678
IL6	Day*Allocation*srf14	Day1 Placebo Yes - Day4 Placebo Yes	0	0.12616477030365708	0.1248790451692794	1066.1993004405088	1.0102957636538206	0.3125828274524409	0.45528368346333786
IL6	Day*Allocation*srf14	Day1 Placebo Yes - Day7 Placebo Yes	0	0.3297867227051886	0.1248852405428028	1066.0070505401181	2.640718160703374	0.008393996097923883	0.01479994048844474
IL6	Day*Allocation*srf14	Day4 Placebo Yes - Day7 Placebo Yes	0	0.20362195240153155	0.12834812979830748	1058.6949277738593	1.5864816473875625	0.11292870272592526	0.2910085801014228
MCP-1	Day*Allocation*srf14	Day1 Anakinra No - Day4 Anakinra No	0	0.08671359666803738	0.060938623752805406	1040.2305634600991	1.4229661145579346	0.15504579962170628	0.19600129386140228
MCP-1	Day*Allocation*srf14	Day1 Anakinra No - Day7 Anakinra No	0	0.07402516981144698	0.061427361437781165	1045.2492112251903	1.2050846410915101	0.22844338760365226	0.24686624144265645
MCP-1	Day*Allocation*srf14	Day1 Anakinra No - Day1 Placebo No	0	-0.057670638062904504	0.10360037474486579	1278.771667713028	-0.5566643769863635	0.5778541618059949	0.9893930626752736
MCP-1	Day*Allocation*srf14	Day1 Anakinra No - Day4 Placebo No	0	0.10165330324849223	0.10238106720726557	1256.4255827457484	0.9928916158170141	0.32095395099658713	0.4057342399390818
MCP-1	Day*Allocation*srf14	Day1 Anakinra No - Day7 Placebo No	0	-0.14916437815150602	0.10392394208524486	1285.026323128665	-1.4353225556932026	0.15143855075955517	0.19894868433118032
MCP-1	Day*Allocation*srf14	Day1 Anakinra No - Day1 Anakinra Yes	0	-0.2572732469311984	0.1243530352069588	1262.472859184766	-2.068893988015834	0.03875918741933157	0.10387462228380862
MCP-1	Day*Allocation*srf14	Day1 Anakinra No - Day4 Anakinra Yes	0	-0.34195320048696753	0.1272843933808793	1297.0989926043244	-2.686528893324135	0.007312088077482405	0.018842688507358506
MCP-1	Day*Allocation*srf14	Day1 Anakinra No - Day7 Anakinra Yes	0	-0.5780997786790991	0.1261240074814846	1281.8550144514547	-4.583582382315008	5.016957009412109e-6	2.1008507476913207e-5
MCP-1	Day*Allocation*srf14	Day1 Anakinra No - Day1 Placebo Yes	0	-0.6294001972733868	0.14042821208965645	1249.6147594021134	-4.48200676991847	8.072301910643551e-6	2.411206689679962e-4
MCP-1	Day*Allocation*srf14	Day1 Anakinra No - Day4 Placebo Yes	0	-0.97124831376231	0.14604771380280376	1314.2150829221107	-6.650212375619292	4.280993907026192e-11	2.8682659177075484e-9
MCP-1	Day*Allocation*srf14	Day1 Anakinra No - Day7 Placebo Yes	0	-0.5818751874788257	0.14598788313668634	1313.9369564386345	-3.985777278063717	7.09573798052708e-5	2.5021812878700756e-4
MCP-1	Day*Allocation*srf14	Day4 Anakinra No - Day7 Anakinra No	0	-0.012688426856590398	0.06162400076456225	1044.243845614605	-0.20590073184419172	0.8369085874276955	0.8720027099307093
MCP-1	Day*Allocation*srf14	Day4 Anakinra No - Day1 Placebo No	0	-0.1443842347309419	0.10375708138645225	1281.2296651150916	-1.3915602945033727	0.16429713615592015	0.2559978633127128
MCP-1	Day*Allocation*srf14	Day4 Anakinra No - Day4 Placebo No	0	0.014939706580454855	0.1025397386678904	1259.0472797638781	0.14569674912905858	0.8841841093375041	0.9791167195678598
MCP-1	Day*Allocation*srf14	Day4 Anakinra No - Day7 Placebo No	0	-0.2358779748195434	0.10408153154839692	1287.5238683706627	-2.2662807830596	0.023599580921766734	0.07520876173194425
MCP-1	Day*Allocation*srf14	Day4 Anakinra No - Day1 Anakinra Yes	0	-0.3439868435992358	0.12450626471686807	1264.7782415170827	-2.7628075131920053	0.005813704884588774	0.010250479664932838
MCP-1	Day*Allocation*srf14	Day4 Anakinra No - Day4 Anakinra Yes	0	-0.4286667971550049	0.12743406015646705	1299.1841550971478	-3.3638322174517237	7.910808193545699e-4	0.0026501207448378092
MCP-1	Day*Allocation*srf14	Day4 Anakinra No - Day7 Anakinra Yes	0	-0.6648133753471366	0.12627516288810892	1284.0537505162138	-5.2647991904490405	1.643634317759909e-7	2.171378633732179e-6
MCP-1	Day*Allocation*srf14	Day4 Anakinra No - Day1 Placebo Yes	0	-0.7161137939414242	0.14056576941723256	1251.4869507624387	-5.094510540584233	4.0333002904089925e-7	1.589594820337662e-6
MCP-1	Day*Allocation*srf14	Day4 Anakinra No - Day4 Placebo Yes	0	-1.0579619104303473	0.14618005186435107	1315.783033765563	-7.237389075577092	7.749374669587565e-13	2.607579156854943e-11
MCP-1	Day*Allocation*srf14	Day4 Anakinra No - Day7 Placebo Yes	0	-0.6685887841468631	0.14611814289739516	1315.4007322489558	-4.5756726090910504	5.1949814404428846e-6	5.801062608494554e-5
MCP-1	Day*Allocation*srf14	Day7 Anakinra No - Day1 Placebo No	0	-0.13169580787435148	0.10403658576725806	1286.246909498875	-1.2658605326492578	0.20579224719758807	0.24621572432568573
MCP-1	Day*Allocation*srf14	Day7 Anakinra No - Day4 Placebo No	0	0.027628133437045253	0.10282102262511542	1264.2771508292415	0.2687012123753835	0.7882034576676402	0.8251504947458108
MCP-1	Day*Allocation*srf14	Day7 Anakinra No - Day7 Placebo No	0	-0.223189547962953	0.10436149504758592	1292.4985164636169	-2.1386196878569517	0.03265348490861898	0.29024415321245195
MCP-1	Day*Allocation*srf14	Day7 Anakinra No - Day1 Anakinra Yes	0	-0.3312984167426454	0.12475691342929444	1268.3258575464295	-2.655551565327942	0.008017095865493918	0.01119052964558526
MCP-1	Day*Allocation*srf14	Day7 Anakinra No - Day4 Anakinra Yes	0	-0.4159783702984145	0.12767852059062104	1302.3764904783077	-3.258013707976589	0.001150885432792005	0.0025703107999021447
MCP-1	Day*Allocation*srf14	Day7 Anakinra No - Day7 Anakinra Yes	0	-0.6521249484905461	0.12651972201734782	1287.3014215454987	-5.154334344815662	2.9433324354190264e-7	1.9720327317307478e-6
MCP-1	Day*Allocation*srf14	Day7 Anakinra No - Day1 Placebo Yes	0	-0.7034253670848338	0.1407925933166365	1254.3925871453507	-4.996181620881579	6.674552056990429e-7	1.7887799512734353e-6
MCP-1	Day*Allocation*srf14	Day7 Anakinra No - Day4 Placebo Yes	0	-1.045273483573757	0.14639549417562456	1318.1080430221828	-7.14006595257492	1.5371085405739793e-12	1.71643787030761e-11
MCP-1	Day*Allocation*srf14	Day7 Anakinra No - Day7 Placebo Yes	0	-0.6559003572902727	0.14633898397290665	1317.928270735384	-4.482061713724258	8.034006275859467e-6	5.382784204825843e-5
MCP-1	Day*Allocation*srf14	Day1 Placebo No - Day4 Placebo No	0	0.15932394131139674	0.09662328128325595	1042.725754300543	1.6489187615594494	0.09946549705044873	0.14809307338622366
MCP-1	Day*Allocation*srf14	Day1 Placebo No - Day7 Placebo No	0	-0.09149374008860152	0.09827166687413237	1053.8451663442336	-0.9310286779381476	0.35205195735275274	0.39978781597685487
MCP-1	Day*Allocation*srf14	Day1 Placebo No - Day1 Anakinra Yes	0	-0.1996026088682939	0.14165938799636263	1277.8265808762649	-1.4090319864534433	0.1590690025921622	0.3806293990598167
MCP-1	Day*Allocation*srf14	Day1 Placebo No - Day4 Anakinra Yes	0	-0.284282562424063	0.1442290072354881	1304.1124548786363	-1.9710498454718215	0.04892934885530489	0.1024458241657946
MCP-1	Day*Allocation*srf14	Day1 Placebo No - Day7 Anakinra Yes	0	-0.5204291406161946	0.14320902037181008	1292.5666443810403	-3.634052794055969	2.899458754222907e-4	9.713186826646739e-4
MCP-1	Day*Allocation*srf14	Day1 Placebo No - Day1 Placebo Yes	0	-0.5717295592104823	0.15607577230885897	1263.2646161297957	-3.6631538050574846	2.5943735695311605e-4	0.004345575728964694
MCP-1	Day*Allocation*srf14	Day1 Placebo No - Day4 Placebo Yes	0	-0.9135776756994055	0.1611602994796245	1315.273755139102	-5.668751414891166	1.765795043122813e-8	1.1830826788922846e-6
MCP-1	Day*Allocation*srf14	Day1 Placebo No - Day7 Placebo Yes	0	-0.5242045494159212	0.16107245606094536	1314.6817889926583	-3.2544642469323044	0.0011649701422736585	0.0033936086753189186
MCP-1	Day*Allocation*srf14	Day4 Placebo No - Day7 Placebo No	0	-0.25081768139999827	0.09691823432921916	1044.1049419002084	-2.587930776245901	0.009789513609059377	0.02732905882529076
MCP-1	Day*Allocation*srf14	Day4 Placebo No - Day1 Anakinra Yes	0	-0.35892655017969066	0.14078468181240555	1265.8238155571912	-2.5494716155125268	0.010905721659005095	0.022833854723541918
MCP-1	Day*Allocation*srf14	Day4 Placebo No - Day4 Anakinra Yes	0	-0.44360650373545973	0.14337065901274637	1293.028937780839	-3.0941233498551535	0.0020162901799914775	0.013067914010092375
MCP-1	Day*Allocation*srf14	Day4 Placebo No - Day7 Anakinra Yes	0	-0.6797530819275914	0.14234290384356396	1281.0422341428114	-4.775461674398927	1.9994025566327567e-6	6.697998564719735e-5
MCP-1	Day*Allocation*srf14	Day4 Placebo No - Day1 Placebo Yes	0	-0.731053500521879	0.15528129529064888	1253.2991600071684	-4.707930205975706	2.7808140341313833e-6	1.0959678840400158e-5
MCP-1	Day*Allocation*srf14	Day4 Placebo No - Day4 Placebo Yes	0	-1.0729016170108023	0.16038880677839473	1306.6057351944858	-6.6893796304202455	3.314394867960466e-11	2.2206445615335126e-9
MCP-1	Day*Allocation*srf14	Day4 Placebo No - Day7 Placebo Yes	0	-0.6835284907273179	0.16030526516434354	1306.1326659931974	-4.263917907041734	2.153235526064684e-5	3.606669506158346e-4
MCP-1	Day*Allocation*srf14	Day7 Placebo No - Day1 Anakinra Yes	0	-0.10810886877969239	0.1416758270819038	1278.3156885696449	-0.7630720851002613	0.4455611999982392	0.5245776572013563
MCP-1	Day*Allocation*srf14	Day7 Placebo No - Day4 Anakinra Yes	0	-0.1927888223354615	0.14424345288846244	1304.5112252603203	-1.3365516318063821	0.18160209529189394	0.25348625801160196
MCP-1	Day*Allocation*srf14	Day7 Placebo No - Day7 Anakinra Yes	0	-0.42893540052759316	0.14322366119023336	1292.9861951719213	-2.994864095520293	0.0027978942057194484	0.008520859626509229
MCP-1	Day*Allocation*srf14	Day7 Placebo No - Day1 Placebo Yes	0	-0.4802358191218808	0.15611422810276165	1263.9554729949948	-3.076182260631409	0.0021417276994222653	0.003985993218369216
MCP-1	Day*Allocation*srf14	Day7 Placebo No - Day4 Placebo Yes	0	-0.822083935610804	0.16119981870049832	1315.9580751894628	-5.099782011158444	3.89767390909212e-7	4.352402531819533e-6
MCP-1	Day*Allocation*srf14	Day7 Placebo No - Day7 Placebo Yes	0	-0.4327108093273197	0.16111269517706986	1315.3538324129854	-2.685764823509108	0.00732744968889292	0.024546956457791282
MCP-1	Day*Allocation*srf14	Day1 Anakinra Yes - Day4 Anakinra Yes	0	-0.0846799535557691	0.1257797888915729	1078.1421828025138	-0.6732397494224333	0.5009390606619262	0.5888231063920887
MCP-1	Day*Allocation*srf14	Day1 Anakinra Yes - Day7 Anakinra Yes	0	-0.32082653174790077	0.12488606866432753	1080.568329618405	-2.568953728619866	0.010333913051172426	0.01775313267765519
MCP-1	Day*Allocation*srf14	Day1 Anakinra Yes - Day1 Placebo Yes	0	-0.3721269503421884	0.16858023048918064	1276.5723745252426	-2.207417496478457	0.027462256386487905	0.9153337162977851
MCP-1	Day*Allocation*srf14	Day1 Anakinra Yes - Day4 Placebo Yes	0	-0.7139750668311116	0.17331113081880223	1320.9583781790507	-4.119614611352207	4.030962252718363e-5	4.5012411822021713e-4
MCP-1	Day*Allocation*srf14	Day1 Anakinra Yes - Day7 Placebo Yes	0	-0.3246019405476273	0.1733085899892132	1321.1219615604734	-1.8729708698676197	0.061293089317504976	0.11407324956313426
MCP-1	Day*Allocation*srf14	Day4 Anakinra Yes - Day7 Anakinra Yes	0	-0.23614657819213164	0.12622286217135037	1053.695523303373	-1.870870095399654	0.06164008397323799	0.15295872689655352
MCP-1	Day*Allocation*srf14	Day4 Anakinra Yes - Day1 Placebo Yes	0	-0.2874469967864193	0.17075078641736832	1295.2228635739227	-1.6834300023884454	0.0925328561386207	0.17221392670243296
MCP-1	Day*Allocation*srf14	Day4 Anakinra Yes - Day4 Placebo Yes	0	-0.6292951132753425	0.17542392424663805	1337.1257763806432	-3.5872821565123707	3.4619731031004683e-4	0.023195219790773138
MCP-1	Day*Allocation*srf14	Day4 Anakinra Yes - Day7 Placebo Yes	0	-0.2399219869918582	0.17542120367600292	1337.2709194898798	-1.3676909174274399	0.17163864196645506	0.40543796708654045
MCP-1	Day*Allocation*srf14	Day7 Anakinra Yes - Day1 Placebo Yes	0	-0.05130041859428764	0.16989073453443956	1286.745818523538	-0.3019612501815879	0.7627303994284195	0.8111577263762556
MCP-1	Day*Allocation*srf14	Day7 Anakinra Yes - Day4 Placebo Yes	0	-0.39314853508321085	0.17458384388169618	1329.6357744434188	-2.2519181978237426	0.024490070061234923	0.18231496601141553
MCP-1	Day*Allocation*srf14	Day7 Anakinra Yes - Day7 Placebo Yes	0	-0.0037754087997265637	0.17458753117357506	1330.0067354632258	-0.021624733303394098	0.9827505474971067	0.9909681158996474
MCP-1	Day*Allocation*srf14	Day1 Placebo Yes - Day4 Placebo Yes	0	-0.3418481164889232	0.14734883324806408	1074.8772361588194	-2.319992014551052	0.02052787944788826	0.0480718683068456
MCP-1	Day*Allocation*srf14	Day1 Placebo Yes - Day7 Placebo Yes	0	0.04752500979456108	0.14735787511159443	1074.652707484365	0.3225142175711362	0.7471259014090784	0.7821474280376289
MCP-1	Day*Allocation*srf14	Day4 Placebo Yes - Day7 Placebo Yes	0	0.38937312628348425	0.15150396525280374	1068.230317572618	2.5700523787200247	0.010302941265549249	0.09316863682441343
CXCL11	Day*Allocation*srf14	Day1 Anakinra No - Day4 Anakinra No	0	0.6724289907212289	0.053279422934633974	1032.4096986188358	12.620800933715076	4.60319224774773e-34	4.405912579987113e-33
CXCL11	Day*Allocation*srf14	Day1 Anakinra No - Day7 Anakinra No	0	0.8269079894916094	0.05372656856658202	1036.1977502495918	15.391044162197751	2.705891592957772e-48	1.8129473672817072e-47
CXCL11	Day*Allocation*srf14	Day1 Anakinra No - Day1 Placebo No	0	-0.009881657014241497	0.10096730427631852	1116.8646222663194	-0.09786987069792652	0.9220531854156749	0.9893930626752736
CXCL11	Day*Allocation*srf14	Day1 Anakinra No - Day4 Placebo No	0	0.6658461257758688	0.09997122345723716	1093.1731718579963	6.660377884248715	4.317480010061512e-11	4.132445152487447e-10
CXCL11	Day*Allocation*srf14	Day1 Anakinra No - Day7 Placebo No	0	0.8508776245368291	0.10122880451241519	1123.3398624356835	8.40548921460861	1.275834760108658e-16	1.7096185785456018e-15
CXCL11	Day*Allocation*srf14	Day1 Anakinra No - Day1 Anakinra Yes	0	-0.035892003888270796	0.1213461039887435	1102.4883118432415	-0.2957820870095695	0.7674522032900959	0.8865396141454556
CXCL11	Day*Allocation*srf14	Day1 Anakinra No - Day4 Anakinra Yes	0	0.5800279930805949	0.12381706280593706	1143.0825672065666	4.684556231072075	3.1424059469445704e-6	3.0077314063612316e-5
CXCL11	Day*Allocation*srf14	Day1 Anakinra No - Day7 Anakinra Yes	0	0.6156020866671117	0.12285459121846146	1125.9278239114965	5.010818729374476	6.289419662144885e-7	3.830828339670067e-6
CXCL11	Day*Allocation*srf14	Day1 Anakinra No - Day1 Placebo Yes	0	-0.2692972758581158	0.13718228682382322	1089.3542475991983	-1.9630615737144088	0.04989315448233436	0.15194733410529102
CXCL11	Day*Allocation*srf14	Day1 Anakinra No - Day4 Placebo Yes	0	0.3621973073790964	0.14185587695071183	1161.9528363384297	2.5532767141183914	0.010798338008158923	0.031456028110723816
CXCL11	Day*Allocation*srf14	Day1 Anakinra No - Day7 Placebo Yes	0	0.5789860177752669	0.14180275801574785	1161.4044937519666	4.083037776394786	4.749500816300496e-5	1.8718620864243131e-4
CXCL11	Day*Allocation*srf14	Day4 Anakinra No - Day7 Anakinra No	0	0.15447899877038052	0.05389366662072024	1035.1074379717556	2.866366466722988	0.004236242564602698	0.006450642087008654
CXCL11	Day*Allocation*srf14	Day4 Anakinra No - Day1 Placebo No	0	-0.6823106477354703	0.10109785641953854	1119.6503447180933	-6.749012015685077	2.383602293836915e-11	2.281447909815333e-10
CXCL11	Day*Allocation*srf14	Day4 Anakinra No - Day4 Placebo No	0	-0.0065828649453601226	0.10010309862187242	1096.0615872475619	-0.06576085092256849	0.9475802173451442	0.9791167195678598
CXCL11	Day*Allocation*srf14	Day4 Anakinra No - Day7 Placebo No	0	0.17844863381560025	0.10135979872717572	1126.1525530867405	1.7605464499384027	0.07858660821116692	0.15043722143280525
CXCL11	Day*Allocation*srf14	Day4 Anakinra No - Day1 Anakinra Yes	0	-0.7083209946094997	0.12147163905729931	1104.9165498265163	-5.831163554773292	7.219872529988828e-9	3.0233216219328216e-8
CXCL11	Day*Allocation*srf14	Day4 Anakinra No - Day4 Anakinra Yes	0	-0.09240099764063395	0.12394005827546677	1145.3575718787606	-0.7455297256296691	0.4561045132346453	0.5556182252131134
CXCL11	Day*Allocation*srf14	Day4 Anakinra No - Day7 Anakinra Yes	0	-0.05682690405411717	0.12297852545417126	1128.2721404690826	-0.4620880258911063	0.6441072839635942	0.7448406972689323
CXCL11	Day*Allocation*srf14	Day4 Anakinra No - Day1 Placebo Yes	0	-0.9417262665793447	0.1372948186621592	1091.2954467261404	-6.859153723030485	1.1580189175636183e-11	7.758726747676243e-11
CXCL11	Day*Allocation*srf14	Day4 Anakinra No - Day4 Placebo Yes	0	-0.31023168334213247	0.1419647214854538	1163.6914660335008	-2.185273074155398	0.029067686469438497	0.054098194262566096
CXCL11	Day*Allocation*srf14	Day4 Anakinra No - Day7 Placebo Yes	0	-0.09344297294596189	0.1419105552396635	1163.081085591316	-0.658463866821972	0.5103704261002601	0.5795731957409733
CXCL11	Day*Allocation*srf14	Day7 Anakinra No - Day1 Placebo No	0	-0.8367896465058509	0.10132612853946911	1125.0294420598718	-8.25837973450155	4.106776007068249e-16	2.7515399247357266e-15
CXCL11	Day*Allocation*srf14	Day7 Anakinra No - Day4 Placebo No	0	-0.16106186371574063	0.10033268353335179	1101.5622650799833	-1.605278141117413	0.10871922904399031	0.18677406015249617
CXCL11	Day*Allocation*srf14	Day7 Anakinra No - Day7 Placebo No	0	0.02396963504521974	0.10158843335671608	1131.5240029246786	0.23594846630869018	0.8135153586528153	0.9681530316923849
CXCL11	Day*Allocation*srf14	Day7 Anakinra No - Day1 Anakinra Yes	0	-0.8627999933798802	0.12167840094859429	1108.7931519163612	-7.090822912312835	2.3699612363636433e-12	1.0585826855757607e-11
CXCL11	Day*Allocation*srf14	Day7 Anakinra No - Day4 Anakinra Yes	0	-0.24687999641101446	0.12414237849155513	1148.9754062013396	-1.9886842785746097	0.04697295295737497	0.06556641350300256
CXCL11	Day*Allocation*srf14	Day7 Anakinra No - Day7 Anakinra Yes	0	-0.21130590282449768	0.12318111825886087	1131.9264728800304	-1.7154082201173528	0.0865440773766796	0.14142568742042763
CXCL11	Day*Allocation*srf14	Day7 Anakinra No - Day1 Placebo Yes	0	-1.0962052653497252	0.13748163731990135	1094.4267770653726	-7.973466760502731	3.860073557709945e-15	1.9894225258966643e-14
CXCL11	Day*Allocation*srf14	Day7 Anakinra No - Day4 Placebo Yes	0	-0.464710682112513	0.1421437325631374	1166.41654894389	-3.269301246933964	0.0011096124186891077	0.0024781344017390074
CXCL11	Day*Allocation*srf14	Day7 Anakinra No - Day7 Placebo Yes	0	-0.24792197171634242	0.142092788822806	1165.9511421307718	-1.7447892589785723	0.08128502942321231	0.1361524242838806
CXCL11	Day*Allocation*srf14	Day1 Placebo No - Day4 Placebo No	0	0.6757277827901103	0.08449220593426054	1033.758567714278	7.997516165169869	3.3830728893753845e-15	3.2380840512592965e-14
CXCL11	Day*Allocation*srf14	Day1 Placebo No - Day7 Placebo No	0	0.8607592815510706	0.08600412775832722	1042.2242703835932	10.008348482642788	1.4090438643036033e-22	1.5734323151390236e-21
CXCL11	Day*Allocation*srf14	Day1 Placebo No - Day1 Anakinra Yes	0	-0.026010346874029297	0.13806046300944488	1117.3637636136918	-0.18839823007293477	0.850598697012505	0.929007204185873
CXCL11	Day*Allocation*srf14	Day1 Placebo No - Day4 Anakinra Yes	0	0.5899096500948364	0.14022735889633664	1148.5708121565776	4.206808533924741	2.791674459379414e-5	2.77657746145869e-4
CXCL11	Day*Allocation*srf14	Day1 Placebo No - Day7 Anakinra Yes	0	0.6254837436813532	0.1393800234696994	1135.375342695735	4.487613993100887	7.935342916369668e-6	4.4305664616397314e-5
CXCL11	Day*Allocation*srf14	Day1 Placebo No - Day1 Placebo Yes	0	-0.2594156188438743	0.15229787335199746	1102.5462100697282	-1.7033436720702047	0.08878558700052766	0.23794537316141415
CXCL11	Day*Allocation*srf14	Day1 Placebo No - Day4 Placebo Yes	0	0.3720789643933379	0.15653030736906157	1161.60230190028	2.377041038551489	0.01761336633126385	0.051308501921507745
CXCL11	Day*Allocation*srf14	Day1 Placebo No - Day7 Placebo Yes	0	0.5888676747895084	0.15645450888503432	1160.7529426149454	3.7638268080993393	1.757019791584407e-4	7.848021735743684e-4
CXCL11	Day*Allocation*srf14	Day4 Placebo No - Day7 Placebo No	0	0.18503149876096037	0.08475852283544055	1034.7538681453707	2.1830429857797395	0.029256785933461812	0.06125639554818567
CXCL11	Day*Allocation*srf14	Day4 Placebo No - Day1 Anakinra Yes	0	-0.7017381296641395	0.13734906376165237	1104.767753811796	-5.109158449611971	3.8100389339817115e-7	1.7018173905118312e-6
CXCL11	Day*Allocation*srf14	Day4 Placebo No - Day4 Anakinra Yes	0	-0.08581813269527383	0.13952744582661475	1136.6030214390087	-0.6150627368461732	0.5386364075909078	0.656157078338015
CXCL11	Day*Allocation*srf14	Day4 Placebo No - Day7 Anakinra Yes	0	-0.05024403910875704	0.1386748925429277	1123.1145446722314	-0.3623153275074915	0.7171845688063696	0.8077307989713184
CXCL11	Day*Allocation*srf14	Day4 Placebo No - Day1 Placebo Yes	0	-0.9351434016339846	0.15165133669144376	1092.1873330179126	-6.166403950244547	9.818884479235975e-10	7.414480881094037e-9
CXCL11	Day*Allocation*srf14	Day4 Placebo No - Day4 Placebo Yes	0	-0.3036488183967724	0.15589990512807836	1152.0907491279618	-1.9477165053263634	0.05169152449816147	0.09114031950991627
CXCL11	Day*Allocation*srf14	Day4 Placebo No - Day7 Placebo Yes	0	-0.08686010800060177	0.15582681049093058	1151.3332820740234	-0.5574143995307996	0.5773526803233414	0.6574656586824013
CXCL11	Day*Allocation*srf14	Day7 Placebo No - Day1 Anakinra Yes	0	-0.8867696284250999	0.13807152589324959	1117.7438319285834	-6.422538048219359	1.9782386449778044e-10	9.46728494382235e-10
CXCL11	Day*Allocation*srf14	Day7 Placebo No - Day4 Anakinra Yes	0	-0.2708496314562342	0.1402372125494845	1148.891719392547	-1.9313677627517118	0.05368332369769174	0.08991956719363367
CXCL11	Day*Allocation*srf14	Day7 Placebo No - Day7 Anakinra Yes	0	-0.23527553786971742	0.13938995548899216	1135.7048522993982	-1.68789449027622	0.09170604432045443	0.16169223603869595
CXCL11	Day*Allocation*srf14	Day7 Placebo No - Day1 Placebo Yes	0	-1.1201749003949448	0.15232713527312092	1103.1617897596616	-7.353744941021068	3.74972834280223e-13	3.1403974870968674e-12
CXCL11	Day*Allocation*srf14	Day7 Placebo No - Day4 Placebo Yes	0	-0.48868031715773275	0.1565601202551991	1162.227092152357	-3.1213588515463884	0.0018445856715026095	0.005373358260464123
CXCL11	Day*Allocation*srf14	Day7 Placebo No - Day7 Placebo Yes	0	-0.27189160676156215	0.1564850436946586	1161.3844729840732	-1.7374926085082647	0.08256534726534887	0.17844768602510883
CXCL11	Day*Allocation*srf14	Day1 Anakinra Yes - Day4 Anakinra Yes	0	0.6159199969688657	0.11028941571470689	1063.4605815692037	5.584579381235527	2.973784253097108e-8	1.6603628746458852e-7
CXCL11	Day*Allocation*srf14	Day1 Anakinra Yes - Day7 Anakinra Yes	0	0.6514940905553825	0.10953010627201282	1066.2298123520982	5.948082337630787	3.674257530667393e-9	1.7583946753908236e-8
CXCL11	Day*Allocation*srf14	Day1 Anakinra Yes - Day1 Placebo Yes	0	-0.23340527196984498	0.1643238701358502	1115.0042728572705	-1.4203978507619353	0.15577144678776858	0.9448238962926088
CXCL11	Day*Allocation*srf14	Day1 Anakinra Yes - Day4 Placebo Yes	0	0.3980893112673672	0.16826225103398465	1165.9044567835292	2.3658860428948105	0.018149822635578104	0.0588360983990082
CXCL11	Day*Allocation*srf14	Day1 Anakinra Yes - Day7 Placebo Yes	0	0.6148780216635378	0.168258127654232	1165.980702676406	3.654373374028642	2.692761918930072e-4	0.0010612649915783226
CXCL11	Day*Allocation*srf14	Day4 Anakinra Yes - Day7 Anakinra Yes	0	0.03557409358651678	0.1104639020318627	1041.93335533727	0.322042702929828	0.7474849439981406	0.8680023420269136
CXCL11	Day*Allocation*srf14	Day4 Anakinra Yes - Day1 Placebo Yes	0	-0.8493252689387107	0.16615590478019004	1137.1665116403444	-5.111616527034022	3.744681474396414e-7	4.1815609797426615e-6
CXCL11	Day*Allocation*srf14	Day4 Anakinra Yes - Day4 Placebo Yes	0	-0.21783068570149852	0.17005227616764526	1186.1717839149424	-1.2809630697724455	0.20045702326741077	0.44740482011467014
CXCL11	Day*Allocation*srf14	Day4 Anakinra Yes - Day7 Placebo Yes	0	-0.0010419753053279492	0.17004811826913693	1186.2415836030407	-0.00612753211228603	0.995111997605296	0.995111997605296
CXCL11	Day*Allocation*srf14	Day7 Anakinra Yes - Day1 Placebo Yes	0	-0.8848993625252275	0.1654435748444151	1127.6411580238125	-5.348647497235213	1.0724076765487647e-7	1.0264473475538176e-6
CXCL11	Day*Allocation*srf14	Day7 Anakinra Yes - Day4 Placebo Yes	0	-0.2534047792880153	0.16935450826059015	1177.3595974717161	-1.4962978068354391	0.13484407010101115	0.3764396956986561
CXCL11	Day*Allocation*srf14	Day7 Anakinra Yes - Day7 Placebo Yes	0	-0.03661606889184473	0.16935394282878166	1177.5801145128148	-0.2162103124393384	0.8288612617979383	0.9412492294993537
CXCL11	Day*Allocation*srf14	Day1 Placebo Yes - Day4 Placebo Yes	0	0.6314945832372122	0.12917908533758332	1062.1741919525432	4.888520317255145	1.1726009412364636e-6	9.820532882855383e-6
CXCL11	Day*Allocation*srf14	Day1 Placebo Yes - Day7 Placebo Yes	0	0.8482832936333827	0.12918485116336545	1061.9975845698132	6.566430088313179	8.049041197362622e-11	6.741072002791196e-10
CXCL11	Day*Allocation*srf14	Day4 Placebo Yes - Day7 Placebo Yes	0	0.2167887103961706	0.13273996678430436	1054.483785759921	1.6331834009604744	0.10272895631300197	0.2910085801014228
AXIN1	Day*Allocation*srf14	Day1 Anakinra No - Day4 Anakinra No	0	-0.19538218385412756	0.06333207872605671	1040.956962703022	-3.085042963760188	0.00208893760528884	0.003683126830377691
AXIN1	Day*Allocation*srf14	Day1 Anakinra No - Day7 Anakinra No	0	-0.49102430211263454	0.06383771123716325	1046.0900193211583	-7.691759190557943	3.340033862206343e-14	6.976574617918458e-14
AXIN1	Day*Allocation*srf14	Day1 Anakinra No - Day1 Placebo No	0	0.0014195091233799725	0.1067557920481047	1292.6561969646732	0.01329678789456533	0.9893930626752736	0.9893930626752736
AXIN1	Day*Allocation*srf14	Day1 Anakinra No - Day4 Placebo No	0	-0.15017358792022434	0.10548295437969094	1270.6986273870368	-1.4236763541876853	0.15478567228958054	0.21605500090420615
AXIN1	Day*Allocation*srf14	Day1 Anakinra No - Day7 Placebo No	0	-0.41851834427536316	0.10709390748271212	1298.8184620479012	-3.907956615953372	9.78783237206439e-5	2.1154347384784328e-4
AXIN1	Day*Allocation*srf14	Day1 Anakinra No - Day1 Anakinra Yes	0	0.1549574909395367	0.12812590825621134	1276.3123168395202	1.2094157461867172	0.22672713637460662	0.3947712977424504
AXIN1	Day*Allocation*srf14	Day1 Anakinra No - Day4 Anakinra Yes	0	0.04043372067063218	0.1311777873003475	1310.0375393519498	0.3082360322030304	0.7579517394961662	0.8060756594641768
AXIN1	Day*Allocation*srf14	Day1 Anakinra No - Day7 Anakinra Yes	0	-0.29532891108802584	0.1299680232074577	1295.1332660233215	-2.2723197891270193	0.0232305371538399	0.045777823214919806
AXIN1	Day*Allocation*srf14	Day1 Anakinra No - Day1 Placebo Yes	0	0.21313533130774137	0.14467587946709054	1263.6608275098376	1.4731918830755981	0.1409483390594998	0.30272643438523206
AXIN1	Day*Allocation*srf14	Day1 Anakinra No - Day4 Placebo Yes	0	-0.08661862704743403	0.15053328061090726	1326.8325695285812	-0.5754118072489405	0.5651103872841459	0.6310399324672963
AXIN1	Day*Allocation*srf14	Day1 Anakinra No - Day7 Placebo Yes	0	-0.22452721169418083	0.15047132406167374	1326.5830591632714	-1.4921594735363248	0.13589510676265312	0.21678505126423236
AXIN1	Day*Allocation*srf14	Day4 Anakinra No - Day7 Anakinra No	0	-0.29564211825850695	0.06404252768523343	1045.099931496798	-4.61634056218981	4.390871288738351e-6	9.80627921151565e-6
AXIN1	Day*Allocation*srf14	Day4 Anakinra No - Day1 Placebo No	0	0.19680169297750755	0.10691910277870924	1295.056188780664	1.8406597872863613	0.06590008774988079	0.11038264698105033
AXIN1	Day*Allocation*srf14	Day4 Anakinra No - Day4 Placebo No	0	0.045208595933903216	0.10564834709070621	1273.2658535792998	0.4279157902497859	0.6687847963090486	0.9152190012754137
AXIN1	Day*Allocation*srf14	Day4 Anakinra No - Day7 Placebo No	0	-0.2231361604212356	0.10725817696037103	1301.2591760402588	-2.0803650289868187	0.03768733877627368	0.09235569108430787
AXIN1	Day*Allocation*srf14	Day4 Anakinra No - Day1 Anakinra Yes	0	0.35033967479366424	0.12828583954545134	1278.5812464746655	2.7309302104971596	0.0064024022473862996	0.010462462209143465
AXIN1	Day*Allocation*srf14	Day4 Anakinra No - Day4 Anakinra Yes	0	0.23581590452475976	0.13133396356219454	1312.0834085367712	1.795543956252312	0.07279710697668151	0.13935446192679032
AXIN1	Day*Allocation*srf14	Day4 Anakinra No - Day7 Anakinra Yes	0	-0.0999467272338983	0.130125787914627	1297.2956683892123	-0.7680777871598472	0.4425807559974132	0.605161441874014
AXIN1	Day*Allocation*srf14	Day4 Anakinra No - Day1 Placebo Yes	0	0.40851751516186896	0.14481947197325565	1265.5063731579323	2.8208742208182573	0.004864097090737879	0.010184203283732434
AXIN1	Day*Allocation*srf14	Day4 Anakinra No - Day4 Placebo Yes	0	0.10876355680669353	0.15067136745272053	1328.3686415418304	0.7218594922543772	0.4705079115072862	0.5721696131363228
AXIN1	Day*Allocation*srf14	Day4 Anakinra No - Day7 Placebo Yes	0	-0.02914502784005326	0.15060715369626473	1328.0114546155319	-0.1935168889708331	0.846583773615565	0.8726325051114284
AXIN1	Day*Allocation*srf14	Day7 Anakinra No - Day1 Placebo No	0	0.4924438112360145	0.10721089191756354	1299.9812383138487	4.593225580239214	4.7879017077859524e-6	1.1456764800773529e-5
AXIN1	Day*Allocation*srf14	Day7 Anakinra No - Day4 Placebo No	0	0.3408507141924102	0.10594200307720526	1278.4089688405643	3.2173331095506583	0.0013263275052097768	0.005553996428065941
AXIN1	Day*Allocation*srf14	Day7 Anakinra No - Day7 Placebo No	0	0.07250595783727136	0.10755044362762632	1306.1384692468373	0.6741576825876231	0.5003303619849107	0.8866484968214293
AXIN1	Day*Allocation*srf14	Day7 Anakinra No - Day1 Anakinra Yes	0	0.6459817930521712	0.12854726224792515	1282.0572705081652	5.025247381825106	5.739323637671322e-7	1.3259816680137193e-6
AXIN1	Day*Allocation*srf14	Day7 Anakinra No - Day4 Anakinra Yes	0	0.5314580227832667	0.13158886906894143	1315.2013128285732	4.0387764295232875	5.683681776650974e-5	1.655681213198327e-4
AXIN1	Day*Allocation*srf14	Day7 Anakinra No - Day7 Anakinra Yes	0	0.19569539102460867	0.13038076670290946	1300.4690183020277	1.500952908725622	0.13361048342501833	0.20345232703355062
AXIN1	Day*Allocation*srf14	Day7 Anakinra No - Day1 Placebo Yes	0	0.7041596334203759	0.14505607236471132	1268.3569209978195	4.854396110008567	1.357660798052114e-6	3.36901012849969e-6
AXIN1	Day*Allocation*srf14	Day7 Anakinra No - Day4 Placebo Yes	0	0.4044056750652005	0.15089592907184923	1330.6311092623853	2.6800303861918127	0.007452404514357051	0.012802848781074933
AXIN1	Day*Allocation*srf14	Day7 Anakinra No - Day7 Placebo Yes	0	0.2664970904184537	0.15083749904606558	1330.4800421512848	1.7667827437066286	0.07749386329642075	0.1361524242838806
AXIN1	Day*Allocation*srf14	Day1 Placebo No - Day4 Placebo No	0	-0.15159309704360432	0.10041650150548034	1043.570605181019	-1.5096432834331612	0.13143717086876375	0.18736788187674833
AXIN1	Day*Allocation*srf14	Day1 Placebo No - Day7 Placebo No	0	-0.4199378533987431	0.10212146579405984	1054.9351186635395	-4.112140871984721	4.2246974691226494e-5	8.325139130329927e-5
AXIN1	Day*Allocation*srf14	Day1 Placebo No - Day1 Anakinra Yes	0	0.15353798181615672	0.14597298248202797	1291.5583875605691	1.0518246541620133	0.293076754501724	0.567128305263043
AXIN1	Day*Allocation*srf14	Day1 Placebo No - Day4 Anakinra Yes	0	0.03901421154725221	0.14864816080435284	1317.1230265463232	0.2624601026756179	0.7930077845877247	0.8174080241135008
AXIN1	Day*Allocation*srf14	Day1 Placebo No - Day7 Anakinra Yes	0	-0.29674842021140585	0.14758492677746005	1305.8551959916385	-2.0106959883434845	0.0445628234785702	0.09330341165825635
AXIN1	Day*Allocation*srf14	Day1 Placebo No - Day1 Placebo Yes	0	0.2117158221843614	0.1608119991130471	1277.2078715767482	1.3165424430519646	0.18822823821456355	0.39410287376174247
AXIN1	Day*Allocation*srf14	Day1 Placebo No - Day4 Placebo Yes	0	-0.08803813617081402	0.1661113490131101	1328.0065015721798	-0.5299947095358652	0.5962041954965742	0.713315733897687
AXIN1	Day*Allocation*srf14	Day1 Placebo No - Day7 Placebo Yes	0	-0.2259467208175608	0.16602011534217478	1327.444790392818	-1.3609599074899728	0.17375735648350904	0.27718435439035966
AXIN1	Day*Allocation*srf14	Day4 Placebo No - Day7 Placebo No	0	-0.2683447563551388	0.10072203660015776	1044.9870000923956	-2.6642109851333022	0.007835724843086207	0.022825807151598952
AXIN1	Day*Allocation*srf14	Day4 Placebo No - Day1 Anakinra Yes	0	0.30513107885976104	0.1450595055352567	1279.7495470902477	2.1034890318552684	0.035617811379093076	0.06449711790268205
AXIN1	Day*Allocation*srf14	Day4 Placebo No - Day4 Anakinra Yes	0	0.19060730859085653	0.1477519483179566	1306.2463449661736	1.2900493750557984	0.19726184511351388	0.3146796100620341
AXIN1	Day*Allocation*srf14	Day4 Placebo No - Day7 Anakinra Yes	0	-0.14515532316780153	0.1466804818017997	1294.5299270189687	-0.9896021705460509	0.3225535375259505	0.5270996832741142
AXIN1	Day*Allocation*srf14	Day4 Placebo No - Day1 Placebo Yes	0	0.3633089192279657	0.1599823573847896	1267.3940466420902	2.2709311524528606	0.02331831242278747	0.04463791235219316
AXIN1	Day*Allocation*srf14	Day4 Placebo No - Day4 Placebo Yes	0	0.0635549608727903	0.16530595974902837	1319.51282221445	0.3844686602302847	0.7006930718259969	0.7696137018416689
AXIN1	Day*Allocation*srf14	Day4 Placebo No - Day7 Placebo Yes	0	-0.07435362377395648	0.1652193139827612	1319.0716048126562	-0.45002985414716373	0.6527628613214023	0.716969044402196
AXIN1	Day*Allocation*srf14	Day7 Placebo No - Day1 Anakinra Yes	0	0.5734758352148999	0.14599042659646944	1292.0529126958456	3.9281742548779466	9.011825167019276e-5	1.7251208176865472e-4
AXIN1	Day*Allocation*srf14	Day7 Placebo No - Day4 Anakinra Yes	0	0.45895206494599533	0.1486634736316063	1317.5250354245184	3.087187819136366	0.002062773945632116	0.004935923369905421
AXIN1	Day*Allocation*srf14	Day7 Placebo No - Day7 Anakinra Yes	0	0.12318943318733731	0.14760045551448284	1306.2792051494873	0.8346141802743267	0.4040875813845499	0.5414773590552969
AXIN1	Day*Allocation*srf14	Day7 Placebo No - Day1 Placebo Yes	0	0.6316536755831046	0.16085239862630205	1277.8985429261804	3.926914867154606	9.063684988933621e-5	2.1472627465708353e-4
AXIN1	Day*Allocation*srf14	Day7 Placebo No - Day4 Placebo Yes	0	0.33189971722792916	0.16615289984478068	1328.6890570987075	1.997555971264952	0.04596841311423158	0.083240099423068
AXIN1	Day*Allocation*srf14	Day7 Placebo No - Day7 Placebo Yes	0	0.19399113258118236	0.16606239206472992	1328.1129466878356	1.1681822125359125	0.24294292858064687	0.39700429792447167
AXIN1	Day*Allocation*srf14	Day1 Anakinra Yes - Day4 Anakinra Yes	0	-0.11452377026890452	0.13068467418421098	1079.4496789895745	-0.8763366552643632	0.3810420144311887	0.49095798013249314
AXIN1	Day*Allocation*srf14	Day1 Anakinra Yes - Day7 Anakinra Yes	0	-0.45028640202756254	0.1297538852660672	1081.8243810483268	-3.470311514019225	5.403511887303761e-4	0.0012483975739632825
AXIN1	Day*Allocation*srf14	Day1 Anakinra Yes - Day1 Placebo Yes	0	0.05817784036820467	0.173712070605265	1290.4651742972883	0.3349096016499925	0.7377477076318123	0.9668895255885167
AXIN1	Day*Allocation*srf14	Day1 Anakinra Yes - Day4 Placebo Yes	0	-0.24157611798697073	0.17864282110694046	1333.7660952140664	-1.352285619372058	0.1765131961644626	0.30822707088667706
AXIN1	Day*Allocation*srf14	Day1 Anakinra Yes - Day7 Placebo Yes	0	-0.37948470263371753	0.17864041653116117	1333.9363009476056	-2.1242936509136614	0.03382911408884559	0.07082970762352045
AXIN1	Day*Allocation*srf14	Day4 Anakinra Yes - Day7 Anakinra Yes	0	-0.33576263175865806	0.13116778968145876	1054.8019841659093	-2.5597948442529854	0.010611845932859736	0.041563657428225195
AXIN1	Day*Allocation*srf14	Day4 Anakinra Yes - Day1 Placebo Yes	0	0.1727016106371092	0.17597157524034893	1308.5964204200097	0.9814176545344129	0.3265682307807215	0.4791157751010373
AXIN1	Day*Allocation*srf14	Day4 Anakinra Yes - Day4 Placebo Yes	0	-0.12705234771806623	0.18084155590464093	1349.4059099526194	-0.702561682144904	0.4824501233709729	0.6464831653171038
AXIN1	Day*Allocation*srf14	Day4 Anakinra Yes - Day7 Placebo Yes	0	-0.264960932364813	0.1808389465924591	1349.556437310156	-1.4651762651655578	0.14310575590186783	0.35511428316389426
AXIN1	Day*Allocation*srf14	Day7 Anakinra Yes - Day1 Placebo Yes	0	0.5084642423957673	0.17507481765121188	1300.3107480740632	2.9042682963619675	0.003743335904516713	0.011665328326929462
AXIN1	Day*Allocation*srf14	Day7 Anakinra Yes - Day4 Placebo Yes	0	0.20871028404059183	0.17996580017151248	1342.115176108762	1.1597219240638224	0.246368312187747	0.4488089696038826
AXIN1	Day*Allocation*srf14	Day7 Anakinra Yes - Day7 Placebo Yes	0	0.07080169939384504	0.1799700918803151	1342.4968531601116	0.3934081416201646	0.6940805244865325	0.9309787269339678
AXIN1	Day*Allocation*srf14	Day1 Placebo Yes - Day4 Placebo Yes	0	-0.29975395835517543	0.15309836659183	1075.9774735746034	-1.9579174162866062	0.050497846097669996	0.09951046142776147
AXIN1	Day*Allocation*srf14	Day1 Placebo Yes - Day7 Placebo Yes	0	-0.4376625430019222	0.1531080050223793	1075.7491064247033	-2.858521622941599	0.004338321170059301	0.008074097733165921
AXIN1	Day*Allocation*srf14	Day4 Placebo Yes - Day7 Placebo Yes	0	-0.13790858464674677	0.15742302775082617	1069.4861309951668	-0.8760381922334295	0.38120598462584243	0.5675733548873654
TRAIL	Day*Allocation*srf14	Day1 Anakinra No - Day4 Anakinra No	0	-0.3154191428952523	0.05834444300267311	1037.1118364935346	-5.406155696452549	7.99027903584166e-8	1.8460299841427282e-7
TRAIL	Day*Allocation*srf14	Day1 Anakinra No - Day7 Anakinra No	0	-0.4915498923360058	0.05882127905503745	1041.6387256010387	-8.356667862935726	2.043352458024724e-16	4.720848782332984e-16
TRAIL	Day*Allocation*srf14	Day1 Anakinra No - Day1 Placebo No	0	-0.19207599312187545	0.10316602937485655	1216.6035189255556	-1.8618143422382007	0.06287024332071153	0.9893930626752736
TRAIL	Day*Allocation*srf14	Day1 Anakinra No - Day4 Placebo No	0	-0.25081800812604754	0.10202446361079513	1193.0771043207608	-2.458410456171305	0.014096638077927983	0.031482491707372495
TRAIL	Day*Allocation*srf14	Day1 Anakinra No - Day7 Placebo No	0	-0.5346720229270253	0.10346765851373417	1223.1206976895978	-5.167528004473529	2.767875121664081e-7	8.429437870522428e-7
TRAIL	Day*Allocation*srf14	Day1 Anakinra No - Day1 Anakinra Yes	0	0.19308335992819928	0.1238931874874482	1200.7691527328377	1.5584663196090651	0.11938625299367986	0.2758234120888466
TRAIL	Day*Allocation*srf14	Day1 Anakinra No - Day4 Anakinra Yes	0	0.18810108268138334	0.12667067101669813	1238.6790856395926	1.4849616029632247	0.13780842867585266	0.24297801898110863
TRAIL	Day*Allocation*srf14	Day1 Anakinra No - Day7 Anakinra Yes	0	0.05773543872296785	0.1255779605801089	1222.260584406373	0.45975773500587447	0.6457718890849603	0.7459778718740059
TRAIL	Day*Allocation*srf14	Day1 Anakinra No - Day1 Placebo Yes	0	0.14996001320901528	0.1399660160845602	1187.3706192731174	1.0714030262775875	0.28420597457340824	0.4533761975337703
TRAIL	Day*Allocation*srf14	Day1 Anakinra No - Day4 Placebo Yes	0	0.12357589822467754	0.14526295181183085	1256.8981820500182	0.8507048540825052	0.3950953557843889	0.4902109043991492
TRAIL	Day*Allocation*srf14	Day1 Anakinra No - Day7 Placebo Yes	0	0.03916403503223091	0.1452050025756984	1256.5007117334183	0.2697154666679881	0.7874234478731484	0.8509253388306603
TRAIL	Day*Allocation*srf14	Day4 Anakinra No - Day7 Anakinra No	0	-0.17613074944075352	0.05900761067574309	1040.5813545197796	-2.9848819063124266	0.002903185562597555	0.004631272207000861
TRAIL	Day*Allocation*srf14	Day4 Anakinra No - Day1 Placebo No	0	0.12334314977337685	0.10331385075297043	1219.2621044468117	1.1938684781801199	0.2327616443119676	0.3289743965539611
TRAIL	Day*Allocation*srf14	Day4 Anakinra No - Day4 Placebo No	0	0.06460113476920476	0.10217400123518294	1195.8790668208806	0.6322658796586287	0.5273340131694653	0.9152190012754137
TRAIL	Day*Allocation*srf14	Day4 Anakinra No - Day7 Placebo No	0	-0.21925288003177298	0.10361617019779441	1225.8137421087838	-2.116010267637165	0.03454510162139116	0.09235569108430787
TRAIL	Day*Allocation*srf14	Day4 Anakinra No - Day1 Anakinra Yes	0	0.5085025028234516	0.1240367753190295	1203.1849073661283	4.099610792972929	4.416158464727324e-5	1.2864461614640467e-4
TRAIL	Day*Allocation*srf14	Day4 Anakinra No - Day4 Anakinra Yes	0	0.5035202255766357	0.12681107486738785	1240.8943309350575	3.9706328970335583	7.579839727753262e-5	4.231011176733802e-4
TRAIL	Day*Allocation*srf14	Day4 Anakinra No - Day7 Anakinra Yes	0	0.3731545816182201	0.125719628437188	1224.5738700818722	2.96814893789362	0.003054227364525915	0.010770170180170333
TRAIL	Day*Allocation*srf14	Day4 Anakinra No - Day1 Placebo Yes	0	0.4653791561042676	0.14009484437482325	1189.3193865639464	3.321886384763363	9.212839598661716e-4	0.002204500903965482
TRAIL	Day*Allocation*srf14	Day4 Anakinra No - Day4 Placebo Yes	0	0.4389950411199298	0.1453871325564654	1258.574859951044	3.0194903317832003	0.0025829987050415386	0.007935282181519242
TRAIL	Day*Allocation*srf14	Day4 Anakinra No - Day7 Placebo Yes	0	0.35458317792748323	0.14532755695783575	1258.0894970659867	2.4398894837980336	0.014829080990062886	0.038213401012854364
TRAIL	Day*Allocation*srf14	Day7 Anakinra No - Day1 Placebo No	0	0.29947389921413037	0.10357549191152374	1224.5680438604866	2.8913586958384614	0.0039035412177177487	0.005944028672433844
TRAIL	Day*Allocation*srf14	Day7 Anakinra No - Day4 Placebo No	0	0.24073188420995828	0.10243726012753465	1201.3666703992874	2.3500422005649746	0.01893237336300381	0.04698033390078723
TRAIL	Day*Allocation*srf14	Day7 Anakinra No - Day7 Placebo No	0	-0.043122130591019464	0.1038782422570487	1231.0914219003266	-0.41512187397542716	0.67812502135947506	0.9538344209491556
TRAIL	Day*Allocation*srf14	Day7 Anakinra No - Day1 Anakinra Yes	0	0.6846332522642051	0.12427234179376424	1206.965590337693	5.509136163221146	4.4039901829640834e-8	1.0928420083651615e-7
TRAIL	Day*Allocation*srf14	Day7 Anakinra No - Day4 Anakinra Yes	0	0.6796509750173891	0.12704109394403626	1244.345212635652	5.349851405693868	1.046839853897369e-7	4.675884680741582e-7
TRAIL	Day*Allocation*srf14	Day7 Anakinra No - Day7 Anakinra Yes	0	0.5492853310589737	0.1259498426323993	1228.0759972052463	4.361143448683244	1.4022096442005194e-5	7.226772781648832e-5
TRAIL	Day*Allocation*srf14	Day7 Anakinra No - Day1 Placebo Yes	0	0.6415099055450211	0.14030790344918964	1192.3987915883095	4.572158016581967	5.3301815740508394e-6	1.2314557429703663e-5
TRAIL	Day*Allocation*srf14	Day7 Anakinra No - Day4 Placebo Yes	0	0.6151257905606834	0.14559017476020766	1261.1252131661458	4.225050155848896	2.5607363703354882e-5	9.029965095393564e-5
TRAIL	Day*Allocation*srf14	Day7 Anakinra No - Day7 Placebo Yes	0	0.5307139273682367	0.14553509603201586	1260.8230033656803	3.646638795988333	2.765204528205751e-4	9.750984388936068e-4
TRAIL	Day*Allocation*srf14	Day1 Placebo No - Day4 Placebo No	0	-0.05874201500417209	0.09251650969998491	1039.1198952951804	-0.6349354855113137	0.5256102675638732	0.617822595206658
TRAIL	Day*Allocation*srf14	Day1 Placebo No - Day7 Placebo No	0	-0.3425960298051498	0.09412638209304654	1049.1827731183937	-3.6397450128964284	2.862121696456861e-4	4.916978299041273e-4
TRAIL	Day*Allocation*srf14	Day1 Placebo No - Day1 Anakinra Yes	0	0.38515935305007476	0.1410680374241168	1216.2927596889224	2.730309147862494	0.006418871477048395	0.07356488699557255
TRAIL	Day*Allocation*srf14	Day1 Placebo No - Day4 Anakinra Yes	0	0.38017707580325877	0.1435031361457564	1245.2356328194664	2.6492597027086027	0.008168918081232768	0.02880618481276818
TRAIL	Day*Allocation*srf14	Day1 Placebo No - Day7 Anakinra Yes	0	0.2498114318448433	0.1425420336389473	1232.7121778620092	1.7525457261091468	0.07992860950784961	0.1480889347932025
TRAIL	Day*Allocation*srf14	Day1 Placebo No - Day1 Placebo Yes	0	0.3420360063308907	0.15549601531576707	1201.179791702168	2.199644831003002	0.02802205878990463	0.12516519592824069
TRAIL	Day*Allocation*srf14	Day1 Placebo No - Day4 Placebo Yes	0	0.315651891346553	0.16029036939724195	1257.416647784258	1.9692505078972282	0.04914360814262554	0.10702479222472454
TRAIL	Day*Allocation*srf14	Day1 Placebo No - Day7 Placebo Yes	0	0.23124002815410638	0.16020630818601767	1256.7036931623227	1.4433890323819867	0.149160130338681	0.24984321831729067
TRAIL	Day*Allocation*srf14	Day4 Placebo No - Day7 Placebo No	0	-0.2838540148009777	0.09280274406290633	1040.3421327890414	-3.0586812671031294	0.0022800056910059706	0.007638019064870002
TRAIL	Day*Allocation*srf14	Day4 Placebo No - Day1 Anakinra Yes	0	0.44390136805424685	0.14025053579596708	1203.714714630583	3.16506005153537	0.0015893786019101097	0.004437015263665723
TRAIL	Day*Allocation*srf14	Day4 Placebo No - Day4 Anakinra Yes	0	0.43891909080743086	0.14270016701584845	1233.4895731581116	3.075813434462792	0.002145478419567405	0.013067914010092375
TRAIL	Day*Allocation*srf14	Day4 Placebo No - Day7 Anakinra Yes	0	0.3085534468490154	0.14173228396830417	1220.5722371013203	2.1770159783639538	0.029670468887201457	0.09036006433829534
TRAIL	Day*Allocation*srf14	Day4 Placebo No - Day1 Placebo Yes	0	0.4007780213350628	0.15475331108124799	1190.7788888915384	2.5897864060863154	0.009720737389463805	0.021009335648195966
TRAIL	Day*Allocation*srf14	Day4 Placebo No - Day4 Placebo Yes	0	0.3743939063507251	0.1595680938985487	1248.171279544627	2.346295535677451	0.019116805493214543	0.049074161244196196
TRAIL	Day*Allocation*srf14	Day4 Placebo No - Day7 Placebo Yes	0	0.28998204315827847	0.15948768780732145	1247.568402472375	1.818209588119482	0.06927182247753508	0.1600417967584431
TRAIL	Day*Allocation*srf14	Day7 Placebo No - Day1 Anakinra Yes	0	0.7277553828552246	0.1410823414266509	1216.7484065741576	5.158373298146505	2.90592178131873e-7	1.0247197860439732e-6
TRAIL	Day*Allocation*srf14	Day7 Placebo No - Day4 Anakinra Yes	0	0.7227731056084086	0.14351576690504686	1245.612090591361	5.036193034362635	5.44777851018167e-7	2.8077012321705535e-6
TRAIL	Day*Allocation*srf14	Day7 Placebo No - Day7 Anakinra Yes	0	0.5924074616499931	0.1425548048329243	1233.104200877731	4.1556471024901676	3.4674888172341385e-5	2.7177979277536265e-4
TRAIL	Day*Allocation*srf14	Day7 Placebo No - Day1 Placebo Yes	0	0.6846320361360405	0.15553103523027317	1201.856900241435	4.401899820974001	1.1684117933139395e-5	3.4036343544362585e-5
TRAIL	Day*Allocation*srf14	Day7 Placebo No - Day4 Placebo Yes	0	0.6582479211517028	0.1603262320210003	1258.0941215975074	4.105678234024001	4.291237025059249e-5	1.8336635230375582e-4
TRAIL	Day*Allocation*srf14	Day7 Placebo No - Day7 Placebo Yes	0	0.5738360579592562	0.16024292677963603	1257.3775684439306	3.5810382991093768	3.552839735442953e-4	0.0019836688522889816
TRAIL	Day*Allocation*srf14	Day1 Anakinra Yes - Day4 Anakinra Yes	0	-0.004982277246815936	0.12056471319569104	1072.4199582958229	-0.04132450627348236	0.9670448886268534	0.9816970839090785
TRAIL	Day*Allocation*srf14	Day1 Anakinra Yes - Day7 Anakinra Yes	0	-0.13534792120523143	0.11971765488283054	1075.0314160608314	-1.1305594094513334	0.25849274213315593	0.3230003522333939
TRAIL	Day*Allocation*srf14	Day1 Anakinra Yes - Day1 Placebo Yes	0	-0.043123346719184	0.16788491634090164	1214.4496945415951	-0.2568625440514211	0.7973283948079694	0.9668895255885167
TRAIL	Day*Allocation*srf14	Day1 Anakinra Yes - Day4 Placebo Yes	0	-0.06950746170352173	0.17234595540117778	1262.6639035694789	-0.40330196053470446	0.6867943812660854	0.7685163904106364
TRAIL	Day*Allocation*srf14	Day1 Anakinra Yes - Day7 Placebo Yes	0	-0.15391932489596838	0.1723426303981082	1262.7952050568838	-0.8931007060784535	0.37197340809449175	0.45313124258783544
TRAIL	Day*Allocation*srf14	Day4 Anakinra Yes - Day7 Anakinra Yes	0	-0.1303656439584155	0.12089781178731884	1048.9682176037354	-1.0783126843333797	0.2811421360188228	0.501241157021234
TRAIL	Day*Allocation*srf14	Day4 Anakinra Yes - Day1 Placebo Yes	0	-0.03814106947236806	0.16994264445513327	1235.0058876579787	-0.22443495330236388	0.8224560000085739	0.8664010901838345
TRAIL	Day*Allocation*srf14	Day4 Anakinra Yes - Day4 Placebo Yes	0	-0.0645251844567058	0.17435165330400776	1280.8698276397315	-0.37008645019383124	0.7113792614530834	0.781350992087813
TRAIL	Day*Allocation*srf14	Day4 Anakinra Yes - Day7 Placebo Yes	0	-0.14893704764915244	0.17434821920071608	1280.9879285471552	-0.8542504668641934	0.39312594806074186	0.6397131190902728
TRAIL	Day*Allocation*srf14	Day7 Anakinra Yes - Day1 Placebo Yes	0	0.09222457448604743	0.16913319187075282	1225.8728697017207	0.5452777983195815	0.5856616643133215	0.7007023483748667
TRAIL	Day*Allocation*srf14	Day7 Anakinra Yes - Day4 Placebo Yes	0	0.06584045950170969	0.17356021740849556	1272.6520244571332	0.3793522529805663	0.7044895878423525	0.8280842523760986
TRAIL	Day*Allocation*srf14	Day7 Anakinra Yes - Day7 Placebo Yes	0	-0.01857140369073694	0.17356199603878217	1272.9690528972665	-0.10700155630030429	0.914804605471173	0.9817894391401966
TRAIL	Day*Allocation*srf14	Day1 Placebo Yes - Day4 Placebo Yes	0	-0.026384114984337736	0.14122721372025016	1070.0035649964511	-0.18682033221019778	0.8518369197747382	0.891766775389179
TRAIL	Day*Allocation*srf14	Day1 Placebo Yes - Day7 Placebo Yes	0	-0.11079597817678437	0.1412349230941619	1069.7968186165947	-0.784480040414057	0.43293215910679195	0.5088851694764046
TRAIL	Day*Allocation*srf14	Day4 Placebo Yes - Day7 Placebo Yes	0	-0.08441186319244663	0.14517753071886275	1062.7959819352584	-0.5814388960500421	0.5610679808304986	0.6961399021415445
CXCL9	Day*Allocation*srf14	Day1 Anakinra No - Day4 Anakinra No	0	0.11459386285812966	0.05432031508144308	1032.2968269968221	2.1095949588347884	0.03513349288397326	0.05117269615709148
CXCL9	Day*Allocation*srf14	Day1 Anakinra No - Day7 Anakinra No	0	0.024669643512502018	0.054776474448647056	1036.0672378698146	0.45036931932575924	0.6525383870968605	0.6726164913152254
CXCL9	Day*Allocation*srf14	Day1 Anakinra No - Day1 Placebo No	0	-0.07824905275745905	0.10312937829630252	1114.4081512433156	-0.7587464799083784	0.44816466788788756	0.9893930626752736
CXCL9	Day*Allocation*srf14	Day1 Anakinra No - Day4 Placebo No	0	0.172629956271788	0.10211515095399701	1090.7371076817203	1.690542046493747	0.09121001372571247	0.14905051023470087
CXCL9	Day*Allocation*srf14	Day1 Anakinra No - Day7 Placebo No	0	0.015581975182934	0.10339560174408169	1120.87585586688	0.15070249527152546	0.8802375201178483	0.8802375201178483
CXCL9	Day*Allocation*srf14	Day1 Anakinra No - Day1 Anakinra Yes	0	-0.4892654939984971	0.12394689245221667	1100.0766994546423	-3.947380078021045	8.402655590251555e-5	0.001876593081822847
CXCL9	Day*Allocation*srf14	Day1 Anakinra No - Day4 Anakinra Yes	0	-0.22833631589558395	0.1264640844693813	1140.6965760395178	-1.8055427899046494	0.07125333826580227	0.1446658686002652
CXCL9	Day*Allocation*srf14	Day1 Anakinra No - Day7 Anakinra Yes	0	-0.6301624118712864	0.12548384787518663	1123.5410932143927	-5.021860761698045	5.947658908415518e-7	3.830828339670067e-6
CXCL9	Day*Allocation*srf14	Day1 Anakinra No - Day1 Placebo Yes	0	-0.4446040558326582	0.1401249196673567	1086.9643090154852	-3.1729121193297103	0.0015514985675345002	0.00945003672952832
CXCL9	Day*Allocation*srf14	Day1 Anakinra No - Day4 Placebo Yes	0	-0.4286376773190649	0.1448849859581361	1159.5656987293482	-2.958468570669689	0.0031544452923133884	0.011741546365833168
CXCL9	Day*Allocation*srf14	Day1 Anakinra No - Day7 Placebo Yes	0	-0.35987602703868604	0.14483083670780783	1159.01440229737	-2.4848025131880296	0.013102619682573861	0.03027156961146375
CXCL9	Day*Allocation*srf14	Day4 Anakinra No - Day7 Anakinra No	0	-0.08992421934562764	0.054946756385243004	1034.976856665926	-1.6365701137142736	0.10202434079833786	0.13403197712722817
CXCL9	Day*Allocation*srf14	Day4 Anakinra No - Day1 Placebo No	0	-0.1928429156155887	0.10326234883722805	1117.1940833776653	-1.8675046402398425	0.06209283851184722	0.10667231231522471
CXCL9	Day*Allocation*srf14	Day4 Anakinra No - Day4 Placebo No	0	0.05803609341365834	0.10224946415815708	1093.6246938596555	0.5675931301105839	0.570427769118718	0.9152190012754137
CXCL9	Day*Allocation*srf14	Day4 Anakinra No - Day7 Placebo No	0	-0.09901188767519566	0.10352901878536522	1123.6885814287452	-0.9563684543409572	0.33909181970690516	0.43963843155312227
CXCL9	Day*Allocation*srf14	Day4 Anakinra No - Day1 Anakinra Yes	0	-0.6038593568566267	0.1240747216573288	1102.5028896557224	-4.866900757789918	1.2986249796303575e-6	4.350393681761698e-6
CXCL9	Day*Allocation*srf14	Day4 Anakinra No - Day4 Anakinra Yes	0	-0.34293017875371357	0.12658933427713204	1142.9708316774272	-2.7089974105003476	0.006849527031203202	0.018356732443624582
CXCL9	Day*Allocation*srf14	Day4 Anakinra No - Day7 Anakinra Yes	0	-0.7447562747294161	0.12561004961507155	1125.8839431019564	-5.929113769254137	4.046160163307927e-9	1.3554636547081555e-7
CXCL9	Day*Allocation*srf14	Day4 Anakinra No - Day1 Placebo Yes	0	-0.5591979186907878	0.14023950554116157	1088.9034875415666	-3.987449303482164	7.124282964659592e-5	2.169667993782694e-4
CXCL9	Day*Allocation*srf14	Day4 Anakinra No - Day4 Placebo Yes	0	-0.5432315401771945	0.14499582721370968	1161.3041484473877	-3.746532232107096	1.8810224833632389e-4	9.69450049117977e-4
CXCL9	Day*Allocation*srf14	Day4 Anakinra No - Day7 Placebo Yes	0	-0.4744698898968157	0.1449406199331218	1160.6914214384703	-3.2735467125485225	0.0010933829680740807	0.0045785411788102125
CXCL9	Day*Allocation*srf14	Day7 Anakinra No - Day1 Placebo No	0	-0.10291869626996107	0.10349477947553228	1122.5693765729025	-0.994433697926692	0.3202260693658861	0.35172371553302245
CXCL9	Day*Allocation*srf14	Day7 Anakinra No - Day4 Placebo No	0	0.14796031275928598	0.10248322856382454	1099.1200708915646	1.443751478488397	0.14909385652354165	0.23230903225761143
CXCL9	Day*Allocation*srf14	Day7 Anakinra No - Day7 Placebo No	0	-0.009087668329568019	0.10376181798938075	1129.0566648706676	-0.08758200757910847	0.9302244335312285	0.9865611017020623
CXCL9	Day*Allocation*srf14	Day7 Anakinra No - Day1 Anakinra Yes	0	-0.5139351375109992	0.12428528056013892	1106.377811815915	-4.135124732347667	3.815942659510972e-5	6.909950221276624e-5
CXCL9	Day*Allocation*srf14	Day7 Anakinra No - Day4 Anakinra Yes	0	-0.25300595940808596	0.12679538153350103	1146.5890215046284	-1.9953878157718103	0.046236893356622975	0.06556641350300256
CXCL9	Day*Allocation*srf14	Day7 Anakinra No - Day7 Anakinra Yes	0	-0.6548320553837884	0.1258163764174078	1129.5381971046404	-5.204664718774929	2.307150599056711e-7	1.7175454459644405e-6
CXCL9	Day*Allocation*srf14	Day7 Anakinra No - Day1 Placebo Yes	0	-0.4692736993451602	0.1404297498823077	1092.0328582068198	-3.3416971812486476	8.608836091611822e-4	0.0014419800453449802
CXCL9	Day*Allocation*srf14	Day7 Anakinra No - Day4 Placebo Yes	0	-0.4533073208315669	0.14517814598984913	1164.030632668042	-3.1224212001113596	0.0018379283972956338	0.0036472255028181734
CXCL9	Day*Allocation*srf14	Day7 Anakinra No - Day7 Placebo Yes	0	-0.38454567055118805	0.14512620327154263	1163.5618793632893	-2.649732866170781	0.008164733746641367	0.020260635593517467
CXCL9	Day*Allocation*srf14	Day1 Placebo No - Day4 Placebo No	0	0.25087900902924704	0.08614303850292299	1033.631110633184	2.912353840649982	0.0036642874397780417	0.007439613892882691
CXCL9	Day*Allocation*srf14	Day1 Placebo No - Day7 Placebo No	0	0.09383102794039305	0.08768549409471935	1042.0585249235737	1.07008609473119	0.2848283514685953	0.34077677764992653
CXCL9	Day*Allocation*srf14	Day1 Placebo No - Day1 Anakinra Yes	0	-0.4110164412410381	0.14101673693952818	1114.923660294477	-2.914664245970272	0.0036318683807697308	0.06083379537789299
CXCL9	Day*Allocation*srf14	Day1 Placebo No - Day4 Anakinra Yes	0	-0.15008726313812487	0.14322419059506988	1146.1548465236365	-1.0479183894462256	0.2948971330447412	0.42038527476590765
CXCL9	Day*Allocation*srf14	Day1 Placebo No - Day7 Anakinra Yes	0	-0.5519133591138273	0.14236119637243846	1132.9565391739875	-3.8768524933573776	1.118954032244895e-4	4.997994677360531e-4
CXCL9	Day*Allocation*srf14	Day1 Placebo No - Day1 Placebo Yes	0	-0.36635500307519914	0.15556203937299004	1100.1294238337919	-2.3550411434038367	0.018695536875494564	0.09635392081985661
CXCL9	Day*Allocation*srf14	Day1 Placebo No - Day4 Placebo Yes	0	-0.3503886245616058	0.1598728429583809	1159.1947660454873	-2.191670693269783	0.02860168327097294	0.07485475250359676
CXCL9	Day*Allocation*srf14	Day1 Placebo No - Day7 Placebo Yes	0	-0.28162697428122696	0.15979560288565225	1158.3430474086063	-1.7624200490845527	0.07826205506307218	0.14565438025627322
CXCL9	Day*Allocation*srf14	Day4 Placebo No - Day7 Placebo No	0	-0.15704798108885398	0.0864146737713687	1034.6211209405533	-1.81737631162461	0.06944867589842237	0.12418410555867071
CXCL9	Day*Allocation*srf14	Day4 Placebo No - Day1 Anakinra Yes	0	-0.6618954502702851	0.14029242476717166	1102.3400144965779	-4.717969992811531	2.687708911163316e-6	1.0004249835996788e-5
CXCL9	Day*Allocation*srf14	Day4 Placebo No - Day4 Anakinra Yes	0	-0.4009662721673719	0.14251154201928187	1134.193891088026	-2.813570511454581	0.0049840793220969504	0.01855185081002754
CXCL9	Day*Allocation*srf14	Day4 Placebo No - Day7 Anakinra Yes	0	-0.8027923681430744	0.14164325274115586	1120.7052357536581	-5.667706386340386	1.8394625118215455e-8	1.2324398829204354e-6
CXCL9	Day*Allocation*srf14	Day4 Placebo No - Day1 Placebo Yes	0	-0.6172340121044462	0.15490376178122559	1089.7819264780849	-3.9846289399748795	7.207816730210988e-5	2.2996367663054106e-4
CXCL9	Day*Allocation*srf14	Day4 Placebo No - Day4 Placebo Yes	0	-0.6012676335908529	0.15923094840194105	1149.6864672135355	-3.7760726769842146	1.674679175727295e-4	0.0014025438096716095
CXCL9	Day*Allocation*srf14	Day4 Placebo No - Day7 Placebo Yes	0	-0.532505983310474	0.1591564496232697	1148.9261489245969	-3.3458020995752236	8.469727213966695e-4	0.0063052413703974285
CXCL9	Day*Allocation*srf14	Day7 Placebo No - Day1 Anakinra Yes	0	-0.5048474691814311	0.1410279668977165	1115.3016425483052	-3.5797684692397387	3.5868866387547214e-4	6.4951731026099e-4
CXCL9	Day*Allocation*srf14	Day7 Placebo No - Day4 Anakinra Yes	0	-0.24391829107851792	0.1432341953547832	1146.4741644439493	-1.702933370584767	0.08885158218011811	0.13355096213212655
CXCL9	Day*Allocation*srf14	Day7 Placebo No - Day7 Anakinra Yes	0	-0.6457443870542204	0.14237128000636853	1133.284314558183	-4.535636590647601	6.353860507985889e-6	7.095144233917575e-5
CXCL9	Day*Allocation*srf14	Day7 Placebo No - Day1 Placebo Yes	0	-0.4601860310155922	0.15559180273928797	1100.7430006835566	-2.9576495863775487	0.0031661497435367418	0.005733298184242208
CXCL9	Day*Allocation*srf14	Day7 Placebo No - Day4 Placebo Yes	0	-0.4442196525019989	0.15990316309422628	1159.81771986613	-2.7780541917124753	0.005556739296822985	0.014319289726428463
CXCL9	Day*Allocation*srf14	Day7 Placebo No - Day7 Placebo Yes	0	-0.37545800222162	0.15982665892113057	1158.9729337142012	-2.3491575482842117	0.018983112257230567	0.04891802004747877
CXCL9	Day*Allocation*srf14	Day1 Anakinra Yes - Day4 Anakinra Yes	0	0.26092917810291316	0.112448748474281	1063.240631795103	2.320427587174011	0.020506277803491468	0.04163395796466449
CXCL9	Day*Allocation*srf14	Day1 Anakinra Yes - Day7 Anakinra Yes	0	-0.1408969178727893	0.11167498803270828	1066.0116838671272	-1.2616694244150914	0.20734375827656992	0.26715445777942665
CXCL9	Day*Allocation*srf14	Day1 Anakinra Yes - Day1 Placebo Yes	0	0.04466143816583891	0.1678430460364373	1112.5576241784854	0.2660904888257527	0.7902188225266887	0.9668895255885167
CXCL9	Day*Allocation*srf14	Day1 Anakinra Yes - Day4 Placebo Yes	0	0.060627816679432234	0.17185435684967434	1163.4711457520684	0.3527860322590775	0.7243127561467975	0.7714070018661296
CXCL9	Day*Allocation*srf14	Day1 Anakinra Yes - Day7 Placebo Yes	0	0.12938946695981107	0.17185012883711617	1163.546054998813	0.7529203954362444	0.4516500550525674	0.5403670301521788
CXCL9	Day*Allocation*srf14	Day4 Anakinra Yes - Day7 Anakinra Yes	0	-0.40182609597570246	0.11262340777770156	1041.7661377782827	-3.5678737120868798	3.7626722976374455e-4	0.0039701329220552225
CXCL9	Day*Allocation*srf14	Day4 Anakinra Yes - Day1 Placebo Yes	0	-0.21626773993707427	0.16970939198583468	1134.7366349179572	-1.2743416107172532	0.20280328444572954	0.339695501446597
CXCL9	Day*Allocation*srf14	Day4 Anakinra Yes - Day4 Placebo Yes	0	-0.20030136142348093	0.17367802224472112	1183.7690145672423	-1.1532913539356533	0.24902362764777894	0.4474758003169923
CXCL9	Day*Allocation*srf14	Day4 Anakinra Yes - Day7 Placebo Yes	0	-0.1315397111431021	0.17367376031969303	1183.8376132115834	-0.757395422895019	0.44896372001917584	0.6836493009382905
CXCL9	Day*Allocation*srf14	Day7 Anakinra Yes - Day1 Placebo Yes	0	0.1855583560386282	0.1689839307847125	1125.2115222223256	1.0980828483332639	0.2724032284736063	0.3650203261546325
CXCL9	Day*Allocation*srf14	Day7 Anakinra Yes - Day4 Placebo Yes	0	0.20152473455222153	0.17296735580142214	1174.9512649011326	1.16510270749346	0.2442139044992047	0.4488089696038826
CXCL9	Day*Allocation*srf14	Day7 Anakinra Yes - Day7 Placebo Yes	0	0.27028638483260037	0.1729667296220433	1175.1693754739067	1.5626495651690602	0.11840427763444929	0.7556349850316068
CXCL9	Day*Allocation*srf14	Day1 Placebo Yes - Day4 Placebo Yes	0	0.015966378513593324	0.13170804129124863	1061.9788547331234	0.12122554065082898	0.9035353272792452	0.917225256480446
CXCL9	Day*Allocation*srf14	Day1 Placebo Yes - Day7 Placebo Yes	0	0.08472802879397218	0.1317138891640707	1061.8030104227312	0.6432733049771985	0.5201856712566074	0.5713514749867655
CXCL9	Day*Allocation*srf14	Day4 Placebo Yes - Day7 Placebo Yes	0	0.06876165028037885	0.13533723177270307	1054.2826568785388	0.5080763761731365	0.6115060645395922	0.7316233272170121
CST5	Day*Allocation*srf14	Day1 Anakinra No - Day4 Anakinra No	0	-0.09726930032662272	0.04409636262664265	1022.040767740931	-2.2058350061701786	0.02761747054697301	0.04205387560561799
CST5	Day*Allocation*srf14	Day1 Anakinra No - Day7 Anakinra No	0	-0.315687708368169	0.044485853972793005	1024.2453056437012	-7.096361656027547	2.388625948464173e-12	4.572512529917131e-12
CST5	Day*Allocation*srf14	Day1 Anakinra No - Day1 Placebo No	0	0.12282495697033485	0.1043347266166839	888.8666553205364	1.1772202885198746	0.23942271543047475	0.9893930626752736
CST5	Day*Allocation*srf14	Day1 Anakinra No - Day4 Placebo No	0	-0.011585906325839411	0.10364365033693353	871.2330421152816	-0.11178597326681344	0.9110188579048659	0.9242590055911887
CST5	Day*Allocation*srf14	Day1 Anakinra No - Day7 Placebo No	0	-0.3421321255829008	0.10451366675954667	893.5584105428998	-3.2735635079194	0.0011027846889251486	0.001996934436702296
CST5	Day*Allocation*srf14	Day1 Anakinra No - Day1 Anakinra Yes	0	0.2829579885803439	0.12561836123881923	879.8785566546529	2.252520935553351	0.024535088624000074	0.09669711398870617
CST5	Day*Allocation*srf14	Day1 Anakinra No - Day4 Anakinra Yes	0	0.41498496533870594	0.12741599904224796	914.4683002447196	3.2569298083289158	0.0011676903918702043	0.0037254883931096996
CST5	Day*Allocation*srf14	Day1 Anakinra No - Day7 Anakinra Yes	0	0.12208587068966878	0.12673254121718633	900.6255109352402	0.9633348271652316	0.3356380981347731	0.45826494779064814
CST5	Day*Allocation*srf14	Day1 Anakinra No - Day1 Placebo Yes	0	0.2553364104055639	0.14225923385868974	870.997964803457	1.7948670429309144	0.07302150970721893	0.20385171459931953
CST5	Day*Allocation*srf14	Day1 Anakinra No - Day4 Placebo Yes	0	0.16520374007171876	0.14559396305928377	929.7532714423971	1.1346881189328584	0.256798464580884	0.40012784016091235
CST5	Day*Allocation*srf14	Day1 Anakinra No - Day7 Placebo Yes	0	0.03985398717708198	0.14555317602590495	929.1268053545797	0.27381049500416904	0.7842911148874536	0.8509253388306603
CST5	Day*Allocation*srf14	Day4 Anakinra No - Day7 Anakinra No	0	-0.21841840804154627	0.04461726280558937	1023.306167018366	-4.895378925266213	1.1394339073143281e-6	2.827484140372592e-6
CST5	Day*Allocation*srf14	Day4 Anakinra No - Day1 Placebo No	0	0.22009425729695759	0.10442800684355898	891.117118789752	2.1076171416991167	0.03534291842271244	0.07175683437338587
CST5	Day*Allocation*srf14	Day4 Anakinra No - Day4 Placebo No	0	0.08568339400078331	0.10373754040368224	873.5060391339048	0.825963230546595	0.40905048198503813	0.9152190012754137
CST5	Day*Allocation*srf14	Day4 Anakinra No - Day7 Placebo No	0	-0.24486282525627806	0.10460706728469789	895.820988852982	-2.3407866371959463	0.019461696336995904	0.06794424804371053
CST5	Day*Allocation*srf14	Day4 Anakinra No - Day1 Anakinra Yes	0	0.3802272889069666	0.1257060410990791	881.7035665037242	3.0247336212527665	0.002560688170629669	0.00519897295249054
CST5	Day*Allocation*srf14	Day4 Anakinra No - Day4 Anakinra Yes	0	0.5122542656653286	0.127502419121795	916.2526383028195	4.017604286990073	6.361405080433583e-5	3.8746740035368186e-4
CST5	Day*Allocation*srf14	Day4 Anakinra No - Day7 Anakinra Yes	0	0.21935517101629148	0.12681937012036756	902.4244401706263	1.7296661449122148	0.0840318756290082	0.16086101906124428
CST5	Day*Allocation*srf14	Day4 Anakinra No - Day1 Placebo Yes	0	0.3526057107321866	0.142337669827261	872.4372158170061	2.477248019867853	0.013428430372435882	0.02367644302508432
CST5	Day*Allocation*srf14	Day4 Anakinra No - Day4 Placebo Yes	0	0.26247304039834146	0.1456705899368155	931.1417597552021	1.8018258902650763	0.0718961543005547	0.10947823495766283
CST5	Day*Allocation*srf14	Day4 Anakinra No - Day7 Placebo Yes	0	0.1371232875037047	0.1456295040753693	930.4978821266437	0.941590018961664	0.3466469651573575	0.46450693331085907
CST5	Day*Allocation*srf14	Day7 Anakinra No - Day1 Placebo No	0	0.43851266533850386	0.10458643852468917	895.1660065101524	4.192825298616383	3.0287622052912974e-5	6.341470867328654e-5
CST5	Day*Allocation*srf14	Day7 Anakinra No - Day4 Placebo No	0	0.3041018020423296	0.1038966296044268	877.5699501157325	2.926965034382333	0.0035112462147946174	0.012381762967959967
CST5	Day*Allocation*srf14	Day7 Anakinra No - Day7 Placebo No	0	-0.026444417214731786	0.10476568864923674	899.882938669001	-0.25241486555077824	0.8007780524971546	0.9681530316923849
CST5	Day*Allocation*srf14	Day7 Anakinra No - Day1 Anakinra Yes	0	0.5986456969485129	0.12585144527196518	884.6993851095989	4.756764577910397	2.296269957989474e-6	5.128336239509825e-6
CST5	Day*Allocation*srf14	Day7 Anakinra No - Day4 Anakinra Yes	0	0.7306726737068749	0.1276456076363099	919.1749441662824	5.7242288805480905	1.4061520805717401e-8	7.851015783192215e-8
CST5	Day*Allocation*srf14	Day7 Anakinra No - Day7 Anakinra Yes	0	0.43777357905783776	0.12696280004069996	905.3472238097219	3.4480460333066256	5.90680381326996e-4	0.001978779277445437
CST5	Day*Allocation*srf14	Day7 Anakinra No - Day1 Placebo Yes	0	0.5710241187737328	0.14246866682364362	874.8217783736995	4.008068100199051	6.64335032362554e-5	1.2717270619511746e-4
CST5	Day*Allocation*srf14	Day7 Anakinra No - Day4 Placebo Yes	0	0.4808914484398878	0.14579790174219315	933.4112773166819	3.2983427243707744	0.0010093325506186608	0.0023319062376362166
CST5	Day*Allocation*srf14	Day7 Anakinra No - Day7 Placebo Yes	0	0.355541695545251	0.14575807472374228	932.8229229249969	2.439258999675422	0.01490288727359559	0.03443080852865188
CST5	Day*Allocation*srf14	Day1 Placebo No - Day4 Placebo No	0	-0.13441086329617427	0.0699368825089586	1022.333498569449	-1.9218881150293887	0.05489754556756454	0.08757465602444821
CST5	Day*Allocation*srf14	Day1 Placebo No - Day7 Placebo No	0	-0.46495708255323565	0.07125820935631626	1027.3285995832707	-6.524961639553497	1.0660922490241156e-10	3.7593779307692496e-10
CST5	Day*Allocation*srf14	Day1 Placebo No - Day1 Anakinra Yes	0	0.16013303161000902	0.1426418882664277	890.1133365029509	1.1226227692030493	0.2619004565296308	0.5483540808589145
CST5	Day*Allocation*srf14	Day1 Placebo No - Day4 Anakinra Yes	0	0.2921600083683711	0.14421930808302824	916.941268783907	2.025803703067083	0.04307406815493305	0.09309556665743594
CST5	Day*Allocation*srf14	Day1 Placebo No - Day7 Anakinra Yes	0	-7.390862806660736e-4	0.14361644442083774	906.175651930393	-0.005146251069274052	0.9958950365226904	0.9958950365226904
CST5	Day*Allocation*srf14	Day1 Placebo No - Day1 Placebo Yes	0	0.13251145343522902	0.15766040694260483	879.9221422715124	0.8404865622569964	0.40086395452462475	0.58386706419891
CST5	Day*Allocation*srf14	Day1 Placebo No - Day4 Placebo Yes	0	0.04237878310138391	0.1606839739862735	928.0818489603544	0.26373994898211905	0.7920388576933494	0.86994431910581
CST5	Day*Allocation*srf14	Day1 Placebo No - Day7 Placebo Yes	0	-0.08297096979325287	0.1606274942850946	927.2491994814367	-0.5165427635071572	0.6055985458173678	0.7497374552257674
CST5	Day*Allocation*srf14	Day4 Placebo No - Day7 Placebo No	0	-0.3305462192570614	0.07016511670212898	1022.8776877538735	-4.710976547795464	2.805399474959585e-6	3.132696080371536e-5
CST5	Day*Allocation*srf14	Day4 Placebo No - Day1 Anakinra Yes	0	0.29454389490618327	0.14215133135786062	880.8372297236975	2.0720445745575193	0.038551784927702865	0.0679728839514761
CST5	Day*Allocation*srf14	Day4 Placebo No - Day4 Anakinra Yes	0	0.4265708716645453	0.1437343314597247	907.8260782334706	2.9677730249441017	0.0030784103253560812	0.01469855204818756
CST5	Day*Allocation*srf14	Day4 Placebo No - Day7 Anakinra Yes	0	0.1336717770155082	0.1431290766202149	896.9850475279765	0.9339246795408237	0.35059407941292453	0.5462744958294405
CST5	Day*Allocation*srf14	Day4 Placebo No - Day1 Placebo Yes	0	0.26692231673140326	0.15721425736316144	872.345680042953	1.69782512863842	0.08989741752445407	0.14007272032880053
CST5	Day*Allocation*srf14	Day4 Placebo No - Day4 Placebo Yes	0	0.17678964639755818	0.16024561454967404	920.698135269342	1.10324171363052	0.2702104835334181	0.36208204793478027
CST5	Day*Allocation*srf14	Day4 Placebo No - Day7 Placebo Yes	0	0.05143989350292139	0.1601902754416409	919.9083413445593	0.3211174546089192	0.7481943232713202	0.8085325751480394
CST5	Day*Allocation*srf14	Day7 Placebo No - Day1 Anakinra Yes	0	0.6250901141632447	0.14264743709326533	890.2890968843765	4.382063406821323	1.3156555057026086e-5	3.039617892485337e-5
CST5	Day*Allocation*srf14	Day7 Placebo No - Day4 Anakinra Yes	0	0.7571170909216067	0.1442243834251124	917.0974076435843	5.249577588346806	1.8949966441583176e-7	1.1654663535656758e-6
CST5	Day*Allocation*srf14	Day7 Placebo No - Day7 Anakinra Yes	0	0.46421799627256954	0.14362153448947582	906.3324394346131	3.2322311408432007	0.00127260795713023	0.005068937861626568
CST5	Day*Allocation*srf14	Day7 Placebo No - Day1 Placebo Yes	0	0.5974685359884646	0.15767873198144816	880.2911703298753	3.7891510699030757	1.6144799186598984e-4	3.60567181834044e-4
CST5	Day*Allocation*srf14	Day7 Placebo No - Day4 Placebo Yes	0	0.5073358656546195	0.16070245731221153	928.4632986537266	3.1569888484590574	0.0016454997783173235	0.00501129477942094
CST5	Day*Allocation*srf14	Day7 Placebo No - Day7 Placebo Yes	0	0.3819861127599828	0.1606464344163226	927.6426679503525	2.377806355602318	0.017617737387047496	0.04783762985867629
CST5	Day*Allocation*srf14	Day1 Anakinra Yes - Day4 Anakinra Yes	0	0.13202697675836206	0.09162547046097588	1042.310644298035	1.440941870138539	0.1499014366966619	0.23726998163439683
CST5	Day*Allocation*srf14	Day1 Anakinra Yes - Day7 Anakinra Yes	0	-0.1608721178906751	0.09103113829161745	1044.804746315788	-1.7672207654409713	0.07748314655079476	0.1104546982745372
CST5	Day*Allocation*srf14	Day1 Anakinra Yes - Day1 Placebo Yes	0	-0.027621578174780004	0.16983734592655544	888.1410122778148	-0.16263547939994713	0.8708424455670734	0.9668895255885167
CST5	Day*Allocation*srf14	Day1 Anakinra Yes - Day4 Placebo Yes	0	-0.11775424850862512	0.17265123786833156	929.9013581638575	-0.6820353561462887	0.49538643498521995	0.6165006796399153
CST5	Day*Allocation*srf14	Day1 Anakinra Yes - Day7 Placebo Yes	0	-0.24310400140326188	0.17264658152664844	929.8790977873049	-1.4081020270056037	0.1594350901922979	0.22727980942306295
CST5	Day*Allocation*srf14	Day4 Anakinra Yes - Day7 Anakinra Yes	0	-0.29289909464903713	0.09151961460153034	1026.9877109651911	-3.200396941402105	0.0014144615212661213	0.00861535653862092
CST5	Day*Allocation*srf14	Day4 Anakinra Yes - Day1 Placebo Yes	0	-0.15964855493314206	0.1711721016229367	907.1549988393184	-0.9326785931788169	0.35123410464801896	0.5006954257748355
CST5	Day*Allocation*srf14	Day4 Anakinra Yes - Day4 Placebo Yes	0	-0.24978122526698715	0.17396455307551506	948.3591669978464	-1.4358167848053585	0.1513842299449981	0.44740482011467014
CST5	Day*Allocation*srf14	Day4 Anakinra Yes - Day7 Placebo Yes	0	-0.37513097816162394	0.1739599200879198	948.3369891940445	-2.156421881385274	0.03130155664419035	0.16132340732005795
CST5	Day*Allocation*srf14	Day7 Anakinra Yes - Day1 Placebo Yes	0	0.1332505397158951	0.17066747378567407	899.5343879828253	0.7807611887619106	0.43514837655961525	0.5399063190647078
CST5	Day*Allocation*srf14	Day7 Anakinra Yes - Day4 Placebo Yes	0	0.043117869382049985	0.17346734127682373	940.9261026607866	0.24856476766564006	0.8037517050675914	0.8547835593575972
CST5	Day*Allocation*srf14	Day7 Anakinra Yes - Day7 Placebo Yes	0	-0.0822318835125868	0.17346397384521228	940.9555269226747	-0.4740574177434968	0.6355689428335172	0.9309787269339678
CST5	Day*Allocation*srf14	Day1 Placebo Yes - Day4 Placebo Yes	0	-0.09013267033384512	0.10731451961363775	1042.6886249627757	-0.8398925947611554	0.4011611448640364	0.5485264633855191
CST5	Day*Allocation*srf14	Day1 Placebo Yes - Day7 Placebo Yes	0	-0.21548242322848188	0.10731713944393799	1042.5860346179777	-2.007903158293266	0.044911192749490896	0.06838749805036114
CST5	Day*Allocation*srf14	Day4 Placebo Yes - Day7 Placebo Yes	0	-0.1253497528946368	0.11014939489699427	1035.7453978906274	-1.1379976532041511	0.2553846298868126	0.47280808597774
OSM	Day*Allocation*srf14	Day1 Anakinra No - Day4 Anakinra No	0	-0.03659244909013983	0.05750061541383481	1034.0695808205649	-0.6363836078411013	0.5246672556104901	0.5408108634754282
OSM	Day*Allocation*srf14	Day1 Anakinra No - Day7 Anakinra No	0	-0.1531396006075697	0.05797881033120243	1038.117680618893	-2.6413029127842353	0.008382873345139222	0.009683664036626342
OSM	Day*Allocation*srf14	Day1 Anakinra No - Day1 Placebo No	0	-0.027368310005675484	0.10616735872910812	1152.7081945913108	-0.2577845990829181	0.7966191639480346	0.9893930626752736
OSM	Day*Allocation*srf14	Day1 Anakinra No - Day4 Placebo No	0	-0.23172720173758776	0.10507297503770908	1128.8479926258374	-2.205392981919703	0.027627518028380427	0.05609223357277238
OSM	Day*Allocation*srf14	Day1 Anakinra No - Day7 Placebo No	0	-0.3194575028459179	0.10645531625964155	1159.259221694553	-3.000860023437157	0.002749749838331359	0.004723929209441052
OSM	Day*Allocation*srf14	Day1 Anakinra No - Day1 Anakinra Yes	0	-0.04846118808388446	0.12756065928883814	1137.7223533858917	-0.37990700545183625	0.7040853520855184	0.8577039743587225
OSM	Day*Allocation*srf14	Day1 Anakinra No - Day4 Anakinra Yes	0	-0.24220927530004246	0.13025648943122842	1177.7206793228788	-1.8594795265684003	0.06320841867665504	0.13661174359148023
OSM	Day*Allocation*srf14	Day1 Anakinra No - Day7 Anakinra Yes	0	-0.36793233613061743	0.1292026346677856	1160.6709315053633	-2.847715428378605	0.004481066908826476	0.01072255296040621
OSM	Day*Allocation*srf14	Day1 Anakinra No - Day1 Placebo Yes	0	-0.07151188907080701	0.14417178594224778	1124.3500579482986	-0.49601861143242815	0.6199782240680906	0.7161817415958976
OSM	Day*Allocation*srf14	Day1 Anakinra No - Day4 Placebo Yes	0	-0.46636686118094206	0.14928585752543314	1196.513980988661	-3.1239855463300623	0.0018270622029146384	0.007650822974705048
OSM	Day*Allocation*srf14	Day1 Anakinra No - Day7 Placebo Yes	0	-0.6024566863987489	0.14922848879098685	1196.013156586738	-4.037142581015913	5.754715584348705e-5	2.1420330230631293e-4
OSM	Day*Allocation*srf14	Day4 Anakinra No - Day7 Anakinra No	0	-0.11654715151742986	0.05816036926671542	1037.0323898676788	-2.003892908295694	0.04534125763485081	0.0646354098198937
OSM	Day*Allocation*srf14	Day4 Anakinra No - Day1 Placebo No	0	0.009224139084464348	0.10631016958909599	1155.4751030193715	0.08676629075202273	0.9308723156262416	0.9422630961060048
OSM	Day*Allocation*srf14	Day4 Anakinra No - Day4 Placebo No	0	-0.19513475264744795	0.10521730910552266	1131.7327165115698	-1.8545879409608061	0.06391505264049521	0.6117583609875971
OSM	Day*Allocation*srf14	Day4 Anakinra No - Day7 Placebo No	0	-0.28286505375577803	0.1065986720601776	1162.055698162041	-2.6535513837929767	0.008073626990677344	0.030051833798632337
OSM	Day*Allocation*srf14	Day4 Anakinra No - Day1 Anakinra Yes	0	-0.011868738993744625	0.12769847637939247	1140.1679915279888	-0.09294346596965318	0.9259648026580699	0.9259648026580699
OSM	Day*Allocation*srf14	Day4 Anakinra No - Day4 Anakinra Yes	0	-0.20561682620990263	0.130391417479415	1179.9946518635782	-1.576919939860026	0.11508198245201799	0.20290770590224225
OSM	Day*Allocation*srf14	Day4 Anakinra No - Day7 Anakinra Yes	0	-0.3313398870404776	0.1293386569834763	1163.024725011686	-2.5618008936246186	0.010538260652358578	0.030698411465566292
OSM	Day*Allocation*srf14	Day4 Anakinra No - Day1 Placebo Yes	0	-0.03491943998066717	0.14429536650031916	1126.3110814455688	-0.24199973171411526	0.8088244252097495	0.8413650428741362
OSM	Day*Allocation*srf14	Day4 Anakinra No - Day4 Placebo Yes	0	-0.42977441209080225	0.14940523562063457	1198.2459895738907	-2.8765686175956575	0.004091467224202316	0.011210129092963964
OSM	Day*Allocation*srf14	Day4 Anakinra No - Day7 Placebo Yes	0	-0.5658642373086091	0.14934657931518805	1197.6740613409063	-3.7889333649509482	1.5881492635792875e-4	0.0010640600065981226
OSM	Day*Allocation*srf14	Day7 Anakinra No - Day1 Placebo No	0	0.1257712906018942	0.10656097459765979	1160.8799827450941	1.1802753407311302	0.2381325079960691	0.2799101409778356
OSM	Day*Allocation*srf14	Day7 Anakinra No - Day4 Placebo No	0	-0.07858760113001807	0.10546960005639691	1137.2811870216094	-0.7451208792675383	0.45635260146632206	0.5662152647822885
OSM	Day*Allocation*srf14	Day7 Anakinra No - Day7 Placebo No	0	-0.1663179022383482	0.10684988278573128	1167.4461060915419	-1.5565567121104813	0.11984679831478233	0.5359416459991351
OSM	Day*Allocation*srf14	Day7 Anakinra No - Day1 Anakinra Yes	0	0.10467841252368525	0.12792516655955796	1144.0475671699448	0.8182784931137865	0.4133685822034453	0.4451096651738758
OSM	Day*Allocation*srf14	Day7 Anakinra No - Day4 Anakinra Yes	0	-0.08906967469247276	0.1306130611222907	1183.5869539094688	-0.6819354353013624	0.49541319786820504	0.569565176584874
OSM	Day*Allocation*srf14	Day7 Anakinra No - Day7 Anakinra Yes	0	-0.21479273552304773	0.12956056550082684	1166.659584461944	-1.657855804293143	0.09761540710840866	0.15425534929839851
OSM	Day*Allocation*srf14	Day7 Anakinra No - Day1 Placebo Yes	0	0.0816277115367627	0.1445002689938312	1129.4538666686908	0.5648966061111446	0.5722562693509392	0.6137510939776892
OSM	Day*Allocation*srf14	Day7 Anakinra No - Day4 Placebo Yes	0	-0.31322726057337236	0.14960118382744836	1200.9347654628086	-2.093748542355468	0.03649165610749764	0.0555668399818714
OSM	Day*Allocation*srf14	Day7 Anakinra No - Day7 Placebo Yes	0	-0.44931708579117924	0.14954633513304416	1200.5221712768964	-3.0045342494782203	0.0027150364101688616	0.007909019107883206
OSM	Day*Allocation*srf14	Day1 Placebo No - Day4 Placebo No	0	-0.2043588917319123	0.09118378626030245	1035.6398974911122	-2.2411757628546893	0.02522592230613492	0.04508464650390838
OSM	Day*Allocation*srf14	Day1 Placebo No - Day7 Placebo No	0	-0.2920891928402424	0.09279983197829561	1044.6691666683494	-3.1475185527120066	0.0016932672987703009	0.0025783842958547764
OSM	Day*Allocation*srf14	Day1 Placebo No - Day1 Anakinra Yes	0	-0.021092878078208973	0.1451719904519205	1152.9484368922858	-0.14529578338456908	0.8845027396993748	0.929007204185873
OSM	Day*Allocation*srf14	Day1 Placebo No - Day4 Anakinra Yes	0	-0.214840965294367	0.14753587303171445	1183.629268894031	-1.4561947604985845	0.1456039831249451	0.2636612667397654
OSM	Day*Allocation*srf14	Day1 Placebo No - Day7 Anakinra Yes	0	-0.34056402612494197	0.14660838725242603	1170.549711434132	-2.3229504976312767	0.020352526191017427	0.04398771789671508
OSM	Day*Allocation*srf14	Day1 Placebo No - Day1 Placebo Yes	0	-0.04414357906513152	0.1600977936652915	1137.873760113205	-0.27572884081975735	0.7828064069228349	0.8609006255483943
OSM	Day*Allocation*srf14	Day1 Placebo No - Day4 Placebo Yes	0	-0.4389985511752666	0.16472824478850515	1196.4686510621918	-2.664986516057993	0.007802734533596308	0.027514905986892244
OSM	Day*Allocation*srf14	Day1 Placebo No - Day7 Placebo Yes	0	-0.5750883763930734	0.16464592436130954	1195.65938544532	-3.4928795147765865	4.952905459770893e-4	0.0016592233290232492
OSM	Day*Allocation*srf14	Day4 Placebo No - Day7 Placebo No	0	-0.0877303011083301	0.09146937557402801	1036.7138730385245	-0.9591221166403198	0.33772085382083217	0.4436724942352109
OSM	Day*Allocation*srf14	Day4 Placebo No - Day1 Anakinra Yes	0	0.18326601365370332	0.14438963547387929	1140.2395231686485	1.269246321262837	0.2046122320150164	0.27977590908175715
OSM	Day*Allocation*srf14	Day4 Placebo No - Day4 Anakinra Yes	0	-0.010482073562454699	0.146766627137645	1171.627401357072	-0.07142000716977773	0.943075675788005	0.9573647011787323
OSM	Day*Allocation*srf14	Day4 Placebo No - Day7 Anakinra Yes	0	-0.13620513439302967	0.14583312979393356	1158.2165657415733	-0.9339793679631746	0.3505092046573701	0.5462744958294405
OSM	Day*Allocation*srf14	Day4 Placebo No - Day1 Placebo Yes	0	0.16021531266678077	0.15938685683363313	1127.4031116376034	1.0051977675550272	0.3150173212162175	0.3837483731179377
OSM	Day*Allocation*srf14	Day4 Placebo No - Day4 Placebo Yes	0	-0.2346396594433543	0.16403573019005663	1186.962342796384	-1.4304179898580258	0.1528602731253673	0.23276450680453656
OSM	Day*Allocation*srf14	Day4 Placebo No - Day7 Placebo Yes	0	-0.3707294846611611	0.16395656816090315	1186.251940028793	-2.2611444531904077	0.023930829698948417	0.06971154738389322
OSM	Day*Allocation*srf14	Day7 Placebo No - Day1 Anakinra Yes	0	0.27099631476203345	0.14518469325198605	1153.357934202512	1.866562574139174	0.06221629926267686	0.083369841011987
OSM	Day*Allocation*srf14	Day7 Placebo No - Day4 Anakinra Yes	0	0.07724822754587542	0.14754715063623094	1183.9723227616662	0.5235494363176589	0.6006899345132819	0.6961329557577814
OSM	Day*Allocation*srf14	Day7 Placebo No - Day7 Anakinra Yes	0	-0.048474833284699564	0.14661976645535968	1170.90363335532	-0.33061594938127503	0.7409937463640153	0.8274430167731504
OSM	Day*Allocation*srf14	Day7 Placebo No - Day1 Placebo Yes	0	0.24794561377511087	0.16013044565492138	1138.5161382525614	1.5483977001439801	0.12180448460439602	0.16321800936989067
OSM	Day*Allocation*srf14	Day7 Placebo No - Day4 Placebo Yes	0	-0.1469093583350242	0.16476157092331833	1197.1175044786908	-0.8916482011657758	0.37276070460660926	0.4540903128844149
OSM	Day*Allocation*srf14	Day7 Placebo No - Day7 Placebo Yes	0	-0.28299918355283105	0.16468002647987912	1196.3118233811867	-1.718479099148119	0.08596799342267002	0.17999548622871533
OSM	Day*Allocation*srf14	Day1 Anakinra Yes - Day4 Anakinra Yes	0	-0.19374808721615802	0.11895464338138292	1066.6687394419932	-1.6287559838667105	0.10365996694260937	0.18276888908302177
OSM	Day*Allocation*srf14	Day1 Anakinra Yes - Day7 Anakinra Yes	0	-0.319471148046733	0.11812941250361189	1069.4001992544293	-2.704416633215415	0.006951079055465099	0.0125870891004368
OSM	Day*Allocation*srf14	Day1 Anakinra Yes - Day1 Placebo Yes	0	-0.023050700986922548	0.17278067893180352	1150.7170092418123	-0.13341017716466233	0.8938923236408512	0.9668895255885167
OSM	Day*Allocation*srf14	Day1 Anakinra Yes - Day4 Placebo Yes	0	-0.4179056730970576	0.17708934496578316	1201.1357205257561	-2.359857806113657	0.01844116516983839	0.0588360983990082
OSM	Day*Allocation*srf14	Day1 Anakinra Yes - Day7 Placebo Yes	0	-0.5539954983148645	0.17708528510051486	1201.2317090670178	-3.128410686412554	0.0017998281045476306	0.00548129468203142
OSM	Day*Allocation*srf14	Day4 Anakinra Yes - Day7 Anakinra Yes	0	-0.12572306083057497	0.11919297742031242	1044.401941252353	-1.0547858066103626	0.2917672406541511	0.501241157021234
OSM	Day*Allocation*srf14	Day4 Anakinra Yes - Day1 Placebo Yes	0	0.17069738622923547	0.17477891453576805	1172.5095467934386	0.9766474788027287	0.32894515902459276	0.4791157751010373
OSM	Day*Allocation*srf14	Day4 Anakinra Yes - Day4 Placebo Yes	0	-0.2241575858808996	0.17903999815010282	1220.8438434961975	-1.2519972531108454	0.21081067111179544	0.44740482011467014
OSM	Day*Allocation*srf14	Day4 Anakinra Yes - Day7 Placebo Yes	0	-0.36024741109870645	0.1790358793365637	1220.9312331317744	-2.0121520470290153	0.04442321064792814	0.19842367422741236
OSM	Day*Allocation*srf14	Day7 Anakinra Yes - Day1 Placebo Yes	0	0.29642044705981047	0.17399869286803354	1163.0340962151306	1.7035785854128553	0.08872698814156081	0.14154067155915653
OSM	Day*Allocation*srf14	Day7 Anakinra Yes - Day4 Placebo Yes	0	-0.09843452505032463	0.17827626682565417	1212.1627897845399	-0.5521459855707489	0.580950121936332	0.7209249905941011
OSM	Day*Allocation*srf14	Day7 Anakinra Yes - Day7 Placebo Yes	0	-0.23452435026813148	0.17827645379709367	1212.4184976355332	-1.3155093971919403	0.18858747123056518	0.7556349850316068
OSM	Day*Allocation*srf14	Day1 Placebo Yes - Day4 Placebo Yes	0	-0.3948549721101351	0.13933219693031235	1065.0061754367557	-2.8339104730231424	0.004685060957067193	0.01743883800686122
OSM	Day*Allocation*srf14	Day1 Placebo Yes - Day7 Placebo Yes	0	-0.530944797327942	0.13933889952301376	1064.8185402819277	-3.8104563703709244	1.4665199778426128e-4	4.0940349381439603e-4
OSM	Day*Allocation*srf14	Day4 Placebo Yes - Day7 Placebo Yes	0	-0.13608982521780685	0.14319409687952817	1057.4332191901203	-0.9503871191862171	0.34213274960757156	0.5330905633420302
CXCL1	Day*Allocation*srf14	Day1 Anakinra No - Day4 Anakinra No	0	0.32260008006297736	0.05785034921115905	1034.3110727363476	5.576458646523595	3.132254600722052e-8	7.49503779458491e-8
CXCL1	Day*Allocation*srf14	Day1 Anakinra No - Day7 Anakinra No	0	0.22803415908385752	0.05833080444214501	1038.3970922680028	3.9093264916315627	9.855607968130208e-5	1.320651467729448e-4
CXCL1	Day*Allocation*srf14	Day1 Anakinra No - Day1 Placebo No	0	-0.0038219136745746146	0.10642564120386844	1157.8732762582595	-0.03591158701363495	0.9713590466657017	0.9893930626752736
CXCL1	Day*Allocation*srf14	Day1 Anakinra No - Day4 Placebo No	0	0.2734820867796514	0.1053219257824154	1134.0091551645237	2.596630138957373	0.00953611073195785	0.023663682186710222
CXCL1	Day*Allocation*srf14	Day1 Anakinra No - Day7 Placebo No	0	0.024625182921309677	0.10671614993537074	1164.4298099702173	0.23075404178489517	0.8175464224909041	0.8299334894983421
CXCL1	Day*Allocation*srf14	Day1 Anakinra No - Day1 Anakinra Yes	0	0.12426059288837918	0.12786591056152577	1142.8069335565212	0.9718039182037358	0.33135374475452806	0.5414805097208141
CXCL1	Day*Allocation*srf14	Day1 Anakinra No - Day4 Anakinra Yes	0	0.31522705147823693	0.1305819948025252	1182.6851871735148	2.414016204568971	0.01592887818828689	0.03811552995054363
CXCL1	Day*Allocation*srf14	Day1 Anakinra No - Day7 Anakinra Yes	0	0.24850532685455584	0.12951967310619764	1165.665198427265	1.918668576709561	0.05527029656279032	0.09495153512069106
CXCL1	Day*Allocation*srf14	Day1 Anakinra No - Day1 Placebo Yes	0	-0.1682290901687266	0.1445116380066639	1129.4128471954336	-1.1641213987275478	0.2446206694029955	0.4097396212500175
CXCL1	Day*Allocation*srf14	Day1 Anakinra No - Day4 Placebo Yes	0	-0.1293224827106616	0.14966633509664148	1201.452917549444	-0.86407195463934094	0.387720834545362	0.49013765876489157
CXCL1	Day*Allocation*srf14	Day1 Anakinra No - Day7 Placebo Yes	0	-0.08675587064375445	0.14960862267229033	1200.9595969842517	-0.5798854978685857	0.5621006055397825	0.6607147468625514
CXCL1	Day*Allocation*srf14	Day4 Anakinra No - Day7 Anakinra No	0	-0.09456592097911984	0.05851364135189058	1037.313147365685	-1.6161346105674281	0.10636927819462895	0.137052723827695
CXCL1	Day*Allocation*srf14	Day4 Anakinra No - Day1 Placebo No	0	-0.326421993737552	0.10656957953706737	1160.6350194593006	-3.0629941035285295	0.00224181682097917	0.005563026926133495
CXCL1	Day*Allocation*srf14	Day4 Anakinra No - Day4 Placebo No	0	-0.049117993283325945	0.10546741034530163	1136.8908710823594	-0.46571725922266427	0.6415071000108707	0.9152190012754137
CXCL1	Day*Allocation*srf14	Day4 Anakinra No - Day7 Placebo No	0	-0.2979748971416677	0.106860646817589	1167.221503923773	-2.7884436976159286	0.005382217451567351	0.02253803557843828
CXCL1	Day*Allocation*srf14	Day4 Anakinra No - Day1 Anakinra Yes	0	-0.19833948717459818	0.1280048881355619	1145.2531128944577	-1.5494680715985576	0.12154551900661473	0.16939004543689917
CXCL1	Day*Allocation*srf14	Day4 Anakinra No - Day4 Anakinra Yes	0	-0.007373028584740454	0.1307180447914839	1184.9571467912372	-0.056404061095785274	0.955029430725588	0.955029430725588
CXCL1	Day*Allocation*srf14	Day4 Anakinra No - Day7 Anakinra Yes	0	-0.0740947532084215	0.12965683598292763	1168.018489965314	-0.5714681578237635	0.5677922845469634	0.7153377881440146
CXCL1	Day*Allocation*srf14	Day4 Anakinra No - Day1 Placebo Yes	0	-0.49082917023170397	0.14463626483964817	1131.3751997558297	-3.393541521387216	7.138443738909995e-4	0.001771391594470258
CXCL1	Day*Allocation*srf14	Day4 Anakinra No - Day4 Placebo Yes	0	-0.45192256277363896	0.14978670224311655	1203.18253706747	-3.0171073667149053	0.00260561504467796	0.007935282181519242
CXCL1	Day*Allocation*srf14	Day4 Anakinra No - Day7 Placebo Yes	0	-0.4093559507067318	0.14972767051374866	1202.616778800652	-2.734003336204599	0.006348775905566904	0.019334908439681026
CXCL1	Day*Allocation*srf14	Day7 Anakinra No - Day1 Placebo No	0	-0.23185607275843212	0.10682252428373405	1166.0389319449048	-2.1704792534446504	0.030171844802058482	0.040875374459781254
CXCL1	Day*Allocation*srf14	Day7 Anakinra No - Day4 Placebo No	0	0.045447927695793894	0.10572185961727926	1142.441546878816	0.4298820306445485	0.6673625266957288	0.7330047424362924
CXCL1	Day*Allocation*srf14	Day7 Anakinra No - Day7 Placebo No	0	-0.20340897616254783	0.1071140016306829	1172.6098988778613	-1.8989952113252127	0.05781035866316782	0.3873294030432244
CXCL1	Day*Allocation*srf14	Day7 Anakinra No - Day1 Anakinra Yes	0	-0.10377356619547834	0.1282334417581684	1149.1297353840796	-0.8092550958055216	0.4185359538202116	0.4451096651738758
CXCL1	Day*Allocation*srf14	Day7 Anakinra No - Day4 Anakinra Yes	0	0.08719289239437938	0.1309414855263096	1188.5426100578625	0.665892036003059	0.5056093245169216	0.569565176584874
CXCL1	Day*Allocation*srf14	Day7 Anakinra No - Day7 Anakinra Yes	0	0.020471167770698337	0.1298805383009128	1171.6473301006752	0.15761535976444643	0.8747870574862987	0.9017035823320309
CXCL1	Day*Allocation*srf14	Day7 Anakinra No - Day1 Placebo Yes	0	-0.39626324925258416	0.1448428626299869	1134.516933068883	-2.735814813774231	0.006319667731725153	0.009409283067235227
CXCL1	Day*Allocation*srf14	Day7 Anakinra No - Day4 Placebo Yes	0	-0.35735664179451915	0.1499842155454501	1205.8636325064492	-2.3826283352212383	0.017343759483150107	0.027023997334210632
CXCL1	Day*Allocation*srf14	Day7 Anakinra No - Day7 Placebo Yes	0	-0.31479002972761194	0.1499290635325282	1205.4592325463666	-2.099593116309407	0.03597211150298533	0.06694809640833381
CXCL1	Day*Allocation*srf14	Day1 Placebo No - Day4 Placebo No	0	0.27730400045422604	0.09173799807540652	1035.914666863412	3.022782339617751	0.0025662264208873072	0.00573123900664832
CXCL1	Day*Allocation*srf14	Day1 Placebo No - Day7 Placebo No	0	0.02844709659588429	0.09336155624962748	1045.0259830643602	0.30469818347739674	0.7606567018172797	0.7606567018172797
CXCL1	Day*Allocation*srf14	Day1 Placebo No - Day1 Anakinra Yes	0	0.12808250656295378	0.1455252585486491	1158.0731568478766	0.8801393506553077	0.37896642780524104	0.6333289229624678
CXCL1	Day*Allocation*srf14	Day1 Placebo No - Day4 Anakinra Yes	0	0.3190489651528115	0.14790687062491692	1188.6514171393014	2.157093607651945	0.031198318213186936	0.07465311858155445
CXCL1	Day*Allocation*srf14	Day1 Placebo No - Day7 Anakinra Yes	0	0.25232724052913047	0.14697197759604466	1175.6001103229335	1.7168391189690377	0.08627197366555699	0.15211111146295572
CXCL1	Day*Allocation*srf14	Day1 Placebo No - Day1 Placebo Yes	0	-0.164407176494152	0.16048096000844184	1142.974724758525	-1.024465310311601	0.3058323160628146	0.5220751450616096
CXCL1	Day*Allocation*srf14	Day1 Placebo No - Day4 Placebo Yes	0	-0.125500569036087	0.16514806527086973	1201.4525228343487	-0.7599275766885045	0.44744696342284607	0.6312201477097718
CXCL1	Day*Allocation*srf14	Day1 Placebo No - Day7 Placebo Yes	0	-0.08293395696917984	0.16506518281874766	1200.6498893147887	-0.5024315579636606	0.6154561199614508	0.7497374552257674
CXCL1	Day*Allocation*srf14	Day4 Placebo No - Day7 Placebo No	0	-0.24885690385834175	0.09202505229177306	1037.0002231082183	-2.704229964133248	0.006958366051362581	0.02119138752005877
CXCL1	Day*Allocation*srf14	Day4 Placebo No - Day1 Anakinra Yes	0	-0.14922149389127223	0.14473612312964645	1145.3586480363167	-1.0309899882948228	0.3027631696514691	0.3827383465405364
CXCL1	Day*Allocation*srf14	Day4 Placebo No - Day4 Anakinra Yes	0	0.04174496469858549	0.1471310254168381	1176.6549334484448	0.2837264579670909	0.7766699315223133	0.839304603419274
CXCL1	Day*Allocation*srf14	Day4 Placebo No - Day7 Anakinra Yes	0	-0.024976759925095557	0.14619002938750947	1163.266958186512	-0.17085132296463976	0.8643703841828567	0.9048877459414282
CXCL1	Day*Allocation*srf14	Day4 Placebo No - Day1 Placebo Yes	0	-0.441711176948378	0.15976387450017915	1132.4965770377473	-2.764775067769671	0.005788672937501436	0.014364484696762821
CXCL1	Day*Allocation*srf14	Day4 Placebo No - Day4 Placebo Yes	0	-0.402804569490313	0.16444965744459536	1191.9552009162696	-2.4494095989590106	0.014452196127344717	0.04034571418883733
CXCL1	Day*Allocation*srf14	Day4 Placebo No - Day7 Placebo Yes	0	-0.36023795742340586	0.16436998791218468	1191.2523994812411	-2.1916285448403414	0.028599393505859938	0.07983997353719233
CXCL1	Day*Allocation*srf14	Day7 Placebo No - Day1 Anakinra Yes	0	0.0996354099670695	0.1455381502700645	1158.486717257007	0.6845999470392015	0.49373333417169896	0.5703471274052384
CXCL1	Day*Allocation*srf14	Day7 Placebo No - Day4 Anakinra Yes	0	0.2906018685569272	0.14791831075633882	1188.997484583628	1.964610514215691	0.04969193205461818	0.0853681909656261
CXCL1	Day*Allocation*srf14	Day7 Placebo No - Day7 Anakinra Yes	0	0.22388014393324618	0.14698352261187675	1175.9573952051633	1.5231649096097792	0.12798630919129306	0.20450886314449002
CXCL1	Day*Allocation*srf14	Day7 Placebo No - Day1 Placebo Yes	0	-0.1928542730900363	0.16051396411403024	1143.620566270895	-1.2014797226802727	0.22981392182496746	0.29610639927447735
CXCL1	Day*Allocation*srf14	Day7 Placebo No - Day4 Placebo Yes	0	-0.1539476656319713	0.1651817596189221	1202.1044003402849	-0.9319895004577498	0.35152909104388486	0.43615646481370896
CXCL1	Day*Allocation*srf14	Day7 Placebo No - Day7 Placebo Yes	0	-0.11138105356506413	0.16509965660192744	1201.3048434324162	-0.6746292261141131	0.5000411662976263	0.6979741279571033
CXCL1	Day*Allocation*srf14	Day1 Anakinra Yes - Day4 Anakinra Yes	0	0.19096645858985772	0.11966750012405264	1067.13135997308	1.5958088736866185	0.11082755353649398	0.18563615217362742
CXCL1	Day*Allocation*srf14	Day1 Anakinra Yes - Day7 Anakinra Yes	0	0.12424473396617668	0.11883643821303234	1069.8556451600955	1.0455104161187425	0.29602328845428133	0.36061018775339726
CXCL1	Day*Allocation*srf14	Day1 Anakinra Yes - Day1 Placebo Yes	0	-0.2924896830571058	0.17320009717210788	1155.8653393737284	-1.6887385621178987	0.09153926374610342	0.9153337162977851
CXCL1	Day*Allocation*srf14	Day1 Anakinra Yes - Day4 Placebo Yes	0	-0.2535830755990408	0.17754285884858037	1206.1702009160601	-1.428292172625835	0.1534666590289854	0.27789908526870327
CXCL1	Day*Allocation*srf14	Day1 Anakinra Yes - Day7 Placebo Yes	0	-0.21101646353213363	0.17753883372380022	1206.2690578984316	-1.1885651105516162	0.2348447826079894	0.3085215771516724
CXCL1	Day*Allocation*srf14	Day4 Anakinra Yes - Day7 Anakinra Yes	0	-0.06672172462368105	0.11991455050522232	1044.762513774807	-0.5564105802220832	0.578049359090391	0.7898352382158002
CXCL1	Day*Allocation*srf14	Day4 Anakinra Yes - Day1 Placebo Yes	0	-0.48345614164696354	0.17521326756031308	1177.5853564991248	-2.759243911027143	0.005883307451532902	0.021898977736261357
CXCL1	Day*Allocation*srf14	Day4 Anakinra Yes - Day4 Placebo Yes	0	-0.44454953418889853	0.17950784233147576	1225.7805238837013	-2.4764908786993374	0.01340226263396615	0.1795903192951464
CXCL1	Day*Allocation*srf14	Day4 Anakinra Yes - Day7 Placebo Yes	0	-0.4019829221219914	0.17950375444447716	1225.8704453088665	-2.2394123363382348	0.02530784815437026	0.16132340732005795
CXCL1	Day*Allocation*srf14	Day7 Anakinra Yes - Day1 Placebo Yes	0	-0.4167344170232825	0.174426740330433	1168.1254162157152	-2.38916588267271	0.017044590778401633	0.03568711194227842
CXCL1	Day*Allocation*srf14	Day7 Anakinra Yes - Day4 Placebo Yes	0	-0.37782780956521744	0.17873801419076718	1217.1260419711132	-2.113863753470829	0.03472988727870105	0.19645302644676887
CXCL1	Day*Allocation*srf14	Day7 Anakinra Yes - Day7 Placebo Yes	0	-0.3352611974983103	0.17873832254789132	1217.3868088873062	-1.8757096559887434	0.060934315294014246	0.7455836033512043
CXCL1	Day*Allocation*srf14	Day1 Placebo Yes - Day4 Placebo Yes	0	0.03890660745806501	0.1401677884185579	1065.411911290776	0.2775716724721745	0.7813950302340402	0.8657434274952703
CXCL1	Day*Allocation*srf14	Day1 Placebo Yes - Day7 Placebo Yes	0	0.08147321952497218	0.14017460257552003	1065.2227041411027	0.5812266846348141	0.5612106437588475	0.6064695666426255
CXCL1	Day*Allocation*srf14	Day4 Placebo Yes - Day7 Placebo Yes	0	0.042566612066907164	0.14405583585921058	1057.860989459573	0.29548689793108135	0.767679946541385	0.8431894494798821
CCL4	Day*Allocation*srf14	Day1 Anakinra No - Day4 Anakinra No	0	-0.43474877446043453	0.05239034050634886	1030.1551770416522	-8.298262050954795	3.2837162907412165e-16	1.157942060419271e-15
CCL4	Day*Allocation*srf14	Day1 Anakinra No - Day7 Anakinra No	0	-0.7353496344610093	0.05283531003151488	1033.5921202280924	-13.917768893991395	1.7387130132940254e-40	8.32098370647855e-40
CCL4	Day*Allocation*srf14	Day1 Anakinra No - Day1 Placebo No	0	-0.10482789957455586	0.103189761973558	1067.456451662008	-1.015875001256594	0.3099191092111999	0.9893930626752736
CCL4	Day*Allocation*srf14	Day1 Anakinra No - Day4 Placebo No	0	-0.39870009882248514	0.10223727299041653	1044.3832329489608	-3.899752870558845	1.0244028526259646e-4	3.4317495562969817e-4
CCL4	Day*Allocation*srf14	Day1 Anakinra No - Day7 Placebo No	0	-0.7364846470223692	0.10343905717858962	1073.725357811395	-7.119986077897187	1.972736879954705e-12	1.6521671369620655e-11
CCL4	Day*Allocation*srf14	Day1 Anakinra No - Day1 Anakinra Yes	0	-0.027836856107737628	0.12406409212125091	1054.0508547079253	-0.22437480202194185	0.8225091608540677	0.9184685629537089
CCL4	Day*Allocation*srf14	Day1 Anakinra No - Day4 Anakinra Yes	0	-0.5393261544203442	0.12645021552023034	1094.7838639148076	-4.265126415178464	2.1704095790066164e-5	1.7690815311504368e-4
CCL4	Day*Allocation*srf14	Day1 Anakinra No - Day7 Anakinra Yes	0	-0.8455682379558096	0.12552545352219543	1077.7714145548791	-6.736229300349001	2.64020980832141e-11	8.844702857876724e-10
CCL4	Day*Allocation*srf14	Day1 Anakinra No - Day1 Placebo Yes	0	0.0012261725800715474	0.14030463737803806	1041.4741616854371	0.008739358890666866	0.993028762922878	0.993028762922878
CCL4	Day*Allocation*srf14	Day1 Anakinra No - Day4 Placebo Yes	0	-0.5375418266890907	0.14479926510296467	1113.4731604321407	-3.712324273930896	2.1552821487243878e-4	0.0013129386000673908
CCL4	Day*Allocation*srf14	Day1 Anakinra No - Day7 Placebo Yes	0	-0.7081357075733733	0.14474729547654566	1112.873375455612	-4.89222064731508	1.1438266200671555e-6	9.579547943062427e-6
CCL4	Day*Allocation*srf14	Day4 Anakinra No - Day7 Anakinra No	0	-0.3006008600005748	0.05299801780589513	1032.5072084248982	-5.671926469052547	1.8324712608998744e-8	8.769683891449399e-8
CCL4	Day*Allocation*srf14	Day4 Anakinra No - Day1 Placebo No	0	0.3299208748858787	0.10331536437582692	1070.2202733243566	3.1933379597417506	0.0014474066912645463	0.0037298557044124847
CCL4	Day*Allocation*srf14	Day4 Anakinra No - Day4 Placebo No	0	0.036048675637949376	0.10236405512271833	1047.229106785633	0.3521614652207038	0.7247880286821466	0.9152190012754137
CCL4	Day*Allocation*srf14	Day4 Anakinra No - Day7 Placebo No	0	-0.3017358725619347	0.10356501679598949	1076.5127071072015	-2.91349223798532	0.0036479822594069865	0.01745820081287629
CCL4	Day*Allocation*srf14	Day4 Anakinra No - Day1 Anakinra Yes	0	0.4069119183526969	0.12418427643533715	1056.4176533551185	3.2766782561605234	0.0010845371453521652	0.002505654784089485
CCL4	Day*Allocation*srf14	Day4 Anakinra No - Day4 Anakinra Yes	0	-0.10457737995990966	0.12656809836257626	1097.0239785435192	-0.8262538610663931	0.4088397607543337	0.5371032151086345
CCL4	Day*Allocation*srf14	Day4 Anakinra No - Day7 Anakinra Yes	0	-0.410819463495375	0.1256441606672661	1080.0666530628312	-3.2697059800758828	0.0011105780292781924	0.0046505454976024305
CCL4	Day*Allocation*srf14	Day4 Anakinra No - Day1 Placebo Yes	0	0.4359749470405061	0.14041232598165665	1043.3591535096107	3.1049620750350755	0.001954347734062185	0.004515217178695393
CCL4	Day*Allocation*srf14	Day4 Anakinra No - Day4 Placebo Yes	0	-0.1027930522286562	0.14490362043106908	1115.1927170539384	-0.7093891230796062	0.4782313184422996	0.5721696131363228
CCL4	Day*Allocation*srf14	Day4 Anakinra No - Day7 Placebo Yes	0	-0.27338693311293877	0.1448508001218052	1114.5426849578796	-1.887369161116455	0.05937034055014732	0.1169944946135256
CCL4	Day*Allocation*srf14	Day7 Anakinra No - Day1 Placebo No	0	0.6305217348864535	0.1035336482233352	1075.4746499253358	6.090017551843031	1.569355137600544e-9	6.185105542308026e-9
CCL4	Day*Allocation*srf14	Day7 Anakinra No - Day4 Placebo No	0	0.3366495356385242	0.10258353478144788	1052.5757408912586	3.281711205952779	0.0010656832024156188	0.005100055325846176
CCL4	Day*Allocation*srf14	Day7 Anakinra No - Day7 Placebo No	0	-0.0011350125613598938	0.10378363522532093	1081.7674146205204	-0.010936334605120631	0.9912762578844778	0.9963621569295963
CCL4	Day*Allocation*srf14	Day7 Anakinra No - Day1 Anakinra Yes	0	0.7075127783532716	0.12438256099033115	1060.2252943610154	5.688199155251916	1.6597348318676368e-8	4.633426405630486e-8
CCL4	Day*Allocation*srf14	Day7 Anakinra No - Day4 Anakinra Yes	0	0.19602348004066514	0.12676235157122673	1100.6150298760313	1.5463856390398465	0.12229893259659141	0.16388056967943251
CCL4	Day*Allocation*srf14	Day7 Anakinra No - Day7 Anakinra Yes	0	-0.11021860349480025	0.12583870751187515	1083.6852545789905	-0.8758720243880377	0.3812937051844506	0.49128227398765756
CCL4	Day*Allocation*srf14	Day7 Anakinra No - Day1 Placebo Yes	0	0.7365758070410808	0.14059138537267762	1046.4233020733036	5.239124752121734	1.9503643915679382e-7	5.939746101593266e-7
CCL4	Day*Allocation*srf14	Day7 Anakinra No - Day4 Placebo Yes	0	0.1978078077719186	0.14507568156441034	1117.9192399080562	1.363480120436976	0.17300575244085828	0.21870538516108498
CCL4	Day*Allocation*srf14	Day7 Anakinra No - Day7 Placebo Yes	0	0.027213926887636037	0.14502563449068678	1117.3938744845054	0.18764907999339697	0.8511858178588176	0.8773761507160119
CCL4	Day*Allocation*srf14	Day1 Placebo No - Day4 Placebo No	0	-0.2938721992479293	0.08308499619884512	1031.2246346379231	-3.537006832673047	4.2269147674391675e-4	0.001180013705910101
CCL4	Day*Allocation*srf14	Day1 Placebo No - Day7 Placebo No	0	-0.6316567474478133	0.08459064676827809	1038.9268308793105	-7.467217376622397	1.731135602884886e-13	8.284720385234812e-13
CCL4	Day*Allocation*srf14	Day1 Placebo No - Day1 Anakinra Yes	0	0.07699104346681823	0.14109680063269395	1068.2502337878657	0.5456611568907426	0.5854127969205358	0.8171386957015813
CCL4	Day*Allocation*srf14	Day1 Placebo No - Day4 Anakinra Yes	0	-0.4344982548457883	0.1431895668146893	1099.6467024627802	-3.0344267708282127	0.002466546984942619	0.011017243199410364
CCL4	Day*Allocation*srf14	Day1 Placebo No - Day7 Anakinra Yes	0	-0.7407403383812537	0.14237507566409313	1086.518853768733	-5.202738856686471	2.3462351643633795e-7	2.245682228747806e-6
CCL4	Day*Allocation*srf14	Day1 Placebo No - Day1 Placebo Yes	0	0.10605407215462741	0.15570917429008654	1054.0322245512336	0.6811035549970128	0.495955570588397	0.6781433312127061
CCL4	Day*Allocation*srf14	Day1 Placebo No - Day4 Placebo Yes	0	-0.4327139271145349	0.1597806002690552	1112.729541150278	-2.7081756257385825	0.0068691547844219394	0.02556852058645944
CCL4	Day*Allocation*srf14	Day1 Placebo No - Day7 Placebo Yes	0	-0.6033078079988174	0.1597069741137971	1111.842700998725	-3.7775921267466903	1.6674323207022907e-4	7.848021735743684e-4
CCL4	Day*Allocation*srf14	Day4 Placebo No - Day7 Placebo No	0	-0.33778454819988407	0.08334904975038847	1032.1157631314381	-4.0526502606985	5.4442287448458467e-05	3.3160302354970155e-4
CCL4	Day*Allocation*srf14	Day4 Placebo No - Day1 Anakinra Yes	0	0.3708632427147475	0.14041742507836352	1056.0115794781343	2.641148294150657	0.008384564350769076	0.01839194690019146
CCL4	Day*Allocation*srf14	Day4 Placebo No - Day4 Anakinra Yes	0	-0.14062605559785904	0.14252055426259255	1087.92387398567	-0.9867071898889551	0.3240055936470707	0.4522578077990362
CCL4	Day*Allocation*srf14	Day4 Placebo No - Day7 Anakinra Yes	0	-0.4468681391333244	0.14170141536749153	1074.5565619190004	-3.153589806950106	0.001657475959707869	0.007932206378601944
CCL4	Day*Allocation*srf14	Day4 Placebo No - Day1 Placebo Yes	0	0.3999262714025567	0.15509164242921258	1043.9891636791538	2.5786448911010296	0.010054861449246853	0.0210523661593606
CCL4	Day*Allocation*srf14	Day4 Placebo No - Day4 Placebo Yes	0	-0.13884172786660556	0.15917761230535055	1103.3704713080454	-0.8722440665856035	0.3832650076554207	0.4668864638711489
CCL4	Day*Allocation*srf14	Day4 Placebo No - Day7 Placebo Yes	0	-0.3094356087508881	0.1591063504626776	1102.5653476819762	-1.9448350606437548	0.05204881695206316	0.12915817539956415
CCL4	Day*Allocation*srf14	Day7 Placebo No - Day1 Anakinra Yes	0	0.7086477909146316	0.14110673455559727	1068.5870771524362	5.022069238200805	5.9867735040366e-7	1.9100658322402485e-6
CCL4	Day*Allocation*srf14	Day7 Placebo No - Day4 Anakinra Yes	0	0.19715849260202503	0.14319845743472315	1099.9342207840953	1.376819947183436	0.168848081262678	0.2406983286084984
CCL4	Day*Allocation*srf14	Day7 Placebo No - Day7 Anakinra Yes	0	-0.10908359093344036	0.1423840252098516	1086.8123205091565	-0.7661223987218253	0.4437698372737656	0.5717803672565827
CCL4	Day*Allocation*srf14	Day7 Placebo No - Day1 Placebo Yes	0	0.7377108196024408	0.1557365621101254	1054.6039050951963	4.7369147591738034	2.4663757993841275e-6	8.262358927936827e-6
CCL4	Day*Allocation*srf14	Day7 Placebo No - Day4 Placebo Yes	0	0.19894282033327848	0.15980843795517688	1113.31322551268	1.2448830792594194	0.21343670732305037	0.28600518781288753
CCL4	Day*Allocation*srf14	Day7 Placebo No - Day7 Placebo Yes	0	0.02834893944899593	0.15973551167909883	1112.4363996238558	0.17747424571405027	0.859168201699013	0.8601189015974522
CCL4	Day*Allocation*srf14	Day1 Anakinra Yes - Day4 Anakinra Yes	0	-0.5114892983126066	0.1085387607837137	1059.0240437216155	-4.712503575859471	2.772790603017643e-6	1.161106065013638e-5
CCL4	Day*Allocation*srf14	Day1 Anakinra Yes - Day7 Anakinra Yes	0	-0.8177313818480719	0.10779980650852537	1061.8109216852088	-7.585647955531362	7.2075660349040765e-14	5.365632492650813e-13
CCL4	Day*Allocation*srf14	Day1 Anakinra Yes - Day1 Placebo Yes	0	0.029063028687809175	0.16794895480904787	1065.8110801383807	0.17304679699169803	0.8626475003903045	0.9668895255885167
CCL4	Day*Allocation*srf14	Day1 Anakinra Yes - Day4 Placebo Yes	0	-0.5097049705813531	0.17173761459430897	1116.4994942161607	-2.9679285565099707	0.0030620728953371823	0.0170965736656326
CCL4	Day*Allocation*srf14	Day1 Anakinra Yes - Day7 Placebo Yes	0	-0.6802988514656356	0.1717331211511815	1116.5495288952934	-3.961372430113521	7.924369605137524e-5	4.085549056374857e-4
CCL4	Day*Allocation*srf14	Day4 Anakinra Yes - Day7 Anakinra Yes	0	-0.3062420835354654	0.10864748798750669	1038.6100392953583	-2.818676153568134	0.004913796078745202	0.025324949021225274
CCL4	Day*Allocation*srf14	Day4 Anakinra Yes - Day1 Placebo Yes	0	0.5405523270004158	0.16971869852698276	1088.0988381185466	3.1849898195776936	0.0014887151455615312	0.0082218620090108
CCL4	Day*Allocation*srf14	Day4 Anakinra Yes - Day4 Placebo Yes	0	0.0017843277312534628	0.17346905893159287	1137.1829552088118	0.010286144066516833	0.9917947933530655	0.9917947933530655
CCL4	Day*Allocation*srf14	Day4 Anakinra Yes - Day7 Placebo Yes	0	-0.1688095531530291	0.17346455366508487	1137.2289742125815	-0.9731645433392497	0.33067847368089887	0.597759880574638
CCL4	Day*Allocation*srf14	Day7 Anakinra Yes - Day1 Placebo Yes	0	0.8467944105358811	0.16903460037459953	1078.6669360879353	5.00959217023787	6.369486451162698e-7	5.33444490284876e-6
CCL4	Day*Allocation*srf14	Day7 Anakinra Yes - Day4 Placebo Yes	0	0.3080264112667188	0.17279823702178304	1128.343905980834	1.782578437000424	0.07492375544282263	0.26420482182469035
CCL4	Day*Allocation*srf14	Day7 Anakinra Yes - Day7 Placebo Yes	0	0.13743253038243627	0.17279676119765405	1128.5166295933275	0.7953420505679136	0.4265818053128507	0.9309787269339678
CCL4	Day*Allocation*srf14	Day1 Placebo Yes - Day4 Placebo Yes	0	-0.5387679992691623	0.1271251231247516	1058.2046561571112	-4.238092251367603	2.4508765097097344e-5	1.4928066013686564e-4
CCL4	Day*Allocation*srf14	Day1 Placebo Yes - Day7 Placebo Yes	0	-0.7093618801534448	0.1271302092877852	1058.0435641313886	-5.579805807978017	3.057816941160403e-8	1.7072811254812249e-7
CCL4	Day*Allocation*srf14	Day4 Placebo Yes - Day7 Placebo Yes	0	-0.17059388088428257	0.1306013318733474	1050.4533142805485	-1.3062185387949836	0.1917641893287638	0.4015062714070992
CD6	Day*Allocation*srf14	Day1 Anakinra No - Day4 Anakinra No	0	-0.07199744308339749	0.05291163516758634	1031.0436078674263	-1.360710982666873	0.17390240483226274	0.21184474770475645
CD6	Day*Allocation*srf14	Day1 Anakinra No - Day7 Anakinra No	0	-0.3655435553657193	0.05335894687301603	1034.618578484664	-6.850651611165457	1.2597765249851656e-11	2.2812169506488135e-11
CD6	Day*Allocation*srf14	Day1 Anakinra No - Day1 Placebo No	0	0.05879848375675338	0.10259371464795768	1087.0029798245114	0.5731197467458488	0.5666821546613032	0.9893930626752736
CD6	Day*Allocation*srf14	Day1 Anakinra No - Day4 Placebo No	0	-0.12881871298841446	0.10162058359641936	1063.6337098142321	-1.2676439007672993	0.20520258486421875	0.2805831262429113
CD6	Day*Allocation*srf14	Day1 Anakinra No - Day7 Placebo No	0	-0.42904578232460994	0.10284871781176369	1093.3670594040066	-4.171620137354171	3.2640792942384665e-5	8.099752322739899e-5
CD6	Day*Allocation*srf14	Day1 Anakinra No - Day1 Anakinra Yes	0	0.1660044329108618	0.12332897772993733	1073.1967155620705	1.3460294244421138	0.17857728326700745	0.34197937476826845
CD6	Day*Allocation*srf14	Day1 Anakinra No - Day4 Anakinra Yes	0	0.10790385060738493	0.1257573125175048	1113.969681822101	0.8580324153505208	0.3910591340205105	0.48544948035988345
CD6	Day*Allocation*srf14	Day1 Anakinra No - Day7 Anakinra Yes	0	0.0768503823910408	0.12481430641064668	1096.8615578428346	0.6157177378224444	0.5382085654661959	0.66777729418953935
CD6	Day*Allocation*srf14	Day1 Anakinra No - Day1 Placebo Yes	0	0.23966869580500033	0.13945358181999928	1060.369787765337	1.718627034724389	0.08597419338159609	0.23041083826267755
CD6	Day*Allocation*srf14	Day1 Anakinra No - Day4 Placebo Yes	0	0.23851611706070514	0.14403517722208328	1132.7702768087029	1.6559573963861944	0.09800740975469292	0.20548193943389978
CD6	Day*Allocation*srf14	Day1 Anakinra No - Day7 Placebo Yes	0	0.44385790670438413	0.1439825548067094	1132.1887988351777	3.0827200371617582	0.002100782296823056	0.005864683911964364
CD6	Day*Allocation*srf14	Day4 Anakinra No - Day7 Anakinra No	0	-0.2935461122823218	0.0535239234664169	1033.529819222257	-5.484390778387251	5.215834111190759e-8	1.9414493636098938e-7
CD6	Day*Allocation*srf14	Day4 Anakinra No - Day1 Placebo No	0	0.13079592684015087	0.10272172826298807	1089.7819964578734	1.2733034096280706	0.20318193003378934	0.3093906661878156
CD6	Day*Allocation*srf14	Day4 Anakinra No - Day4 Placebo No	0	-0.05682126990501697	0.10174983733094878	1066.5028564832376	-0.5584408918532384	0.5766605746814273	0.9152190012754137
CD6	Day*Allocation*srf14	Day4 Anakinra No - Day7 Placebo No	0	-0.3570483392412125	0.10297712211769	1096.1709467461449	-3.4672588619552873	5.461830516339117e-4	0.0037364689782293592
CD6	Day*Allocation*srf14	Day4 Anakinra No - Day1 Anakinra Yes	0	0.23800187599425932	0.12345170674752799	1075.5928500026607	1.9278945772778884	0.05413126709191424	0.08059544211462787
CD6	Day*Allocation*srf14	Day4 Anakinra No - Day4 Anakinra Yes	0	0.17990129369078242	0.12587763759120074	1116.228556478998	1.4291759611427448	0.1532334516814077	0.26324721186293115
CD6	Day*Allocation*srf14	Day4 Anakinra No - Day7 Anakinra Yes	0	0.1488478254744383	0.12493550308420082	1099.181093561621	1.1913973354245164	0.23375482546036197	0.37289460252010126
CD6	Day*Allocation*srf14	Day4 Anakinra No - Day1 Placebo Yes	0	0.31166613888839784	0.13956356944746082	1062.2808738097526	2.2331482357630987	0.02574682618956327	0.04370159807443149
CD6	Day*Allocation*srf14	Day4 Anakinra No - Day4 Placebo Yes	0	0.31051356014410264	0.14414167977254083	1134.5012531930875	2.1542246533695235	0.031432613156895266	0.05691851571654007
CD6	Day*Allocation*srf14	Day4 Anakinra No - Day7 Placebo Yes	0	0.5158553497877816	0.14408812907551857	1133.8649757875662	3.5801377469299687	3.5794277902026023e-4	0.0018447820149505721
CD6	Day*Allocation*srf14	Day7 Anakinra No - Day1 Placebo No	0	0.4243420391224727	0.1029447409803251	1095.097681664046	4.122037076217166	4.0388673475222774e-5	8.093051943748372e-5
CD6	Day*Allocation*srf14	Day7 Anakinra No - Day4 Placebo No	0	0.23672484237730484	0.10197409686195823	1071.9221674843968	2.321421318374194	0.020450891623786244	0.04870184919520592
CD6	Day*Allocation*srf14	Day7 Anakinra No - Day7 Placebo No	0	-0.06350222695889064	0.10320048198007681	1101.4840203573349	-0.6153287827778746	0.538464720132064	0.9118677659480301
CD6	Day*Allocation*srf14	Day7 Anakinra No - Day1 Anakinra Yes	0	0.5315479882765811	0.12365405745272033	1079.4365249453635	4.298670009108442	1.8735412967600816e-5	3.8038565722098626e-5
CD6	Day*Allocation*srf14	Day7 Anakinra No - Day4 Anakinra Yes	0	0.47344740597310425	0.1260757798925828	1119.8387049867767	3.7552605772217613	1.820655580529949e-4	4.5179231072409843e-4
CD6	Day*Allocation*srf14	Day7 Anakinra No - Day7 Anakinra Yes	0	0.4423939377567601	0.12513393323861513	1102.822368993411	3.535363480608964	4.241079762690696e-4	0.0014955386531593506
CD6	Day*Allocation*srf14	Day7 Anakinra No - Day1 Placebo Yes	0	0.6052122511707196	0.13974634180188825	1065.3784925430186	4.330791370758744	1.6259134346446417e-5	3.301096973369424e-5
CD6	Day*Allocation*srf14	Day7 Anakinra No - Day4 Placebo Yes	0	0.6040596724264244	0.14431711064656746	1137.23392995285	4.185641395674601	3.0628979376497583e-5	1.026070809112669e-4
CD6	Day*Allocation*srf14	Day7 Anakinra No - Day7 Placebo Yes	0	0.8094014620701034	0.14426651633459814	1136.7303870015703	5.610459603757632	2.5332626338637204e-8	2.828809941147821e-7
CD6	Day*Allocation*srf14	Day1 Placebo No - Day4 Placebo No	0	-0.18761719674516786	0.08391067878665343	1032.220135329051	-2.235915612388178	0.025570396524604754	0.04508464650390838
CD6	Day*Allocation*srf14	Day1 Placebo No - Day7 Placebo No	0	-0.48784426608136333	0.08542382453519488	1040.2228479124203	-5.710868937744293	1.4660318139480182e-8	4.270614414544227e-8
CD6	Day*Allocation*srf14	Day1 Placebo No - Day1 Anakinra Yes	0	0.10720594915410843	0.14028297182102106	1087.688936093003	0.7642121332508289	0.44490658607909483	0.6624164726066524
CD6	Day*Allocation*srf14	Day1 Placebo No - Day4 Anakinra Yes	0	0.04910536685063155	0.142412651607716	1119.0851130515462	0.3448104244691347	0.7303016866976123	0.7877292323197336
CD6	Day*Allocation*srf14	Day1 Placebo No - Day7 Anakinra Yes	0	0.018051898634287425	0.1415822335121616	1105.8992378316664	0.1275011573591033	0.898566936620905	0.969094396577817
CD6	Day*Allocation*srf14	Day1 Placebo No - Day1 Placebo Yes	0	0.18087021204824696	0.1547865055980034	1073.201673071389	1.1685140855752998	0.2428589594701772	0.45198750790282977
CD6	Day*Allocation*srf14	Day1 Placebo No - Day4 Placebo Yes	0	0.17971763330395177	0.15893628382992545	1132.1774910628817	1.1307527077722797	0.2583986619662662	0.42226122809121547
CD6	Day*Allocation*srf14	Day1 Placebo No - Day7 Placebo Yes	0	0.38505942294763074	0.15886152459090733	1131.3029387851536	2.423868359183997	0.015512161019166784	0.03711838529586338
CD6	Day*Allocation*srf14	Day4 Placebo No - Day7 Placebo No	0	-0.3002270693361955	0.0841765029105846	1033.1519349079206	-3.5666374695454834	3.7816325845963e-4	0.0015835586447997005
CD6	Day*Allocation*srf14	Day4 Placebo No - Day1 Anakinra Yes	0	0.2948231458992763	0.13958851367112815	1075.2819919966032	2.112087435746199	0.034909079947149896	0.06449711790268205
CD6	Day*Allocation*srf14	Day4 Placebo No - Day4 Anakinra Yes	0	0.2367225635957994	0.14172903690745714	1107.238610233024	1.6702474578329978	0.09515304431705034	0.19318951421946584
CD6	Day*Allocation*srf14	Day4 Placebo No - Day7 Anakinra Yes	0	0.20566909537945527	0.14089373100927477	1093.7921393771094	1.459746249220389	0.14464696298904114	0.29703010296583265
CD6	Day*Allocation*srf14	Day4 Placebo No - Day1 Placebo Yes	0	0.3684874087934148	0.154155303725969	1063.0121734179593	2.3903647807567414	0.017004942038161157	0.03350973872225875
CD6	Day*Allocation*srf14	Day4 Placebo No - Day4 Placebo Yes	0	0.3673348300491196	0.15832030597657618	1122.7363655492973	2.320200354485593	0.020508604699067068	0.049074161244196196
CD6	Day*Allocation*srf14	Day4 Placebo No - Day7 Placebo Yes	0	0.5726766196927986	0.15824805126038394	1121.9476212533023	3.6188541668074454	3.090938418318222e-4	0.003451547900455348
CD6	Day*Allocation*srf14	Day7 Placebo No - Day1 Anakinra Yes	0	0.5950502152354717	0.14029338017634344	1088.043164695214	4.241470370786677	2.409391063846081e-5	5.20739358960282e-5
CD6	Day*Allocation*srf14	Day7 Placebo No - Day4 Anakinra Yes	0	0.5369496329319949	0.14242194873939776	1119.386171597172	3.770132607260556	1.716827149281712e-4	5.751370950093735e-4
CD6	Day*Allocation*srf14	Day7 Placebo No - Day7 Anakinra Yes	0	0.5058961647156508	0.14159159697896295	1106.2072290423616	3.5729250570626347	3.682133411988074e-4	0.001964526235169311
CD6	Day*Allocation*srf14	Day7 Placebo No - Day1 Placebo Yes	0	0.6687144781296103	0.15481472586844844	1073.7915927764193	4.31945006767535	1.709047166759392e-5	4.5802464069151704e-5
CD6	Day*Allocation*srf14	Day7 Placebo No - Day4 Placebo Yes	0	0.6675618993853151	0.15896499408465872	1132.7784509141047	4.199427070275592	2.8857828932688222e-5	1.6112287820750924e-4
CD6	Day*Allocation*srf14	Day7 Placebo No - Day7 Placebo Yes	0	0.8729036890289941	0.15889094756927638	1131.9127673860924	5.493728260689039	4.8581803427831674e-8	1.0849936098882407e-6
CD6	Day*Allocation*srf14	Day1 Anakinra Yes - Day4 Anakinra Yes	0	-0.05810058230347688	0.10958305351642107	1060.7831857255717	-0.5301967817019306	0.5960864629130889	0.6656298835862826
CD6	Day*Allocation*srf14	Day1 Anakinra Yes - Day7 Anakinra Yes	0	-0.089154050519821	0.1088336116955092	1063.5678736859863	-0.8191775420377763	0.4128686438865854	0.4688508328881563
CD6	Day*Allocation*srf14	Day1 Anakinra Yes - Day1 Placebo Yes	0	0.07366426289413854	0.16697572998411628	1085.2684714399893	0.4411674852455858	0.6591796237778604	0.9668895255885167
CD6	Day*Allocation*srf14	Day1 Anakinra Yes - Day4 Placebo Yes	0	0.07251168414984333	0.17083725903069294	1136.1610543811732	0.42444888522131896	0.6713188335040257	0.7685163904106364
CD6	Day*Allocation*srf14	Day1 Anakinra Yes - Day7 Placebo Yes	0	0.2778534737935223	0.17083288904500174	1136.221268279957	1.6264635887550238	0.10412835691898999	0.17016097350176412
CD6	Day*Allocation*srf14	Day4 Anakinra Yes - Day7 Anakinra Yes	0	-0.031053468216344127	0.10971800358133628	1039.9153525938232	-0.28302983286898337	0.777210297043422	0.8680023420269136
CD6	Day*Allocation*srf14	Day4 Anakinra Yes - Day1 Placebo Yes	0	0.13176484519761542	0.1687765403305335	1107.5599136857104	0.7807059259513554	0.4351422987290581	0.5716575297028802
CD6	Day*Allocation*srf14	Day4 Anakinra Yes - Day4 Placebo Yes	0	0.1306122664533202	0.17259815960436473	1156.7302424363318	0.7567419418185802	0.44935858216907565	0.6183739285815939
CD6	Day*Allocation*srf14	Day4 Anakinra Yes - Day7 Placebo Yes	0	0.3359540560969992	0.1725937695155734	1156.7855537084383	1.946501643946571	0.05183633785239904	0.2042961550653374
CD6	Day*Allocation*srf14	Day7 Anakinra Yes - Day1 Placebo Yes	0	0.16281831341395953	0.16807881425186239	1098.06888161685	0.9687021778365231	0.332907118161923	0.42084484748771395
CD6	Day*Allocation*srf14	Day7 Anakinra Yes - Day4 Placebo Yes	0	0.16166573466966433	0.17191426837435878	1147.880380918279	0.9403857876277184	0.3472175550823481	0.5597427221078597
CD6	Day*Allocation*srf14	Day7 Anakinra Yes - Day7 Placebo Yes	0	0.3670075243133433	0.17191313418221513	1148.0718220101571	2.134842844086262	0.03298511031323223	0.7455836033512043
CD6	Day*Allocation*srf14	Day1 Placebo Yes - Day4 Placebo Yes	0	-0.0011525787442952067	0.12834945615965473	1059.7860566925565	-0.008980004892747705	0.9928367791071344	0.9928367791071344
CD6	Day*Allocation*srf14	Day1 Placebo Yes - Day7 Placebo Yes	0	0.2041892108993838	0.12835482357419054	1059.6187854482523	1.590818367502645	0.1119487349382738	0.15626177585134052
CD6	Day*Allocation*srf14	Day4 Placebo Yes - Day7 Placebo Yes	0	0.205341789643679	0.13187056103827258	1052.0448255624608	1.557146553612394	0.11973644905846453	0.2971237809969305
SCF	Day*Allocation*srf14	Day1 Anakinra No - Day4 Anakinra No	0	0.39479577995480286	0.048139958597073276	1026.6511703964607	8.200999574162594	7.070371176604719e-16	2.368574344162581e-15
SCF	Day*Allocation*srf14	Day1 Anakinra No - Day7 Anakinra No	0	0.3733801166453583	0.04855610166201667	1029.548945573418	7.68966420006978	3.4362233192732704e-14	6.976574617918458e-14
SCF	Day*Allocation*srf14	Day1 Anakinra No - Day1 Placebo No	0	-0.005398415046121361	0.10160102709466855	989.9410099839147	-0.05313346922262206	0.9576362845348321	0.9893930626752736
SCF	Day*Allocation*srf14	Day1 Anakinra No - Day4 Placebo No	0	0.400940256999407	0.10077129405249281	968.6586622640086	3.9787149780030915	7.445520303432887e-5	2.6255255806842284e-4
SCF	Day*Allocation*srf14	Day1 Anakinra No - Day7 Placebo No	0	0.29013571245928454	0.10181717794452677	995.6715396639697	2.8495752712509836	0.004468020597869547	0.007301399513591698
SCF	Day*Allocation*srf14	Day1 Anakinra No - Day1 Anakinra Yes	0	0.036243642619663466	0.12222740099856151	978.3071273388617	0.2965263298046403	0.7668911007047783	0.8865396141454556
SCF	Day*Allocation*srf14	Day1 Anakinra No - Day4 Anakinra Yes	0	0.701842491731485	0.12433919004155762	1017.6543901488863	5.644579890675738	2.146481148601307e-8	4.793807898542918e-7
SCF	Day*Allocation*srf14	Day1 Anakinra No - Day7 Anakinra Yes	0	0.67358509121039	0.12352734801284009	1001.5187628761419	5.452922790347397	6.241531894955062e-8	4.6464737440221023e-7
SCF	Day*Allocation*srf14	Day1 Anakinra No - Day1 Placebo Yes	0	0.22363718981394268	0.13830756047313214	967.0585536897692	1.6169556389318775	0.10621398203925352	0.24539092402172363
SCF	Day*Allocation*srf14	Day1 Anakinra No - Day4 Placebo Yes	0	0.8033993564326936	0.14225955741404472	1035.392345267117	5.647419203578775	2.1031983817662947e-8	4.6971430526113913e-7
SCF	Day*Allocation*srf14	Day1 Anakinra No - Day7 Placebo Yes	0	0.918588742050011	0.14221269068645193	1034.7484419547757	6.459259983170556	1.6160800075862508e-10	4.048635458883743e-9
SCF	Day*Allocation*srf14	Day4 Anakinra No - Day7 Anakinra No	0	-0.021415663309444555	0.04870313799223744	1028.501886862744	-0.43971834654386943	0.6602334913971797	0.7021530781525561
SCF	Day*Allocation*srf14	Day4 Anakinra No - Day1 Placebo No	0	-0.40019419500092424	0.10171152208718683	992.5628750358396	-3.934600395202806	8.913839676972481e-5	3.1433013597745063e-4
SCF	Day*Allocation*srf14	Day4 Anakinra No - Day4 Placebo No	0	0.006144477044604148	0.10088269465168954	971.3328937438544	0.060907146322952056	0.9514456873685159	0.9791167195678598
SCF	Day*Allocation*srf14	Day4 Anakinra No - Day7 Placebo No	0	-0.10466006749551829	0.10192790459667764	998.3118012378535	-1.0268048569197183	0.3047610852248508	0.4173643894437164
SCF	Day*Allocation*srf14	Day4 Anakinra No - Day1 Anakinra Yes	0	-0.3585521373351394	0.1223323214104593	980.4965328885278	-2.930968146448364	0.0034574963126673625	0.006813301557315097
SCF	Day*Allocation*srf14	Day4 Anakinra No - Day4 Anakinra Yes	0	0.3070467117766822	0.12444229919975468	1019.7580657423296	2.467382182354338	0.013773847956074593	0.03295885046632135
SCF	Day*Allocation*srf14	Day4 Anakinra No - Day7 Anakinra Yes	0	0.27878931125558715	0.12363107703133552	1003.6573079979671	2.255009969580102	0.024347508908403218	0.05826011060225055
SCF	Day*Allocation*srf14	Day4 Anakinra No - Day1 Placebo Yes	0	-0.17115859014086018	0.13840150739614246	968.7936172213106	-1.2366815460395104	0.2165050413620204	0.27027928640233223
SCF	Day*Allocation*srf14	Day4 Anakinra No - Day4 Placebo Yes	0	0.40860357647789064	0.14235089090903885	1037.0175561757162	2.8703970440127784	0.004182883989911927	0.011210129092963964
SCF	Day*Allocation*srf14	Day4 Anakinra No - Day7 Placebo Yes	0	0.5237929620952081	0.14230346545587988	1036.339737288324	3.6808166295683513	2.4446765367204054e-4	0.0014845490346706693
SCF	Day*Allocation*srf14	Day7 Anakinra No - Day1 Placebo No	0	-0.3787785316914797	0.10190169082160569	997.4293853496669	-3.71709761278239	2.1273466204597386e-4	3.6546723992513457e-4
SCF	Day*Allocation*srf14	Day7 Anakinra No - Day4 Placebo No	0	0.027560140354048704	0.10107380866760556	976.2513451050754	0.2726734127995892	0.7851619378176853	0.8251504947458108
SCF	Day*Allocation*srf14	Day7 Anakinra No - Day7 Placebo No	0	-0.08324440418607373	0.10211834211620227	1003.1873216760238	-0.815175828954885	0.4151651562210028	0.8692520458377246
SCF	Day*Allocation*srf14	Day7 Anakinra No - Day1 Anakinra Yes	0	-0.33713647402569485	0.12250583878038858	984.0541809359454	-2.7520033116957485	0.006032070062358872	0.008785841177783575
SCF	Day*Allocation*srf14	Day7 Anakinra No - Day4 Anakinra Yes	0	0.32846237508612675	0.12461263751697439	1023.1661170805919	2.635867289474428	0.008519255841035132	0.015426760577009563
SCF	Day*Allocation*srf14	Day7 Anakinra No - Day7 Anakinra Yes	0	0.3002049745650317	0.12380169947482146	1007.0792682672511	2.424885731282605	0.015488244017182169	0.032428510910975164
SCF	Day*Allocation*srf14	Day7 Anakinra No - Day1 Placebo Yes	0	-0.14974292683141563	0.13855805172838878	971.641558172645	-1.0807233860717977	0.2800883430080984	0.33510569609897484
SCF	Day*Allocation*srf14	Day7 Anakinra No - Day4 Placebo Yes	0	0.4300192397873352	0.14250201992338857	1039.6335751928555	3.0176361010076955	0.002609588647188091	0.004919941197477953
SCF	Day*Allocation*srf14	Day7 Anakinra No - Day7 Placebo Yes	0	0.5452086254046526	0.1424566078643633	1039.0488190956394	3.827190844834381	1.3735207069786188e-4	5.112549298198193e-4
SCF	Day*Allocation*srf14	Day1 Placebo No - Day4 Placebo No	0	0.40633867204552837	0.07634745951196072	1027.3390908694269	5.322229117288058	1.2584406481495956e-7	5.621034895068193e-7
SCF	Day*Allocation*srf14	Day1 Placebo No - Day7 Placebo No	0	0.2955341275054059	0.07775714273879385	1033.8625293877444	3.800732859978931	1.5269725949191388e-4	2.7650584826914137e-4
SCF	Day*Allocation*srf14	Day1 Placebo No - Day1 Anakinra Yes	0	0.041642057665784826	0.13891786417723861	991.0486559932724	0.2997602785819953	0.7644228734215031	0.9033746582334262
SCF	Day*Allocation*srf14	Day1 Placebo No - Day4 Anakinra Yes	0	0.7072409067776064	0.14077040929954132	1021.4769459233315	5.024073669294296	5.968739925319839e-7	1.3330185833214305e-5
SCF	Day*Allocation*srf14	Day1 Placebo No - Day7 Anakinra Yes	0	0.6789835062565114	0.14005490027898387	1008.9755757480046	4.847981076734929	1.443461563359409e-6	1.0745769416120045e-5
SCF	Day*Allocation*srf14	Day1 Placebo No - Day1 Placebo Yes	0	0.22903560486006402	0.1534043894687834	978.266346685471	1.493018587363636	0.1357547521655317	0.30450045719044816
SCF	Day*Allocation*srf14	Day1 Placebo No - Day4 Placebo Yes	0	0.8087977714788149	0.1569857297656468	1034.1310407886242	5.15204644833778	3.0845988494505123e-7	6.888937430439477e-6
SCF	Day*Allocation*srf14	Day1 Placebo No - Day7 Placebo Yes	0	0.9239871570961323	0.15692002096730803	1033.229847992528	5.888268121558761	5.272357769864313e-9	8.831199264522724e-8
SCF	Day*Allocation*srf14	Day4 Placebo No - Day7 Placebo No	0	-0.11080454454012244	0.07659303945095185	1028.074837239138	-1.4466659808046753	0.1482953085890254	0.23656632560630245
SCF	Day*Allocation*srf14	Day4 Placebo No - Day1 Anakinra Yes	0	-0.36469661437974354	0.13832726300260745	979.7994874657256	-2.636476761438337	0.008509706774715452	0.01839194690019146
SCF	Day*Allocation*srf14	Day4 Placebo No - Day4 Anakinra Yes	0	0.30090223473207806	0.14018790687378097	1010.5727612729484	2.146420767969645	0.032076955503562876	0.07675557209781117
SCF	Day*Allocation*srf14	Day4 Placebo No - Day7 Anakinra Yes	0	0.272644834210983	0.1394688368678872	997.9116599064803	1.9548799598095716	0.05087611982350097	0.13110384723748328
SCF	Day*Allocation*srf14	Day4 Placebo No - Day1 Placebo Yes	0	-0.17730306718546435	0.15286742048228233	969.0598024119669	-1.1598486232454885	0.2463961252016126	0.31747193054823164
SCF	Day*Allocation*srf14	Day4 Placebo No - Day4 Placebo Yes	0	0.4024590994332865	0.1564601050075483	1025.3671412434726	2.572279364211536	0.01024293584761757	0.031194395535926234
SCF	Day*Allocation*srf14	Day4 Placebo No - Day7 Placebo Yes	0	0.517648485050604	0.15639615734360787	1024.5308881448955	3.309854243498528	9.65978733545023e-4	0.006423016700981185
SCF	Day*Allocation*srf14	Day7 Placebo No - Day1 Anakinra Yes	0	-0.2538920698396211	0.13892565165629175	991.3147580361875	-1.8275391679843358	0.0679192280515034	0.08922722116570055
SCF	Day*Allocation*srf14	Day7 Placebo No - Day4 Anakinra Yes	0	0.4117067792722005	0.14077743795047604	1021.7080154921485	2.924522460886342	0.0035260515793620224	0.007874848527241851
SCF	Day*Allocation*srf14	Day7 Placebo No - Day7 Anakinra Yes	0	0.38344937875110546	0.14006196280040092	1009.2095196681452	2.737712445866194	0.006295623482920579	0.01757528222315328
SCF	Day*Allocation*srf14	Day7 Placebo No - Day1 Placebo Yes	0	-0.0664985226453419	0.15342744481285533	978.7565437438807	-0.4334199968359907	0.6648051794230996	0.7184185003443172
SCF	Day*Allocation*srf14	Day7 Placebo No - Day4 Placebo Yes	0	0.513263643973409	0.1570090819478328	1034.6352018470147	3.2690060829980765	0.0011148106603846952	0.0035567768688464087
SCF	Day*Allocation*srf14	Day7 Placebo No - Day7 Placebo Yes	0	0.6284530295907264	0.1569439740313768	1033.7466749524551	4.004314491648362	6.664601148268993e-5	4.961425299266917e-4
SCF	Day*Allocation*srf14	Day1 Anakinra Yes - Day4 Anakinra Yes	0	0.6655988491118217	0.09986073989106069	1051.9489957463738	6.66527055415303	4.255365635638896e-11	4.751824959796767e-10
SCF	Day*Allocation*srf14	Day1 Anakinra Yes - Day7 Anakinra Yes	0	0.6373414485907265	0.09919386101737544	1054.6809517966542	6.4252106133774305	1.9897395682474273e-10	1.0254811620967511e-9
SCF	Day*Allocation*srf14	Day1 Anakinra Yes - Day1 Placebo Yes	0	0.1873935471942792	0.16537466468855677	988.6847237714063	1.133145440065984	0.25742788853621446	0.9668895255885167
SCF	Day*Allocation*srf14	Day1 Anakinra Yes - Day4 Placebo Yes	0	0.76715571381303	0.16870742649783366	1037.0372016490403	4.547255148977576	6.075610536768665e-6	8.141318119270011e-5
SCF	Day*Allocation*srf14	Day1 Anakinra Yes - Day7 Placebo Yes	0	0.8823450994303474	0.16870277848200083	1037.0504733301962	5.230175266642015	2.048078380425275e-7	1.9603035926927633e-6
SCF	Day*Allocation*srf14	Day4 Anakinra Yes - Day7 Anakinra Yes	0	-0.028257400521095044	0.09986900257164406	1033.5212924935956	-0.28294465543323855	0.7772759215386743	0.8680023420269136
SCF	Day*Allocation*srf14	Day4 Anakinra Yes - Day1 Placebo Yes	0	-0.4782053019175424	0.16694172970452845	1010.2686436725052	-2.8645042959835263	0.004263116155980396	0.017851798903167907
SCF	Day*Allocation*srf14	Day4 Anakinra Yes - Day4 Placebo Yes	0	0.10155686470120846	0.17024406159214148	1057.4971046374387	0.596536899739335	0.5509442866505967	0.6711503128289087
SCF	Day*Allocation*srf14	Day4 Anakinra Yes - Day7 Placebo Yes	0	0.2167462503185259	0.17023942499852937	1057.508955724319	1.2731848120398568	0.20323226998505026	0.44219250765395196
SCF	Day*Allocation*srf14	Day7 Anakinra Yes - Day1 Placebo Yes	0	-0.44994790139644736	0.1663416348320707	1001.3486090651409	-2.7049626021211695	0.006947147888022691	0.01723921883324149
SCF	Day*Allocation*srf14	Day7 Anakinra Yes - Day4 Placebo Yes	0	0.1298142652223035	0.16965450945549718	1048.9790983897537	0.7651683744743352	0.44434340131224326	0.6075715895493938
SCF	Day*Allocation*srf14	Day7 Anakinra Yes - Day7 Placebo Yes	0	0.24500365083962095	0.16965199907227455	1049.0820839910089	1.4441542226404616	0.1489941709150475	0.7556349850316068
SCF	Day*Allocation*srf14	Day1 Placebo Yes - Day4 Placebo Yes	0	0.5797621666187509	0.11695859975051133	1051.7451615463333	4.956986214399478	8.340544215267655e-7	7.983092320327613e-6
SCF	Day*Allocation*srf14	Day1 Placebo Yes - Day7 Placebo Yes	0	0.6949515522360683	0.1169624657930442	1051.609051565011	5.941662973023584	3.832009368809871e-9	2.334042070093285e-8
SCF	Day*Allocation*srf14	Day4 Placebo Yes - Day7 Placebo Yes	0	0.11518938561731744	0.12011287341708707	1044.1380339123405	0.9590094911585954	0.3377759710453845	0.5330905633420302
IL18	Day*Allocation*srf14	Day1 Anakinra No - Day4 Anakinra No	0	0.34740380598341053	0.03397712948992555	1015.630530423687	10.224636724724439	2.0047232324136866e-23	1.34316456571717e-22
IL18	Day*Allocation*srf14	Day1 Anakinra No - Day7 Anakinra No	0	0.6507039151313331	0.03428547338566269	1016.9109112397589	18.97899754254059	5.387168276130253e-69	7.2188054900145395e-68
IL18	Day*Allocation*srf14	Day1 Anakinra No - Day1 Placebo No	0	0.06244569134190712	0.10206576280319463	755.0858238482421	0.6118182006077417	0.5408422135986624	0.9893930626752736
IL18	Day*Allocation*srf14	Day1 Anakinra No - Day4 Placebo No	0	0.44595769720544626	0.1016361726439564	744.1275435389401	4.387785230438469	1.310564243523721e-5	5.165164959769959e-5
IL18	Day*Allocation*srf14	Day1 Anakinra No - Day7 Placebo No	0	0.6431339497417661	0.10217608216556143	757.9505431020518	6.2943688592371485	5.220648671726636e-10	2.4984532928977474e-9
IL18	Day*Allocation*srf14	Day1 Anakinra No - Day1 Anakinra Yes	0	-0.0907250871748547	0.12303148445913042	749.9400517987532	-0.7374135781072566	0.4611015317875877	0.6865289473281861
IL18	Day*Allocation*srf14	Day1 Anakinra No - Day4 Anakinra Yes	0	0.17478848858724158	0.12418498387550292	773.1529446841519	1.4074848917520442	0.15968555297420503	0.2723481906937005
IL18	Day*Allocation*srf14	Day1 Anakinra No - Day7 Anakinra Yes	0	0.4326348852883233	0.12375338398965435	764.1835585745233	3.495943879195183	4.996415107964006e-4	0.0014554774444938627
IL18	Day*Allocation*srf14	Day1 Anakinra No - Day1 Placebo Yes	0	0.03631954643398396	0.13949399168893836	744.8524229637972	0.26036638563597747	0.7946531281039795	0.8336658393679135
IL18	Day*Allocation*srf14	Day1 Anakinra No - Day4 Placebo Yes	0	0.16583932369719964	0.14160760219068094	783.1548610395704	1.171118789751765	0.24190722850667715	0.39006038895391376
IL18	Day*Allocation*srf14	Day1 Anakinra No - Day7 Placebo Yes	0	0.6964188417080044	0.14158072966951268	782.6939255508513	4.9188815690781675	1.0612035115115186e-6	9.579547943062427e-6
IL18	Day*Allocation*srf14	Day4 Anakinra No - Day7 Anakinra No	0	0.30330010914792255	0.034382812570022334	1016.2389944278074	8.821271050186384	4.845451789273259e-18	3.2464526988130836e-16
IL18	Day*Allocation*srf14	Day4 Anakinra No - Day1 Placebo No	0	-0.2849581146415034	0.10212489812294456	756.5497782373753	-2.790290319785214	0.0053986343964678215	0.012472707053908415
IL18	Day*Allocation*srf14	Day4 Anakinra No - Day4 Placebo No	0	0.09855389122203573	0.10169554866964796	745.593826051693	0.9691072275167351	0.33280594883756764	0.9152190012754137
IL18	Day*Allocation*srf14	Day4 Anakinra No - Day7 Placebo No	0	0.29573014375835555	0.10223524689534232	759.4193405925289	2.8926437088873365	0.003929401406007835	0.01755132628016833
IL18	Day*Allocation*srf14	Day4 Anakinra No - Day1 Anakinra Yes	0	-0.4381288931582652	0.12308629010963358	751.0867954009005	-3.5595263515377837	3.948946438875849e-4	0.0010176131207872382
IL18	Day*Allocation*srf14	Day4 Anakinra No - Day4 Anakinra Yes	0	-0.17261531739616895	0.12423926986119793	774.2936066282335	-1.3893780733661547	0.16511721212666483	0.2721905838250649
IL18	Day*Allocation*srf14	Day4 Anakinra No - Day7 Anakinra Yes	0	0.08523107930491275	0.12380782862908464	765.3252862407219	0.6884142969687013	0.49140053575953	0.6455654097233041
IL18	Day*Allocation*srf14	Day4 Anakinra No - Day1 Placebo Yes	0	-0.3110842595494266	0.13954295236348382	745.7533075440058	-2.229308283080532	0.026090506313093426	0.04370159807443149
IL18	Day*Allocation*srf14	Day4 Anakinra No - Day4 Placebo Yes	0	-0.1815644822862109	0.14165582121598394	784.048596666548	-1.2817297639281469	0.2003163560095106	0.2684239170527442
IL18	Day*Allocation*srf14	Day4 Anakinra No - Day7 Placebo Yes	0	0.34901503572459386	0.14162886880828246	783.5832107569636	2.464293040404369	0.013941997556386889	0.03736455345111687
IL18	Day*Allocation*srf14	Day7 Anakinra No - Day1 Placebo No	0	-0.5882582237894259	0.10222344736062652	759.0732001116578	-5.754631045792785	1.2597227590880137e-8	4.6889680477164955e-8
IL18	Day*Allocation*srf14	Day7 Anakinra No - Day4 Placebo No	0	-0.20474621792588682	0.10179436670740855	748.1132698510073	-2.011370811062627	0.0446444956479756	0.09064185480043531
IL18	Day*Allocation*srf14	Day7 Anakinra No - Day7 Placebo No	0	-0.007569965389566981	0.10233387442932136	761.95116756384175	-0.07397321201588343	0.9410511155672949	0.9865611017020623
IL18	Day*Allocation*srf14	Day7 Anakinra No - Day1 Anakinra Yes	0	-0.7414290023061878	0.12317746125185244	752.9874151035872	-6.019193728877389	2.7368560738382124e-9	8.731874140340964e-9
IL18	Day*Allocation*srf14	Day7 Anakinra No - Day4 Anakinra Yes	0	-0.47591542654409147	0.12432952531536695	776.1816129865626	-3.82785525269973	1.3967255118720693e-4	3.743224371817146e-4
IL18	Day*Allocation*srf14	Day7 Anakinra No - Day7 Anakinra Yes	0	-0.2180690298430098	0.12389820548510719	767.2080610806537	-1.760066088037265	0.07879506118434505	0.13198172748377796
IL18	Day*Allocation*srf14	Day7 Anakinra No - Day1 Placebo Yes	0	-0.6143843686973491	0.13962490951323694	747.2578385173972	-4.400249001694811	1.238606869731507e-5	2.5933331335003427e-5
IL18	Day*Allocation*srf14	Day7 Anakinra No - Day4 Placebo Yes	0	-0.48486459143413346	0.1417363020940884	785.5309500785826	-3.420892066961555	6.564024736366747e-4	0.0016288505827280447
IL18	Day*Allocation*srf14	Day7 Anakinra No - Day7 Placebo Yes	0	0.04571492657667129	0.14170979735229744	785.0839453658552	0.3225953845874309	0.747087579991516	0.7945217120544694
IL18	Day*Allocation*srf14	Day1 Placebo No - Day4 Placebo No	0	0.3835120058635392	0.05388841547542969	1015.5954728650862	7.116780155438058	2.085470021009624e-12	1.5525165711960535e-11
IL18	Day*Allocation*srf14	Day1 Placebo No - Day7 Placebo No	0	0.5806882583998589	0.05493655764400849	1018.5259469735046	10.570160987565812	7.512898420376097e-25	1.2584104854129963e-23
IL18	Day*Allocation*srf14	Day1 Placebo No - Day1 Anakinra Yes	0	-0.1531707785167618	0.13951250033675952	756.0740100596846	-1.0979000315171294	0.2725976590297311	0.5534558531815753
IL18	Day*Allocation*srf14	Day1 Placebo No - Day4 Anakinra Yes	0	0.11234279724533447	0.14052513241940648	774.1113801502626	0.7994498586205919	0.42427484207984545	0.546661815756724
IL18	Day*Allocation*srf14	Day1 Placebo No - Day7 Anakinra Yes	0	0.37018919394641614	0.14014401177147406	767.1142509923628	2.641491343562117	0.008422257777441015	0.019458319692708552
IL18	Day*Allocation*srf14	Day1 Placebo No - Day1 Placebo Yes	0	-0.026126144907923157	0.15441026091321838	750.1242847895663	-0.16919953864080683	0.865685308333802	0.8788017523994657
IL18	Day*Allocation*srf14	Day1 Placebo No - Day4 Placebo Yes	0	0.10339363235529252	0.15632802344102803	781.5834358097754	0.6613889824705417	0.5085578117140959	0.6428938374498947
IL18	Day*Allocation*srf14	Day1 Placebo No - Day7 Placebo Yes	0	0.6339731503660972	0.15629137187021777	780.9998781796277	4.056354121023007	5.484918882461186e-5	3.340814228408177e-4
IL18	Day*Allocation*srf14	Day4 Placebo No - Day7 Placebo No	0	0.19717625253631982	0.0540674160623035	1015.899075745895	3.6468591787169506	2.7893755020097765e-4	0.0013436026149676202
IL18	Day*Allocation*srf14	Day4 Placebo No - Day1 Anakinra Yes	0	-0.5366827843803009	0.13920873673351755	750.3533059430472	-3.855237803124772	1.2552695153041156e-4	0.00038228662511534427
IL18	Day*Allocation*srf14	Day4 Placebo No - Day4 Anakinra Yes	0	-0.2711692086182047	0.1402236401139246	768.4142196820023	-1.9338337558338485	0.05350049138022577	0.11201665382734771
IL18	Day*Allocation*srf14	Day4 Placebo No - Day7 Anakinra Yes	0	-0.013322811917122986	0.13984157965171112	761.4044087422255	-0.09527074815877172	0.924124843718809	0.9381267352903061
IL18	Day*Allocation*srf14	Day4 Placebo No - Day1 Placebo Yes	0	-0.4096381507714623	0.15413387316761668	745.4517448580458	-2.6576776561372153	0.00803665521875134	0.01794852998854466
IL18	Day*Allocation*srf14	Day4 Placebo No - Day4 Placebo Yes	0	-0.28011837350824664	0.15605478814001178	776.9300087283443	-1.7950001845308678	0.07304224676567696	0.1254828341871886
IL18	Day*Allocation*srf14	Day4 Placebo No - Day7 Placebo Yes	0	0.2504611445025581	0.15601856350933915	776.3632844313273	1.6053291279506343	0.10882805059290519	0.1988680312216991
IL18	Day*Allocation*srf14	Day7 Placebo No - Day1 Anakinra Yes	0	-0.7338590369166208	0.1395151558749945	756.1482233234076	-5.2600667813764845	1.8766184156398308e-7	7.396084343992275e-7
IL18	Day*Allocation*srf14	Day7 Placebo No - Day4 Anakinra Yes	0	-0.4683454611545245	0.14052762167260513	774.1795104440762	-3.332764445737611	9.007178277402679e-4	0.002413923778343918
IL18	Day*Allocation*srf14	Day7 Placebo No - Day7 Anakinra Yes	0	-0.21049906445344282	0.14014650371884813	767.1822376168188	-1.5019929778321903	0.13351039309249413	0.20802782179528156
IL18	Day*Allocation*srf14	Day7 Placebo No - Day1 Placebo Yes	0	-0.6068144033077821	0.15442089812089765	750.3243494580145	-3.929613223934892	9.294122335903616e-5	2.1472627465708353e-4
IL18	Day*Allocation*srf14	Day7 Placebo No - Day4 Placebo Yes	0	-0.47729462604456646	0.15633870149840196	781.7894928412226	-3.052952477345766	0.0023427969336988178	0.006540308106575866
IL18	Day*Allocation*srf14	Day7 Placebo No - Day7 Placebo Yes	0	0.05328489196623827	0.156302255756187	781.2122790345927	0.3409092959563961	0.7332635278005804	0.792397683268369
IL18	Day*Allocation*srf14	Day1 Anakinra Yes - Day4 Anakinra Yes	0	0.2655135757620963	0.07076084252350089	1028.3025683930248	3.7522670207596054	1.8504096530440518e-4	6.198872337697574e-4
IL18	Day*Allocation*srf14	Day1 Anakinra Yes - Day7 Anakinra Yes	0	0.523359972463178	0.07032329209485597	1030.124092306172	7.442199545454171	2.0854425327216277e-13	1.3972464969234907e-12
IL18	Day*Allocation*srf14	Day1 Anakinra Yes - Day1 Placebo Yes	0	0.12704463360883866	0.1661547301987427	754.9360311461518	0.7646164118040861	0.4447389254750057	0.9668895255885167
IL18	Day*Allocation*srf14	Day1 Anakinra Yes - Day4 Placebo Yes	0	0.25656441087205434	0.16793969497456065	782.236579932496	1.5277174994924128	0.12698692838133985	0.25782194550150817
IL18	Day*Allocation*srf14	Day1 Anakinra Yes - Day7 Placebo Yes	0	0.7871439288828591	0.16793614555449438	782.1971038243069	4.6871620536713765	3.2673180905563327e-6	2.7363789008409286e-5
IL18	Day*Allocation*srf14	Day4 Anakinra Yes - Day7 Anakinra Yes	0	0.25784639670108167	0.07055398386032559	1018.2543756233397	3.6545972685473775	2.707337636977993e-4	0.0036278324335505103
IL18	Day*Allocation*srf14	Day4 Anakinra Yes - Day1 Placebo Yes	0	-0.1384689421532576	0.16701183444314072	767.717637639451	-0.8290965883642183	0.4073074527731628	0.5569305986898349
IL18	Day*Allocation*srf14	Day4 Anakinra Yes - Day4 Placebo Yes	0	-0.008949164890041945	0.16878778681344547	794.9298410539056	-0.05302021585206936	0.9577291213269896	0.9722401686198228
IL18	Day*Allocation*srf14	Day4 Anakinra Yes - Day7 Placebo Yes	0	0.5216303531207628	0.16878425352057358	794.8905436811789	3.090515508647137	0.0020677574453975165	0.07368437524134379
IL18	Day*Allocation*srf14	Day7 Anakinra Yes - Day1 Placebo Yes	0	-0.39631533885433934	0.16669372310676916	762.8062242523871	-2.37750607202225	0.017675717832636405	0.035887063478383004
IL18	Day*Allocation*srf14	Day7 Anakinra Yes - Day4 Placebo Yes	0	-0.26679556159112366	0.1684727809016187	790.0418413648201	-1.5836122616562107	0.11368217445428931	0.346213894928972
IL18	Day*Allocation*srf14	Day7 Anakinra Yes - Day7 Placebo Yes	0	0.2637839564196811	0.1684696635953376	790.0183303953971	1.5657653181601137	0.1178040131163382	0.7556349850316068
IL18	Day*Allocation*srf14	Day1 Placebo Yes - Day4 Placebo Yes	0	0.12951977726321567	0.08288444245279036	1029.0041859145042	1.5626548653806538	0.11844126775868974	0.1936547964294031
IL18	Day*Allocation*srf14	Day1 Placebo Yes - Day7 Placebo Yes	0	0.6600992952740204	0.08288556322550811	1028.946854828295	7.963983950716212	4.38870996272853e-15	5.88087135005623e-14
IL18	Day*Allocation*srf14	Day4 Placebo Yes - Day7 Placebo Yes	0	0.5305795180108047	0.08500171112901372	1023.9456519501352	6.241986319610706	6.317593556696675e-10	4.232787682986772e-8
SLAMF1	Day*Allocation*srf14	Day1 Anakinra No - Day4 Anakinra No	0	0.16726062545353926	0.059315287838585425	1036.2145816266736	2.819856929780148	0.004896103275697815	0.008411254345429579
SLAMF1	Day*Allocation*srf14	Day1 Anakinra No - Day7 Anakinra No	0	0.22500818223918315	0.05980260230540861	1040.6000634676948	3.7625149001054954	1.7760331636638705e-4	2.2451739993486664e-4
SLAMF1	Day*Allocation*srf14	Day1 Anakinra No - Day1 Placebo No	0	0.17862903462634125	0.10617075759063677	1198.0464558948665	1.6824692474653171	0.09273845792142738	0.9893930626752736
SLAMF1	Day*Allocation*srf14	Day1 Anakinra No - Day4 Placebo No	0	0.3820183834669865	0.10501888297173541	1174.3354375326298	3.637616137754981	2.871112284434638e-4	9.160215383672417e-4
SLAMF1	Day*Allocation*srf14	Day1 Anakinra No - Day7 Placebo No	0	0.05142531106725168	0.10647473457242647	1204.5968935147669	0.4829813502119702	0.6291967426910375	0.6799384154887018
SLAMF1	Day*Allocation*srf14	Day1 Anakinra No - Day1 Anakinra Yes	0	0.33033035393599	0.12752007458022563	1182.4237767657505	2.5904184499842966	0.009703836934226174	0.04643979104236812
SLAMF1	Day*Allocation*srf14	Day1 Anakinra No - Day4 Anakinra Yes	0	0.5507994281716876	0.13033268918716082	1221.0751733621648	4.226103455754885	2.5547182804586733e-5	1.7690815311504368e-4
SLAMF1	Day*Allocation*srf14	Day1 Anakinra No - Day7 Anakinra Yes	0	0.37345152444018614	0.12922819609294453	1204.413983469635	2.889861003488661	0.0039231995933122574	0.009735347138960047
SLAMF1	Day*Allocation*srf14	Day1 Anakinra No - Day1 Placebo Yes	0	0.1745559660792609	0.14408134638042105	1168.9763268210702	1.2115098204203136	0.22594491435860908	0.3983765595270213
SLAMF1	Day*Allocation*srf14	Day1 Anakinra No - Day4 Placebo Yes	0	0.15565659844653576	0.1494370278815654	1239.519005853416	1.0416200098003796	0.29779100556375143	0.4337390733211162
SLAMF1	Day*Allocation*srf14	Day1 Anakinra No - Day7 Placebo Yes	0	0.1453274148828677	0.14937799271493674	1239.0892644309754	0.9728837042294518	0.33080098392307733	0.43458168476168985
SLAMF1	Day*Allocation*srf14	Day4 Anakinra No - Day7 Anakinra No	0	0.05774755678564389	0.05999142501742591	1039.5320236246253	0.9625968506143964	0.3359737341356791	0.37517066978484165
SLAMF1	Day*Allocation*srf14	Day4 Anakinra No - Day1 Placebo No	0	0.011368409172801991	0.10632024821519143	1200.7465476129257	0.10692609699135024	0.9148654711104299	0.9422630961060048
SLAMF1	Day*Allocation*srf14	Day4 Anakinra No - Day4 Placebo No	0	0.21475775801344726	0.10517006819383455	1177.171806890674	2.042004552261355	0.04137357754738983	0.5544059391350238
SLAMF1	Day*Allocation*srf14	Day4 Anakinra No - Day7 Placebo No	0	-0.11583531438628758	0.1066248843125453	1207.3299877659738	-1.0863816184479425	0.2775270412579909	0.41320692809523085
SLAMF1	Day*Allocation*srf14	Day4 Anakinra No - Day1 Anakinra Yes	0	0.16306972848245072	0.12766500528967434	1184.8565766311358	1.2773252005312057	0.20173769232188588	0.2599312574147376
SLAMF1	Day*Allocation*srf14	Day4 Anakinra No - Day4 Anakinra Yes	0	0.38353880271814833	0.13047445544352324	1223.3151347897137	2.939570059245549	0.003348403949658656	0.009754046288136085
SLAMF1	Day*Allocation*srf14	Day4 Anakinra No - Day7 Anakinra Yes	0	0.20619089898664686	0.129371200928553	1206.7468395976523	1.5937928805385255	0.11124429849354421	0.20703799997409617
SLAMF1	Day*Allocation*srf14	Day4 Anakinra No - Day1 Placebo Yes	0	0.007295340625721652	0.14421135790146525	1170.9352445418172	0.0505878367132935	0.959662583132907	0.959662583132907
SLAMF1	Day*Allocation*srf14	Day4 Anakinra No - Day4 Placebo Yes	0	-0.011604027007003491	0.14956242510917717	1241.2175666916783	-0.07758651277908081	0.9381694759951131	0.9381694759951131
SLAMF1	Day*Allocation*srf14	Day4 Anakinra No - Day7 Placebo Yes	0	-0.021933210570671546	0.14950183612645662	1240.7048528836754	-0.14670863675626877	0.8833858352534298	0.8833858352534298
SLAMF1	Day*Allocation*srf14	Day7 Anakinra No - Day1 Placebo No	0	-0.0463791476128419	0.106584243312402	1206.1010945027972	-0.4351407503724829	0.6635381173824453	0.6839546748403666
SLAMF1	Day*Allocation*srf14	Day7 Anakinra No - Day4 Placebo No	0	0.15701020122780338	0.10543567760231295	1182.6973412030864	1.4891562780107654	0.13671282032177745	0.21808949908474023
SLAMF1	Day*Allocation*srf14	Day7 Anakinra No - Day7 Placebo No	0	-0.17358287117193147	0.10688931280702639	1212.6604438277411	-1.6239497346690863	0.10464641994201931	0.5359416459991351
SLAMF1	Day*Allocation*srf14	Day7 Anakinra No - Day1 Anakinra Yes	0	0.10532217169680683	0.1279029639143589	1188.6801899293262	0.8234537220523546	0.41041519890080647	0.4451096651738758
SLAMF1	Day*Allocation*srf14	Day7 Anakinra No - Day4 Anakinra Yes	0	0.3257912459325044	0.13070689627026297	1226.819906254182	2.492532951427942	0.012814658556806855	0.022594266402791035
SLAMF1	Day*Allocation*srf14	Day7 Anakinra No - Day7 Anakinra Yes	0	0.14844334220100297	0.12960386479704333	1210.3007046315297	1.1453620031583305	0.2522856585448343	0.3561496289705069
SLAMF1	Day*Allocation*srf14	Day7 Anakinra No - Day1 Placebo Yes	0	-0.050452216159922236	0.14442654285626547	1174.0445842138133	-0.3493278670398745	0.726905824366205	0.7379195489778142
SLAMF1	Day*Allocation*srf14	Day7 Anakinra No - Day4 Placebo Yes	0	-0.06935158379264739	0.14976769841904833	1243.8178556320315	-0.4630610240040041	0.6434016326597631	0.6735610841906895
SLAMF1	Day*Allocation*srf14	Day7 Anakinra No - Day7 Placebo Yes	0	-0.07968076735631544	0.1497114886844815	1243.481692165698	-0.5322288092682284	0.5946626120952949	0.6728965815606057
SLAMF1	Day*Allocation*srf14	Day1 Placebo No - Day4 Placebo No	0	0.20338934884064527	0.09405769428727409	1038.089460043674	2.1623892694992803	0.030816029705899826	0.05294035872552021
SLAMF1	Day*Allocation*srf14	Day1 Placebo No - Day7 Placebo No	0	-0.12720372355908957	0.09570342071064104	1047.8475907852687	-1.3291450045833741	0.18408945576898178	0.22425442793675965
SLAMF1	Day*Allocation*srf14	Day1 Placebo No - Day1 Anakinra Yes	0	0.15170131930964872	0.1451769247170855	1197.9070417603189	1.044940989108825	0.2962610549881568	0.567128305263043
SLAMF1	Day*Allocation*srf14	Day1 Placebo No - Day4 Anakinra Yes	0	0.3721703935453463	0.14764293551846736	1227.4593812853016	2.5207463685168654	0.011836529958444584	0.03936944546894505
SLAMF1	Day*Allocation*srf14	Day1 Placebo No - Day7 Anakinra Yes	0	0.19482248981384487	0.14667129570973278	1214.7279122055977	1.3282932346858438	0.1843307541920713	0.28721303560159944
SLAMF1	Day*Allocation*srf14	Day1 Placebo No - Day1 Placebo Yes	0	-0.0040730685470803385	0.16004757430032152	1182.7460248250616	-0.025449111396324088	0.9797010314962815	0.9797010314962815
SLAMF1	Day*Allocation*srf14	Day1 Placebo No - Day4 Placebo Yes	0	-0.022972436179805482	0.1648955955756527	1239.8727982299356	-0.13931503809794557	0.8892238321681115	0.9366312724953718
SLAMF1	Day*Allocation*srf14	Day1 Placebo No - Day7 Placebo Yes	0	-0.03330161974347354	0.1648102405451618	1239.1287570274364	-0.20206037946014724	0.8399026890742178	0.9225160683274197
SLAMF1	Day*Allocation*srf14	Day4 Placebo No - Day7 Placebo No	0	-0.33059307239973484	0.09434977521172325	1039.267446802662	-3.503909486354109	4.7800700558922555e-4	0.0017792482985821173
SLAMF1	Day*Allocation*srf14	Day4 Placebo No - Day1 Anakinra Yes	0	-0.05168802953099654	0.1443524605679791	1185.2451023861752	-0.3580682263926869	0.7203560147030011	0.7425208151554011
SLAMF1	Day*Allocation*srf14	Day4 Placebo No - Day4 Anakinra Yes	0	0.16878104470470107	0.14683288986517784	1215.5959733421469	1.1494771018923353	0.2505854084299449	0.3572174971235385
SLAMF1	Day*Allocation*srf14	Day4 Placebo No - Day7 Anakinra Yes	0	-0.008566859026800398	0.14585455690246638	1202.4877104886323	-0.058735628208922516	0.9531724400370973	0.9531724400370973
SLAMF1	Day*Allocation*srf14	Day4 Placebo No - Day1 Placebo Yes	0	-0.2074624173877256	0.15929849286847927	1172.2874787826295	-1.302350158196485	0.19305251699486398	0.269469138305331
SLAMF1	Day*Allocation*srf14	Day4 Placebo No - Day4 Placebo Yes	0	-0.22636178502045073	0.16416678228561926	1230.5177004896968	-1.378852541719578	0.1681908097135972	0.23976136703853218
SLAMF1	Day*Allocation*srf14	Day4 Placebo No - Day7 Placebo Yes	0	-0.2366909685841188	0.16408500782933616	1229.8806685666964	-1.4424899124867012	0.14941882528531572	0.2634489814241093
SLAMF1	Day*Allocation*srf14	Day7 Placebo No - Day1 Anakinra Yes	0	0.2789050428687383	0.14519104363124904	1198.3503013290922	1.920952118624419	0.05497478014985008	0.07516959734775419
SLAMF1	Day*Allocation*srf14	Day7 Placebo No - Day4 Anakinra Yes	0	0.4993741171044359	0.14765542182930105	1227.8270760974126	3.3820235716216622	7.42190042819862e-4	0.0021620318638665547
SLAMF1	Day*Allocation*srf14	Day7 Placebo No - Day7 Anakinra Yes	0	0.32202621337293447	0.14668391279007167	1215.1097276981982	2.1953751249723337	0.028325267251981725	0.05797518980940603
SLAMF1	Day*Allocation*srf14	Day7 Placebo No - Day1 Placebo Yes	0	0.12313065501200923	0.1600826247261944	1183.4149678535528	0.7691693912603702	0.4419462418633364	0.519480670260413
SLAMF1	Day*Allocation*srf14	Day7 Placebo No - Day4 Placebo Yes	0	0.10423128737928408	0.16493145376437274	1240.5440190065326	0.6319673112697642	0.5275246803258462	0.5921266410303735
SLAMF1	Day*Allocation*srf14	Day7 Placebo No - Day7 Placebo Yes	0	0.09390210381561603	0.1648468802160787	1239.7986620317793	0.5696322774961262	0.5690303247149218	0.7193402218094294
SLAMF1	Day*Allocation*srf14	Day1 Anakinra Yes - Day4 Anakinra Yes	0	0.22046907423569762	0.12261160045513937	1070.7411014297745	1.798109423719348	0.07244127143482575	0.1386732910323807
SLAMF1	Day*Allocation*srf14	Day1 Anakinra Yes - Day7 Anakinra Yes	0	0.043121170504196144	0.12175322368273916	1073.394498185405	0.35416861418437656	0.723282083022502	0.7455369163462712
SLAMF1	Day*Allocation*srf14	Day1 Anakinra Yes - Day1 Placebo Yes	0	-0.15577438785672906	0.1727780236219984	1195.929189143913	-0.9015868140587736	0.3674579296056516	0.9668895255885167
SLAMF1	Day*Allocation*srf14	Day1 Anakinra Yes - Day4 Placebo Yes	0	-0.1746737554894542	0.1772890391068242	1244.96287563348	-0.9852484754243934	0.324693468654217	0.46286090212409653
SLAMF1	Day*Allocation*srf14	Day1 Anakinra Yes - Day7 Placebo Yes	0	-0.18500293905312226	0.17728541190891284	1245.084016364499	-1.0435316536262702	0.2969046928141018	0.3753323475197136
SLAMF1	Day*Allocation*srf14	Day4 Anakinra Yes - Day7 Anakinra Yes	0	-0.17734790373150144	0.12292312177770122	1047.6163291257612	-1.4427546353095722	0.14938851478546514	0.3033039542613989
SLAMF1	Day*Allocation*srf14	Day4 Anakinra Yes - Day1 Placebo Yes	0	-0.37624346209242665	0.1748620925366965	1216.9203278248513	-2.151658238983205	0.03162056300468129	0.08148375851206333
SLAMF1	Day*Allocation*srf14	Day4 Anakinra Yes - Day4 Placebo Yes	0	-0.3951428297251518	0.17932127799389372	1263.6694541368172	-2.203546807973381	0.02773608812059027	0.2654739862970783
SLAMF1	Day*Allocation*srf14	Day4 Anakinra Yes - Day7 Placebo Yes	0	-0.4054720132888199	0.1793175559070635	1263.7788247526366	-2.2611952925510956	0.02391658840284046	0.16132340732005795
SLAMF1	Day*Allocation*srf14	Day7 Anakinra Yes - Day1 Placebo Yes	0	-0.1988955583609252	0.17404404632898238	1207.6538106580656	-1.142788636302835	0.2533528607492453	0.34642125857549866
SLAMF1	Day*Allocation*srf14	Day7 Anakinra Yes - Day4 Placebo Yes	0	-0.21779492599365036	0.17852118471989123	1255.2870819159527	-1.219994850109143	0.22269597762004817	0.4488089696038826
SLAMF1	Day*Allocation*srf14	Day7 Anakinra Yes - Day7 Placebo Yes	0	-0.2281241095573184	0.17852250299521924	1255.586685970107	-1.277845121650728	0.2015402384642105	0.7556349850316068
SLAMF1	Day*Allocation*srf14	Day1 Placebo Yes - Day4 Placebo Yes	0	-0.018899367632725143	0.14362186469583899	1068.5551812983663	-0.13159115899762228	0.8953324504149665	0.917225256480446
SLAMF1	Day*Allocation*srf14	Day1 Placebo Yes - Day7 Placebo Yes	0	-0.0292285511963932	0.14362942804834328	1068.3539068471089	-0.20349973952799807	0.8387832023508388	0.8645919162693261
SLAMF1	Day*Allocation*srf14	Day4 Placebo Yes - Day7 Placebo Yes	0	-0.010329183563668055	0.14762886454496038	1061.2203836067615	-0.06996723571305598	0.9442329196461845	0.9732862402506823
TGF-alpha	Day*Allocation*srf14	Day1 Anakinra No - Day4 Anakinra No	0	0.08682933414117754	0.0592684082872642	1035.7933826193407	1.4650188295985624	0.1432192381570939	0.18453247993317867
TGF-alpha	Day*Allocation*srf14	Day1 Anakinra No - Day7 Anakinra No	0	-0.08545436274395052	0.059756521535827896	1040.1125279750356	-1.4300424547422008	0.15300514605872964	0.16805483255630962
TGF-alpha	Day*Allocation*srf14	Day1 Anakinra No - Day1 Placebo No	0	-0.03403401115217149	0.10671269244526314	1189.2463209797688	-0.3189312383775602	0.7498346620090268	0.9893930626752736
TGF-alpha	Day*Allocation*srf14	Day1 Anakinra No - Day4 Placebo No	0	-0.2207966608754751	0.10556598509363828	1165.4733605816052	-2.0915511817525867	0.03669472026412692	0.06829295160268066
TGF-alpha	Day*Allocation*srf14	Day1 Anakinra No - Day7 Placebo No	0	-0.3031096193494688	0.10701513064251368	1195.805676947451	-2.832399657222425	0.004697524656840484	0.007493670285912201
TGF-alpha	Day*Allocation*srf14	Day1 Anakinra No - Day1 Anakinra Yes	0	0.04984492639549343	0.12817974434915327	1173.7344346923826	0.38886741933046065	0.6974447556547858	0.8577039743587225
TGF-alpha	Day*Allocation*srf14	Day1 Anakinra No - Day4 Anakinra Yes	0	-0.09466928059887732	0.1309845071972111	1212.6989077050152	-0.7227517408325448	0.46997178040207854	0.5622876658382011
TGF-alpha	Day*Allocation*srf14	Day1 Anakinra No - Day7 Anakinra Yes	0	-0.30051081219944403	0.12988406144390968	1195.9397113553905	-2.313685057725265	0.02085388869187559	0.0423397134047171
TGF-alpha	Day*Allocation*srf14	Day1 Anakinra No - Day1 Placebo Yes	0	0.1262964067011163	0.14483529579908877	1160.2804882731866	0.872000198600146	0.3833886712031709	0.5351466868877593
TGF-alpha	Day*Allocation*srf14	Day1 Anakinra No - Day4 Placebo Yes	0	-0.2437448599886985	0.15017213311604094	1231.2326824667582	-1.6231031345899047	0.10482334771616185	0.20548193943389978
TGF-alpha	Day*Allocation*srf14	Day1 Anakinra No - Day7 Placebo Yes	0	-0.5757553341089202	0.1501130996525521	1230.7882540980333	-3.8354769533208537	1.316700023825102e-4	4.4109450798140916e-4
TGF-alpha	Day*Allocation*srf14	Day4 Anakinra No - Day7 Anakinra No	0	-0.17228369688512807	0.05994490257780716	1039.0401711540044	-2.874034145964415	0.004135234860127922	0.006443272921594669
TGF-alpha	Day*Allocation*srf14	Day4 Anakinra No - Day1 Placebo No	0	-0.12086334529334902	0.10686167069296446	1191.9631988304102	-1.1310261622299942	0.2582715897595386	0.35314686763038955
TGF-alpha	Day*Allocation*srf14	Day4 Anakinra No - Day4 Placebo No	0	-0.3076259950166526	0.10571663276245483	1168.3230371913687	-2.909911023252963	0.0036838341881576596	0.2468168906065632
TGF-alpha	Day*Allocation*srf14	Day4 Anakinra No - Day7 Placebo No	0	-0.38993895349064633	0.10716474789005377	1198.5548771390174	-3.6386867992327683	2.856899460248205e-4	0.002734460911951853
TGF-alpha	Day*Allocation*srf14	Day4 Anakinra No - Day1 Anakinra Yes	0	-0.03698440774568411	0.1283240478539712	1176.1728799689345	-0.2882110435588131	0.7732359751613531	0.8094814114970416
TGF-alpha	Day*Allocation*srf14	Day4 Anakinra No - Day4 Anakinra Yes	0	-0.18149861474005485	0.13112568369207736	1214.94837786498	-1.3841576236602764	0.16656438711683078	0.2721905838250649
TGF-alpha	Day*Allocation*srf14	Day4 Anakinra No - Day7 Anakinra Yes	0	-0.3873401463406216	0.13002645385595293	1198.2795836339562	-2.9789334005042405	0.0029507718536981647	0.010770170180170333
TGF-alpha	Day*Allocation*srf14	Day4 Anakinra No - Day1 Placebo Yes	0	0.03946707255993878	0.14496473453588746	1162.2422917628992	0.2722529219695726	0.785475909784766	0.8353473961203067
TGF-alpha	Day*Allocation*srf14	Day4 Anakinra No - Day4 Placebo Yes	0	-0.33057419412987604	0.15029701434869008	1232.9399480299646	-2.1994727943360317	0.028029410606109313	0.053656300303123544
TGF-alpha	Day*Allocation*srf14	Day4 Anakinra No - Day7 Placebo Yes	0	-0.6625846682500978	0.15023647396335954	1232.4148734140772	-4.410278348330329	1.1224328290793345e-5	8.355888838701712e-5
TGF-alpha	Day*Allocation*srf14	Day7 Anakinra No - Day1 Placebo No	0	0.05142035159177903	0.10712447794655877	1197.3350120508244	0.48000562128695856	0.631311070152138	0.6609037765655196
TGF-alpha	Day*Allocation*srf14	Day7 Anakinra No - Day4 Placebo No	0	-0.13534229813152457	0.10598103804837056	1173.8606339109317	-1.277042578784266	0.20183975692876874	0.281734660713073
TGF-alpha	Day*Allocation*srf14	Day7 Anakinra No - Day7 Placebo No	0	-0.21765525660551827	0.10742798568680359	1203.9045366881928	-2.026057318435367	0.04297907812329437	0.31995535936230257
TGF-alpha	Day*Allocation*srf14	Day7 Anakinra No - Day1 Anakinra Yes	0	0.13529928913944395	0.12856106338444573	1180.012725902008	1.052412647948068	0.2928257253470072	0.33826419996981866
TGF-alpha	Day*Allocation*srf14	Day7 Anakinra No - Day4 Anakinra Yes	0	-0.009214917854926799	0.13135724472589744	1218.4750168666426	-0.07015157690126286	0.9440845265240798	0.9583888375320204
TGF-alpha	Day*Allocation*srf14	Day7 Anakinra No - Day7 Anakinra Yes	0	-0.21505644945549351	0.1302582485852507	1201.8541772470478	-1.6510006221582547	0.09899970178852441	0.15425534929839851
TGF-alpha	Day*Allocation*srf14	Day7 Anakinra No - Day1 Placebo Yes	0	0.21175076944506682	0.14517904843196333	1165.3624664485628	1.4585490932205802	0.14495870818025716	0.18677372015533136
TGF-alpha	Day*Allocation*srf14	Day7 Anakinra No - Day4 Placebo Yes	0	-0.15829049724474797	0.15050155411590954	1235.561132135907	-1.051753240520292	0.29311842815251726	0.35069526225390457
TGF-alpha	Day*Allocation*srf14	Day7 Anakinra No - Day7 Placebo Yes	0	-0.49030097136496964	0.1504452999517456	1235.2093756129839	-3.2589982639685697	0.001148513581152564	0.0038475204968610897
TGF-alpha	Day*Allocation*srf14	Day1 Placebo No - Day4 Placebo No	0	-0.1867626497233036	0.09398413468777397	1037.606890288334	-1.9871720939257507	0.04716592645408539	0.07707602615667612
TGF-alpha	Day*Allocation*srf14	Day1 Placebo No - Day7 Placebo No	0	-0.2690756081972973	0.09563278291194012	1047.221910371031	-2.8136335679477775	0.004990166660486936	0.007268286222883146
TGF-alpha	Day*Allocation*srf14	Day1 Placebo No - Day1 Anakinra Yes	0	0.08387893754766491	0.1459180054113664	1189.1850010260073	0.5748361027221874	0.5655108789042425	0.8171386957015813
TGF-alpha	Day*Allocation*srf14	Day1 Placebo No - Day4 Anakinra Yes	0	-0.06063526944670583	0.14837718509872563	1218.9965209421969	-0.40865628638500573	0.6828636959401062	0.7704524797365989
TGF-alpha	Day*Allocation*srf14	Day1 Placebo No - Day7 Anakinra Yes	0	-0.26647680104727256	0.14740902478793305	1206.1797613160409	-1.8077373582155767	0.07089640916145487	0.1357159832519279
TGF-alpha	Day*Allocation*srf14	Day1 Placebo No - Day1 Placebo Yes	0	0.1603304178532878	0.16087532398792376	1174.0186225149416	0.9966128669013474	0.3191578197533325	0.5220751450616096
TGF-alpha	Day*Allocation*srf14	Day1 Placebo No - Day4 Placebo Yes	0	-0.20971084883652702	0.16570651967884933	1231.5084262386529	-1.2655558106160283	0.20591153411270716	0.3537454560397789
TGF-alpha	Day*Allocation*srf14	Day1 Placebo No - Day7 Placebo Yes	0	-0.5417213229567487	0.16562129666505385	1230.7505121551135	-3.270843387081464	0.0011019821120765068	0.003356036432232998
TGF-alpha	Day*Allocation*srf14	Day4 Placebo No - Day7 Placebo No	0	-0.08231295847399371	0.09427648715281087	1038.7642523525326	-0.8731016710515983	0.3828094450301437	0.4830561741349245
TGF-alpha	Day*Allocation*srf14	Day4 Placebo No - Day1 Anakinra Yes	0	0.27064158727096854	0.14509743653078966	1176.4966786734433	1.8652403084567137	0.062396503522409996	0.10196501795125536
TGF-alpha	Day*Allocation*srf14	Day4 Placebo No - Day4 Anakinra Yes	0	0.12612738027659776	0.14757085254766367	1207.0899507859338	0.8546903273860269	0.3928922024090675	0.5094907396085432
TGF-alpha	Day*Allocation*srf14	Day4 Placebo No - Day7 Anakinra Yes	0	-0.07971415132396895	0.14659609944427632	1193.9048616892885	-0.5437672054451194	0.5867031999977148	0.7279465629601276
TGF-alpha	Day*Allocation*srf14	Day4 Placebo No - Day1 Placebo Yes	0	0.3470930675765914	0.16012975777853217	1163.5436912581092	2.1675738000967897	0.030393401581393614	0.055036700160901945
TGF-alpha	Day*Allocation*srf14	Day4 Placebo No - Day4 Placebo Yes	0	-0.022948199113223405	0.16498096495344478	1222.111101873498	-0.13909604128996975	0.889397173535696	0.889397173535696
TGF-alpha	Day*Allocation*srf14	Day4 Placebo No - Day7 Placebo Yes	0	-0.3549586732334451	0.16489925626567792	1221.458683956437	-2.15257898229421	0.0315471677829847	0.084546409658399
TGF-alpha	Day*Allocation*srf14	Day7 Placebo No - Day1 Anakinra Yes	0	0.3529545457449622	0.14593191433271682	1189.6220705301487	2.4186247906009446	0.01572864409763472	0.02290911205525057
TGF-alpha	Day*Allocation*srf14	Day7 Placebo No - Day4 Anakinra Yes	0	0.20844033875059148	0.14838949473591304	1219.3597731014038	1.4046839307698311	0.16036996646361815	0.23358234245787862
TGF-alpha	Day*Allocation*srf14	Day7 Placebo No - Day7 Anakinra Yes	0	0.002598807150024765	0.14742145969683762	1206.5564710314059	0.01762841824636005	0.9859382002423036	0.9859382002423036
TGF-alpha	Day*Allocation*srf14	Day7 Placebo No - Day1 Placebo Yes	0	0.4294060260505851	0.16091008364073053	1174.6831162434619	2.668608556623056	0.007721516126383195	0.012317656677801764
TGF-alpha	Day*Allocation*srf14	Day7 Placebo No - Day4 Placebo Yes	0	0.059364759360770306	0.1657420638776107	1232.1760689557684	0.35817557698935837	0.72027327355879	0.7460802046680842
TGF-alpha	Day*Allocation*srf14	Day7 Placebo No - Day7 Placebo Yes	0	-0.2726457147594514	0.1656576267791817	1231.417866868172	-1.6458385892662983	0.10005218025945778	0.2016038359634581
TGF-alpha	Day*Allocation*srf14	Day1 Anakinra Yes - Day4 Anakinra Yes	0	-0.14451420699437073	0.12253377508329662	1069.947982799317	-1.179382638755169	0.23850802102604296	0.3473921175814104
TGF-alpha	Day*Allocation*srf14	Day1 Anakinra Yes - Day7 Anakinra Yes	0	-0.35035573859493746	0.12167741859106358	1072.6192156251018	-2.8793817509592436	0.004063733845968236	0.007563060213329773
TGF-alpha	Day*Allocation*srf14	Day1 Anakinra Yes - Day1 Placebo Yes	0	0.07645148030562289	0.17366156599194824	1187.1496249222228	0.4402325861161907	0.6598488013653976	0.9668895255885167
TGF-alpha	Day*Allocation*srf14	Day1 Anakinra Yes - Day4 Placebo Yes	0	-0.2935897863841919	0.178156944750403	1236.5204488693662	-1.6479278245117515	0.09962153458828843	0.22248809391384416
TGF-alpha	Day*Allocation*srf14	Day1 Anakinra Yes - Day7 Placebo Yes	0	-0.6256002605044136	0.17815320702761753	1236.6367287791852	-3.5115857353465003	4.6148300153276344e-4	0.001717742283483064
TGF-alpha	Day*Allocation*srf14	Day4 Anakinra Yes - Day7 Anakinra Yes	0	-0.20584153160056673	0.12283225803304201	1046.9831349589822	-1.6757937605054458	0.09407717111085136	0.21735070566989795
TGF-alpha	Day*Allocation*srf14	Day4 Anakinra Yes - Day1 Placebo Yes	0	0.22096568729999364	0.17573996219992863	1208.325361160908	1.257344570545739	0.20887185237402953	0.34132717339170676
TGF-alpha	Day*Allocation*srf14	Day4 Anakinra Yes - Day4 Placebo Yes	0	-0.1490755793898212	0.18018406869993295	1255.4463362655695	-0.8273516103029184	0.4081950276895363	0.5945449316347594
TGF-alpha	Day*Allocation*srf14	Day4 Anakinra Yes - Day7 Placebo Yes	0	-0.48108605351004285	0.18018024331770965	1255.5514986800158	-2.6700266613679147	0.007682420280277316	0.10294443175571603
TGF-alpha	Day*Allocation*srf14	Day7 Anakinra Yes - Day1 Placebo Yes	0	0.42680721890056034	0.17492497771029392	1199.0053544790808	2.4399443949475703	0.014833616461936977	0.03205975170805734
TGF-alpha	Day*Allocation*srf14	Day7 Anakinra Yes - Day4 Placebo Yes	0	0.05676595221074554	0.1793868462007485	1246.9944782082277	0.31644434033485275	0.75171822844045	0.8294605188192528
TGF-alpha	Day*Allocation*srf14	Day7 Anakinra Yes - Day7 Placebo Yes	0	-0.2752445219094761	0.1793879373900064	1247.2856819188237	-1.5343535686631393	0.12519629679178113	0.7556349850316068
TGF-alpha	Day*Allocation*srf14	Day1 Placebo Yes - Day4 Placebo Yes	0	-0.3700412666898148	0.14352936503812475	1067.8679715137428	-2.5781572056110136	0.010065920641607374	0.026976667319507763
TGF-alpha	Day*Allocation*srf14	Day1 Placebo Yes - Day7 Placebo Yes	0	-0.7020517408100365	0.14353679427084043	1067.669315354211	-4.891092520049813	1.1568689662696116e-6	5.536444338575998e-6
TGF-alpha	Day*Allocation*srf14	Day4 Placebo Yes - Day7 Placebo Yes	0	-0.33201047412022167	0.14752881783299873	1060.478970231625	-2.250478781007074	0.02462283367588587	0.13747748802369608
MCP-4	Day*Allocation*srf14	Day1 Anakinra No - Day4 Anakinra No	0	-0.3154337913368543	0.04377185681751848	1022.2973839993354	-7.206315067964185	1.115078295902868e-12	3.2482715576300936e-12
MCP-4	Day*Allocation*srf14	Day1 Anakinra No - Day7 Anakinra No	0	-0.5910144668533248	0.04415803677610821	1024.5399406819788	-13.384074791411342	9.105722999414839e-38	3.813021506004964e-37
MCP-4	Day*Allocation*srf14	Day1 Anakinra No - Day1 Placebo No	0	0.09808675202356602	0.10281662677207287	894.4183142623551	0.9539969857307984	0.34034291860785126	0.9893930626752736
MCP-4	Day*Allocation*srf14	Day1 Anakinra No - Day4 Placebo No	0	-0.22743085870360727	0.10212633671349669	876.5498438871704	-2.2269560039310674	0.02620354046897552	0.054863662856917496
MCP-4	Day*Allocation*srf14	Day1 Anakinra No - Day7 Placebo No	0	-0.5424159794418253	0.10299542323021077	899.1757711914107	-5.266408568752044	1.7414240718373944e-7	5.555972038719307e-7
MCP-4	Day*Allocation*srf14	Day1 Anakinra No - Day1 Anakinra Yes	0	0.4162495372962474	0.12378487642845452	885.2774230430502	3.3626849200502478	8.049843386798046e-4	0.00899127294058446
MCP-4	Day*Allocation*srf14	Day1 Anakinra No - Day4 Anakinra Yes	0	-0.17549733750297325	0.12557824705575268	920.2149956393745	-1.3975138339449673	0.16259593474250775	0.2723481906937005
MCP-4	Day*Allocation*srf14	Day1 Anakinra No - Day7 Anakinra Yes	0	-0.48497196182032926	0.12489598360951433	906.2138043614474	-3.8830068654296186	1.1066482066860067e-4	3.530734754664879e-4
MCP-4	Day*Allocation*srf14	Day1 Anakinra No - Day1 Placebo Yes	0	0.18455071906462195	0.14017642126935026	876.2522983133097	1.3165603558247936	0.1883302791167782	0.3605179628806897
MCP-4	Day*Allocation*srf14	Day1 Anakinra No - Day4 Placebo Yes	0	-0.4864264797857785	0.1435048702126129	935.6698628241198	-3.389616527056554	7.291486789910435e-4	0.0034894972494571366
MCP-4	Day*Allocation*srf14	Day1 Anakinra No - Day7 Placebo Yes	0	-0.48303590284061615	0.14346422710861684	935.0400973444324	-3.366943192569597	7.91048530843315e-4	0.002409102343931914
MCP-4	Day*Allocation*srf14	Day4 Anakinra No - Day7 Anakinra No	0	-0.27558067551647053	0.044288668152267	1023.5929895653209	-6.222374413450598	7.128568391662023e-10	5.252978787233074e-9
MCP-4	Day*Allocation*srf14	Day4 Anakinra No - Day1 Placebo No	0	0.4135205433604203	0.10290972950999398	896.6943895561261	4.018284231524111	6.354193608806295e-5	2.365172065500121e-4
MCP-4	Day*Allocation*srf14	Day4 Anakinra No - Day4 Placebo No	0	0.08800293263324702	0.10222005695964717	878.849774964125	0.8609164898820927	0.38951884779582147	0.9152190012754137
MCP-4	Day*Allocation*srf14	Day4 Anakinra No - Day7 Placebo No	0	-0.22698218810497103	0.10308864972994483	901.4642934609183	-2.201815512178913	0.02793098422446458	0.08136417143648378
MCP-4	Day*Allocation*srf14	Day4 Anakinra No - Day1 Anakinra Yes	0	0.7316833286331017	0.12387243896814464	887.1260235283564	5.906748383482328	4.968184107118393e-9	2.2191222345128823e-8
MCP-4	Day*Allocation*srf14	Day4 Anakinra No - Day4 Anakinra Yes	0	0.13993645383388104	0.12566453624999677	922.0208187060078	1.1135715613153718	0.2657532455382458	0.3788397330013291
MCP-4	Day*Allocation*srf14	Day4 Anakinra No - Day7 Anakinra Yes	0	-0.16953817048347497	0.12498268716883404	908.035115185697	-1.3564932417755808	0.17527944488251326	0.29359307017820974
MCP-4	Day*Allocation*srf14	Day4 Anakinra No - Day1 Placebo Yes	0	0.49998451040147623	0.14025475644901017	877.7104777467782	3.5648310478742755	3.837449705366915e-4	0.0010284365210383331
MCP-4	Day*Allocation*srf14	Day4 Anakinra No - Day4 Placebo Yes	0	-0.17099268844892423	0.14358137634900542	937.0745675250375	-1.190911334024893	0.23398996731356903	0.3073985845099828
MCP-4	Day*Allocation*srf14	Day4 Anakinra No - Day7 Placebo Yes	0	-0.16760211150376184	0.14354042647857826	936.4266345886401	-1.1676300232309433	0.24325324681425625	0.3827601964790125
MCP-4	Day*Allocation*srf14	Day7 Anakinra No - Day1 Placebo No	0	0.6891012188768908	0.10306797790622158	900.7964352388393	6.685890544043496	4.02165394134848e-11	1.9246486719310583e-10
MCP-4	Day*Allocation*srf14	Day7 Anakinra No - Day4 Placebo No	0	0.3635836081497175	0.1023789700561837	882.9683533118234	3.5513505161283563	4.035283666720875e-4	0.0026503268468737974
MCP-4	Day*Allocation*srf14	Day7 Anakinra No - Day7 Placebo No	0	0.0485984874114995	0.10324708976128706	905.5793784971728	0.47070079673782445	0.6379677674960429	0.9538344209491556
MCP-4	Day*Allocation*srf14	Day7 Anakinra No - Day1 Anakinra Yes	0	1.0072640041495722	0.12401762804353783	890.1590889056298	8.121942179026037	1.5238183609051286e-15	7.292559298617401e-15
MCP-4	Day*Allocation*srf14	Day7 Anakinra No - Day4 Anakinra Yes	0	0.41551712935035157	0.12580748602823655	924.9767550110942	3.302801307523877	9.93940769046666e-4	0.0022963459146940215
MCP-4	Day*Allocation*srf14	Day7 Anakinra No - Day7 Anakinra Yes	0	0.10604250503299556	0.12512587862352645	910.9920797768463	0.8474865966939729	0.39694654850059774	0.5018003537649065
MCP-4	Day*Allocation*srf14	Day7 Anakinra No - Day1 Placebo Yes	0	0.7755651859179468	0.14038557043270553	880.1253592655584	5.52453634321141	4.351212977871374e-8	1.4576563475869104e-7
MCP-4	Day*Allocation*srf14	Day7 Anakinra No - Day4 Placebo Yes	0	0.1045879870675463	0.14370846098782844	939.3689001641822	0.7277789098054881	0.4669302936358124	0.5214054945599905
MCP-4	Day*Allocation*srf14	Day7 Anakinra No - Day7 Placebo Yes	0	0.1079785640127087	0.14366879109336445	938.7783817418407	0.7515798190473939	0.45249215598264025	0.5512177172879437
MCP-4	Day*Allocation*srf14	Day1 Placebo No - Day4 Placebo No	0	-0.3255176107271733	0.06942212493772851	1022.6087360799705	-4.688960630622613	3.117714994146599e-6	1.0994047610938007e-5
MCP-4	Day*Allocation*srf14	Day1 Placebo No - Day7 Placebo No	0	-0.6405027314653914	0.07073211212371837	1027.6880665062872	-9.055331620029676	6.688127185605253e-19	5.6013065179443996e-18
MCP-4	Day*Allocation*srf14	Day1 Placebo No - Day1 Anakinra Yes	0	0.3181627852726814	0.14056730187206987	895.6651085040304	2.263419593571206	0.023848417388344024	0.12492234813493962
MCP-4	Day*Allocation*srf14	Day1 Placebo No - Day4 Anakinra Yes	0	-0.2735840895265393	0.14214095088755058	922.7594248419495	-1.9247379999798577	0.05456931842341921	0.11079225255663899
MCP-4	Day*Allocation*srf14	Day1 Placebo No - Day7 Anakinra Yes	0	-0.5830587138438953	0.14153916817406673	911.8724840456534	-4.1194159988763115	4.14367001252458e-5	1.9830420774224775e-4
MCP-4	Day*Allocation*srf14	Day1 Placebo No - Day1 Placebo Yes	0	0.08646396704105591	0.15535927698355295	885.3145844230892	0.5565420277426328	0.5779810175124668	0.7593083955555936
MCP-4	Day*Allocation*srf14	Day1 Placebo No - Day4 Placebo Yes	0	-0.5845132318093446	0.1583770615035791	934.0114177439167	-3.690643242526225	2.366317414653532e-4	0.002642387779696444
MCP-4	Day*Allocation*srf14	Day1 Placebo No - Day7 Placebo Yes	0	-0.5811226548641821	0.1583207442270722	933.1723496078819	-3.670540191692786	2.557664326894085e-4	0.001071021936886898
MCP-4	Day*Allocation*srf14	Day4 Placebo No - Day7 Placebo No	0	-0.31498512073821805	0.0696485060485501	1023.1631881159534	-4.5224964411821045	6.8261273810904545e-6	5.716881681663256e-5
MCP-4	Day*Allocation*srf14	Day4 Placebo No - Day1 Anakinra Yes	0	0.6436803959998547	0.1400772276788958	886.2628431796242	4.595182290981565	4.9505283894787445e-6	1.6584270104753796e-5
MCP-4	Day*Allocation*srf14	Day4 Placebo No - Day4 Anakinra Yes	0	0.05193352120063403	0.14165652004290827	913.5265702891994	0.3666158196241386	0.7139905022150764	0.8108027737018665
MCP-4	Day*Allocation*srf14	Day4 Placebo No - Day7 Anakinra Yes	0	-0.25754110311672196	0.14105231568428925	902.560349762873	-1.8258551932827822	0.06820235714980964	0.16566226005151893
MCP-4	Day*Allocation*srf14	Day4 Placebo No - Day1 Placebo Yes	0	0.4119815777682292	0.15491357418927787	877.6345672541282	2.659428522802387	0.007969989909977465	0.01794852998854466
MCP-4	Day*Allocation*srf14	Day4 Placebo No - Day4 Placebo Yes	0	-0.2589956210821712	0.15793923853519426	926.5353864366857	-1.6398434200659904	0.10137716924489479	0.1656651302294622
MCP-4	Day*Allocation*srf14	Day4 Placebo No - Day7 Placebo Yes	0	-0.25560504413700885	0.15788407868262408	925.7403625665984	-1.6189412274484105	0.10580051758198065	0.1988680312216991
MCP-4	Day*Allocation*srf14	Day7 Placebo No - Day1 Anakinra Yes	0	0.9586655167380728	0.1405728961086634	895.8456299240636	6.819703821119404	1.676622046053851e-11	1.1233367708560801e-10
MCP-4	Day*Allocation*srf14	Day7 Placebo No - Day4 Anakinra Yes	0	0.36691864193885204	0.14214606356755027	922.9195892168134	2.581278951593942	0.009996777112448537	0.020296486864668242
MCP-4	Day*Allocation*srf14	Day7 Placebo No - Day7 Anakinra Yes	0	0.05744401762149606	0.14154429616471578	912.0333746749575	0.4058377425159413	0.6849570176983286	0.8002649657920665
MCP-4	Day*Allocation*srf14	Day7 Placebo No - Day1 Placebo Yes	0	0.7269666985064472	0.1553776298728122	885.6905381832612	4.678708892016965	3.3375740225176693e-6	1.0648450452794469e-5
MCP-4	Day*Allocation*srf14	Day7 Placebo No - Day4 Placebo Yes	0	0.05598949965604679	0.15839557696950704	934.3999787113208	0.3534789337383165	0.7238091537824698	0.7460802046680842
MCP-4	Day*Allocation*srf14	Day7 Placebo No - Day7 Placebo Yes	0	0.0593800766012092	0.15833971942905065	933.5730683064902	0.3750169370978102	0.7077330481313939	0.7773461348328425
MCP-4	Day*Allocation*srf14	Day1 Anakinra Yes - Day4 Anakinra Yes	0	-0.5917468747992207	0.09094279792194544	1042.8568431042793	-6.506803048957283	1.189738252748891e-10	9.964057866771964e-10
MCP-4	Day*Allocation*srf14	Day1 Anakinra Yes - Day7 Anakinra Yes	0	-0.9012214991165767	0.09035187027024028	1045.369397658606	-9.974574919379586	1.9106190291353924e-22	4.2670491650690425e-21
MCP-4	Day*Allocation*srf14	Day1 Anakinra Yes - Day1 Placebo Yes	0	-0.23169881823162547	0.16736554012381136	893.6644066128808	-1.384387837903923	0.16658530517360517	0.9448238962926088
MCP-4	Day*Allocation*srf14	Day1 Anakinra Yes - Day4 Placebo Yes	0	-0.9026760170820259	0.17017403939908549	935.8874969085392	-5.304428456123707	1.4111306028488247e-7	3.837347846172669e-6
MCP-4	Day*Allocation*srf14	Day1 Anakinra Yes - Day7 Placebo Yes	0	-0.8992854401368635	0.17016943141571808	935.8667385922806	-5.284647381467357	1.567498789606924e-7	1.7503736483943986e-6
MCP-4	Day*Allocation*srf14	Day4 Anakinra Yes - Day7 Anakinra Yes	0	-0.309474624317356	0.09084407019074078	1027.3461194782774	-3.406657403918247	6.831111663734404e-4	0.005592363036846469
MCP-4	Day*Allocation*srf14	Day4 Anakinra Yes - Day1 Placebo Yes	0	0.3600480565675952	0.16869708486408416	912.8678596107927	2.1342873639913735	0.033085140359782675	0.08210016311501626
MCP-4	Day*Allocation*srf14	Day4 Anakinra Yes - Day4 Placebo Yes	0	-0.31092914228280527	0.17148392866478482	954.5072994725361	-1.8131678268848543	0.07011992828214314	0.4222968440440377
MCP-4	Day*Allocation*srf14	Day4 Anakinra Yes - Day7 Placebo Yes	0	-0.3075385653376429	0.17147934351834598	954.4865847399885	-1.7934437992803514	0.07321846476236944	0.24528185695393764
MCP-4	Day*Allocation*srf14	Day7 Anakinra Yes - Day1 Placebo Yes	0	0.6695226808849511	0.1681933058547722	905.1582505876821	3.9806737698767605	7.422414926150759e-5	3.868292182902903e-4
MCP-4	Day*Allocation*srf14	Day7 Anakinra Yes - Day4 Placebo Yes	0	-0.0014545179654492698	0.17098764093686258	946.9953142792247	-0.008506567828410198	0.9932146143355884	0.9932146143355884
MCP-4	Day*Allocation*srf14	Day7 Anakinra Yes - Day7 Placebo Yes	0	0.0019360589797131345	0.17098434631590936	947.0281201616857	0.011323018869435491	0.9909681158996474	0.9909681158996474
MCP-4	Day*Allocation*srf14	Day1 Placebo Yes - Day4 Placebo Yes	0	-0.6709771988504004	0.10651476403268122	1043.209748574892	-6.299382108611056	4.3984227978357427e-10	7.367358186374869e-9
MCP-4	Day*Allocation*srf14	Day1 Placebo Yes - Day7 Placebo Yes	0	-0.6675866219052381	0.10651741379696789	1043.1052951408242	-6.267394204460507	5.363525561469671e-10	3.992846806871866e-9
MCP-4	Day*Allocation*srf14	Day4 Placebo Yes - Day7 Placebo Yes	0	0.0033905769451624043	0.10933196878426517	1036.214782847371	0.031011761544811486	0.9752661317334317	0.9900428913051503
CCL11	Day*Allocation*srf14	Day1 Anakinra No - Day4 Anakinra No	0	-0.3603985244009877	0.05242846057067726	1029.6232273479638	-6.874100831458613	1.0794551034385899e-11	2.892939677215421e-11
CCL11	Day*Allocation*srf14	Day1 Anakinra No - Day7 Anakinra No	0	-0.5474621094111164	0.05287497985688169	1032.9777576759016	-10.353897266589012	5.698035840166959e-24	1.7353109149599375e-23
CCL11	Day*Allocation*srf14	Day1 Anakinra No - Day1 Placebo No	0	-0.004726280042406724	0.1042735204042406	1055.7184796300753	-0.04532579339495011	0.9638562001854126	0.9893930626752736
CCL11	Day*Allocation*srf14	Day1 Anakinra No - Day4 Placebo No	0	-0.3735173362678325	0.10332723866173861	1032.8543098378689	-3.61489710850217	3.149654720673297e-4	9.592130285686858e-4
CCL11	Day*Allocation*srf14	Day1 Anakinra No - Day7 Placebo No	0	-0.6661824378369574	0.10452101385900467	1061.922036619607	-6.373669879777622	2.746277362589992e-10	1.415389102257919e-9
CCL11	Day*Allocation*srf14	Day1 Anakinra No - Day1 Anakinra Yes	0	0.2740290372039847	0.12537839839428994	1042.563177252035	2.1856160288650224	0.029065617326439985	0.10114326194177803
CCL11	Day*Allocation*srf14	Day1 Anakinra No - Day4 Anakinra Yes	0	0.1533979198420412	0.12775457355741476	1083.2123930928065	1.2007235089168995	0.23012097289097863	0.35041148144762657
CCL11	Day*Allocation*srf14	Day1 Anakinra No - Day7 Anakinra Yes	0	-0.07085953279759313	0.12683477929342493	1066.2819396078814	-0.5586758867901973	0.5765002390161529	0.7022821093469499
CCL11	Day*Allocation*srf14	Day1 Anakinra No - Day1 Placebo Yes	0	0.2298479982253938	0.1418031488337818	1030.1543230271495	1.6208948822061493	0.10534620922585156	0.24539092402172363
CCL11	Day*Allocation*srf14	Day1 Anakinra No - Day4 Placebo Yes	0	-3.080602331017703e-4	0.1462746498365741	1101.8099151039955	-0.002106039791897993	0.9983200058417763	0.9983200058417763
CCL11	Day*Allocation*srf14	Day1 Anakinra No - Day7 Placebo Yes	0	-0.2254196626044589	0.14622274305474642	1101.2004751450102	-1.5416183412730864	0.12345366228437424	0.20678488432632686
CCL11	Day*Allocation*srf14	Day4 Anakinra No - Day7 Anakinra No	0	-0.1870635850101287	0.053037412952885235	1031.8962412563108	-3.5270118694571893	4.387615760203816e-4	7.736059366675148e-4
CCL11	Day*Allocation*srf14	Day4 Anakinra No - Day1 Placebo No	0	0.35567224435858097	0.10439848722808814	1058.4691256815036	3.4068716300602513	6.818240825708125e-4	0.0021753435015354496
CCL11	Day*Allocation*srf14	Day4 Anakinra No - Day4 Placebo No	0	-0.013118811866844809	0.10345335697917428	1035.6822435312383	-0.1268089528451522	0.899116223855126	0.9791167195678598
CCL11	Day*Allocation*srf14	Day4 Anakinra No - Day7 Placebo No	0	-0.3057839134359698	0.10464632097715108	1064.695414142451	-2.92207036597814	0.0035505884802706058	0.01745820081287629
CCL11	Day*Allocation*srf14	Day4 Anakinra No - Day1 Anakinra Yes	0	0.6344275616049724	0.12549783572119758	1044.909285648072	5.055286873746561	5.071705362152436e-7	1.88780144035674e-6
CCL11	Day*Allocation*srf14	Day4 Anakinra No - Day4 Anakinra Yes	0	0.513796444243029	0.12787175594611228	1085.4381667605992	4.018060442210187	6.272500077089602e-5	3.8746740035368186e-4
CCL11	Day*Allocation*srf14	Day4 Anakinra No - Day7 Anakinra Yes	0	0.2895389916033946	0.12695276353159812	1068.5595780046988	2.2806828583241456	0.022763422615992845	0.05648701167672299
CCL11	Day*Allocation*srf14	Day4 Anakinra No - Day1 Placebo Yes	0	0.5902465226263816	0.14191015704630883	1032.0212975617073	4.159297226580965	3.4576282923616707e-5	1.1583054779411597e-4
CCL11	Day*Allocation*srf14	Day4 Anakinra No - Day4 Placebo Yes	0	0.3600904641678859	0.14637839405944206	1103.5201965821543	2.4599973683387906	0.014046245882202891	0.033610659789556914
CCL11	Day*Allocation*srf14	Day4 Anakinra No - Day7 Placebo Yes	0	0.1349788617965288	0.1463256756507517	1102.8631654181709	0.9224550728793125	0.3564930091342742	0.4683339531763994
CCL11	Day*Allocation*srf14	Day7 Anakinra No - Day1 Placebo No	0	0.5427358293687097	0.1046153501802528	1063.6793818923995	5.187917723676048	2.545349851436369e-7	7.105768335259863e-7
CCL11	Day*Allocation*srf14	Day7 Anakinra No - Day4 Placebo No	0	0.1739447731432839	0.10367139266633818	1040.97812283957	1.677847366275068	0.09367707338639462	0.1651674714970642
CCL11	Day*Allocation*srf14	Day7 Anakinra No - Day7 Placebo No	0	-0.11872032842584107	0.10486351296493883	1069.9076267659539	-1.1321414386101605	0.25782864389225235	0.7197716308658711
CCL11	Day*Allocation*srf14	Day7 Anakinra No - Day1 Anakinra Yes	0	0.8214911466151011	0.12569496319733675	1048.689917290471	6.535593198952518	9.869589743649794e-11	3.48032901486598e-10
CCL11	Day*Allocation*srf14	Day7 Anakinra No - Day4 Anakinra Yes	0	0.7008600292531576	0.1280649322706964	1089.0124540204608	5.472692772536039	5.4990262043831965e-8	2.631676826383387e-7
CCL11	Day*Allocation*srf14	Day7 Anakinra No - Day7 Anakinra Yes	0	0.47660257661352323	0.1271462379586203	1072.1592695429044	3.748459917222509	1.874207516109786e-4	7.38658256349151e-4
CCL11	Day*Allocation*srf14	Day7 Anakinra No - Day1 Placebo Yes	0	0.7773101076365102	0.14208814700490602	1035.0611398089447	5.4706189363541435	5.623620944633607e-8	1.7942028728116746e-7
CCL11	Day*Allocation*srf14	Day7 Anakinra No - Day4 Placebo Yes	0	0.5471540491780146	0.14654954492218733	1106.238804372225	3.7335772654124186	1.983921223144986e-4	5.656107505853479e-4
CCL11	Day*Allocation*srf14	Day7 Anakinra No - Day7 Placebo Yes	0	0.3220424468066575	0.14649951066996741	1105.7015938887744	2.1982493001778782	0.028138003130904525	0.055448417934429506
CCL11	Day*Allocation*srf14	Day1 Placebo No - Day4 Placebo No	0	-0.3687910562254258	0.08314602796295299	1030.6305216675116	-4.435462105174121	1.0173976909918585e-5	2.963723708541501e-5
CCL11	Day*Allocation*srf14	Day1 Placebo No - Day7 Placebo No	0	-0.6614561577945507	0.08465717928961893	1038.153052851528	-7.813349834532718	1.3589758927091865e-14	8.277398619228681e-14
CCL11	Day*Allocation*srf14	Day1 Placebo No - Day1 Anakinra Yes	0	0.2787553172463914	0.14257786375219214	1056.5714749238175	1.9551093690874966	0.050833515400298	0.19277343507106146
CCL11	Day*Allocation*srf14	Day1 Placebo No - Day4 Anakinra Yes	0	0.15812419988444792	0.1446619689800961	1087.9209660376555	1.09305991753924	0.2746094675829698	0.40886298506797725
CCL11	Day*Allocation*srf14	Day1 Placebo No - Day7 Anakinra Yes	0	-0.0661332527551864	0.1438517708781106	1074.8474894904193	-0.4597319334443429	0.6458016176294921	0.8012723774291846
CCL11	Day*Allocation*srf14	Day1 Placebo No - Day1 Placebo Yes	0	0.23457427826780053	0.15735876695123624	1042.5342468926592	1.490697231635607	0.1363434882942305	0.30450045719044816
CCL11	Day*Allocation*srf14	Day1 Placebo No - Day4 Placebo Yes	0	0.004418219809304954	0.16140949329516271	1100.9791426667423	0.02737273823929019	0.9781674024117013	0.9929881206300604
CCL11	Day*Allocation*srf14	Day1 Placebo No - Day7 Placebo Yes	0	-0.22069338256205218	0.16133607672316788	1100.086562256225	-1.3679109288168316	0.1716193100810213	0.27718435439035966
CCL11	Day*Allocation*srf14	Day4 Placebo No - Day7 Placebo No	0	-0.29266510156912495	0.0834107751953491	1031.4975398685463	-3.5087205565911543	4.6969097248518633e-4	0.0017792482985821173
CCL11	Day*Allocation*srf14	Day4 Placebo No - Day1 Anakinra Yes	0	0.6475463734718172	0.14190312532707225	1044.4502221451944	4.563298884216177	5.633134615654402e-6	1.7972381868992618e-5
CCL11	Day*Allocation*srf14	Day4 Placebo No - Day4 Anakinra Yes	0	0.5269152561098737	0.14399737331363693	1076.2888512039822	3.6592004700128333	2.6526889467567223e-4	0.0022216269929087548
CCL11	Day*Allocation*srf14	Day4 Placebo No - Day7 Anakinra Yes	0	0.30265780347023935	0.1431826399435518	1062.9884840556072	2.113788400532068	0.034765795325001125	0.09705451194896147
CCL11	Day*Allocation*srf14	Day4 Placebo No - Day1 Placebo Yes	0	0.6033653344932263	0.15674542721989734	1032.592135687522	3.8493329291627	1.257162913750256e-4	3.662170227011615e-4
CCL11	Day*Allocation*srf14	Day4 Placebo No - Day4 Placebo Yes	0	0.37320927603473075	0.16081038478366386	1091.6827819786192	2.3208033270786856	0.020480982309431173	0.049074161244196196
CCL11	Day*Allocation*srf14	Day4 Placebo No - Day7 Placebo Yes	0	0.1480976736633736	0.16073926536117858	1090.8694268096501	0.9213534311644418	0.3570696455982756	0.49840971364759296
CCL11	Day*Allocation*srf14	Day7 Placebo No - Day1 Anakinra Yes	0	0.9402114750409422	0.14258758233992602	1056.8977448108867	6.593922553504669	6.753242068737645e-11	3.770560155045185e-10
CCL11	Day*Allocation*srf14	Day7 Placebo No - Day4 Anakinra Yes	0	0.8195803576789986	0.14467067732305522	1088.2001814857022	5.665144954349277	1.8795160711773765e-8	1.68629378235839e-7
CCL11	Day*Allocation*srf14	Day7 Placebo No - Day7 Anakinra Yes	0	0.5953229050393644	0.14386053437603497	1075.1321035146912	4.138194728814634	3.773951097649058e-5	2.7177979277536265e-4
CCL11	Day*Allocation*srf14	Day7 Placebo No - Day1 Placebo Yes	0	0.8960304360623512	0.15738583721743477	1043.0944767572648	5.6932088166513335	1.61985193597369e-8	6.384122335896308e-8
CCL11	Day*Allocation*srf14	Day7 Placebo No - Day4 Placebo Yes	0	0.6658743776038557	0.1614369932016335	1101.5518641885042	4.124670339791227	3.991949179525494e-5	1.8336635230375582e-4
CCL11	Day*Allocation*srf14	Day7 Placebo No - Day7 Placebo Yes	0	0.44076277523249857	0.16136427237477377	1100.6698921082334	2.7314768551046584	0.00640592444773939	0.02327432107154913
CCL11	Day*Allocation*srf14	Day1 Anakinra Yes - Day4 Anakinra Yes	0	-0.12063111736194349	0.10863888767549754	1057.9640133018788	-1.1103861604535803	0.2670849618836212	0.3807381371532472
CCL11	Day*Allocation*srf14	Day1 Anakinra Yes - Day7 Anakinra Yes	0	-0.3448885700015778	0.10790130258389354	1060.749160600085	-3.1963337025836744	0.0014329698575761116	0.0030002806392999837
CCL11	Day*Allocation*srf14	Day1 Anakinra Yes - Day1 Placebo Yes	0	-0.044181038978590874	0.16971471799235835	1054.1288014999468	-0.26032532417477305	0.794663680496733	0.9668895255885167
CCL11	Day*Allocation*srf14	Day1 Anakinra Yes - Day4 Placebo Yes	0	-0.27433709743708645	0.17348414045019328	1104.6194414358513	-1.5813381945184075	0.11408700066335647	0.23932833519601546
CCL11	Day*Allocation*srf14	Day1 Anakinra Yes - Day7 Placebo Yes	0	-0.4994486998084436	0.1734795482051361	1104.6635112452439	-2.8790062285489437	0.004066228702488899	0.010478358579490626
CCL11	Day*Allocation*srf14	Day4 Anakinra Yes - Day7 Anakinra Yes	0	-0.22425745263963434	0.10873270030498935	1037.8312751663332	-2.062465587726639	0.03941184790836943	0.11002474207753131
CCL11	Day*Allocation*srf14	Day4 Anakinra Yes - Day1 Placebo Yes	0	0.0764500783833526	0.17147722240150026	1076.3807372831427	0.4458322645578597	0.6558080737466224	0.7447312023902323
CCL11	Day*Allocation*srf14	Day4 Anakinra Yes - Day4 Placebo Yes	0	-0.15370598007514297	0.17520906618479432	1125.3391705503273	-0.8772718411330845	0.38052624459525963	0.5665612975084977
CCL11	Day*Allocation*srf14	Day4 Anakinra Yes - Day7 Placebo Yes	0	-0.3788175824465001	0.17520446656437724	1125.3797109149791	-2.1621456911163115	0.030817154230002995	0.16132340732005795
CCL11	Day*Allocation*srf14	Day7 Anakinra Yes - Day1 Placebo Yes	0	0.300707531022987	0.17079687735249782	1066.9980935758795	1.7606149227328907	0.07859005124435389	0.12842764471638318
CCL11	Day*Allocation*srf14	Day7 Anakinra Yes - Day4 Placebo Yes	0	0.07055147256449136	0.17454174705996997	1116.5201562146583	0.40420973063968996	0.686135911069607	0.8209126078868513
CCL11	Day*Allocation*srf14	Day7 Anakinra Yes - Day7 Placebo Yes	0	-0.15456012980686576	0.1745400650793518	1116.681809331827	-0.8855280862683161	0.37606252088228154	0.9309787269339678
CCL11	Day*Allocation*srf14	Day1 Placebo Yes - Day4 Placebo Yes	0	-0.2301560584584956	0.12724177714724155	1057.2469958761258	-1.8088088960920734	0.07076467850457636	0.12476930157385832
CCL11	Day*Allocation*srf14	Day1 Placebo Yes - Day7 Placebo Yes	0	-0.4552676608298527	0.12724673119350452	1057.0896391545764	-3.57783383949978	3.6215335180521385e-4	8.606601917888956e-4
CCL11	Day*Allocation*srf14	Day4 Placebo Yes - Day7 Placebo Yes	0	-0.22511160237135713	0.13071424245737898	1049.4984448590951	-1.7221658339546098	0.08533411252616918	0.2722564542501588
TNFSF14	Day*Allocation*srf14	Day1 Anakinra No - Day4 Anakinra No	0	-0.06608305806699585	0.05730380953488127	1033.8678454698538	-1.1532053209616122	0.24909266033492736	0.28286793631254464
TNFSF14	Day*Allocation*srf14	Day1 Anakinra No - Day7 Anakinra No	0	-0.3994724383452845	0.057780902659818584	1037.8842833420874	-6.913572131213548	8.242903822271288e-12	1.5340959891449344e-11
TNFSF14	Day*Allocation*srf14	Day1 Anakinra No - Day1 Placebo No	0	0.06000363590490185	0.10612870356532755	1148.3829335841501	0.5653855544175812	0.5719219874681138	0.9893930626752736
TNFSF14	Day*Allocation*srf14	Day1 Anakinra No - Day4 Placebo No	0	-0.22246031530343274	0.1050403101493369	1124.5300366403671	-2.1178566113062556	0.03440615997987878	0.06586322053291081
TNFSF14	Day*Allocation*srf14	Day1 Anakinra No - Day7 Placebo No	0	-0.43488437392054247	0.1064150060779365	1154.928279876217	-4.086682789850529	4.678299504825423e-5	1.1194502386546547e-4
TNFSF14	Day*Allocation*srf14	Day1 Anakinra No - Day1 Anakinra Yes	0	0.20069937913279887	0.12751845080355556	1133.4659816023395	1.5738850171727683	0.11579310004473133	0.2758234120888466
TNFSF14	Day*Allocation*srf14	Day1 Anakinra No - Day4 Anakinra Yes	0	0.011189886355993495	0.1302017865497975	1173.558238651735	0.08594264835001911	0.9315266682838099	0.9456407087123525
TNFSF14	Day*Allocation*srf14	Day1 Anakinra No - Day7 Anakinra Yes	0	-0.3063730707683133	0.12915327068305743	1156.4864188129304	-2.372166567273034	0.017847027717680108	0.037367214283892725
TNFSF14	Day*Allocation*srf14	Day1 Anakinra No - Day1 Placebo Yes	0	0.21448603527229998	0.1441283932895537	1120.1144350442999	1.4881594832004954	0.13699030086187436	0.30272643438523206
TNFSF14	Day*Allocation*srf14	Day1 Anakinra No - Day4 Placebo Yes	0	-0.16413782760694645	0.14921694077856892	1192.370143964423	-1.0999945900949641	0.2715565070645654	0.41350649939377004
TNFSF14	Day*Allocation*srf14	Day1 Anakinra No - Day7 Placebo Yes	0	-0.4971389573651046	0.14915976618341922	1191.8631594167991	-3.3329293152268775	8.85754840932217e-4	0.0025802423627155884
TNFSF14	Day*Allocation*srf14	Day4 Anakinra No - Day7 Anakinra No	0	-0.3333893802782887	0.057961695450365266	1036.7979866798125	-5.751891446373964	1.1606345552555412e-8	6.480209600176771e-8
TNFSF14	Day*Allocation*srf14	Day4 Anakinra No - Day1 Placebo No	0	0.1260866939718977	0.10627080737720285	1151.1536885254125	1.186465945669909	0.235683149770002	0.3289743965539611
TNFSF14	Day*Allocation*srf14	Day4 Anakinra No - Day4 Placebo No	0	-0.1563772572364369	0.10518392053165872	1127.416793925398	-1.486703066837766	0.13737284561350832	0.9152190012754137
TNFSF14	Day*Allocation*srf14	Day4 Anakinra No - Day7 Placebo No	0	-0.36880131585354664	0.10655764451657447	1157.7282839918214	-3.4610498151184412	5.576819370491581e-4	0.0037364689782293592
TNFSF14	Day*Allocation*srf14	Day4 Anakinra No - Day1 Anakinra Yes	0	0.2667824371997947	0.12765552581704587	1135.9107797063575	2.0898620368548997	0.0368521689590769	0.05742082140135238
TNFSF14	Day*Allocation*srf14	Day4 Anakinra No - Day4 Anakinra Yes	0	0.07727294442298935	0.13033599990343536	1175.8335328988342	0.5928749116149038	0.5533788741513268	0.6564271508260551
TNFSF14	Day*Allocation*srf14	Day4 Anakinra No - Day7 Anakinra Yes	0	-0.2402900127013175	0.12928856467569314	1158.840266747746	-1.858555807345065	0.06334352076804665	0.12482399680762135
TNFSF14	Day*Allocation*srf14	Day4 Anakinra No - Day1 Placebo Yes	0	0.2805690933392958	0.14425130374879483	1122.0740441649148	1.9450021320284938	0.052024262902325195	0.07577446987947366
TNFSF14	Day*Allocation*srf14	Day4 Anakinra No - Day4 Placebo Yes	0	-0.0980547695399506	0.14933568955040236	1194.1038739102962	-0.6566064002192596	0.5115605462646908	0.6013080105216542
TNFSF14	Day*Allocation*srf14	Day4 Anakinra No - Day7 Placebo Yes	0	-0.4310558992981088	0.14927725140105727	1193.52689781413	-2.8876194815511975	0.003951702124681222	0.014709113464091214
TNFSF14	Day*Allocation*srf14	Day7 Anakinra No - Day1 Placebo No	0	0.45947607425018633	0.1065202387096679	1156.5584571682928	4.313509618604373	1.743918210890155e-5	3.7691135525690444e-5
TNFSF14	Day*Allocation*srf14	Day7 Anakinra No - Day4 Placebo No	0	0.17701212304185177	0.10543482470938582	1132.9624930570249	1.6788771976408865	0.09345172598161218	0.1651674714970642
TNFSF14	Day*Allocation*srf14	Day7 Anakinra No - Day7 Placebo No	0	-0.035411935575257986	0.10680747857350506	1163.1194452212133	-0.3315492140457884	0.7402894013336729	0.9538344209491556
TNFSF14	Day*Allocation*srf14	Day7 Anakinra No - Day1 Anakinra Yes	0	0.6001718174780833	0.12788103253795485	1139.792164709127	4.693204344435939	3.0157796558858635e-6	6.517975385301705e-6
TNFSF14	Day*Allocation*srf14	Day7 Anakinra No - Day4 Anakinra Yes	0	0.410662324701278	0.13055650713089492	1179.4309465789388	3.1454757309764054	0.001699633104246254	0.0035586068120155943
TNFSF14	Day*Allocation*srf14	Day7 Anakinra No - Day7 Anakinra Yes	0	0.09309936757697115	0.12950933980978743	1162.4795395333583	0.7188621895046935	0.47237030340050157	0.5754329150515202
TNFSF14	Day*Allocation*srf14	Day7 Anakinra No - Day1 Placebo Yes	0	0.6139584736175845	0.14445512741242592	1125.2171782256419	4.25016740225984	2.312958772595726e-5	4.55788934599746e-5
TNFSF14	Day*Allocation*srf14	Day7 Anakinra No - Day4 Placebo Yes	0	0.23533461073833806	0.14953065255552933	1196.798606744469	1.5738218667302664	0.11579293769332392	0.15516253650905407
TNFSF14	Day*Allocation*srf14	Day7 Anakinra No - Day7 Placebo Yes	0	-0.0976665190198201	0.14947596860922224	1196.3792594505917	-0.6533927823217621	0.5136286403285859	0.5933296362416424
TNFSF14	Day*Allocation*srf14	Day1 Placebo No - Day4 Placebo No	0	-0.28246395120833456	0.09087201369146948	1035.410565813187	-3.108371210605742	0.00193254198977359	0.00446483839016657
TNFSF14	Day*Allocation*srf14	Day1 Placebo No - Day7 Placebo No	0	-0.49488800982544434	0.09248444059375104	1044.3713027756032	-5.351040744240419	1.0746339988377687e-7	2.571445640076089e-7
TNFSF14	Day*Allocation*srf14	Day1 Placebo No - Day1 Anakinra Yes	0	0.14069574322789702	0.14511904187128144	1148.656389728122	0.9695195159343195	0.33249014497496976	0.6188011031478604
TNFSF14	Day*Allocation*srf14	Day1 Placebo No - Day4 Anakinra Yes	0	-0.04881374954890835	0.14747199394091332	1179.417948242531	-0.3310035230720909	0.7407006214349734	0.7877292323197336
TNFSF14	Day*Allocation*srf14	Day1 Placebo No - Day7 Anakinra Yes	0	-0.3663767066732152	0.14654917030042147	1166.316978684722	-2.5000257996831627	0.012554903969521952	0.02803928553193236
TNFSF14	Day*Allocation*srf14	Day1 Placebo No - Day1 Placebo Yes	0	0.15448239936739813	0.16004477862618366	1133.604249834025	0.9652448564299773	0.33462805118520256	0.5220751450616096
TNFSF14	Day*Allocation*srf14	Day1 Placebo No - Day4 Placebo Yes	0	-0.2241414635118483	0.16465222628999598	1192.2873400087333	-1.3613023556515784	0.17367536465461272	0.3144932278880825
TNFSF14	Day*Allocation*srf14	Day1 Placebo No - Day7 Placebo Yes	0	-0.5571425932700065	0.16457024105418874	1191.4726833982684	-3.3854394919829627	7.337910133174165e-4	0.002341142756774615
TNFSF14	Day*Allocation*srf14	Day4 Placebo No - Day7 Placebo No	0	-0.21242405861710975	0.09115684979948181	1036.4748929782725	-2.3303137294057445	0.019980755828820754	0.04781109430467823
TNFSF14	Day*Allocation*srf14	Day4 Placebo No - Day1 Anakinra Yes	0	0.4231596944362316	0.14434105939407632	1135.9542668458814	2.9316654333326713	0.0034390398246736042	0.008533913639004869
TNFSF14	Day*Allocation*srf14	Day4 Placebo No - Day4 Anakinra Yes	0	0.23365020165942624	0.14670699120147546	1167.4135903709969	1.5926316785990795	0.11151355053014188	0.21346879672912875
TNFSF14	Day*Allocation*srf14	Day4 Placebo No - Day7 Anakinra Yes	0	-0.08391275546488061	0.14577822213622152	1153.9858867715393	-0.5756192813661075	0.5649847709134201	0.7220726275056204
TNFSF14	Day*Allocation*srf14	Day4 Placebo No - Day1 Placebo Yes	0	0.4369463505757327	0.1593378046357478	1123.1415825798035	2.7422641574271	0.006198692721741966	0.014832586155596848
TNFSF14	Day*Allocation*srf14	Day4 Placebo No - Day4 Placebo Yes	0	0.05832248769648629	0.16396349196257817	1182.7751150662957	0.35570410826452387	0.7221255962438302	0.7803615314247843
TNFSF14	Day*Allocation*srf14	Day4 Placebo No - Day7 Placebo Yes	0	-0.27467864206167186	0.16388462511835836	1182.0585023507247	-1.6760488780646596	0.09399306340106474	0.18522162493739228
TNFSF14	Day*Allocation*srf14	Day7 Placebo No - Day1 Anakinra Yes	0	0.6355837530533414	0.1451316087739459	1149.0624470059836	4.379361315034507	1.2988220706555113e-5	3.039617892485337e-5
TNFSF14	Day*Allocation*srf14	Day7 Placebo No - Day4 Anakinra Yes	0	0.44607426027653596	0.14748315516947214	1179.7584416819093	3.0245776866107477	0.002543652184910397	0.005876713668586089
TNFSF14	Day*Allocation*srf14	Day7 Placebo No - Day7 Anakinra Yes	0	0.12851130315222914	0.14656043060640606	1166.6680519630088	0.8768485642441337	0.38074941093783154	0.5206165414864227
TNFSF14	Day*Allocation*srf14	Day7 Placebo No - Day1 Placebo Yes	0	0.6493704091928425	0.1600771911828808	1134.243647085177	4.056607967658345	5.319675022042927e-5	1.3200675054699114e-4
TNFSF14	Day*Allocation*srf14	Day7 Placebo No - Day4 Placebo Yes	0	0.27074654631359607	0.1646853008246833	1192.9335720023284	1.6440237529263215	0.10043478388199989	0.15649140744404635
TNFSF14	Day*Allocation*srf14	Day7 Placebo No - Day7 Placebo Yes	0	-0.06225458344456212	0.16460408980950758	1192.1229150335516	-0.3782079990637406	0.7053434184373598	0.7773461348328425
TNFSF14	Day*Allocation*srf14	Day1 Anakinra Yes - Day4 Anakinra Yes	0	-0.18950949277680537	0.11855631615540788	1066.2814754986864	-1.5984765630570836	0.1102332193860816	0.18563615217362742
TNFSF14	Day*Allocation*srf14	Day1 Anakinra Yes - Day7 Anakinra Yes	0	-0.5070724499011122	0.11773458763417952	1069.0186067205773	-4.306911504006526	1.8077619006739977e-5	5.767621302150374e-5
TNFSF14	Day*Allocation*srf14	Day1 Anakinra Yes - Day1 Placebo Yes	0	0.013786656139501106	0.172718535482076	1146.406208277704	0.0798215206087816	0.9363931391700757	0.9668895255885167
TNFSF14	Day*Allocation*srf14	Day1 Anakinra Yes - Day4 Placebo Yes	0	-0.3648372067397453	0.17700580601074475	1196.911610829559	-2.061159545905509	0.03950342673037888	0.10586918363741539
TNFSF14	Day*Allocation*srf14	Day1 Anakinra Yes - Day7 Placebo Yes	0	-0.6978383364979035	0.17700171129481532	1197.0051999582215	-3.9425513538430086	8.529210688390401e-5	4.085549056374857e-4
TNFSF14	Day*Allocation*srf14	Day4 Anakinra Yes - Day7 Anakinra Yes	0	-0.3175629571243068	0.1187878106331384	1044.100998621987	-2.6733631626990846	0.007626641291216093	0.031936560406967386
TNFSF14	Day*Allocation*srf14	Day4 Anakinra Yes - Day1 Placebo Yes	0	0.20329614891630648	0.17470757413089855	1168.2557503215526	1.163636722263616	0.24480886338505897	0.3814463685302082
TNFSF14	Day*Allocation*srf14	Day4 Anakinra Yes - Day4 Placebo Yes	0	-0.17532771396293995	0.1789476884249981	1216.6983380925067	-0.9797707671223962	0.32739405777815256	0.5101256249101447
TNFSF14	Day*Allocation*srf14	Day4 Anakinra Yes - Day7 Placebo Yes	0	-0.5083288437210981	0.17894353776733385	1216.783605177303	-2.8407219956835656	0.004576166197825213	0.07665078381357232
TNFSF14	Day*Allocation*srf14	Day7 Anakinra Yes - Day1 Placebo Yes	0	0.5208591060406134	0.17393133584273507	1158.7689344485632	2.994624881807168	0.0028061593262068583	0.009400633742792975
TNFSF14	Day*Allocation*srf14	Day7 Anakinra Yes - Day4 Placebo Yes	0	0.1422352431613669	0.17818779334467832	1207.9965157826712	0.7982322497604174	0.42489261839998704	0.5930792798499819
TNFSF14	Day*Allocation*srf14	Day7 Anakinra Yes - Day7 Placebo Yes	0	-0.19076588659679125	0.17818788084186563	1208.2479814015987	-1.0705884468432962	0.2845683312448213	0.794419924725126
TNFSF14	Day*Allocation*srf14	Day1 Placebo Yes - Day4 Placebo Yes	0	-0.37862386287924643	0.1388651353815094	1064.6660204571021	-2.7265581230237443	0.006504977193599928	0.018949281390051965
TNFSF14	Day*Allocation*srf14	Day1 Placebo Yes - Day7 Placebo Yes	0	-0.7116249926374045	0.13887175655122694	1064.4797051126584	-5.12433204785525	3.5439611453388945e-07	1.8265030518285072e-6
TNFSF14	Day*Allocation*srf14	Day4 Placebo Yes - Day7 Placebo Yes	0	-0.33300112975815815	0.14271159667287878	1057.0756078284319	-2.333385215508856	0.019814710456768	0.1297035125324758
MMP-1	Day*Allocation*srf14	Day1 Anakinra No - Day4 Anakinra No	0	-0.16442937757666048	0.04686025171373242	1023.8816343961779	-3.508930736888773	4.6947072558264154e-4	8.987011032581995e-4
MMP-1	Day*Allocation*srf14	Day1 Anakinra No - Day7 Anakinra No	0	-0.4090987112213298	0.04727069942649383	1026.3604570111283	-8.654382443769006	1.88960735853007e-17	4.869372808519796e-17
MMP-1	Day*Allocation*srf14	Day1 Anakinra No - Day1 Placebo No	0	0.1866777311500358	0.10551549629122718	928.9257729224681	1.7691973000325703	0.07718902726155592	0.9893930626752736
MMP-1	Day*Allocation*srf14	Day1 Anakinra No - Day4 Placebo No	0	-0.07492089711541577	0.1047495362714315	909.6835292713779	-0.7152384610207487	0.47464523014445215	0.5678791146371124
MMP-1	Day*Allocation*srf14	Day1 Anakinra No - Day7 Placebo No	0	-0.2516208355763344	0.10571430480603362	934.0702199042183	-2.3801966634318084	0.017503185082483472	0.026652577284690743
MMP-1	Day*Allocation*srf14	Day1 Anakinra No - Day1 Anakinra Yes	0	0.1835432291699998	0.12699826969070657	918.8525714171309	1.4452419676032093	0.14873087914553057	0.3204577270325017
MMP-1	Day*Allocation*srf14	Day1 Anakinra No - Day4 Anakinra Yes	0	-0.13271517209208292	0.12897320127278303	955.7270453557056	-1.0290135530666211	0.30373365150196735	0.3990226402084669
MMP-1	Day*Allocation*srf14	Day1 Anakinra No - Day7 Anakinra Yes	0	-0.257972526166747	0.12821896920507908	940.824545545522	-2.0119684923853534	0.04450792032890598	0.07987497743316781
MMP-1	Day*Allocation*srf14	Day1 Anakinra No - Day1 Placebo Yes	0	0.128737410205302	0.14377491465198167	908.9629584433952	0.8954094009857065	0.370805328348093	0.5285948297728134
MMP-1	Day*Allocation*srf14	Day1 Anakinra No - Day4 Placebo Yes	0	-0.243288242697585	0.1474514477967822	972.1468614261671	-1.6499549264031996	0.09927518805052216	0.20548193943389978
MMP-1	Day*Allocation*srf14	Day1 Anakinra No - Day7 Placebo Yes	0	-0.2963115523962309	0.14740701717190136	971.5027978161718	-2.0101590689585818	0.04469038047227966	0.09073501489826477
MMP-1	Day*Allocation*srf14	Day4 Anakinra No - Day7 Anakinra No	0	-0.2446693336446693	0.04741177720851526	1025.370046875721	-5.160518083273329	2.9560653278019903e-7	9.002562589215152e-7
MMP-1	Day*Allocation*srf14	Day4 Anakinra No - Day1 Placebo No	0	0.35110710872669626	0.10561832140452045	931.3477075145987	3.324301163450122	9.209850769362032e-4	0.002571083339780234
MMP-1	Day*Allocation*srf14	Day4 Anakinra No - Day4 Placebo No	0	0.08950848046124471	0.10485310289119482	912.1383961429414	0.8536560005680224	0.3935197407078561	0.9152190012754137
MMP-1	Day*Allocation*srf14	Day4 Anakinra No - Day7 Placebo No	0	-0.08719145799967393	0.10581729318834728	936.506702175764	-0.8239811789976457	0.4101600456182599	0.49978694920103467
MMP-1	Day*Allocation*srf14	Day4 Anakinra No - Day1 Anakinra Yes	0	0.3479726067466603	0.1270953142084676	920.8387875978477	2.737886985950557	0.006302793181569181	0.010462462209143465
MMP-1	Day*Allocation*srf14	Day4 Anakinra No - Day4 Anakinra Yes	0	0.03171420548457757	0.1290687335712991	957.6563404736476	0.24571563233831734	0.8059550196546165	0.8437341612009266
MMP-1	Day*Allocation*srf14	Day4 Anakinra No - Day7 Anakinra Yes	0	-0.0935431485900865	0.12831500230493825	942.7754911056385	-0.7290117827982648	0.4661755125421394	0.6246751868064668
MMP-1	Day*Allocation*srf14	Day4 Anakinra No - Day1 Placebo Yes	0	0.2931667877819625	0.14386176086352293	910.5320400206508	2.03783678179833	0.041854862073960455	0.06231723908789668
MMP-1	Day*Allocation*srf14	Day4 Anakinra No - Day4 Placebo Yes	0	-0.07885886512092452	0.14753611833906222	973.6441205891334	-0.5345054892910623	0.5931138810431479	0.6623105004981819
MMP-1	Day*Allocation*srf14	Day4 Anakinra No - Day7 Placebo Yes	0	-0.13188217481957046	0.1474912877852092	972.9767938372198	-0.8941692543333799	0.3714524649134209	0.46957198394715466
MMP-1	Day*Allocation*srf14	Day7 Anakinra No - Day1 Placebo No	0	0.5957764423713656	0.10579389828347126	935.7595147649591	5.631482080138519	2.362184476672801e-8	7.536493330337032e-8
MMP-1	Day*Allocation*srf14	Day7 Anakinra No - Day4 Placebo No	0	0.334177814105914	0.10502946959461688	916.5774912836838	3.1817528489455666	0.0015131227298749825	0.005963483700095519
MMP-1	Day*Allocation*srf14	Day7 Anakinra No - Day7 Placebo No	0	0.15747787564499538	0.10599309679708868	940.9309092999222	1.4857370942417907	0.13768363268377523	0.5359416459991351
MMP-1	Day*Allocation*srf14	Day7 Anakinra No - Day1 Anakinra Yes	0	0.5926419403913296	0.12725608029459937	924.0872202012833	4.657081524272603	3.677055869581891e-6	7.698835726937084e-6
MMP-1	Day*Allocation*srf14	Day7 Anakinra No - Day4 Anakinra Yes	0	0.27638353912924685	0.1292268419897703	960.8035206754982	2.138747143191239	0.032707742435219594	0.04869819429243807
MMP-1	Day*Allocation*srf14	Day7 Anakinra No - Day7 Anakinra Yes	0	0.1511261850545828	0.1284733802552585	945.9276498591615	1.1763229453005468	0.2397617937377928	0.3492182647920026
MMP-1	Day*Allocation*srf14	Day7 Anakinra No - Day1 Placebo Yes	0	0.5378361214266318	0.144006681708448	913.1231058782096	3.73479976794077	1.9950986513445808e-4	3.6127462064888355e-4
MMP-1	Day*Allocation*srf14	Day7 Anakinra No - Day4 Placebo Yes	0	0.1658104685237448	0.14767657711018523	976.077817033353	1.1227946351981697	0.26180082278046574	0.31892100229620374
MMP-1	Day*Allocation*srf14	Day7 Anakinra No - Day7 Placebo Yes	0	0.11278715882509885	0.14763332338609822	975.4801583149017	0.76396816273066	0.44507095832522203	0.5512177172879437
MMP-1	Day*Allocation*srf14	Day1 Placebo No - Day4 Placebo No	0	-0.26159862826545155	0.07431960675955686	1024.3169153875488	-3.5199140532563735	4.506687521749005e-4	0.0012077922558287333
MMP-1	Day*Allocation*srf14	Day1 Placebo No - Day7 Placebo No	0	-0.43829856672637024	0.07571121797993643	1029.9185736599877	-5.789083552222339	9.389053398920656e-9	2.859393535125836e-8
MMP-1	Day*Allocation*srf14	Day1 Placebo No - Day1 Anakinra Yes	0	-0.0031345019800360086	0.14426238912418637	930.1533131185147	-0.021727783652173635	0.9826697608417394	0.989945127900304
MMP-1	Day*Allocation*srf14	Day1 Placebo No - Day4 Anakinra Yes	0	-0.3193929032421187	0.1459951773966273	958.724830537696	-2.1876948878552285	0.0289326830359788	0.0717959171633548
MMP-1	Day*Allocation*srf14	Day1 Placebo No - Day7 Anakinra Yes	0	-0.44465025731678276	0.14533010456703238	947.1504371779002	-3.0595880918236817	0.002278803577752402	0.006361659987892123
MMP-1	Day*Allocation*srf14	Day1 Placebo No - Day1 Placebo Yes	0	-0.05794032094473381	0.1593923966500509	918.853025151037	-0.3635074329921954	0.7163094770396419	0.8419778063448423
MMP-1	Day*Allocation*srf14	Day1 Placebo No - Day4 Placebo Yes	0	-0.4299659738476208	0.1627251722909717	970.595542438586	-2.642283107119968	0.008367462970012755	0.02803100094954273
MMP-1	Day*Allocation*srf14	Day1 Placebo No - Day7 Placebo Yes	0	-0.48298928354626675	0.16266335177221525	969.7235549004212	-2.9692569240957125	0.0030586829496473665	0.008197270305054943
MMP-1	Day*Allocation*srf14	Day4 Placebo No - Day7 Placebo No	0	-0.17669993846091864	0.07456079216455255	1024.9357798141991	-2.3698774292921843	0.017978357785947363	0.04461296191327679
MMP-1	Day*Allocation*srf14	Day4 Placebo No - Day1 Anakinra Yes	0	0.2584641262854156	0.1437180774155323	920.0111573247111	1.7984106866258576	0.07243965483846852	0.1155584970042236
MMP-1	Day*Allocation*srf14	Day4 Placebo No - Day4 Anakinra Yes	0	-0.05779427497666714	0.14545758948272622	948.8094392416515	-0.3973273253200067	0.6912154636891601	0.7984730356409263
MMP-1	Day*Allocation*srf14	Day4 Placebo No - Day7 Anakinra Yes	0	-0.1830516290513312	0.14478960580844513	937.1296134042066	-1.2642594613698048	0.20645126469865624	0.373844182021891
MMP-1	Day*Allocation*srf14	Day4 Placebo No - Day1 Placebo Yes	0	0.20365830732071777	0.15889742023958497	910.5642498968629	1.281696751360988	0.20027530662124007	0.27384582742087926
MMP-1	Day*Allocation*srf14	Day4 Placebo No - Day4 Placebo Yes	0	-0.16836734558216923	0.1622395959804878	962.587477463748	-1.0377697538301218	0.29963787350055104	0.3787875004629607
MMP-1	Day*Allocation*srf14	Day4 Placebo No - Day7 Placebo Yes	0	-0.22139065528081517	0.1621791839611553	961.7670161125199	-1.3650990828381653	0.17254114110695548	0.28900641135415045
MMP-1	Day*Allocation*srf14	Day7 Placebo No - Day1 Anakinra Yes	0	0.43516406474633423	0.14426895207857948	930.3640775436287	3.0163389868480635	0.002628039393465051	0.00451483690672201
MMP-1	Day*Allocation*srf14	Day7 Placebo No - Day4 Anakinra Yes	0	0.1189056634842515	0.1460011464015597	958.9103666811154	0.8144159577844332	0.4156089027241505	0.5084079836624691
MMP-1	Day*Allocation*srf14	Day7 Placebo No - Day7 Anakinra Yes	0	-0.006351690590412559	0.14533609508774253	947.3372898929091	-0.043703462560886246	0.9651499888801441	0.9846158164782576
MMP-1	Day*Allocation*srf14	Day7 Placebo No - Day1 Placebo Yes	0	0.3803582457816364	0.15941309527842554	919.2714702990037	2.38599122059148	0.017234705808067022	0.024568623173201926
MMP-1	Day*Allocation*srf14	Day7 Placebo No - Day4 Placebo Yes	0	0.00833259287874942	0.16274608333457982	971.0275095318086	0.05119995951987948	0.959176714137633	0.959176714137633
MMP-1	Day*Allocation*srf14	Day7 Placebo No - Day7 Placebo Yes	0	-0.04469071681989652	0.1626847936159394	970.1682937172056	-0.2747074008982106	0.7835995309165787	0.8203307589282933
MMP-1	Day*Allocation*srf14	Day1 Anakinra Yes - Day4 Anakinra Yes	0	-0.3162584012620827	0.09730379430347591	1046.2035935923623	-3.2502165360142103	0.001189932119594202	0.0031890180805124618
MMP-1	Day*Allocation*srf14	Day1 Anakinra Yes - Day7 Anakinra Yes	0	-0.44151575533674675	0.09666492211926583	1048.8162262673284	-4.567486795178934	5.521397158600108e-6	1.9470189980326696e-5
MMP-1	Day*Allocation*srf14	Day1 Anakinra Yes - Day1 Placebo Yes	0	-0.0548058189646978	0.17175455293392464	927.9924534710636	-0.31909383494353155	0.7497271695881692	0.9668895255885167
MMP-1	Day*Allocation*srf14	Day1 Anakinra Yes - Day4 Placebo Yes	0	-0.4268314718675848	0.17485612444166615	972.833106441765	-2.4410438766757654	0.01482228294671156	0.0522680503910355
MMP-1	Day*Allocation*srf14	Day1 Anakinra Yes - Day7 Placebo Yes	0	-0.47985478156623074	0.17485130802775245	972.822927439231	-2.744359118492085	0.006174526487324	0.015321973135211407
MMP-1	Day*Allocation*srf14	Day4 Anakinra Yes - Day7 Anakinra Yes	0	-0.12525735407466407	0.09723983919683087	1029.5728635905796	-1.2881279433331922	0.19799084854625312	0.37901105293139886
MMP-1	Day*Allocation*srf14	Day4 Anakinra Yes - Day1 Placebo Yes	0	0.2614525822973849	0.17322060727275332	948.2480050830668	1.509361884903806	0.13153944385582866	0.22597801893180822
MMP-1	Day*Allocation*srf14	Day4 Anakinra Yes - Day4 Placebo Yes	0	-0.11057307060550209	0.17629657605978652	992.3229347061425	-0.6271991951108797	0.5306729499852139	0.6584275490557283
MMP-1	Day*Allocation*srf14	Day4 Anakinra Yes - Day7 Placebo Yes	0	-0.16359638030414803	0.17629178083658809	992.3124557594293	-0.9279864298142865	0.3536402689125113	0.6075358465932886
MMP-1	Day*Allocation*srf14	Day7 Anakinra Yes - Day1 Placebo Yes	0	0.386709936372049	0.17266346585288256	940.030219989909	2.239674354165601	0.025345179100815025	0.04851791427870305
MMP-1	Day*Allocation*srf14	Day7 Anakinra Yes - Day4 Placebo Yes	0	0.01468428346916198	0.17574829724653465	984.3703854767975	0.08355292027986644	0.9334288877960009	0.9475717497323038
MMP-1	Day*Allocation*srf14	Day7 Anakinra Yes - Day7 Placebo Yes	0	-0.03833902622948396	0.17574511980888718	984.4260507137242	-0.21815129928600843	0.8273564408519447	0.9412492294993537
MMP-1	Day*Allocation*srf14	Day1 Placebo Yes - Day4 Placebo Yes	0	-0.37202565290288697	0.11396403351079089	1046.3821832863302	-3.2644128278213413	0.0011324475211911722	0.005419570279986324
MMP-1	Day*Allocation*srf14	Day1 Placebo Yes - Day7 Placebo Yes	0	-0.4250489626015329	0.11396720039599864	1046.2662006678488	-3.729572729036312	2.020989567400402e-4	5.416252040633077e-4
MMP-1	Day*Allocation*srf14	Day4 Placebo Yes - Day7 Placebo Yes	0	-0.05302330969864594	0.11700059729513423	1039.1069254815775	-0.45318836761913733	0.6505077235332879	0.7646318855566718
LIF-R	Day*Allocation*srf14	Day1 Anakinra No - Day4 Anakinra No	0	0.4715093215326926	0.05463982455869748	1032.5638770253609	8.629407677291645	2.2992595125842342e-17	1.0270025822876246e-16
LIF-R	Day*Allocation*srf14	Day1 Anakinra No - Day7 Anakinra No	0	0.6698590590816873	0.055098004585475924	1036.3760347648827	12.157591987610113	6.905514028178365e-32	2.5703857771552807e-31
LIF-R	Day*Allocation*srf14	Day1 Anakinra No - Day1 Placebo No	0	0.08214395238253969	0.10328702869221024	1120.2165278262291	0.795297855138463	0.42660873543039535	0.9893930626752736
LIF-R	Day*Allocation*srf14	Day1 Anakinra No - Day4 Placebo No	0	0.5296828381335273	0.10226372437495629	1096.499028198522	5.179577033508113	2.6449263079194904e-7	1.3631543279277373e-6
LIF-R	Day*Allocation*srf14	Day1 Anakinra No - Day7 Placebo No	0	0.5569210036183766	0.10355573212841808	1126.7015754954073	5.377983354197586	9.154270411354146e-8	3.228084829266988e-7
LIF-R	Day*Allocation*srf14	Day1 Anakinra No - Day1 Anakinra Yes	0	-0.14915036333540066	0.12413084587935332	1105.7796198341916	-1.2015576167132913	0.22979224793963532	0.3947712977424504
LIF-R	Day*Allocation*srf14	Day1 Anakinra No - Day4 Anakinra Yes	0	0.4141284954822707	0.12666766393065457	1146.3357606025186	3.269409750139462	0.0011097469068134809	0.0037254883931096996
LIF-R	Day*Allocation*srf14	Day1 Anakinra No - Day7 Anakinra Yes	0	0.727927420128714	0.12567920468881025	1129.1833559700149	5.791948015036448	9.012435843660048e-9	8.626188593217474e-8
LIF-R	Day*Allocation*srf14	Day1 Anakinra No - Day1 Placebo Yes	0	-0.37475984244744254	0.14032713395336033	1092.6170538454812	-2.670615667045542	0.007683663798363789	0.03879984783630996
LIF-R	Day*Allocation*srf14	Day1 Anakinra No - Day4 Placebo Yes	0	0.1901241919289695	0.1451266241536844	1165.206266762529	1.3100572898852394	0.1904346582986282	0.31897805265020224
LIF-R	Day*Allocation*srf14	Day1 Anakinra No - Day7 Placebo Yes	0	0.6499684883523345	0.14507213970786415	1164.662019081377	4.48031227540446	8.187193204485945e-6	3.6569462980037224e-5
LIF-R	Day*Allocation*srf14	Day4 Anakinra No - Day7 Anakinra No	0	0.1983497375489947	0.05526947955279829	1035.2858733878813	3.588775200235304	3.4779224029400836e-4	6.297859486405015e-4
LIF-R	Day*Allocation*srf14	Day4 Anakinra No - Day1 Placebo No	0	-0.3893653691501529	0.10342109388801596	1123.0017423389008	-3.764854484828371	1.7527496809797326e-4	5.871711431282104e-4
LIF-R	Day*Allocation*srf14	Day4 Anakinra No - Day4 Placebo No	0	0.058173516600834786	0.10239915488365332	1099.3883537977297	0.5681054366799411	0.5700793836963843	0.9152190012754137
LIF-R	Day*Allocation*srf14	Day4 Anakinra No - Day7 Placebo No	0	0.08541168208568403	0.10369025649613879	1129.5139973622952	0.8237194599751481	0.410272868747118	0.49978694920103467
LIF-R	Day*Allocation*srf14	Day4 Anakinra No - Day1 Anakinra Yes	0	-0.6206596848680932	0.12425980212983204	1108.2104778080259	-4.994854926773511	6.836111079017361e-7	2.4106286436534902e-6
LIF-R	Day*Allocation*srf14	Day4 Anakinra No - Day4 Anakinra Yes	0	-0.0573808260504219	0.12679400231006707	1148.6116189680247	-0.45255157976716087	0.6509571317200158	0.7269021304206843
LIF-R	Day*Allocation*srf14	Day4 Anakinra No - Day7 Anakinra Yes	0	0.25641809859602144	0.12580651292135198	1131.5295065969692	2.038194149426281	0.04176266641250005	0.08479086817083344
LIF-R	Day*Allocation*srf14	Day4 Anakinra No - Day1 Placebo Yes	0	-0.8462691639801352	0.14044273599799453	1094.5608756371305	-6.02572399324533	2.2971079204552876e-9	1.0260415378033619e-8
LIF-R	Day*Allocation*srf14	Day4 Anakinra No - Day4 Placebo Yes	0	-0.2813851296037231	0.14523842459803762	1166.9450114518363	-1.9374014168942244	0.052937351779895114	0.08867006423132431
LIF-R	Day*Allocation*srf14	Day4 Anakinra No - Day7 Placebo Yes	0	0.17845916681964183	0.1451828526401759	1166.3378940960224	1.2292027851383978	0.2192437092450916	0.3672332129855284
LIF-R	Day*Allocation*srf14	Day7 Anakinra No - Day1 Placebo No	0	-0.5877151066991476	0.10365560503427523	1128.3856154909165	-5.6698825548778675	1.8139807546823398e-8	6.076835528185839e-8
LIF-R	Day*Allocation*srf14	Day7 Anakinra No - Day4 Placebo No	0	-0.14017622094815993	0.10263501871334002	1104.8958537735714	-1.3657738139033484	0.17228791485823447	0.2623475067159479
LIF-R	Day*Allocation*srf14	Day7 Anakinra No - Day7 Placebo No	0	-0.11293805546331068	0.10392514079848962	1134.8896191760275	-1.0867250657114533	0.27738908791515593	0.7321193133326226
LIF-R	Day*Allocation*srf14	Day7 Anakinra No - Day1 Anakinra Yes	0	-0.819009422417088	0.12447217331185513	1112.0890706975733	-6.57985958327509	7.236323744128921e-11	2.693520504759098e-10
LIF-R	Day*Allocation*srf14	Day7 Anakinra No - Day4 Anakinra Yes	0	-0.2557305635994166	0.1270017954316094	1152.2286810778355	-2.0135980182825666	0.04428389446514062	0.06450045498183525
LIF-R	Day*Allocation*srf14	Day7 Anakinra No - Day7 Anakinra Yes	0	0.05806836104702673	0.1260145832973192	1135.183655808022	0.4608066743356208	0.6450255783590237	0.7451157543112861
LIF-R	Day*Allocation*srf14	Day7 Anakinra No - Day1 Placebo Yes	0	-1.0446189015291298	0.14063462987402148	1097.6946408364176	-7.427892422121669	2.2114370629581492e-13	1.0583305944156856e-12
LIF-R	Day*Allocation*srf14	Day7 Anakinra No - Day4 Placebo Yes	0	-0.4797348671527178	0.14542226419748902	1169.667957454268	-3.298909350642618	9.998408006038802e-4	0.0023319062376362166
LIF-R	Day*Allocation*srf14	Day7 Anakinra No - Day7 Placebo Yes	0	-0.01989057072935288	0.14537002580317643	1169.2071755261068	-0.13682718029013557	0.8911909550660129	0.9046938483245888
LIF-R	Day*Allocation*srf14	Day1 Placebo No - Day4 Placebo No	0	0.4475388857509877	0.0866493625010341	1033.9327683244862	5.164941470234668	2.8844329519566635e-7	1.1368059281240969e-6
LIF-R	Day*Allocation*srf14	Day1 Placebo No - Day7 Placebo No	0	0.4747770512358369	0.0881985179796797	1042.4507799975281	5.383050215710224	9.045916683257197e-8	2.244727473252712e-7
LIF-R	Day*Allocation*srf14	Day1 Placebo No - Day1 Anakinra Yes	0	-0.23129431571794035	0.14123253207464698	1120.6930479236078	-1.6376844082614914	0.10176826801879768	0.3246892360599736
LIF-R	Day*Allocation*srf14	Day1 Placebo No - Day4 Anakinra Yes	0	0.331984543099731	0.14345716399461492	1151.8646853524206	2.3141719371518668	0.020833549719837932	0.05368645504727468
LIF-R	Day*Allocation*srf14	Day1 Placebo No - Day7 Anakinra Yes	0	0.6457834677461743	0.14258697580730695	1138.6741411620735	4.529049473767441	6.548445812954254e-6	3.9885988133448636e-5
LIF-R	Day*Allocation*srf14	Day1 Placebo No - Day1 Placebo Yes	0	-0.4569037948299822	0.1557929295041994	1105.8448242493434	-2.9327633563605744	0.003428839590099027	0.020884750230603162
LIF-R	Day*Allocation*srf14	Day1 Placebo No - Day4 Placebo Yes	0	0.10798023954642984	0.16013930209766764	1164.8836877838535	0.6742894350855456	0.5002611049562551	0.6428938374498947
LIF-R	Day*Allocation*srf14	Day1 Placebo No - Day7 Placebo Yes	0	0.5678245359697948	0.16006151558863496	1164.0376295782817	3.5475394187140425	4.043206082049602e-4	0.0015092583087137803
LIF-R	Day*Allocation*srf14	Day4 Placebo No - Day7 Placebo No	0	0.027238165484849246	0.0869223203094673	1034.9353073405832	0.31336215356278924	0.7540686756414052	0.7894156448120961
LIF-R	Day*Allocation*srf14	Day4 Placebo No - Day1 Anakinra Yes	0	-0.678833201468928	0.1405016247047638	1108.081106983497	-4.831497165213292	1.5455405280929059e-6	6.091247963660276e-6
LIF-R	Day*Allocation*srf14	Day4 Placebo No - Day4 Anakinra Yes	0	-0.11555434265125669	0.14273810039312493	1139.8884877756186	-0.8095549985112626	0.41836493436018884	0.5288764264553331
LIF-R	Day*Allocation*srf14	Day4 Placebo No - Day7 Anakinra Yes	0	0.19824458199518666	0.1418625271881733	1126.4013123109842	1.3974414944139935	0.1625560262731779	0.3111786788657977
LIF-R	Day*Allocation*srf14	Day4 Placebo No - Day1 Placebo Yes	0	-0.9044426805809699	0.15512867079121273	1095.4711734051182	-5.830274158657988	7.273953316413642e-9	3.7488836323054925e-8
LIF-R	Day*Allocation*srf14	Day4 Placebo No - Day4 Placebo Yes	0	-0.33955864620455783	0.15949168091595295	1155.3684361117319	-2.1290053766722443	0.0334648363942538	0.06794375873984862
LIF-R	Day*Allocation*srf14	Day4 Placebo No - Day7 Placebo Yes	0	0.12028565021880705	0.15941668843331946	1154.6149386138227	0.7545361241719679	0.4506812250546963	0.5824892227822991
LIF-R	Day*Allocation*srf14	Day7 Placebo No - Day1 Anakinra Yes	0	-0.7060713669537773	0.14124394483335545	1121.0759498503064	-4.998949638420429	6.684348434295754e-7	2.035687932262798e-6
LIF-R	Day*Allocation*srf14	Day7 Placebo No - Day4 Anakinra Yes	0	-0.14279250813610594	0.14346732611330248	1152.1877475620008	-0.9952963647160775	0.31980111979417974	0.4120514428117316
LIF-R	Day*Allocation*srf14	Day7 Placebo No - Day7 Anakinra Yes	0	0.1710064165103374	0.14259721971297376	1139.0060056335915	1.1992268632905114	0.23068915978145788	0.3360037762034278
LIF-R	Day*Allocation*srf14	Day7 Placebo No - Day1 Placebo Yes	0	-0.9316808460658191	0.15582303478684317	1106.463104055431	-5.979095756543981	3.0239883231280707e-9	1.558517058842929e-8
LIF-R	Day*Allocation*srf14	Day7 Placebo No - Day4 Placebo Yes	0	-0.3667968116894071	0.16016997925896764	1165.510946591663	-2.2900471947764878	0.022196583934357052	0.04131030898894229
LIF-R	Day*Allocation*srf14	Day7 Placebo No - Day7 Placebo Yes	0	0.0930474847339578	0.1600929332142239	1164.671361036634	0.581209194346192	0.5612119285857897	0.7193402218094294
LIF-R	Day*Allocation*srf14	Day1 Anakinra Yes - Day4 Anakinra Yes	0	0.5632788588176714	0.11309906030479244	1063.7606555692855	4.98040264260094	7.399663041534964e-7	3.54126731273459e-6
LIF-R	Day*Allocation*srf14	Day1 Anakinra Yes - Day7 Anakinra Yes	0	0.8770777834641147	0.11231983928573637	1066.527242470419	7.8087521228807155	1.3748752480342426e-14	1.151458020228678e-13
LIF-R	Day*Allocation*srf14	Day1 Anakinra Yes - Day1 Placebo Yes	0	-0.22560947911204188	0.1680986510236923	1118.3429407777617	-1.3421254587001048	0.17982772296686067	0.9448238962926088
LIF-R	Day*Allocation*srf14	Day1 Anakinra Yes - Day4 Placebo Yes	0	0.33927455526437017	0.17214304740959202	1169.2208716549114	1.970887354265958	0.048972332482236806	0.12619793370422563
LIF-R	Day*Allocation*srf14	Day1 Anakinra Yes - Day7 Placebo Yes	0	0.7991188516877351	0.17213885203839568	1169.298945712109	4.642292209021419	3.835058046521255e-6	2.8549876568547122e-5
LIF-R	Day*Allocation*srf14	Day4 Anakinra Yes - Day7 Anakinra Yes	0	0.3137989246464433	0.11328244330478049	1042.161904934582	2.7700578791559405	0.0057042184220653285	0.027298759591312644
LIF-R	Day*Allocation*srf14	Day4 Anakinra Yes - Day1 Placebo Yes	0	-0.7888883379297132	0.16997947022140783	1140.480519209887	-4.641080107510288	3.867527657381823e-6	3.7017764720654586e-5
LIF-R	Day*Allocation*srf14	Day4 Anakinra Yes - Day4 Placebo Yes	0	-0.22400430355330117	0.17398057993145383	1189.4448930891601	-1.2875247550132094	0.1981619048351525	0.44740482011467014
LIF-R	Day*Allocation*srf14	Day4 Anakinra Yes - Day7 Placebo Yes	0	0.23583999287006374	0.173976347377365	1189.5163334207773	1.3555865290039273	0.17548807530611452	0.40543796708654045
LIF-R	Day*Allocation*srf14	Day7 Anakinra Yes - Day1 Placebo Yes	0	-1.1026872625761566	0.16924788376040242	1130.9555891282266	-6.515220386076955	1.0902471099230237e-10	1.8261639091210648e-9
LIF-R	Day*Allocation*srf14	Day7 Anakinra Yes - Day4 Placebo Yes	0	-0.5378032281997445	0.17326399802516282	1180.6410083991575	-3.103952548305161	0.0019549476114879786	0.03274537249242364
LIF-R	Day*Allocation*srf14	Day7 Anakinra Yes - Day7 Placebo Yes	0	-0.07795893177637961	0.17326348676599598	1180.8648117963405	-0.44994437796157477	0.652833130397027	0.9309787269339678
LIF-R	Day*Allocation*srf14	Day1 Placebo Yes - Day4 Placebo Yes	0	0.5648840343764121	0.13247024721902106	1062.4404428743626	4.264233261695777	2.184401655439187e-5	1.4635491091442553e-4
LIF-R	Day*Allocation*srf14	Day1 Placebo Yes - Day7 Placebo Yes	0	1.024728330799777	0.13247620235602897	1062.2627957316834	7.735188000376294	2.3901612993514488e-14	2.669013450942451e-13
LIF-R	Day*Allocation*srf14	Day4 Placebo Yes - Day7 Placebo Yes	0	0.4598442964233649	0.13612376932331757	1054.7584054746083	3.378133728659503	7.564645364580223e-4	0.0101366247885375
FGF-21	Day*Allocation*srf14	Day1 Anakinra No - Day4 Anakinra No	0	-0.08420566430626052	0.060309855680582114	1041.7082550112493	-1.3962173073707438	0.1629465145909784	0.20217437921473244
FGF-21	Day*Allocation*srf14	Day1 Anakinra No - Day7 Anakinra No	0	0.22150080923905455	0.06078907409831973	1046.9595168914616	3.6437602073162196	2.818654882704592e-4	3.4972199470594006e-4
FGF-21	Day*Allocation*srf14	Day1 Anakinra No - Day1 Placebo No	0	0.00226006716126271	0.1007923859103255	1306.752677913487	0.02242299495989192	0.9821139609588442	0.9893930626752736
FGF-21	Day*Allocation*srf14	Day1 Anakinra No - Day4 Placebo No	0	-0.0094684865757119	0.09957505645768164	1285.2387607218036	-0.09508894006739436	0.9242590055911887	0.9242590055911887
FGF-21	Day*Allocation*srf14	Day1 Anakinra No - Day7 Placebo No	0	0.06958430827419142	0.1011160965041106	1312.8077711385413	0.6881625248593596	0.49147201520316897	0.548810416976872
FGF-21	Day*Allocation*srf14	Day1 Anakinra No - Day1 Anakinra Yes	0	5.229210212398506e-4	0.12095455983381011	1290.3879607430158	0.004323284892759205	0.9965511967224473	0.9965511967224473
FGF-21	Day*Allocation*srf14	Day1 Anakinra No - Day4 Anakinra Yes	0	0.05532299902239503	0.12386542105082221	1323.136208382316	0.44663796040136095	0.6552095729202524	0.7196564161583101
FGF-21	Day*Allocation*srf14	Day1 Anakinra No - Day7 Anakinra Yes	0	0.27597390103041464	0.12270993407219255	1308.6062658134404	2.248993963830622	0.024678637690261556	0.0472419635785007
FGF-21	Day*Allocation*srf14	Day1 Anakinra No - Day1 Placebo Yes	0	-0.06219208787820262	0.13656591194635856	1277.9808542175967	-0.45539979187947666	0.648899004040312	0.7368853096728967
FGF-21	Day*Allocation*srf14	Day1 Anakinra No - Day4 Placebo Yes	0	-0.1417294873634688	0.1421593413567006	1339.5768527093173	-0.9969762522171988	0.31895608874809206	0.4546820839600461
FGF-21	Day*Allocation*srf14	Day1 Anakinra No - Day7 Placebo Yes	0	0.15639961594894608	0.14210058158936956	1339.3569664844747	1.1006261494474152	0.2712571667105654	0.3709026565226098
FGF-21	Day*Allocation*srf14	Day4 Anakinra No - Day7 Anakinra No	0	0.30570647354531505	0.06098454999184019	1045.9864243115076	5.012851182573602	6.29495765571459e-7	1.6870486517315102e-6
FGF-21	Day*Allocation*srf14	Day4 Anakinra No - Day1 Placebo No	0	0.08646573146752323	0.10094830654083135	1309.0887522789312	0.8565347397140314	0.391858825113248	0.5147949271095611
FGF-21	Day*Allocation*srf14	Day4 Anakinra No - Day4 Placebo No	0	0.07473717773054862	0.09973299843062955	1287.7451740328931	0.7493726139451522	0.4537695192603801	0.9152190012754137
FGF-21	Day*Allocation*srf14	Day4 Anakinra No - Day7 Placebo No	0	0.15378997258045193	0.1012729715056302	1315.1857692995532	1.5185687779675952	0.1291114128248167	0.21626161648156797
FGF-21	Day*Allocation*srf14	Day4 Anakinra No - Day1 Anakinra Yes	0	0.08472858532750037	0.12110749460825282	1292.6152388976673	0.699614715022984	0.4842938284548567	0.5407947751079233
FGF-21	Day*Allocation*srf14	Day4 Anakinra No - Day4 Anakinra Yes	0	0.13952866332865554	0.12401473032519814	1325.1382392361286	1.1250975022303877	0.2607514601365178	0.3788397330013291
FGF-21	Day*Allocation*srf14	Day4 Anakinra No - Day7 Anakinra Yes	0	0.3601795653366751	0.12286079692904765	1310.7275843715338	2.9316069433008765	0.0034306356108601156	0.011492629296381387
FGF-21	Day*Allocation*srf14	Day4 Anakinra No - Day1 Placebo Yes	0	0.022013576428057895	0.136703241276833	1279.795549131844	0.161031854273879	0.872093727259655	0.8853072685817709
FGF-21	Day*Allocation*srf14	Day4 Anakinra No - Day4 Placebo Yes	0	-0.05752382305720829	0.14229135022336364	1341.0776601553653	-0.40426788393608987	0.6860802011819309	0.738532115937877
FGF-21	Day*Allocation*srf14	Day4 Anakinra No - Day7 Placebo Yes	0	0.24060528025520658	0.14223034318039735	1340.746632878893	1.6916592822252825	0.09094333587357993	0.1740915286722816
FGF-21	Day*Allocation*srf14	Day7 Anakinra No - Day1 Placebo No	0	-0.21924074207779184	0.1012273856995497	1313.9093765250375	-2.1658244017929538	0.03050401079088153	0.040875374459781254
FGF-21	Day*Allocation*srf14	Day7 Anakinra No - Day4 Placebo No	0	-0.23096929581476644	0.10001387076813253	1292.7886494591921	-2.309372630424782	0.02107990487553689	0.04870184919520592
FGF-21	Day*Allocation*srf14	Day7 Anakinra No - Day7 Placebo No	0	-0.15191650096486314	0.10155250507587348	1319.957494907855	-1.495940458104514	0.13490821885018348	0.5359416459991351
FGF-21	Day*Allocation*srf14	Day7 Anakinra No - Day1 Anakinra Yes	0	-0.2209778882178147	0.12135729051607849	1296.0109906649388	-1.820886798626553	0.0688545605365071	0.08704255765935802
FGF-21	Day*Allocation*srf14	Day7 Anakinra No - Day4 Anakinra Yes	0	-0.16617781021665953	0.12425823908807106	1328.174234147449	-1.3373584837209624	0.18133462530361633	0.2208985435516781
FGF-21	Day*Allocation*srf14	Day7 Anakinra No - Day7 Anakinra Yes	0	0.054473091791360076	0.12310434520819555	1313.8187832864562	0.44249528072493727	0.6582036805433846	0.7474516372272334
FGF-21	Day*Allocation*srf14	Day7 Anakinra No - Day1 Placebo Yes	0	-0.28369289711725715	0.13692934380110658	1282.583772277119	-2.0718195913457995	0.03848176485395018	0.05055447539636593
FGF-21	Day*Allocation*srf14	Day7 Anakinra No - Day4 Placebo Yes	0	-0.3632302966025234	0.14250578629852537	1343.2720690119365	-2.5488810387082648	0.010917339243262807	0.018286543232465202
FGF-21	Day*Allocation*srf14	Day7 Anakinra No - Day7 Placebo Yes	0	-0.06510119329010848	0.14245045828673356	1343.1504664320876	-0.45700936362779937	0.6477382169624026	0.7114501727291964
FGF-21	Day*Allocation*srf14	Day1 Placebo No - Day4 Placebo No	0	-0.011728553736974609	0.09562276618518449	1044.4462312064923	-0.12265440757341108	0.9024043648858586	0.9160771582932201
FGF-21	Day*Allocation*srf14	Day1 Placebo No - Day7 Placebo No	0	0.0673242411129287	0.0972382680142982	1056.063706937803	0.692363639210739	0.48886119941530926	0.5117765681379018
FGF-21	Day*Allocation*srf14	Day1 Placebo No - Day1 Anakinra Yes	0	-0.0017371461400228594	0.1378177614133361	1305.496456123981	-0.012604660837676052	0.989945127900304	0.989945127900304
FGF-21	Day*Allocation*srf14	Day1 Placebo No - Day4 Anakinra Yes	0	0.05306293186113232	0.1403692418447159	1330.2817197931186	0.3780239257816426	0.7054731301278792	0.7748639298125887
FGF-21	Day*Allocation*srf14	Day1 Placebo No - Day7 Anakinra Yes	0	0.27371383386915193	0.13935386580855227	1319.3186007572876	1.9641639094905816	0.049720762389598265	0.10094821454857829
FGF-21	Day*Allocation*srf14	Day1 Placebo No - Day1 Placebo Yes	0	-0.06445215503946533	0.15181214710026877	1291.3960398580343	-0.4245520287444194	0.6712339884101062	0.8176850404268566
FGF-21	Day*Allocation*srf14	Day1 Placebo No - Day4 Placebo Yes	0	-0.14398955452473153	0.15687225334608934	1340.8646227532886	-0.9178777728593203	0.3588479282472915	0.5358471880842686
FGF-21	Day*Allocation*srf14	Day1 Placebo No - Day7 Placebo Yes	0	0.15413954878768335	0.15678545718823986	1340.334712707431	0.9831240189746695	0.3257238298499876	0.4763929741001747
FGF-21	Day*Allocation*srf14	Day4 Placebo No - Day7 Placebo No	0	0.07905279484990331	0.09591272113294964	1045.9013473589955	0.8242159529633624	0.41000477948175273	0.499460367732317
FGF-21	Day*Allocation*srf14	Day4 Placebo No - Day1 Anakinra Yes	0	0.00999140759695175	0.13694375689261062	1293.9103082032752	0.07295993496649045	0.9418492761018775	0.9418492761018775
FGF-21	Day*Allocation*srf14	Day4 Placebo No - Day4 Anakinra Yes	0	0.06479148559810692	0.1395119297713506	1319.6378657340733	0.46441537798448645	0.6424267814063753	0.7686177563254848
FGF-21	Day*Allocation*srf14	Day4 Placebo No - Day7 Anakinra Yes	0	0.2854423876061265	0.13848856023187522	1308.2196489000232	2.061126111270147	0.03948826747448584	0.10582855683162205
FGF-21	Day*Allocation*srf14	Day4 Placebo No - Day1 Placebo Yes	0	-0.05272360130249072	0.15101840536170885	1281.7577949615393	-0.34912036831676774	0.7270562892566312	0.7856898609708757
FGF-21	Day*Allocation*srf14	Day4 Placebo No - Day4 Placebo Yes	0	-0.1322610007877569	0.15610195375699384	1332.5653998850346	-0.8472731929649613	0.396995007230984	0.4749761693656416
FGF-21	Day*Allocation*srf14	Day4 Placebo No - Day7 Placebo Yes	0	0.16586810252465797	0.15601964183495493	1332.1574371103566	1.063123210474494	0.2879187541882513	0.43842173933210993
FGF-21	Day*Allocation*srf14	Day7 Placebo No - Day1 Anakinra Yes	0	-0.06906138725295156	0.13783472542061156	1305.9955650881896	-0.5010449075311485	0.616423953390046	0.6770558176579194
FGF-21	Day*Allocation*srf14	Day7 Placebo No - Day4 Anakinra Yes	0	-0.014261309251796386	0.14038411766658845	1330.6862587069475	-0.10158776853708566	0.9190991931364189	0.9621819678146885
FGF-21	Day*Allocation*srf14	Day7 Placebo No - Day7 Anakinra Yes	0	0.2063895927562232	0.13936896063827134	1319.7463878292526	1.4808863595668353	0.1388755492485703	0.21146958635577748
FGF-21	Day*Allocation*srf14	Day7 Placebo No - Day1 Placebo Yes	0	-0.13177639615239403	0.15185103740968287	1292.0851474025187	-0.8678004339006987	0.3856647333244936	0.46853563323733854
FGF-21	Day*Allocation*srf14	Day7 Placebo No - Day4 Placebo Yes	0	-0.21131379563766023	0.15691228606204932	1341.5440257500986	-1.3467001274463517	0.17830429257942598	0.25417845963450086
FGF-21	Day*Allocation*srf14	Day7 Placebo No - Day7 Placebo Yes	0	0.08681530767475466	0.15682615718706944	1340.9975076117025	0.5535767070489228	0.5799608544541675	0.7195810601560966
FGF-21	Day*Allocation*srf14	Day1 Anakinra Yes - Day4 Anakinra Yes	0	0.054800078001155175	0.12441357976559704	1080.791910681622	0.4404670141667971	0.6596869766989086	0.7128875393359173
FGF-21	Day*Allocation*srf14	Day1 Anakinra Yes - Day7 Anakinra Yes	0	0.2754509800091748	0.1235253514249431	1083.110320114696	2.2299145627328594	0.025957455047537388	0.040445336934535
FGF-21	Day*Allocation*srf14	Day1 Anakinra Yes - Day1 Placebo Yes	0	-0.06271500889944247	0.16400585629503217	1304.5777646804688	-0.3823949358651173	0.702230732455255	0.9668895255885167
FGF-21	Day*Allocation*srf14	Day1 Anakinra Yes - Day4 Placebo Yes	0	-0.14225240838470865	0.16871397318818548	1346.690247548478	-0.8431572423822815	0.3992902368327764	0.5420598048130187
FGF-21	Day*Allocation*srf14	Day1 Anakinra Yes - Day7 Placebo Yes	0	0.15587669492770623	0.16871191936067823	1346.8668690341813	0.9239222428290179	0.3556922924332906	0.4413219183894531
FGF-21	Day*Allocation*srf14	Day4 Anakinra Yes - Day7 Anakinra Yes	0	0.2206509020080196	0.12489578728899299	1055.9481456911446	1.7666801002459869	0.0775706741665766	0.18561554175573688
FGF-21	Day*Allocation*srf14	Day4 Anakinra Yes - Day1 Placebo Yes	0	-0.11751508690059764	0.1661606649395553	1322.14718336104	-0.7072377023969325	0.47954340566942244	0.5969872452297763
FGF-21	Day*Allocation*srf14	Day4 Anakinra Yes - Day4 Placebo Yes	0	-0.19705248638586384	0.17081021766916785	1361.7687788591686	-1.1536340687038003	0.24885265835170606	0.4474758003169923
FGF-21	Day*Allocation*srf14	Day4 Anakinra Yes - Day7 Placebo Yes	0	0.10107661692655105	0.1708079504425698	1361.9244518540675	0.5917559262590397	0.5541122527612229	0.7391651378811923
FGF-21	Day*Allocation*srf14	Day7 Anakinra Yes - Day1 Placebo Yes	0	-0.33816598890861727	0.16530403690286632	1314.072924482372	-2.045721297824842	0.04098254224490081	0.07421163055157715
FGF-21	Day*Allocation*srf14	Day7 Anakinra Yes - Day4 Placebo Yes	0	-0.41770338839388343	0.16997381896913433	1354.6939335517868	-2.4574572185716113	0.01411700605595026	0.13511991510695248
FGF-21	Day*Allocation*srf14	Day7 Anakinra Yes - Day7 Placebo Yes	0	-0.11957428508146854	0.16997836421310308	1355.0858326621199	-0.7034676774013274	0.4818851913220378	0.9309787269339678
FGF-21	Day*Allocation*srf14	Day1 Placebo Yes - Day4 Placebo Yes	0	-0.07953739948526618	0.1457553804390761	1077.1018969001154	-0.5456910012218164	0.5853913496318044	0.688091586409314
FGF-21	Day*Allocation*srf14	Day1 Placebo Yes - Day7 Placebo Yes	0	0.2185917038271487	0.14576479723379968	1076.869690424782	1.4996193043546597	0.13400614369734093	0.17956823255443685
FGF-21	Day*Allocation*srf14	Day4 Placebo Yes - Day7 Placebo Yes	0	0.2981291033124149	0.14987962521246603	1070.7808311618692	1.9891236243071309	0.04694168017996111	0.20574811957517516
CCL19	Day*Allocation*srf14	Day1 Anakinra No - Day4 Anakinra No	0	0.3065060169568502	0.043227494890845694	1021.6509047354741	7.090533877357744	2.490300127755454e-12	6.952087856650641e-12
CCL19	Day*Allocation*srf14	Day1 Anakinra No - Day7 Anakinra No	0	0.35959667959349245	0.04360997657401978	1023.7978217471208	8.245743470720383	4.996392066180403e-16	1.11586089478029e-15
CCL19	Day*Allocation*srf14	Day1 Anakinra No - Day1 Placebo No	0	-0.1514255568205137	0.10344060192302854	880.4551152405201	-1.4638889759476785	0.14358120870082283	0.9893930626752736
CCL19	Day*Allocation*srf14	Day1 Anakinra No - Day4 Placebo No	0	0.26353930237444684	0.10276971510757041	863.1844006585387	2.564367353734481	0.010504542890311348	0.024880683122393114
CCL19	Day*Allocation*srf14	Day1 Anakinra No - Day7 Placebo No	0	0.20011909073897288	0.10361422613614667	885.0455830494368	1.9313862410748606	0.0537543206667086	0.07662849967381864
CCL19	Day*Allocation*srf14	Day1 Anakinra No - Day1 Anakinra Yes	0	-0.16663818333308603	0.12455057707453203	871.6998630186274	-1.337915786880445	0.18127280842489063	0.34197937476826845
CCL19	Day*Allocation*srf14	Day1 Anakinra No - Day4 Anakinra Yes	0	0.4429755116640547	0.1262989930554964	905.7435162512156	3.5073558462133505	4.748259219067856e-4	0.0018859877619344539
CCL19	Day*Allocation*srf14	Day1 Anakinra No - Day7 Anakinra Yes	0	0.3472785710711498	0.12563488413117596	892.1477017644912	2.7641890504595414	0.005824064560038037	0.013455597431812016
CCL19	Day*Allocation*srf14	Day1 Anakinra No - Day1 Placebo Yes	0	-0.3258077413591642	0.14105987896292607	863.0408806499003	-2.3097123275201046	0.021139294799952576	0.08074907653573823
CCL19	Day*Allocation*srf14	Day1 Anakinra No - Day4 Placebo Yes	0	-0.10061173948265507	0.14430087577266615	920.7633837346152	-0.6972358202535124	0.485831227615118	0.5843625050614446
CCL19	Day*Allocation*srf14	Day1 Anakinra No - Day7 Placebo Yes	0	0.15501746675511305	0.14426113628893675	920.142450163786	1.0745615260137196	0.2828527806741228	0.37902272610332455
CCL19	Day*Allocation*srf14	Day4 Anakinra No - Day7 Anakinra No	0	0.05309066263664225	0.04373850985650681	1022.8709684352013	1.2138196479673655	0.22509679036425898	0.2742088173528246
CCL19	Day*Allocation*srf14	Day4 Anakinra No - Day1 Placebo No	0	-0.45793157377736393	0.10353126278087066	882.6656575938185	-4.423123619641346	1.094238165726774e-5	4.8875971402462574e-5
CCL19	Day*Allocation*srf14	Day4 Anakinra No - Day4 Placebo No	0	-0.042966714582403365	0.10286095556716854	865.4155473655138	-0.41771646340915003	0.6762580489773709	0.9152190012754137
CCL19	Day*Allocation*srf14	Day4 Anakinra No - Day7 Placebo No	0	-0.10638692621787732	0.1037049985586025	887.2677403806011	-1.0258611223812832	0.30523664302600156	0.4173643894437164
CCL19	Day*Allocation*srf14	Day4 Anakinra No - Day1 Anakinra Yes	0	-0.4731442002899362	0.12463572162560765	873.4883841381279	-3.796216639329218	1.5707001874641857e-4	4.3848713566708514e-4
CCL19	Day*Allocation*srf14	Day4 Anakinra No - Day4 Anakinra Yes	0	0.13646949470720446	0.1263829370408842	907.494461162233	1.079809489338401	0.2805139196713048	0.39155067954119627
CCL19	Day*Allocation*srf14	Day4 Anakinra No - Day7 Anakinra Yes	0	0.040772554114299614	0.1257192161151172	893.9119305099015	0.32431441568141384	0.745775878428816	0.8059190944311398
CCL19	Day*Allocation*srf14	Day4 Anakinra No - Day1 Placebo Yes	0	-0.6323137583160143	0.14113604074804728	864.4508944205733	-4.480172144298747	8.459909309685982e-6	3.148966243049782e-5
CCL19	Day*Allocation*srf14	Day4 Anakinra No - Day4 Placebo Yes	0	-0.40711775643950526	0.1443753141761364	922.1266122226673	-2.8198571117415945	0.004907491218896716	0.012646227371772307
CCL19	Day*Allocation*srf14	Day4 Anakinra No - Day7 Placebo Yes	0	-0.15148855020173715	0.14433529660483999	921.4893786042308	-1.0495599743455775	0.29419564731817643	0.41938528447484724
CCL19	Day*Allocation*srf14	Day7 Anakinra No - Day1 Placebo No	0	-0.5110222364140061	0.10368507060082488	886.6323070018254	-4.9285999754138246	9.882813376590857e-7	2.64859398492635e-6
CCL19	Day*Allocation*srf14	Day7 Anakinra No - Day4 Placebo No	0	-0.09605737721904561	0.10301538983544821	869.3950495950681	-0.9324565715130818	0.3513594943331064	0.46158992392780646
CCL19	Day*Allocation*srf14	Day7 Anakinra No - Day7 Placebo No	0	-0.15947758885451957	0.10385898726325801	891.2474460820114	-1.5355203536722493	0.1250109673841786	0.5359416459991351
CCL19	Day*Allocation*srf14	Day7 Anakinra No - Day1 Anakinra Yes	0	-0.5262348629265785	0.12477695134974809	876.4264310571381	-4.217404394274303	2.7281828254492984e-5	5.376124979561853e-5
CCL19	Day*Allocation*srf14	Day7 Anakinra No - Day4 Anakinra Yes	0	0.08337883207056221	0.12652205494651808	910.3643248183034	0.6590063061006014	0.510058367090932	0.569565176584874
CCL19	Day*Allocation*srf14	Day7 Anakinra No - Day7 Anakinra Yes	0	-0.012318108522342636	0.12585856738763002	896.7814846283765	-0.09787262621863689	0.9220553069769994	0.9360258419311964
CCL19	Day*Allocation*srf14	Day7 Anakinra No - Day1 Placebo Yes	0	-0.6854044209526566	0.1412632608837366	866.7885050381788	-4.851965165357202	1.4492437564094031e-6	3.4678332742653575e-6
CCL19	Day*Allocation*srf14	Day7 Anakinra No - Day4 Placebo Yes	0	-0.4602084190761475	0.14449902872569212	924.3572832443826	-3.184854757396178	0.0014967596314379398	0.0031338404783231863
CCL19	Day*Allocation*srf14	Day7 Anakinra No - Day7 Placebo Yes	0	-0.2045792128383794	0.14446020005071458	923.772752953024	-1.4161631561257653	0.15706482905415692	0.23385207881396697
CCL19	Day*Allocation*srf14	Day1 Placebo No - Day4 Placebo No	0	0.4149648591949605	0.06855898519886193	1021.9161307142411	6.052669216023473	1.9977619830485076e-9	1.1154171072020834e-8
CCL19	Day*Allocation*srf14	Day1 Placebo No - Day7 Placebo No	0	0.3515446475594866	0.06985669154955136	1026.7834769117453	5.032368979428776	5.717239596356172e-7	1.3208794929512534e-6
CCL19	Day*Allocation*srf14	Day1 Placebo No - Day1 Anakinra Yes	0	-0.015212626512572325	0.14141808275459142	881.6999493276762	-0.1075720036381162	0.91435967856215	0.9424938225179083
CCL19	Day*Allocation*srf14	Day1 Placebo No - Day4 Anakinra Yes	0	0.5944010684845684	0.14295234985006836	908.1091402581891	4.158036360423523	3.514018777878201e-5	2.9429907264729935e-4
CCL19	Day*Allocation*srf14	Day1 Placebo No - Day7 Anakinra Yes	0	0.4987041278916635	0.14236651305396364	897.532928386325	3.5029594895158462	4.82833700731918e-4	0.001540469426144691
CCL19	Day*Allocation*srf14	Day1 Placebo No - Day1 Placebo Yes	0	-0.17438218453865045	0.15632020039596442	871.7533570473016	-1.11554478625881	0.26492445082627397	0.47972805960433396
CCL19	Day*Allocation*srf14	Day1 Placebo No - Day4 Placebo Yes	0	0.05081381733785863	0.15925891156874977	919.0746500278402	0.3190642007867989	0.7497503300896737	0.8514113917967482
CCL19	Day*Allocation*srf14	Day1 Placebo No - Day7 Placebo Yes	0	0.30644302357562675	0.1592039367823486	918.2523211094039	1.9248457655577458	0.05455731980367444	0.10751001255429964
CCL19	Day*Allocation*srf14	Day4 Placebo No - Day7 Placebo No	0	-0.06342021163547396	0.06878298090476827	1022.44481982696	-0.9220334856275101	0.3567286227887283	0.4596311101316307
CCL19	Day*Allocation*srf14	Day4 Placebo No - Day1 Anakinra Yes	0	-0.4301774857075329	0.14094196860912697	872.6186106649373	-3.0521603320338175	0.002340844685293675	0.006032176689026009
CCL19	Day*Allocation*srf14	Day4 Placebo No - Day4 Anakinra Yes	0	0.17943620928960782	0.1424815494246947	899.1762518942614	1.259364528348596	0.20822550210532048	0.32125546041292874
CCL19	Day*Allocation*srf14	Day4 Placebo No - Day7 Anakinra Yes	0	0.08373926869670298	0.1418934405879923	888.5302968860811	0.5901560237717528	0.555236104822979	0.7220726275056204
CCL19	Day*Allocation*srf14	Day4 Placebo No - Day1 Placebo Yes	0	-0.589347043733611	0.15588717468757154	864.336651741064	-3.7805999429701513	1.6720233974222798e-4	4.667731984470531e-4
CCL19	Day*Allocation*srf14	Day4 Placebo No - Day4 Placebo Yes	0	-0.3641510418571019	0.15883330149089375	911.8342694475081	-2.292661793458845	0.022094420175589245	0.04942334907379736
CCL19	Day*Allocation*srf14	Day4 Placebo No - Day7 Placebo Yes	0	-0.1085218356193338	0.15877940720836312	911.0530051098959	-0.6834755055919985	0.49448020449558816	0.613521735207489
CCL19	Day*Allocation*srf14	Day7 Placebo No - Day1 Anakinra Yes	0	-0.36675727407205894	0.14142339319421435	881.8685593961975	-2.59332820255838	0.00966272316552744	0.015414344097389013
CCL19	Day*Allocation*srf14	Day7 Placebo No - Day4 Anakinra Yes	0	0.24285642092508178	0.14295721330267314	908.259217311539	1.698804945301355	0.08969840740217455	0.13355096213212655
CCL19	Day*Allocation*srf14	Day7 Placebo No - Day7 Anakinra Yes	0	0.14715948033217693	0.142371389945565	897.68354503820035	1.0336309871557947	0.301587084264916	0.42096530511977853
CCL19	Day*Allocation*srf14	Day7 Placebo No - Day1 Placebo Yes	0	-0.5259268320981371	0.15633791819540296	872.1118541256701	-3.3640388599827324	8.01600100871852e-4	0.0015796237281886496
CCL19	Day*Allocation*srf14	Day7 Placebo No - Day4 Placebo Yes	0	-0.30073083022162794	0.15927677653839986	919.4452692202511	-1.8881021876351514	0.05932687122695399	0.10192052236425428
CCL19	Day*Allocation*srf14	Day7 Placebo No - Day7 Placebo Yes	0	-0.04510162398385985	0.15922223989211934	918.6347288842408	-0.28326208709548584	0.7770397579469004	0.8203307589282933
CCL19	Day*Allocation*srf14	Day1 Anakinra Yes - Day4 Anakinra Yes	0	0.6096136949971407	0.08983268969779193	1041.4786592711027	6.786100884298969	1.9299721985945738e-11	2.586162746116729e-10
CCL19	Day*Allocation*srf14	Day1 Anakinra Yes - Day7 Anakinra Yes	0	0.5139167544042358	0.08925153453318882	1043.9435159920824	5.7580719154260835	1.1181447278539707e-8	4.994379784414403e-8
CCL19	Day*Allocation*srf14	Day1 Anakinra Yes - Day1 Placebo Yes	0	-0.15916955802607813	0.16838280889395835	879.7718840452166	-0.9452838984668417	0.34477349310185335	0.9668895255885167
CCL19	Day*Allocation*srf14	Day1 Anakinra Yes - Day4 Placebo Yes	0	0.06602644385043095	0.17111774609159014	920.8094008482045	0.3858538658818621	0.6996940270902808	0.7685163904106364
CCL19	Day*Allocation*srf14	Day1 Anakinra Yes - Day7 Placebo Yes	0	0.3216556500881991	0.17111316233248014	920.7849746473337	1.8797832130716425	0.06045317897401613	0.11407324956313426
CCL19	Day*Allocation*srf14	Day4 Anakinra Yes - Day7 Anakinra Yes	0	-0.09569694059290484	0.08971937619230706	1026.4444396578938	-1.0666251221785727	0.28639196158063535	0.501241157021234
CCL19	Day*Allocation*srf14	Day4 Anakinra Yes - Day1 Placebo Yes	0	-0.7687832530232188	0.16968107963428092	898.4881666534482	-4.5307541340507855	6.670503585260505e-6	5.586546752655673e-5
CCL19	Day*Allocation*srf14	Day4 Anakinra Yes - Day4 Placebo Yes	0	-0.5435872511467097	0.17239556131379377	939.010074632083	-3.1531394834306328	0.0016665305793631588	0.05582877440866582
CCL19	Day*Allocation*srf14	Day4 Anakinra Yes - Day7 Placebo Yes	0	-0.2879580449089416	0.17239100089231799	938.9857823777286	-1.6703774757292071	0.0951779649199285	0.2898601658925095
CCL19	Day*Allocation*srf14	Day7 Anakinra Yes - Day1 Placebo Yes	0	-0.673086312430314	0.16919078714407712	891.0061572289591	-3.978268106626495	7.50564154891608e-5	3.868292182902903e-4
CCL19	Day*Allocation*srf14	Day7 Anakinra Yes - Day4 Placebo Yes	0	-0.4478903105538049	0.17191234286677887	931.7007954029854	-2.605341205202999	0.00932462261686304	0.1041249525549706
CCL19	Day*Allocation*srf14	Day7 Anakinra Yes - Day7 Placebo Yes	0	-0.19226110431603677	0.17190897240306108	931.7252599280805	-1.1183890033689323	0.2636891530137399	0.7681379674748076
CCL19	Day*Allocation*srf14	Day1 Placebo Yes - Day4 Placebo Yes	0	0.2251960018765091	0.10521507096910851	1041.8930204332228	2.1403397802452404	0.03255897741967134	0.07036940281025741
CCL19	Day*Allocation*srf14	Day1 Placebo Yes - Day7 Placebo Yes	0	0.4808252081142772	0.10521756574147552	1041.793256813323	4.569818781929314	5.465586978416948e-6	2.1540842797290328e-5
CCL19	Day*Allocation*srf14	Day4 Placebo Yes - Day7 Placebo Yes	0	0.25562920623776814	0.1079892602105835	1035.031811919115	2.367172492331929	0.018107755731602487	0.1297035125324758
IL-10RB	Day*Allocation*srf14	Day1 Anakinra No - Day4 Anakinra No	0	0.04947492017317188	0.047914915024481176	1025.9074599638532	1.0325578193740643	0.302054224664466	0.33176447627080696
IL-10RB	Day*Allocation*srf14	Day1 Anakinra No - Day7 Anakinra No	0	-0.21959144171165057	0.04833060660531483	1028.6920438816178	-4.543527531216678	6.187453673569715e-6	9.640916189050486e-6
IL-10RB	Day*Allocation*srf14	Day1 Anakinra No - Day1 Placebo No	0	0.042020000837569405	0.10279662611693312	973.4984751832575	0.40876828768456713	0.6827996185593546	0.9893930626752736
IL-10RB	Day*Allocation*srf14	Day1 Anakinra No - Day4 Placebo No	0	0.07325501461098272	0.1019815834592021	952.7143907577124	0.7183161128331421	0.47273851164012337	0.5678791146371124
IL-10RB	Day*Allocation*srf14	Day1 Anakinra No - Day7 Placebo No	0	-0.34462487546550435	0.10300874061088268	979.0841975208674	-3.345588669677371	8.522741846394846e-4	0.0015861769547457073
IL-10RB	Day*Allocation*srf14	Day1 Anakinra No - Day1 Anakinra Yes	0	0.22031740432753932	0.12368174429951193	962.2726602773495	1.7813251711102263	0.07517468595449889	0.1937193830365933
IL-10RB	Day*Allocation*srf14	Day1 Anakinra No - Day4 Anakinra Yes	0	0.3934347243439454	0.12576330599247484	1001.0734236251299	3.128374538496045	0.0018085705274029367	0.005268444579825946
IL-10RB	Day*Allocation*srf14	Day1 Anakinra No - Day7 Anakinra Yes	0	0.0035599438501425044	0.12496448911001336	985.2239076931093	0.028487643773812278	0.9772789921632683	0.9772789921632683
IL-10RB	Day*Allocation*srf14	Day1 Anakinra No - Day1 Placebo Yes	0	0.08203060878202101	0.1399709973167578	951.3663290019405	0.5860543280718629	0.5579780136807904	0.6675808377966599
IL-10RB	Day*Allocation*srf14	Day1 Anakinra No - Day4 Placebo Yes	0	-0.08845206626261196	0.14386096501148612	1018.505282263602	-0.6148441049005182	0.5387950132754332	0.6118519642280343
IL-10RB	Day*Allocation*srf14	Day1 Anakinra No - Day7 Placebo Yes	0	-0.113477498952728	0.14381459506360134	1017.8582191325094	-0.789054121402234	0.43026412465359665	0.5439187990903958
IL-10RB	Day*Allocation*srf14	Day4 Anakinra No - Day7 Anakinra No	0	-0.26906636188482247	0.04847640566333296	1027.657824559877	-5.5504602332417035	3.6254823022620434e-8	1.428866554420923e-7
IL-10RB	Day*Allocation*srf14	Day4 Anakinra No - Day1 Placebo No	0	-0.007454919335602474	0.1029053967896703	976.0739196538243	-0.07244439619468823	0.9422630961060048	0.9422630961060048
IL-10RB	Day*Allocation*srf14	Day4 Anakinra No - Day4 Placebo No	0	0.023780094437810838	0.10209121721658362	955.3365691222967	0.23292987473508167	0.8158657544033511	0.9791167195678598
IL-10RB	Day*Allocation*srf14	Day4 Anakinra No - Day7 Placebo No	0	-0.39409979563867625	0.10311772369560496	981.6769854066976	-3.8218434379139947	1.4079238586823633e-4	0.0023582724632929585
IL-10RB	Day*Allocation*srf14	Day4 Anakinra No - Day1 Anakinra Yes	0	0.17084248415436745	0.123784858753405	964.4125667558941	1.3801565544838335	0.16785828281296364	0.22051970487193262
IL-10RB	Day*Allocation*srf14	Day4 Anakinra No - Day4 Anakinra Yes	0	0.34395980417077354	0.12586468515390897	1003.1357682513715	2.732774516935986	0.006390733402399417	0.017840797415031705
IL-10RB	Day*Allocation*srf14	Day4 Anakinra No - Day7 Anakinra Yes	0	-0.04591497632302938	0.12506645676014125	987.3172882452359	-0.36712462727785944	0.7136047300456351	0.7981769928545945
IL-10RB	Day*Allocation*srf14	Day4 Anakinra No - Day1 Placebo Yes	0	0.03255568860884913	0.1400633134253822	953.0606150895543	0.23243551657224615	0.8162496684599829	0.8413650428741362
IL-10RB	Day*Allocation*srf14	Day4 Anakinra No - Day4 Placebo Yes	0	-0.13792698643578383	0.14395077925466818	1020.1005857181643	-0.9581538019448478	0.33821223559515656	0.43577345740145174
IL-10RB	Day*Allocation*srf14	Day4 Anakinra No - Day7 Placebo Yes	0	-0.1629524191258999	0.14390389515252142	1019.4226792000708	-1.132369759367453	0.2577452855958249	0.3879287408794199
IL-10RB	Day*Allocation*srf14	Day7 Anakinra No - Day1 Placebo No	0	0.26161144254922	0.10309220447215217	980.8301692646661	2.537645245716788	0.011313953527519509	0.016128401837102277
IL-10RB	Day*Allocation*srf14	Day7 Anakinra No - Day4 Placebo No	0	0.2928464563226333	0.1022789309274088	960.1374357344899	2.8632138962273412	0.004284926289550683	0.014354503069994787
IL-10RB	Day*Allocation*srf14	Day7 Anakinra No - Day7 Placebo No	0	-0.1250334337538538	0.10330478972869261	986.44345409041	-1.2103353008338404	0.2264401884389269	0.6887143267765057
IL-10RB	Day*Allocation*srf14	Day7 Anakinra No - Day1 Anakinra Yes	0	0.4399088460391899	0.12395547027961207	967.896231371771	3.5489264414621413	4.0539083618215243e-4	6.466949053381955e-4
IL-10RB	Day*Allocation*srf14	Day7 Anakinra No - Day4 Anakinra Yes	0	0.613026166055596	0.12603224981148856	1006.4834415883339	4.8640420763139876	1.334018736103673e-6	4.965514184385895e-6
IL-10RB	Day*Allocation*srf14	Day7 Anakinra No - Day7 Anakinra Yes	0	0.22315138556179306	0.1252343038441596	990.6762533167553	1.7818710905238917	0.0750764943466751	0.12897756721095466
IL-10RB	Day*Allocation*srf14	Day7 Anakinra No - Day1 Placebo Yes	0	0.3016220504936716	0.14021720300483823	955.8464943847357	2.1511058845130724	0.03171791268050047	0.043369390808031254
IL-10RB	Day*Allocation*srf14	Day7 Anakinra No - Day4 Placebo Yes	0	0.13113937544903861	0.14409949904272598	1022.6756453823168	0.9100612862655085	0.36300462506679154	0.41933292895646607
IL-10RB	Day*Allocation*srf14	Day7 Anakinra No - Day7 Placebo Yes	0	0.10611394275892257	0.14405451107421938	1022.0843182705224	0.7366235320756518	0.4615203588225957	0.5521761435913198
IL-10RB	Day*Allocation*srf14	Day1 Placebo No - Day4 Placebo No	0	0.03123501377341331	0.07599107648459678	1026.523153153579	0.41103528490933505	0.6811324521592508	0.7605979049111634
IL-10RB	Day*Allocation*srf14	Day1 Placebo No - Day7 Placebo No	0	-0.38664487630307376	0.07739956285246513	1032.7980795235962	-4.995440052291708	6.889450181923705e-7	1.5386438739629608e-6
IL-10RB	Day*Allocation*srf14	Day1 Placebo No - Day1 Anakinra Yes	0	0.17829740348996992	0.14055077412315795	974.6493658385137	1.2685622302850954	0.20490014035413423	0.4576103134575665
IL-10RB	Day*Allocation*srf14	Day1 Placebo No - Day4 Anakinra Yes	0	0.351414723506376	0.14237688620291672	1004.6723494603832	2.468200653057806	0.013745038963767794	0.04041661256400129
IL-10RB	Day*Allocation*srf14	Day1 Placebo No - Day7 Anakinra Yes	0	-0.0384600569874269	0.14167275976807087	992.3838269609996	-0.2714710791996214	0.7860852007472552	0.9308402312078153
IL-10RB	Day*Allocation*srf14	Day1 Placebo No - Day1 Placebo Yes	0	0.040010607944451604	0.15522978017369252	962.2390362130687	0.25775085102666645	0.7966543102089619	0.8609006255483943
IL-10RB	Day*Allocation*srf14	Day1 Placebo No - Day4 Placebo Yes	0	-0.13047206710018136	0.158755211782272	1017.1542770134973	-0.8218443075690635	0.4113581099065402	0.5991520296464825
IL-10RB	Day*Allocation*srf14	Day1 Placebo No - Day7 Placebo Yes	0	-0.15549749979029742	0.15869033565293758	1016.2573589973894	-0.9798800862730354	0.3273785196286809	0.4763929741001747
IL-10RB	Day*Allocation*srf14	Day4 Placebo No - Day7 Placebo No	0	-0.41787989007648707	0.07623610606532097	1027.2269867628825	-5.481390795569193	5.309819325675239e-8	2.398095228848112e-6
IL-10RB	Day*Allocation*srf14	Day4 Placebo No - Day1 Anakinra Yes	0	0.1470623897165566	0.1399708848613148	963.6717800407669	1.050664142491263	0.293676269731013	0.3783905783072668
IL-10RB	Day*Allocation*srf14	Day4 Placebo No - Day4 Anakinra Yes	0	0.32017970973296267	0.14180474440259344	994.0060537915234	2.2578913779072893	0.024168659726666736	0.060636981627246775
IL-10RB	Day*Allocation*srf14	Day4 Placebo No - Day7 Anakinra Yes	0	-0.06969507076084021	0.1410972256683104	981.5733383233911	-0.49395068138815507	0.6214515218850869	0.7570409448418332
IL-10RB	Day*Allocation*srf14	Day4 Placebo No - Day1 Placebo Yes	0	0.008775594171038292	0.15470252355527006	953.2587305137132	0.05672560453031695	0.9547756648095462	0.9547756648095462
IL-10RB	Day*Allocation*srf14	Day4 Placebo No - Day4 Placebo Yes	0	-0.16170708087359467	0.15823880204947938	1008.570005045098	-1.0219180048078904	0.30706476224306745	0.38098776056084294
IL-10RB	Day*Allocation*srf14	Day4 Placebo No - Day7 Placebo Yes	0	-0.18673251356371073	0.1581755937575305	1007.734408417323	-1.1805393558373836	0.23806433514534245	0.388277429303655
IL-10RB	Day*Allocation*srf14	Day7 Placebo No - Day1 Anakinra Yes	0	0.5649422797930437	0.14055824427562016	974.9004104945737	4.019275302594491	6.28762855298699e-5	1.2765791304549345e-4
IL-10RB	Day*Allocation*srf14	Day7 Placebo No - Day4 Anakinra Yes	0	0.7380595998094498	0.14238364170169568	1004.89114459305	5.183598277081152	2.630509356968774e-7	1.468701057640899e-6
IL-10RB	Day*Allocation*srf14	Day7 Placebo No - Day7 Anakinra Yes	0	0.3481848193156469	0.14167954549241235	992.6050067119044	2.457551780714132	0.014158838695308556	0.03477146603738146
IL-10RB	Day*Allocation*srf14	Day7 Placebo No - Day1 Placebo Yes	0	0.4266554842475254	0.1552522601394249	962.7104264329901	2.7481434657657533	0.006105428152772412	0.010488812467583375
IL-10RB	Day*Allocation*srf14	Day7 Placebo No - Day4 Placebo Yes	0	0.2561728092028924	0.15877796499271166	1017.6396740313324	1.6134027742114685	0.10696705823536808	0.1628816568584014
IL-10RB	Day*Allocation*srf14	Day7 Placebo No - Day7 Placebo Yes	0	0.23114737651277636	0.15871367389894486	1016.7556121728385	1.4563797235262226	0.14559639803227156	0.2590696041511051
IL-10RB	Day*Allocation*srf14	Day1 Anakinra Yes - Day4 Anakinra Yes	0	0.17311732001640606	0.09942077874217839	1050.4193948315071	1.7412589421104843	0.08193096327435222	0.1524826260939333
IL-10RB	Day*Allocation*srf14	Day1 Anakinra Yes - Day7 Anakinra Yes	0	-0.21675746047739683	0.09875975620061263	1053.126097003583	-2.194795418865688	0.02839600001948956	0.04323936366604092
IL-10RB	Day*Allocation*srf14	Day1 Anakinra Yes - Day1 Placebo Yes	0	-0.13828679554551832	0.16732301788009737	972.3289592210116	-0.8264660612601057	0.40874251679436757	0.9668895255885167
IL-10RB	Day*Allocation*srf14	Day1 Anakinra Yes - Day4 Placebo Yes	0	-0.30876947059015125	0.17060378511998786	1019.877778442045	-1.8098629545234866	0.07061130264509764	0.16896275990076937
IL-10RB	Day*Allocation*srf14	Day1 Anakinra Yes - Day7 Placebo Yes	0	-0.33379490328026734	0.17059906828821303	1019.8841858192029	-1.9566044916279872	0.05066655844489894	0.09984292399435968
IL-10RB	Day*Allocation*srf14	Day4 Anakinra Yes - Day7 Anakinra Yes	0	-0.38987478049380286	0.0994093614494125	1032.454301828145	-3.92191212989737	9.365158796767996e-5	0.002091552131278186
IL-10RB	Day*Allocation*srf14	Day4 Anakinra Yes - Day1 Placebo Yes	0	-0.3114041155619244	0.16886781041654314	993.6219738167508	-1.8440703103438691	0.06547046325447958	0.13707878243906663
IL-10RB	Day*Allocation*srf14	Day4 Anakinra Yes - Day4 Placebo Yes	0	-0.48188679060655737	0.17211936395948815	1040.1466851375192	-2.7997244442524165	0.005209267031966371	0.10269734155608809
IL-10RB	Day*Allocation*srf14	Day4 Anakinra Yes - Day7 Placebo Yes	0	-0.5069122232966734	0.17211466185431412	1040.1520463812906	-2.945200704201177	0.003299300383940767	0.07368437524134379
IL-10RB	Day*Allocation*srf14	Day7 Anakinra Yes - Day1 Placebo Yes	0	0.0784706649318785	0.16827744625887173	984.865890594428	0.4663171843668353	0.6410916020226894	0.7535638129038631
IL-10RB	Day*Allocation*srf14	Day7 Anakinra Yes - Day4 Placebo Yes	0	-0.09201201011275446	0.17153911918165532	1031.754013281723	-0.5363908276532318	0.5918040967563516	0.7209249905941011
IL-10RB	Day*Allocation*srf14	Day7 Anakinra Yes - Day7 Placebo Yes	0	-0.11703744280287051	0.1715364043709031	1031.843469275612	-0.6822892390224486	0.49520920662399914	0.9309787269339678
IL-10RB	Day*Allocation*srf14	Day1 Placebo Yes - Day4 Placebo Yes	0	-0.17048267504463296	0.11644317485607035	1050.327659355527	-1.464084737086207	0.14347001436776893	0.22354630145675625
IL-10RB	Day*Allocation*srf14	Day1 Placebo Yes - Day7 Placebo Yes	0	-0.19550810773474903	0.11644685672821119	1050.196937096488	-1.6789470598684175	0.0934598343956409	0.1361262805327813
IL-10RB	Day*Allocation*srf14	Day4 Placebo Yes - Day7 Placebo Yes	0	-0.02502543269011605	0.11957368154921345	1042.790267193764	-0.20928880307006545	0.8342636693631618	0.9015429975376102
IL-18R1	Day*Allocation*srf14	Day1 Anakinra No - Day4 Anakinra No	0	0.6590127742440948	0.043900271181010815	1024.013479950049	15.011587776458944	3.4541943957440246e-46	5.785775612871242e-45
IL-18R1	Day*Allocation*srf14	Day1 Anakinra No - Day7 Anakinra No	0	0.8768773828421965	0.0442845574138224	1026.5120818020318	19.800974291062904	3.676191619036733e-74	8.21016128251537e-73
IL-18R1	Day*Allocation*srf14	Day1 Anakinra No - Day1 Placebo No	0	0.030441458400618408	0.09852192252162795	931.8135664546869	0.3089815710197471	0.7574046156828416	0.9893930626752736
IL-18R1	Day*Allocation*srf14	Day1 Anakinra No - Day4 Placebo No	0	0.6056496098084263	0.09780234356626595	912.4632836965546	6.1925879045839896	8.938782237265019e-10	7.486230123709454e-9
IL-18R1	Day*Allocation*srf14	Day1 Anakinra No - Day7 Placebo No	0	0.7321499434261528	0.09870872499482007	936.9886649778178	7.417276876634499	2.675612533740533e-13	2.560943425151653e-12
IL-18R1	Day*Allocation*srf14	Day1 Anakinra No - Day1 Anakinra Yes	0	-0.32032763508072387	0.11857804613252862	921.6638142779544	-2.701407600549515	0.00703142341360197	0.03649690091140628
IL-18R1	Day*Allocation*srf14	Day1 Anakinra No - Day4 Anakinra Yes	0	0.20421653762667327	0.12043222914615757	958.6827649724423	1.695696733960096	0.09026801565777096	0.17279877283059011
IL-18R1	Day*Allocation*srf14	Day1 Anakinra No - Day7 Anakinra Yes	0	0.40908429011654884	0.11972388606848061	943.7114219526484	3.4168978601526314	6.60433404045418e-4	0.0018437099196267918
IL-18R1	Day*Allocation*srf14	Day1 Anakinra No - Day1 Placebo Yes	0	-0.30785552123431664	0.1342392574752262	911.7047125891294	-2.2933345060488826	0.0220555519107545	0.08074907653573823
IL-18R1	Day*Allocation*srf14	Day1 Anakinra No - Day4 Placebo Yes	0	0.1925855833528045	0.1376918723597426	975.1761824519048	1.398670669897226	0.162229706833084	0.2831469649981618
IL-18R1	Day*Allocation*srf14	Day1 Anakinra No - Day7 Placebo Yes	0	0.33909461636212573	0.13765018432394607	974.5314021273862	2.4634519599632365	0.013932493833613802	0.031115902895070824
IL-18R1	Day*Allocation*srf14	Day4 Anakinra No - Day7 Anakinra No	0	0.21786460859810175	0.04441681799176693	1025.5184220047593	4.905002619469161	1.0858387555465585e-6	2.7981229469853627e-6
IL-18R1	Day*Allocation*srf14	Day4 Anakinra No - Day1 Placebo No	0	-0.6285713158434764	0.09861848386343662	934.2466516003838	-6.373767788946133	2.893444940583173e-10	2.4232601377384075e-9
IL-18R1	Day*Allocation*srf14	Day4 Anakinra No - Day4 Placebo No	0	-0.05336316443566849	0.09789960584599924	914.9301263053125	-0.5450804829552767	0.5858310075977562	0.9152190012754137
IL-18R1	Day*Allocation*srf14	Day4 Anakinra No - Day7 Placebo No	0	0.07313716918205806	0.09880544184008608	939.4364762434574	0.7402139782991769	0.4593551142246248	0.5216405534415232
IL-18R1	Day*Allocation*srf14	Day4 Anakinra No - Day1 Anakinra Yes	0	-0.9793404093248186	0.11866920547795942	923.6608258987314	-8.252692055873862	5.310607421196513e-16	5.930178287002772e-15
IL-18R1	Day*Allocation*srf14	Day4 Anakinra No - Day4 Anakinra Yes	0	-0.4547962366174215	0.12052196032645651	960.6215940331405	-3.7735549221529414	1.7079526686135293e-4	7.152051799819153e-4
IL-18R1	Day*Allocation*srf14	Day4 Anakinra No - Day7 Anakinra Yes	0	-0.24992848412754592	0.11981409092405174	945.6724622230093	-2.0859690392006702	0.03724894895856757	0.07798998688200084
IL-18R1	Day*Allocation*srf14	Day4 Anakinra No - Day1 Placebo Yes	0	-0.9668682954784114	0.13432083917522433	913.2825349066896	-7.198200230249541	1.2731606031946426e-12	1.0662720051755132e-11
IL-18R1	Day*Allocation*srf14	Day4 Anakinra No - Day4 Placebo Yes	0	-0.46642719089129026	0.13777139904292168	976.6805352404615	-3.385515383682634	7.387409319110645e-4	0.002749757913224518
IL-18R1	Day*Allocation*srf14	Day4 Anakinra No - Day7 Placebo Yes	0	-0.31991815788196903	0.13772933043372468	976.0120344646477	-2.3228034063224725	0.020394545515686775	0.04748437822081579
IL-18R1	Day*Allocation*srf14	Day7 Anakinra No - Day1 Placebo No	0	-0.8464359244415781	0.09878342774083448	938.6827211418723	-8.568602485249494	4.2578630332402277e-17	3.1697424803010583e-16
IL-18R1	Day*Allocation*srf14	Day7 Anakinra No - Day4 Placebo No	0	-0.2712277730337702	0.0980652956573036	919.3944905825215	-2.7657875420229767	0.005792348214067289	0.01848034906392897
IL-18R1	Day*Allocation*srf14	Day7 Anakinra No - Day7 Placebo No	0	-0.14472743941604369	0.09897059976344637	943.8848517487136	-1.4623275979125376	0.14398432280573778	0.5359416459991351
IL-18R1	Day*Allocation*srf14	Day7 Anakinra No - Day1 Anakinra Yes	0	-1.1972050179229203	0.11882021035737463	926.9259924698679	-10.075769217392361	9.946247755125353e-23	1.1106643326556645e-21
IL-18R1	Day*Allocation*srf14	Day7 Anakinra No - Day4 Anakinra Yes	0	-0.6726608452155233	0.12067045540286842	963.7833698343173	-5.574362365417357	3.224858654736488e-8	1.662042537441113e-7
IL-18R1	Day*Allocation*srf14	Day7 Anakinra No - Day7 Anakinra Yes	0	-0.4677930927256477	0.11996283914640424	948.8395865701464	-3.89948334045968	1.0318723857583654e-4	4.3209656153631547e-4
IL-18R1	Day*Allocation*srf14	Day7 Anakinra No - Day1 Placebo Yes	0	-1.184732904076513	0.13445696641110166	915.8873635852987	-8.811242256159467	6.119775131033426e-18	5.125311672240494e-17
IL-18R1	Day*Allocation*srf14	Day7 Anakinra No - Day4 Placebo Yes	0	-0.684291799489392	0.13790330959524436	979.1247202116328	-4.96211295796914	8.219667702510076e-7	5.507177360681751e-6
IL-18R1	Day*Allocation*srf14	Day7 Anakinra No - Day7 Placebo Yes	0	-0.5377827664800707	0.13786273471662672	978.5269490016963	-3.9008566570616003	1.024029742846994e-4	4.074847307705815e-4
IL-18R1	Day*Allocation*srf14	Day1 Placebo No - Day4 Placebo No	0	0.5752081514078079	0.06962506190593151	1024.4597619634428	8.26151008935483	4.411742681454235e-16	4.9264459942905625e-15
IL-18R1	Day*Allocation*srf14	Day1 Placebo No - Day7 Placebo No	0	0.7017084850255344	0.07092791905938148	1030.1050628727337	9.893261981055131	4.1518364064961253e-22	3.9739005605034345e-21
IL-18R1	Day*Allocation*srf14	Day1 Placebo No - Day1 Anakinra Yes	0	-0.3507690934813423	0.1347010524887328	933.0379213850466	-2.6040560708364375	0.009359190143253893	0.08958081994257297
IL-18R1	Day*Allocation*srf14	Day1 Placebo No - Day4 Anakinra Yes	0	0.17377507922605487	0.1363278833180724	961.7190851235883	1.2746847893223194	0.20272871803122458	0.32343025260517283
IL-18R1	Day*Allocation*srf14	Day1 Placebo No - Day7 Anakinra Yes	0	0.37864283171593044	0.13570328975809093	950.0924320184196	2.7902258846554964	0.005372565308117942	0.013844687524765467
IL-18R1	Day*Allocation*srf14	Day1 Placebo No - Day1 Placebo Yes	0	-0.33829697963493505	0.14882437967755335	921.6615279888476	-2.2731287734435566	0.023247834231571084	0.11125749239394733
IL-18R1	Day*Allocation*srf14	Day1 Placebo No - Day4 Placebo Yes	0	0.1621441249521861	0.1519541261415906	973.6358105742121	1.0670597045920325	0.2862093860981556	0.4459541597343355
IL-18R1	Day*Allocation*srf14	Day1 Placebo No - Day7 Placebo Yes	0	0.30865315796150733	0.1518961012717916	972.7616105211649	2.0320018445320485	0.04242478291216441	0.08613516530651562
IL-18R1	Day*Allocation*srf14	Day4 Placebo No - Day7 Placebo No	0	0.12650033361772656	0.06985091988121804	1025.0840681172976	1.811004548441756	0.07043277628700727	0.12418410555867071
IL-18R1	Day*Allocation*srf14	Day4 Placebo No - Day1 Anakinra Yes	0	-0.9259772448891501	0.13418966019772247	922.8374206631763	-6.900511138673159	9.620839959282086e-12	1.0743271287864996e-10
IL-18R1	Day*Allocation*srf14	Day4 Placebo No - Day4 Anakinra Yes	0	-0.401433072181753	0.13582284279938664	951.7504879044769	-2.955563761647064	0.00319793928643546	0.01469855204818756
IL-18R1	Day*Allocation*srf14	Day4 Placebo No - Day7 Anakinra Yes	0	-0.19656531969187743	0.13519549742358106	940.0160538131421	-1.4539339211572895	0.14629840892346982	0.29703010296583265
IL-18R1	Day*Allocation*srf14	Day4 Placebo No - Day1 Placebo Yes	0	-0.9135051310427429	0.14835934309885263	913.3246246876656	-6.157381880789736	1.106638937476722e-9	7.414480881094037e-9
IL-18R1	Day*Allocation*srf14	Day4 Placebo No - Day4 Placebo Yes	0	-0.4130640264556218	0.1514979704419723	965.5865576187294	-2.726531749901139	0.006516323351277781	0.022040587756453366
IL-18R1	Day*Allocation*srf14	Day4 Placebo No - Day7 Placebo Yes	0	-0.2665549934463005	0.1514412784948019	964.7645154646445	-1.760121124805809	0.07870412922296685	0.17577255526462598
IL-18R1	Day*Allocation*srf14	Day7 Placebo No - Day1 Anakinra Yes	0	-1.0524775785068767	0.13470724591222924	933.2512607491982	-7.813073241751495	1.4992348818034857e-14	1.6741456180138922e-13
IL-18R1	Day*Allocation*srf14	Day7 Placebo No - Day4 Anakinra Yes	0	-0.5279334057994796	0.13633351405378238	961.9067656239395	-3.872367036554302	1.1506895712954254e-4	4.2831222931551946e-4
IL-18R1	Day*Allocation*srf14	Day7 Placebo No - Day7 Anakinra Yes	0	-0.323065653309604	0.1357089410916448	950.2814874125403	-2.3805775117752668	0.01748180110165305	0.039042689127025146
IL-18R1	Day*Allocation*srf14	Day7 Placebo No - Day1 Placebo Yes	0	-1.0400054646604695	0.14884385106857878	922.0834775702205	-6.987224915198507	5.369945063413283e-12	3.5978631924868995e-11
IL-18R1	Day*Allocation*srf14	Day7 Placebo No - Day4 Placebo Yes	0	-0.5395643600733483	0.1519737996895268	974.0713385398119	-3.5503775070153236	4.0307232496779056e-4	0.0013502922886420984
IL-18R1	Day*Allocation*srf14	Day7 Placebo No - Day7 Placebo Yes	0	-0.39305532706402707	0.15191627487812223	973.2099408987423	-2.587315462937485	0.00981670595827621	0.029896331782023004
IL-18R1	Day*Allocation*srf14	Day1 Anakinra Yes - Day4 Anakinra Yes	0	0.5245441727073972	0.09115314638007921	1046.4801517854978	5.75453721059959	1.14031790788551e-8	7.247676098168773e-8
IL-18R1	Day*Allocation*srf14	Day1 Anakinra Yes - Day7 Anakinra Yes	0	0.7294119251972727	0.09055415325582393	1049.1000518742044	8.05498035122272	2.1466844385146558e-15	2.3334542412863358e-14
IL-18R1	Day*Allocation*srf14	Day1 Anakinra Yes - Day1 Placebo Yes	0	0.012472113846407232	0.16037030366950222	930.8650200005765	0.07777071914829245	0.9380271516903521	0.9668895255885167
IL-18R1	Day*Allocation*srf14	Day1 Anakinra Yes - Day4 Placebo Yes	0	0.5129132184335284	0.16328292506350586	975.9043016954676	3.1412544712439487	0.001732917404929056	0.010555042375476978
IL-18R1	Day*Allocation*srf14	Day1 Anakinra Yes - Day7 Placebo Yes	0	0.6594222514428496	0.16327842361820802	975.8951013986742	4.038636807180162	5.798009832006923e-5	3.531515079495126e-4
IL-18R1	Day*Allocation*srf14	Day4 Anakinra Yes - Day7 Anakinra Yes	0	0.20486775248987557	0.09109646863998747	1029.7592514552016	2.248909925361776	0.02472894288264756	0.0788971034827327
IL-18R1	Day*Allocation*srf14	Day4 Anakinra Yes - Day1 Placebo Yes	0	-0.5120720588609899	0.16174669889371016	951.1987846641866	-3.165888777720847	0.0015952866584647823	0.0082218620090108
IL-18R1	Day*Allocation*srf14	Day4 Anakinra Yes - Day4 Placebo Yes	0	-0.011630954273868756	0.16463514962144934	995.4563057853962	-0.07064684728997524	0.9436930145190917	0.9722401686198228
IL-18R1	Day*Allocation*srf14	Day4 Anakinra Yes - Day7 Placebo Yes	0	0.1348780787354525	0.16463066770079285	995.4467681797136	0.8192767521333628	0.4128246338683039	0.6432383830041015
IL-18R1	Day*Allocation*srf14	Day7 Anakinra Yes - Day1 Placebo Yes	0	-0.7169398113508655	0.16122343808875708	942.9420417295205	-4.446870875909334	9.749885915685037e-6	5.93856687591725e-5
IL-18R1	Day*Allocation*srf14	Day7 Anakinra Yes - Day4 Placebo Yes	0	-0.21649870676374433	0.16412025612124853	987.4708188276227	-1.3191467761529676	0.18742584972053267	0.41858439770918965
IL-18R1	Day*Allocation*srf14	Day7 Anakinra Yes - Day7 Placebo Yes	0	-0.0699896737544231	0.16411730890636264	987.5285344001913	-0.42646125640748717	0.6698647180215658	0.9309787269339678
IL-18R1	Day*Allocation*srf14	Day1 Placebo Yes - Day4 Placebo Yes	0	0.5004411045871211	0.10676023294234303	1046.642744069699	4.687523535635123	3.130210297678115e-6	2.3302676660492637e-5
IL-18R1	Day*Allocation*srf14	Day1 Placebo Yes - Day7 Placebo Yes	0	0.6469501375964424	0.1067632258775501	1046.5258009768477	6.059672066657564	1.9006940946496374e-9	1.2734650434152571e-8
IL-18R1	Day*Allocation*srf14	Day4 Placebo Yes - Day7 Placebo Yes	0	0.14650903300932122	0.10960655674914159	1039.3471668721154	1.3366812839914217	0.18161921145428123	0.39253184411086584
PD-L1	Day*Allocation*srf14	Day1 Anakinra No - Day4 Anakinra No	0	0.41094775806737116	0.04788833407121587	1027.1585911574068	8.581375110193665	3.4205685111091866e-17	1.4323630640269718e-16
PD-L1	Day*Allocation*srf14	Day1 Anakinra No - Day7 Anakinra No	0	0.6463334583311227	0.048301274740777084	1030.1338646658955	13.381291938978013	9.080535452021947e-38	3.813021506004964e-37
PD-L1	Day*Allocation*srf14	Day1 Anakinra No - Day1 Placebo No	0	0.07267286589728288	0.09998418212996328	1001.1724696751627	0.7268436301536166	0.4674916615150523	0.9893930626752736
PD-L1	Day*Allocation*srf14	Day1 Anakinra No - Day4 Placebo No	0	0.43084144735232993	0.0991516678382474	979.5726345684315	4.345276854598047	1.5360663990765398e-5	5.717580485451565e-5
PD-L1	Day*Allocation*srf14	Day1 Anakinra No - Day7 Placebo No	0	0.5695624224621966	0.10020120392709256	1006.9960389658689	5.684187416317035	1.7206455652113224e-8	6.4046251593977e-8
PD-L1	Day*Allocation*srf14	Day1 Anakinra No - Day1 Anakinra Yes	0	-0.367600362246729	0.12027173240160287	989.2657473686066	-3.0564152931568644	0.002300124602305972	0.021521523220920828
PD-L1	Day*Allocation*srf14	Day1 Anakinra No - Day4 Anakinra Yes	0	-0.21408306212250522	0.12238565795004475	1028.9354587711837	-1.7492495910745476	0.08054602646089945	0.15872305214353716
PD-L1	Day*Allocation*srf14	Day1 Anakinra No - Day7 Anakinra Yes	0	-0.02652360975614121	0.12157202578377341	1012.6242900118153	-0.21817198146649125	0.8273390724261187	0.879863141509544
PD-L1	Day*Allocation*srf14	Day1 Anakinra No - Day1 Placebo Yes	0	-0.4966365435343859	0.1360829266045017	977.7946012321431	-3.6495139833210857	2.7663781915335765e-4	0.0020594148759194406
PD-L1	Day*Allocation*srf14	Day1 Anakinra No - Day4 Placebo Yes	0	-0.4103194799191513	0.14004269825633414	1046.8615756682993	-2.9299598267387177	0.0034636272372839893	0.012213843415685646
PD-L1	Day*Allocation*srf14	Day1 Anakinra No - Day7 Placebo Yes	0	0.05615104121815247	0.1399959064072718	1046.2211160919164	0.4010905937120731	0.6884353273544299	0.7687527822124468
PD-L1	Day*Allocation*srf14	Day4 Anakinra No - Day7 Anakinra No	0	0.2353857002637515	0.04844791197733375	1029.0790284414156	4.858531372288576	1.3664320601866808e-6	3.1569292425002625e-6
PD-L1	Day*Allocation*srf14	Day4 Anakinra No - Day1 Placebo No	0	-0.33827489217008827	0.10009488719061782	1003.8228179873422	-3.379542169080897	7.540048620984969e-4	0.0022962875345726953
PD-L1	Day*Allocation*srf14	Day4 Anakinra No - Day4 Placebo No	0	0.019893689284958764	0.09926329978456092	982.2793489983025	0.2004133383449435	0.8411988140181628	0.9791167195678598
PD-L1	Day*Allocation*srf14	Day4 Anakinra No - Day7 Placebo No	0	0.1586146643948254	0.10031215227526638	1009.6655098839112	1.5812108582773823	0.11414302325855111	0.19609186046981855
PD-L1	Day*Allocation*srf14	Day4 Anakinra No - Day1 Anakinra Yes	0	-0.7785481203141001	0.12037696944797456	991.4866530183522	-6.46758365727573	1.5611491391394137e-10	8.716416026861726e-10
PD-L1	Day*Allocation*srf14	Day4 Anakinra No - Day4 Anakinra Yes	0	-0.6250308201898764	0.12248904782493325	1031.0649160821497	-5.10274862356019	3.9836059249229815e-7	6.672539924245994e-6
PD-L1	Day*Allocation*srf14	Day4 Anakinra No - Day7 Anakinra Yes	0	-0.43747136782351237	0.1216760518180924	1014.7913403587748	-3.5953777369234405	3.3950882369899153e-4	0.0017497762452178796
PD-L1	Day*Allocation*srf14	Day4 Anakinra No - Day1 Placebo Yes	0	-0.9075843016017571	0.13617716656523	979.5557767989667	-6.6647318672695155	4.418964015630292e-11	2.467254908726913e-10
PD-L1	Day*Allocation*srf14	Day4 Anakinra No - Day4 Placebo Yes	0	-0.8212672379865225	0.14013427153117763	1048.5052474307747	-5.860573784078248	6.1719591376008695e-9	1.0338031555481457e-7
PD-L1	Day*Allocation*srf14	Day4 Anakinra No - Day7 Placebo Yes	0	-0.3547967168492187	0.14008689423417728	1047.8286911138166	-2.532690290471571	0.011464117978784634	0.03339547411211176
PD-L1	Day*Allocation*srf14	Day7 Anakinra No - Day1 Placebo No	0	-0.5736605924338398	0.10028568974760207	1008.7592169533044	-5.720263717362093	1.400959445621442e-8	4.94022541350719e-8
PD-L1	Day*Allocation*srf14	Day7 Anakinra No - Day4 Placebo No	0	-0.21549201097879273	0.09945506598977853	987.2729629831816	-2.1667273439941197	0.030494261979170913	0.065906953309821
PD-L1	Day*Allocation*srf14	Day7 Anakinra No - Day7 Placebo No	0	-0.07677103586892607	0.10050322828192074	1014.6099655438256	-0.7638663670939634	0.4451244740636413	0.8810291969068167
PD-L1	Day*Allocation*srf14	Day7 Anakinra No - Day1 Anakinra Yes	0	-1.0139338205778516	0.12055095298479898	995.0907422447	-8.410832062901276	1.3995476317138324e-16	8.52451739316607e-16
PD-L1	Day*Allocation*srf14	Day7 Anakinra No - Day4 Anakinra Yes	0	-0.8604165204536278	0.12265979012872975	1034.5099305763156	-7.01465834525424	4.159283890841859e-12	5.573440413728091e-11
PD-L1	Day*Allocation*srf14	Day7 Anakinra No - Day7 Anakinra Yes	0	-0.6728570680872639	0.12184707634398777	1018.252124825797	-5.522143725366983	4.2504879894799855e-8	3.559783691189488e-7
PD-L1	Day*Allocation*srf14	Day7 Anakinra No - Day1 Placebo Yes	0	-1.1429700018655087	0.1363341541302314	982.4429590756201	-8.383592571922232	1.7641858750642364e-16	1.1820045362930385e-15
PD-L1	Day*Allocation*srf14	Day7 Anakinra No - Day4 Placebo Yes	0	-1.0566529382502738	0.14028572293784977	1051.1457433166806	-7.532148789783823	1.0727273821672939e-13	1.7968183651302173e-12
PD-L1	Day*Allocation*srf14	Day7 Anakinra No - Day7 Placebo Yes	0	-0.5901824171129701	0.14024042313002616	1050.5667384585602	-4.208361640250993	2.7921270327232207e-5	1.4390193168650447e-4
PD-L1	Day*Allocation*srf14	Day1 Placebo No - Day4 Placebo No	0	0.35816858145504704	0.07594801363407688	1027.8975938481315	4.715970363368943	2.737171879156484e-6	1.0188361994638024e-5
PD-L1	Day*Allocation*srf14	Day1 Placebo No - Day7 Placebo No	0	0.49688955656491374	0.0773466231705468	1034.5909629760806	6.424191984041609	2.0182955976504787e-10	6.761290252129104e-10
PD-L1	Day*Allocation*srf14	Day1 Placebo No - Day1 Anakinra Yes	0	-0.4402732281440119	0.1367082991316679	1002.2458990132965	-3.2205303623883976	0.0013206957209211851	0.0442433066508597
PD-L1	Day*Allocation*srf14	Day1 Placebo No - Day4 Anakinra Yes	0	-0.2867559280197881	0.13856266113776733	1032.9107441658346	-2.069503614214497	0.03874706132393939	0.08653510362346464
PD-L1	Day*Allocation*srf14	Day1 Placebo No - Day7 Anakinra Yes	0	-0.09919647565342408	0.1378456421866463	1020.2798875404092	-0.7196199609931062	0.47192381993639665	0.6080556910718957
PD-L1	Day*Allocation*srf14	Day1 Placebo No - Day1 Placebo Yes	0	-0.5693094094316689	0.15094982116992214	989.2221287482598	-3.7715143020328927	1.7188526562830826e-4	0.003838770932365551
PD-L1	Day*Allocation*srf14	Day1 Placebo No - Day4 Placebo Yes	0	-0.48299234581643413	0.154537996445099	1045.6660028900114	-3.1253954168353766	0.0018246106268704483	0.009006823077615965
PD-L1	Day*Allocation*srf14	Day1 Placebo No - Day7 Placebo Yes	0	-0.01652182467913041	0.15447229725585282	1044.7633903394196	-0.10695655449316761	0.9148439804382378	0.9357284601557113
PD-L1	Day*Allocation*srf14	Day4 Placebo No - Day7 Placebo No	0	0.13872097510986667	0.0761918973595797	1028.655331835457	1.8206788374777902	0.06894612524454259	0.12418410555867071
PD-L1	Day*Allocation*srf14	Day4 Placebo No - Day1 Anakinra Yes	0	-0.7984418095990589	0.13611554063388026	990.8231154120659	-5.865912194013799	6.083066476182944e-9	3.7051404900387025e-8
PD-L1	Day*Allocation*srf14	Day4 Placebo No - Day4 Anakinra Yes	0	-0.6449245094748352	0.13797817042845756	1021.8566108545775	-4.6741053854546655	3.3472699477336792e-6	1.4900103721394027e-4
PD-L1	Day*Allocation*srf14	Day4 Placebo No - Day7 Anakinra Yes	0	-0.45736505710847114	0.13725750575414306	1009.0550758396847	-3.332167917488664	8.930004256488105e-4	0.004985919043205858
PD-L1	Day*Allocation*srf14	Day4 Placebo No - Day1 Placebo Yes	0	-0.9274779908867159	0.1504109095153439	979.8704380179571	-6.1662946781935455	1.0206483873059288e-9	7.414480881094037e-9
PD-L1	Day*Allocation*srf14	Day4 Placebo No - Day4 Placebo Yes	0	-0.8411609272714812	0.15401066947764053	1036.7898978439218	-5.461705543677297	5.9029569962767127e-8	9.887452968763493e-7
PD-L1	Day*Allocation*srf14	Day4 Placebo No - Day7 Placebo Yes	0	-0.3746904061341775	0.15394678063379835	1035.9546909022004	-2.433895691690196	0.015105454029492815	0.04819359142742946
PD-L1	Day*Allocation*srf14	Day7 Placebo No - Day1 Anakinra Yes	0	-0.9371627847089256	0.1367162380154555	1002.5223115284739	-6.854802313994196	1.2460014543003673e-11	1.0435262179765576e-10
PD-L1	Day*Allocation*srf14	Day7 Placebo No - Day4 Anakinra Yes	0	-0.7836454845847018	0.13856981710968747	1033.150167889769	-5.655239365470137	2.013485113263749e-8	1.68629378235839e-7
PD-L1	Day*Allocation*srf14	Day7 Placebo No - Day7 Anakinra Yes	0	-0.5960860322183378	0.13785283438190016	1020.5225515760245	-4.324075271219834	1.681886775752274e-5	1.6098059139343194e-4
PD-L1	Day*Allocation*srf14	Day7 Placebo No - Day1 Placebo Yes	0	-1.0661989659965825	0.1509730703503889	989.7249062368619	-7.0621797882368895	3.084822433128664e-12	2.2964789224402277e-11
PD-L1	Day*Allocation*srf14	Day7 Placebo No - Day4 Placebo Yes	0	-0.9798819023813479	0.1545615565481317	1046.18264228475	-6.339751774408437	3.416335967634849e-10	5.7223627457883716e-9
PD-L1	Day*Allocation*srf14	Day7 Placebo No - Day7 Placebo Yes	0	-0.5134113812440442	0.1544964631890422	1045.2924932935612	-3.3231270842480902	9.210049395695113e-4	0.0044076664965112325
PD-L1	Day*Allocation*srf14	Day1 Anakinra Yes - Day4 Anakinra Yes	0	0.15351730012422377	0.09932043388482581	1052.9870181642452	1.5456768976890078	0.12248308936716709	0.20015529238049254
PD-L1	Day*Allocation*srf14	Day1 Anakinra Yes - Day7 Anakinra Yes	0	0.3410767524905878	0.09865520857094355	1055.7334092446786	3.4572604673509706	5.674383973230742e-4	0.0012672790873548656
PD-L1	Day*Allocation*srf14	Day1 Anakinra Yes - Day1 Placebo Yes	0	-0.12903618128765693	0.16274138744902414	999.8574087174242	-0.792890999089431	0.4280294298996755	0.9668895255885167
PD-L1	Day*Allocation*srf14	Day1 Anakinra Yes - Day4 Placebo Yes	0	-0.042719117672422285	0.16608048697002448	1048.6975052515131	-0.2572193666564367	0.79705989304357	0.8215848128295259
PD-L1	Day*Allocation*srf14	Day1 Anakinra Yes - Day7 Placebo Yes	0	0.42375140346488144	0.1660759290696381	1048.7156752196354	2.5515522077085366	0.010865388944390042	0.02510279514738389
PD-L1	Day*Allocation*srf14	Day4 Anakinra Yes - Day7 Anakinra Yes	0	0.187559452366364	0.09934199167144513	1034.2520075893797	1.8880178382841515	0.059303271963862016	0.15281997006072137
PD-L1	Day*Allocation*srf14	Day4 Anakinra Yes - Day1 Placebo Yes	0	-0.2825534814118807	0.16430992694333527	1021.6115550529661	-1.7196373138752807	0.08580126849444292	0.16907897026846105
PD-L1	Day*Allocation*srf14	Day4 Anakinra Yes - Day4 Placebo Yes	0	-0.19623641779664605	0.1676180363659691	1069.25848093491	-1.1707356920003107	0.24196587894537944	0.4474758003169923
PD-L1	Day*Allocation*srf14	Day4 Anakinra Yes - Day7 Placebo Yes	0	0.27023410334065767	0.16761348727716538	1069.2749410744332	1.612245576000689	0.10720360196423732	0.30668004024444323
PD-L1	Day*Allocation*srf14	Day7 Anakinra Yes - Day1 Placebo Yes	0	-0.4701129337782447	0.16370843834531734	1012.5904787294915	-2.8716475371087165	0.004168516965459633	0.012143071160251975
PD-L1	Day*Allocation*srf14	Day7 Anakinra Yes - Day4 Placebo Yes	0	-0.3837958701630101	0.16702728584392776	1060.6663735202294	-2.2978034290854334	0.021766906767349548	0.18229784417655245
PD-L1	Day*Allocation*srf14	Day7 Anakinra Yes - Day7 Placebo Yes	0	0.08267465097429368	0.1670249418276976	1060.7788929084068	0.4949838633057606	0.6207140179789511	0.9309787269339678
PD-L1	Day*Allocation*srf14	Day1 Placebo Yes - Day4 Placebo Yes	0	0.08631706361523465	0.11632595318810186	1052.7028579811536	0.742027563493573	0.45823615591835487	0.5685522675283292
PD-L1	Day*Allocation*srf14	Day1 Placebo Yes - Day7 Placebo Yes	0	0.5527875847525384	0.11632991322897414	1052.5630844825712	4.751895444677907	2.2945791870589476e-6	9.608550345809344e-6
PD-L1	Day*Allocation*srf14	Day4 Placebo Yes - Day7 Placebo Yes	0	0.46647052113730375	0.11946977407011687	1045.0561649271124	3.9045065981587275	1.004720956742929e-4	0.0016829076025444063
CXCL5	Day*Allocation*srf14	Day1 Anakinra No - Day4 Anakinra No	0	-0.027077592437423283	0.05062420520277648	1027.2588794894998	-0.5348744208222792	0.5928524501583808	0.5928524501583808
CXCL5	Day*Allocation*srf14	Day1 Anakinra No - Day7 Anakinra No	0	-0.30039173350218695	0.051060521769001964	1030.249495104285	-5.883052563801845	5.440331190489662e-9	8.890297311287984e-9
CXCL5	Day*Allocation*srf14	Day1 Anakinra No - Day1 Placebo No	0	0.012832335284543157	0.10547457064634934	1003.3930741164961	0.1216628349933682	0.9031904080147171	0.9893930626752736
CXCL5	Day*Allocation*srf14	Day1 Anakinra No - Day4 Placebo No	0	0.02888673932785255	0.10459303256872234	981.732705847635	0.2761822524733917	0.7824662156821942	0.845568329850113
CXCL5	Day*Allocation*srf14	Day1 Anakinra No - Day7 Placebo No	0	-0.31745548059487927	0.1057044027695673	1009.2344617686658	-3.0032380135283816	0.002737090792397965	0.004723929209441052
CXCL5	Day*Allocation*srf14	Day1 Anakinra No - Day1 Anakinra Yes	0	0.05528381303698823	0.12687396110761637	991.4329995499578	0.4357380549512101	0.6631216441798964	0.8544067338471742
CXCL5	Day*Allocation*srf14	Day1 Anakinra No - Day4 Anakinra Yes	0	0.13953979015116336	0.12911133887043308	1031.1615769047423	1.0807709948015916	0.28005169477392283	0.3909054906219339
CXCL5	Day*Allocation*srf14	Day1 Anakinra No - Day7 Anakinra Yes	0	0.04859221205539252	0.12824998880592645	1014.8176245352588	0.3788866767772152	0.70485127312154	0.8004243271041217
CXCL5	Day*Allocation*srf14	Day1 Anakinra No - Day1 Placebo Yes	0	0.08972322953970409	0.14355067524255957	979.9189664170368	0.6250282653710789	0.5320980202059871	0.6481921337054752
CXCL5	Day*Allocation*srf14	Day1 Anakinra No - Day4 Placebo Yes	0	-0.10239508913454555	0.1477424847059653	1049.122881825206	-0.6930646207712737	0.4884223922901627	0.5843625050614446
CXCL5	Day*Allocation*srf14	Day1 Anakinra No - Day7 Placebo Yes	0	-0.19344422368430486	0.14769298599103572	1048.4832250859567	-1.3097725825385236	0.19055968693047595	0.28534023442649636
CXCL5	Day*Allocation*srf14	Day4 Anakinra No - Day7 Anakinra No	0	-0.27331414106476365	0.051215613051021014	1029.193215325626	-5.336539480499589	1.1651410092939872e-7	3.9638467644830736e-7
CXCL5	Day*Allocation*srf14	Day4 Anakinra No - Day1 Placebo No	0	0.03990992772196644	0.1055917613221064	1006.0487415038732	0.37796440955484856	0.7055367633354885	0.7878493857246289
CXCL5	Day*Allocation*srf14	Day4 Anakinra No - Day4 Placebo No	0	0.055964331765275835	0.1047112085072963	984.4455440597887	0.5344636220235796	0.5931414902582799	0.9152190012754137
CXCL5	Day*Allocation*srf14	Day4 Anakinra No - Day7 Placebo No	0	-0.29037788815745597	0.10582185336016607	1011.9093959742572	-2.744025727551293	0.006176420755052763	0.02434236415226677
CXCL5	Day*Allocation*srf14	Day4 Anakinra No - Day1 Anakinra Yes	0	0.08236140547441151	0.12698538794656236	993.6599077449811	0.6485896275646345	0.5167535195224893	0.5600721590364988
CXCL5	Day*Allocation*srf14	Day4 Anakinra No - Day4 Anakinra Yes	0	0.16661738258858666	0.12922080359291357	1033.2958942155612	1.289400606991148	0.1975473942327862	0.30081080485446987
CXCL5	Day*Allocation*srf14	Day4 Anakinra No - Day7 Anakinra Yes	0	0.0756698044928158	0.12836013012636718	1016.990082971575	0.5895117465082098	0.5556489698552678	0.7153377881440146
CXCL5	Day*Allocation*srf14	Day4 Anakinra No - Day1 Placebo Yes	0	0.11680082197712738	0.14365046016085445	981.6851345667807	0.813090482594613	0.4163633309658338	0.48097143404673903
CXCL5	Day*Allocation*srf14	Day4 Anakinra No - Day4 Placebo Yes	0	-0.07531749669712226	0.1478394366952483	1050.7700133430046	-0.5094547055964469	0.6105405106653485	0.6705936756488255
CXCL5	Day*Allocation*srf14	Day4 Anakinra No - Day7 Placebo Yes	0	-0.16636663124688159	0.14778931278749266	1050.0938208158777	-1.1257013657415227	0.26054915432199843	0.3879287408794199
CXCL5	Day*Allocation*srf14	Day7 Anakinra No - Day1 Placebo No	0	0.3132240687867301	0.10579379884932391	1010.9984279339494	2.960703483507926	0.003141051803030717	0.004894196995419955
CXCL5	Day*Allocation*srf14	Day7 Anakinra No - Day4 Placebo No	0	0.3292784728300395	0.10491426955893023	989.4535134168972	3.138548018437894	0.0017481336047257415	0.006506941750923594
CXCL5	Day*Allocation*srf14	Day7 Anakinra No - Day7 Placebo No	0	-0.0170637470926923	0.10602418120754895	1016.8669382939078	-0.16094203132103374	0.8721710253558748	0.9739243116473935
CXCL5	Day*Allocation*srf14	Day7 Anakinra No - Day1 Anakinra Yes	0	0.3556755465391752	0.1271695926300868	997.2727802065376	2.7968599976078456	0.005259428512120355	0.007830704673601417
CXCL5	Day*Allocation*srf14	Day7 Anakinra No - Day4 Anakinra Yes	0	0.4399315236533503	0.1294015655336274	1036.7478028649998	3.3997388040798158	7.001934435038789e-4	0.0016754628826699959
CXCL5	Day*Allocation*srf14	Day7 Anakinra No - Day7 Anakinra Yes	0	0.3489839455575795	0.12854119025627778	1020.4581358807915	2.714958099126016	0.006740277688554832	0.016128521611899062
CXCL5	Day*Allocation*srf14	Day7 Anakinra No - Day1 Placebo Yes	0	0.390114963041891	0.14381667509849558	984.5797678929111	2.7125850515923373	0.006792484561326204	0.009893401426279471
CXCL5	Day*Allocation*srf14	Day7 Anakinra No - Day4 Placebo Yes	0	0.19799664436764142	0.14799976814078694	1053.4150109435286	1.3378172604925584	0.1812447474246103	0.22487774217497944
CXCL5	Day*Allocation*srf14	Day7 Anakinra No - Day7 Placebo Yes	0	0.10694750981788208	0.14795185610734202	1052.8372624570331	0.7228534513300701	0.46993046600602095	0.5523744074105861
CXCL5	Day*Allocation*srf14	Day1 Placebo No - Day4 Placebo No	0	0.016054404043309392	0.08028685800573863	1028.0081494609415	0.1999630380623673	0.8415490365094966	0.867442853017481
CXCL5	Day*Allocation*srf14	Day1 Placebo No - Day7 Placebo No	0	-0.3302878158794224	0.08176459341309465	1034.7351386231983	-4.039496829767475	5.752616523411273e-5	1.1012151630530152e-4
CXCL5	Day*Allocation*srf14	Day1 Placebo No - Day1 Anakinra Yes	0	0.04245147775244508	0.14421553043230034	1004.4592877038841	0.29436134669541186	0.7685426196911237	0.9033746582334262
CXCL5	Day*Allocation*srf14	Day1 Placebo No - Day4 Anakinra Yes	0	0.12670745486662022	0.1461781743327896	1035.1670319995194	0.8668014595541309	0.38625167188523457	0.5121878144885252
CXCL5	Day*Allocation*srf14	Day1 Placebo No - Day7 Anakinra Yes	0	0.035759876770849366	0.1454191178770642	1022.5121111838151	0.24590904753720477	0.8058019911948252	0.9308402312078153
CXCL5	Day*Allocation*srf14	Day1 Placebo No - Day1 Placebo Yes	0	0.07689089425516094	0.15923608824743862	991.3890315552668	0.4828735439398597	0.6292921364133159	0.7955202479187201
CXCL5	Day*Allocation*srf14	Day1 Placebo No - Day4 Placebo Yes	0	-0.1152274244190887	0.16303448216943636	1047.9407159563475	-0.706767199710161	0.47986827820908873	0.6428938374498947
CXCL5	Day*Allocation*srf14	Day1 Placebo No - Day7 Placebo Yes	0	-0.20627655896884803	0.1629649622339012	1047.0379657821072	-1.2657724466734288	0.20587613545159755	0.3207837459362102
CXCL5	Day*Allocation*srf14	Day4 Placebo No - Day7 Placebo No	0	-0.3463422199227318	0.08054458814718053	1028.7702547278527	-4.3000060946348695	1.870341369689474e-5	1.392365241879942e-4
CXCL5	Day*Allocation*srf14	Day4 Placebo No - Day1 Anakinra Yes	0	0.026397073709135684	0.14358782936490036	993.0033436565167	0.18383921413041693	0.8541771244820635	0.8671192021257311
CXCL5	Day*Allocation*srf14	Day4 Placebo No - Day4 Anakinra Yes	0	0.11065305082331081	0.1455592573084229	1024.0844743788473	0.7601924664183333	0.44731452079828615	0.555001349879355
CXCL5	Day*Allocation*srf14	Day4 Placebo No - Day7 Anakinra Yes	0	0.01970547272753997	0.14479632529273206	1011.2566809843036	0.1360909725278026	0.8917764498128045	0.9192157251916598
CXCL5	Day*Allocation*srf14	Day4 Placebo No - Day1 Placebo Yes	0	0.06083649021185154	0.15866541217610353	982.009564204583	0.38342628917970367	0.7014867047349913	0.7704853970040069
CXCL5	Day*Allocation*srf14	Day4 Placebo No - Day4 Placebo Yes	0	-0.1312818284623981	0.1624761149073648	1039.043445954359	-0.8080069402031677	0.41927153197724476	0.49282794109605965
CXCL5	Day*Allocation*srf14	Day4 Placebo No - Day7 Placebo Yes	0	-0.22233096301215743	0.1624085209875777	1038.208588109582	-1.3689611952636591	0.17130750031912154	0.28900641135415045
CXCL5	Day*Allocation*srf14	Day7 Placebo No - Day1 Anakinra Yes	0	0.3727392936318675	0.1442239630559584	1004.7377396587965	2.5844477279219262	0.00989359276324333	0.01541559802644891
CXCL5	Day*Allocation*srf14	Day7 Placebo No - Day4 Anakinra Yes	0	0.4569952707460426	0.14618577342212258	1035.4081032569752	3.1261268456434124	0.0018206087088259437	0.00451780679597549
CXCL5	Day*Allocation*srf14	Day7 Placebo No - Day7 Anakinra Yes	0	0.36604769265027176	0.1454267558035772	1022.7564981911257	2.517058780742379	0.011985877923306493	0.03181001930077668
CXCL5	Day*Allocation*srf14	Day7 Placebo No - Day1 Placebo Yes	0	0.40717871013458334	0.15926073088590756	991.8942690898522	2.5566799038884307	0.010715576972807778	0.015954303492847138
CXCL5	Day*Allocation*srf14	Day7 Placebo No - Day4 Placebo Yes	0	0.2150603914603337	0.1630594568101752	1048.4597880804647	1.318907812324526	0.18748792423656765	0.2617018942468757
CXCL5	Day*Allocation*srf14	Day7 Placebo No - Day7 Placebo Yes	0	0.12401125691057438	0.1629905789234719	1047.569454375521	0.7608492326958401	0.44691834629948923	0.6574629282933607
CXCL5	Day*Allocation*srf14	Day1 Anakinra Yes - Day4 Anakinra Yes	0	0.08425597711417512	0.10499079832447968	1053.191638079601	0.802508205088388	0.42244009258608417	0.5340280415710875
CXCL5	Day*Allocation*srf14	Day1 Anakinra Yes - Day7 Anakinra Yes	0	-0.006691600981595713	0.10428718934273787	1055.9406164578957	-0.06416512923369613	0.9488508874599695	0.9488508874599695
CXCL5	Day*Allocation*srf14	Day1 Anakinra Yes - Day1 Placebo Yes	0	0.034439416502715856	0.17167760653874228	1002.0664556333005	0.20060517616165596	0.8410480170576656	0.9668895255885167
CXCL5	Day*Allocation*srf14	Day1 Anakinra Yes - Day4 Placebo Yes	0	-0.15767890217153377	0.17521232749047638	1050.9970353979368	-0.8999304126024145	0.3683634318443292	0.5141739569493762
CXCL5	Day*Allocation*srf14	Day1 Anakinra Yes - Day7 Placebo Yes	0	-0.2487280367212931	0.1752075233508406	1051.0161930523802	-1.419619614297229	0.15601497476454412	0.22727980942306295
CXCL5	Day*Allocation*srf14	Day4 Anakinra Yes - Day7 Anakinra Yes	0	-0.09094757809577084	0.10501636888105495	1034.3966860935518	-0.8660324010895969	0.3866732154205106	0.5887978507539593
CXCL5	Day*Allocation*srf14	Day4 Anakinra Yes - Day1 Placebo Yes	0	-0.04981656061145927	0.17333772461111344	1023.8515196475793	-0.28739595332305007	0.7738673158426437	0.8414051753990291
CXCL5	Day*Allocation*srf14	Day4 Anakinra Yes - Day4 Placebo Yes	0	-0.24193487928570892	0.1768395360789377	1071.5751903457215	-1.3681040148042116	0.17156632030837884	0.44740482011467014
CXCL5	Day*Allocation*srf14	Day4 Anakinra Yes - Day7 Placebo Yes	0	-0.3329840138354682	0.17683474069432548	1071.5925776748188	-1.8830237346351564	0.05996782820846767	0.22321358277596298
CXCL5	Day*Allocation*srf14	Day7 Anakinra Yes - Day1 Placebo Yes	0	0.04113101748431157	0.17270094525745483	1014.8115268814483	0.23816324469443576	0.8118025626451171	0.849855807769107
CXCL5	Day*Allocation*srf14	Day7 Anakinra Yes - Day4 Placebo Yes	0	-0.15098730118993806	0.17621416011559424	1062.9695392783688	-0.8568397743455595	0.3917265649372972	0.5597427221078597
CXCL5	Day*Allocation*srf14	Day7 Anakinra Yes - Day7 Placebo Yes	0	-0.24203643573969738	0.17621171478299125	1063.0839701127056	-1.3735547380477557	0.16986953773315705	0.7556349850316068
CXCL5	Day*Allocation*srf14	Day1 Placebo Yes - Day4 Placebo Yes	0	-0.19211831867424964	0.12296723342459885	1052.8912379592646	-1.5623537533033376	0.11850517393441085	0.1936547964294031
CXCL5	Day*Allocation*srf14	Day1 Placebo Yes - Day7 Placebo Yes	0	-0.28316745322400894	0.12297144365890791	1052.7507417901868	-2.3027090257592224	0.021489527035617195	0.03511703198503297
CXCL5	Day*Allocation*srf14	Day4 Placebo Yes - Day7 Placebo Yes	0	-0.09104913454975933	0.1262919103254418	1045.2374880775265	-0.7209419377308862	0.47110645001659013	0.6441659622675824
TRANCE	Day*Allocation*srf14	Day1 Anakinra No - Day4 Anakinra No	0	-0.42212405640739403	0.05390966785299376	1037.028164472981	-7.830210669419887	1.1986047152876742e-14	3.824119805917818e-14
TRANCE	Day*Allocation*srf14	Day1 Anakinra No - Day7 Anakinra No	0	-0.8396433226103815	0.05435047613039278	1041.5418625550485	-15.448683845859689	1.2406536883476203e-48	9.235977457698952e-48
TRANCE	Day*Allocation*srf14	Day1 Anakinra No - Day1 Placebo No	0	0.03724182491550066	0.09543118863988029	1214.8844147307927	0.39024794143596636	0.6964216255077236	0.9893930626752736
TRANCE	Day*Allocation*srf14	Day1 Anakinra No - Day4 Placebo No	0	-0.2150281824094007	0.09437710974427248	1191.3377755823024	-2.2783933836504273	0.022879553469318307	0.04944935749820408
TRANCE	Day*Allocation*srf14	Day1 Anakinra No - Day7 Placebo No	0	-0.6227032597953682	0.09570966949331021	1221.4055116675356	-6.506168740232596	1.1220838000224883e-10	6.834510418318793e-10
TRANCE	Day*Allocation*srf14	Day1 Anakinra No - Day1 Anakinra Yes	0	0.24056337392880484	0.114605878701125	1199.068365679892	2.099049164451312	0.03602123188004561	0.10114326194177803
TRANCE	Day*Allocation*srf14	Day1 Anakinra No - Day4 Anakinra Yes	0	0.1280102426934942	0.11717135223438817	1237.0516148738263	1.0925046118561819	0.2748240776421662	0.3909054906219339
TRANCE	Day*Allocation*srf14	Day1 Anakinra No - Day7 Anakinra Yes	0	0.023388100272737467	0.11616222250698881	1220.6085689837903	0.20133998616745077	0.8404662844270271	0.879863141509544
TRANCE	Day*Allocation*srf14	Day1 Anakinra No - Day1 Placebo Yes	0	0.5014426498219745	0.12947533770091935	1185.6632472247354	3.8728815751790386	1.1343193143960965e-4	0.0010857056294934066
TRANCE	Day*Allocation*srf14	Day1 Anakinra No - Day4 Placebo Yes	0	0.11860192616259535	0.13436725089350457	1255.293534854189	0.882669886999442	0.3775836522367727	0.4865020134589187
TRANCE	Day*Allocation*srf14	Day1 Anakinra No - Day7 Placebo Yes	0	0.021033368310343754	0.13431369475903743	1254.8930033548406	0.15659883638878533	0.8755862088646904	0.9025273229836038
TRANCE	Day*Allocation*srf14	Day4 Anakinra No - Day7 Anakinra No	0	-0.4175192662029875	0.05452259372048013	1040.4834128339655	-7.657729350578497	4.3126229017874104e-14	7.223643360493912e-13
TRANCE	Day*Allocation*srf14	Day4 Anakinra No - Day1 Placebo No	0	0.4593658813228947	0.09556770964883843	1217.5471955386606	4.806705978523762	1.7256626804808475e-6	9.634949966018065e-6
TRANCE	Day*Allocation*srf14	Day4 Anakinra No - Day4 Placebo No	0	0.20709587399799334	0.09451521232447778	1194.1432909265072	2.1911380073613733	0.028634486009141598	0.5544059391350238
TRANCE	Day*Allocation*srf14	Day4 Anakinra No - Day7 Placebo No	0	-0.2005792033879742	0.09584682467411804	1224.1026151978535	-2.0927057737170665	0.036580913245141296	0.09235569108430787
TRANCE	Day*Allocation*srf14	Day4 Anakinra No - Day1 Anakinra Yes	0	0.6626874303361989	0.11473846609528579	1201.4859963237811	5.775634387388995	9.754285584157497e-9	3.8443360831679546e-8
TRANCE	Day*Allocation*srf14	Day4 Anakinra No - Day4 Anakinra Yes	0	0.5501342991008882	0.11730100370417426	1239.2694176228922	4.6899368439190185	3.0357821129541273e-6	3.389956692798775e-5
TRANCE	Day*Allocation*srf14	Day4 Anakinra No - Day7 Anakinra Yes	0	0.4455121566801315	0.11629303795585297	1222.9239426760466	3.830944349817883	1.3413240818838237e-4	8.986871348621619e-4
TRANCE	Day*Allocation*srf14	Day4 Anakinra No - Day1 Placebo Yes	0	0.9235667062293685	0.1295942944611693	1187.6131903377664	7.126600056502483	1.780914577040624e-12	1.32579196290802e-11
TRANCE	Day*Allocation*srf14	Day4 Anakinra No - Day4 Placebo Yes	0	0.5407259825699894	0.13448192259967137	1256.9724418984395	4.020807942935453	6.145002432794347e-5	4.117151629972213e-4
TRANCE	Day*Allocation*srf14	Day4 Anakinra No - Day7 Placebo Yes	0	0.4431574247177378	0.1344268722823229	1256.4844739696782	3.296643127923262	0.0010058195197207751	0.004492660521419462
TRANCE	Day*Allocation*srf14	Day7 Anakinra No - Day1 Placebo No	0	0.8768851475258822	0.09580929844344796	1222.8583418297565	9.152401298956063	2.2696320601082947e-19	2.5344224671209288e-18
TRANCE	Day*Allocation*srf14	Day7 Anakinra No - Day4 Placebo No	0	0.6246151402009809	0.09475829340376173	1199.6351321069174	6.591667259556036	6.499840837319085e-11	4.354893361003787e-9
TRANCE	Day*Allocation*srf14	Day7 Anakinra No - Day7 Placebo No	0	0.21694006281501332	0.09608881125639782	1229.3858921601395	2.257703680360277	0.024138960239747285	0.29024415321245195
TRANCE	Day*Allocation*srf14	Day7 Anakinra No - Day1 Anakinra Yes	0	1.0802066965391863	0.11495600185535239	1205.2711575634721	9.396696815346763	2.726516301614601e-20	2.6096656029739756e-19
TRANCE	Day*Allocation*srf14	Day7 Anakinra No - Day4 Anakinra Yes	0	0.9676535653038758	0.11751342386088044	1242.725736825385	8.234408746778097	4.523215170142387e-16	1.1845092745171294e-14
TRANCE	Day*Allocation*srf14	Day7 Anakinra No - Day7 Anakinra Yes	0	0.8630314228831191	0.11650564057425906	1226.431323257738	7.407636391072713	2.384718846767672e-13	5.325872091114467e-12
TRANCE	Day*Allocation*srf14	Day7 Anakinra No - Day1 Placebo Yes	0	1.341085972432356	0.12979104243313128	1190.6957779709132	10.332654297951937	5.011893059964494e-24	8.394920875440528e-23
TRANCE	Day*Allocation*srf14	Day7 Anakinra No - Day4 Placebo Yes	0	0.9582452487729769	0.13466943788929472	1259.52775598863	7.1155361141456925	1.8659646864075906e-12	1.7859947712758368e-11
TRANCE	Day*Allocation*srf14	Day7 Anakinra No - Day7 Placebo Yes	0	0.8606766909207253	0.13461852624674941	1259.222342609304	6.39344906616453	2.2798082785541052e-10	3.818678866578126e-9
TRANCE	Day*Allocation*srf14	Day1 Placebo No - Day4 Placebo No	0	-0.25227000732490135	0.08548445654718112	1039.0236655101141	-2.9510628892594863	0.003237916410159648	0.006779387483771763
TRANCE	Day*Allocation*srf14	Day1 Placebo No - Day7 Placebo No	0	-0.6599450847108689	0.08697273387345354	1049.0581334118394	-7.587953779527013	7.15210578627964e-14	3.993259064006132e-13
TRANCE	Day*Allocation*srf14	Day1 Placebo No - Day1 Anakinra Yes	0	0.20332154901330418	0.13049153548979076	1214.5899010684677	1.5581205957164281	0.11946517286343121	0.36382575372044956
TRANCE	Day*Allocation*srf14	Day1 Placebo No - Day4 Anakinra Yes	0	0.09076841777799355	0.13274076843434002	1243.592811561994	0.6838021118047993	0.4942275230070313	0.6132082229902055
TRANCE	Day*Allocation*srf14	Day1 Placebo No - Day7 Anakinra Yes	0	-0.013853724642763195	0.1318531651979954	1231.0484768977205	-0.10506933695493734	0.9163379063641024	0.969094396577817
TRANCE	Day*Allocation*srf14	Day1 Placebo No - Day1 Placebo Yes	0	0.46420082490647385	0.14383964368588328	1199.4703440731914	3.2272106146216175	0.0012838419686202474	0.012288201699650938
TRANCE	Day*Allocation*srf14	Day1 Placebo No - Day4 Placebo Yes	0	0.0813601012470947	0.1482674465212345	1255.7967598229886	0.5487388038037231	0.5832822562001093	0.713315733897687
TRANCE	Day*Allocation*srf14	Day1 Placebo No - Day7 Placebo Yes	0	-0.016208456605156907	0.14818978204414396	1255.080822874582	-0.10937634418227704	0.9129214803479072	0.9357284601557113
TRANCE	Day*Allocation*srf14	Day4 Placebo No - Day7 Placebo No	0	-0.40767507738596753	0.08574902667349477	1040.2417586238425	-4.754282272360543	2.2716527256555435e-6	3.0440146523784283e-5
TRANCE	Day*Allocation*srf14	Day4 Placebo No - Day1 Anakinra Yes	0	0.45559155633820553	0.12973672100172765	1202.0024491990903	3.5116623329191325	4.618188354310658e-4	0.0013452983466904962
TRANCE	Day*Allocation*srf14	Day4 Placebo No - Day4 Anakinra Yes	0	0.3430384251028949	0.1319993521022103	1231.8343650638321	2.598788703426907	0.009467054528823312	0.028831484246870997
TRANCE	Day*Allocation*srf14	Day4 Placebo No - Day7 Anakinra Yes	0	0.23841628268213816	0.13110550055298453	1218.897684580913	1.8185070929635436	0.06923198927526164	0.16566226005151893
TRANCE	Day*Allocation*srf14	Day4 Placebo No - Day1 Placebo Yes	0	0.7164708322313752	0.1431538865790795	1189.0627624813578	5.004899617836015	6.431345417677289e-7	2.6931258936523648e-6
TRANCE	Day*Allocation*srf14	Day4 Placebo No - Day4 Placebo Yes	0	0.33363010857199604	0.14760052359498696	1246.5400386098158	2.2603585708643603	0.02397092750381567	0.05180813363727902
TRANCE	Day*Allocation*srf14	Day4 Placebo No - Day7 Placebo Yes	0	0.23606155071974444	0.1475262249312003	1245.933902324388	1.6001327955747062	0.10982264410750547	0.1988680312216991
TRANCE	Day*Allocation*srf14	Day7 Placebo No - Day1 Anakinra Yes	0	0.863266633724173	0.13050471642725772	1215.044440614542	6.614830922262882	5.5616819433650893e-11	3.387569910958736e-10
TRANCE	Day*Allocation*srf14	Day7 Placebo No - Day4 Anakinra Yes	0	0.7507135024888624	0.13275240912558123	1243.9684937057673	5.654989671627743	1.9316157325066383e-8	1.68629378235839e-7
TRANCE	Day*Allocation*srf14	Day7 Placebo No - Day7 Anakinra Yes	0	0.6460913600681056	0.13186493460574653	1231.4395879377864	4.899644943515937	1.0879391684060631e-6	1.822298107080156e-5
TRANCE	Day*Allocation*srf14	Day7 Placebo No - Day1 Placebo Yes	0	1.1241459096173427	0.14387195537555758	1200.1467679886819	7.813516586209713	1.2079653145788379e-14	1.156195372525459e-13
TRANCE	Day*Allocation*srf14	Day7 Placebo No - Day4 Placebo Yes	0	0.7413051859579636	0.14830053267257465	1256.473730110971	4.998668397197563	6.589293994964187e-7	6.3068956808942924e-6
TRANCE	Day*Allocation*srf14	Day7 Placebo No - Day7 Placebo Yes	0	0.643736628105712	0.14822356791329597	1255.7544125353913	4.343011284698453	1.5185925529431789e-5	1.2718212630899122e-4
TRANCE	Day*Allocation*srf14	Day1 Anakinra Yes - Day4 Anakinra Yes	0	-0.11255313123531063	0.11140401158905539	1072.264013944236	-1.0103148857017294	0.3125723769847375	0.41579140779435664
TRANCE	Day*Allocation*srf14	Day1 Anakinra Yes - Day7 Anakinra Yes	0	-0.21717527365606737	0.11062156929671596	1074.8796062775757	-1.9632271991508865	0.049877310967573654	0.07264738771363989
TRANCE	Day*Allocation*srf14	Day1 Anakinra Yes - Day1 Placebo Yes	0	0.26087927589316967	0.15529808462701647	1212.733572688692	1.6798615161270685	0.09324182071218781	0.9153337162977851
TRANCE	Day*Allocation*srf14	Day1 Anakinra Yes - Day4 Placebo Yes	0	-0.12196144776620949	0.15941805935465522	1261.029902333397	-0.7650416035669051	0.4443899190203655	0.5838063642032253
TRANCE	Day*Allocation*srf14	Day1 Anakinra Yes - Day7 Placebo Yes	0	-0.2195300056184611	0.1594149659019404	1261.160268988205	-1.3770978425795903	0.16872637082063427	0.23070748663229584
TRANCE	Day*Allocation*srf14	Day4 Anakinra Yes - Day7 Anakinra Yes	0	-0.10462214242075674	0.11170950071287186	1048.8419805601116	-0.9365554563677458	0.34920286588195726	0.5570617146212176
TRANCE	Day*Allocation*srf14	Day4 Anakinra Yes - Day1 Placebo Yes	0	0.3734324071284803	0.15719876973421687	1233.3326587270428	2.375542809653406	0.01767527104287942	0.050943535381345335
TRANCE	Day*Allocation*srf14	Day4 Anakinra Yes - Day4 Placebo Yes	0	-0.009408316530898846	0.16127075755209644	1279.2843576426192	-0.058338639153844185	0.9534880012567035	0.9722401686198228
TRANCE	Day*Allocation*srf14	Day4 Anakinra Yes - Day7 Placebo Yes	0	-0.10697687438315046	0.16126756469092565	1279.401659208042	-0.6633502191725595	0.5072257822333706	0.7230665406305495
TRANCE	Day*Allocation*srf14	Day7 Anakinra Yes - Day1 Placebo Yes	0	0.47805454954923704	0.15645124300696076	1224.1860864940745	3.055613623523385	0.0022946009686462617	0.008541014716627751
TRANCE	Day*Allocation*srf14	Day7 Anakinra Yes - Day4 Placebo Yes	0	0.09521382588985788	0.1605398479431517	1271.0502833395458	0.5930853125236157	0.5532295688105224	0.7128150213520194
TRANCE	Day*Allocation*srf14	Day7 Anakinra Yes - Day7 Placebo Yes	0	-0.002354731962393712	0.16054144944319326	1271.3657165516427	-0.01466743928474946	0.9882997975216656	0.9909681158996474
TRANCE	Day*Allocation*srf14	Day1 Placebo Yes - Day4 Placebo Yes	0	-0.38284072365937916	0.13049627544469794	1069.8693867915372	-2.933729122572701	0.003420609328960065	0.013481225002372022
TRANCE	Day*Allocation*srf14	Day1 Placebo Yes - Day7 Placebo Yes	0	-0.48040928151163076	0.13050337552288133	1069.6631444242046	-3.6812019580857505	2.4372439358176965e-4	6.28059014229945e-4
TRANCE	Day*Allocation*srf14	Day4 Placebo Yes - Day7 Placebo Yes	0	-0.0975685578522516	0.13414557595850657	1062.6492733045839	-0.7273333999656549	0.46718194925219125	0.6441659622675824
HGF	Day*Allocation*srf14	Day1 Anakinra No - Day4 Anakinra No	0	0.08102925312289722	0.060349989390184794	1037.8179965266384	1.34265563161931	0.17967709698084885	0.2149708124592299
HGF	Day*Allocation*srf14	Day1 Anakinra No - Day7 Anakinra No	0	0.0014898757501005202	0.06084115994055752	1042.4562362331144	0.024487957684504128	0.980468075756552	0.980468075756552
HGF	Day*Allocation*srf14	Day1 Anakinra No - Day1 Placebo No	0	-0.05100361055025189	0.10572343667716295	1231.0133219409927	-0.4824248260676249	0.6295899566063835	0.9893930626752736
HGF	Day*Allocation*srf14	Day1 Anakinra No - Day4 Placebo No	0	-0.05907425057925943	0.104536044922769	1207.681983037276	-0.5651089116955148	0.5721046450322077	0.6586944680490225
HGF	Day*Allocation*srf14	Day1 Anakinra No - Day7 Placebo No	0	-0.12462165450483885	0.10603748038053185	1237.4907984494907	-1.1752604273282883	0.24011661434367848	0.2925056938368447
HGF	Day*Allocation*srf14	Day1 Anakinra No - Day1 Anakinra Yes	0	-0.31355337613583845	0.12695000932698883	1215.0362606591593	-2.4698964403240797	0.013651794550213163	0.060978015657618796
HGF	Day*Allocation*srf14	Day1 Anakinra No - Day4 Anakinra Yes	0	-0.4064574068115482	0.12983098471563298	1252.2945475883998	-3.1306656704623035	0.0017844521954088488	0.005268444579825946
HGF	Day*Allocation*srf14	Day1 Anakinra No - Day7 Anakinra Yes	0	-0.5933647974138104	0.1286959364926247	1236.0984322055574	-4.610594658890531	4.431873505055536e-6	1.979570165591473e-5
HGF	Day*Allocation*srf14	Day1 Anakinra No - Day1 Placebo Yes	0	-0.1397977790919433	0.14340567127392992	1201.7098897668436	-0.9748413563429098	0.3298351470709393	0.5101577477120168
HGF	Day*Allocation*srf14	Day1 Anakinra No - Day4 Placebo Yes	0	-0.5436852442917034	0.1489065632851723	1270.3061871119821	-3.6511838853636487	2.716416085550713e-4	0.0015166656477658147
HGF	Day*Allocation*srf14	Day1 Anakinra No - Day7 Placebo Yes	0	-0.6333308130486067	0.14884674380359855	1269.9349242031597	-4.254918830366077	2.2448108638312284e-5	9.400145492293268e-5
HGF	Day*Allocation*srf14	Day4 Anakinra No - Day7 Anakinra No	0	-0.07953937737279669	0.06103437089577804	1041.408643885148	-1.3031899273381173	0.19279797687558314	0.23921230464192722
HGF	Day*Allocation*srf14	Day4 Anakinra No - Day1 Placebo No	0	-0.1320328636731491	0.10587692503676403	1233.6339105230204	-1.2470409735388785	0.2126191762148762	0.3165663290310379
HGF	Day*Allocation*srf14	Day4 Anakinra No - Day4 Placebo No	0	-0.14010350370215663	0.10469134811465146	1210.4511926664256	-1.3382529332674558	0.1810653224923425	0.9152190012754137
HGF	Day*Allocation*srf14	Day4 Anakinra No - Day7 Placebo No	0	-0.20565090762773608	0.10619171781181184	1240.1469974327072	-1.9366002534414342	0.05302116220071496	0.11101305835774695
HGF	Day*Allocation*srf14	Day4 Anakinra No - Day1 Anakinra Yes	0	-0.39458262925873566	0.12709932661278553	1217.4338649199658	-3.104521792321146	0.0019498411300222568	0.0040824798659841
HGF	Day*Allocation*srf14	Day4 Anakinra No - Day4 Anakinra Yes	0	-0.4874866599344454	0.1299769524533756	1254.4861864834638	-3.7505623168793187	1.8448405450209563e-4	7.27084214802377e-4
HGF	Day*Allocation*srf14	Day4 Anakinra No - Day7 Anakinra Yes	0	-0.6743940505367076	0.1288432491152093	1238.391977921308	-5.2342210800169795	1.9445181794616531e-7	2.171378633732179e-6
HGF	Day*Allocation*srf14	Day4 Anakinra No - Day1 Placebo Yes	0	-0.2208270322148405	0.1435396575164403	1203.6468705091997	-1.5384391744807397	0.12420409774585181	0.16643349097944143
HGF	Day*Allocation*srf14	Day4 Anakinra No - Day4 Placebo Yes	0	-0.6247144974146006	0.14903565632920412	1271.962549589071	-4.191711653449373	2.9599851890504325e-5	2.203544529626433e-4
HGF	Day*Allocation*srf14	Day4 Anakinra No - Day7 Placebo Yes	0	-0.7143600661715039	0.1489740726470362	1271.4995736613012	-4.7951972680778825	1.8169051724172226e-6	2.4346529310390782e-5
HGF	Day*Allocation*srf14	Day7 Anakinra No - Day1 Placebo No	0	-0.05249348630035241	0.10614907755760988	1238.8904640780943	-0.4945260713345608	0.6210223768765442	0.6604523690591819
HGF	Day*Allocation*srf14	Day7 Anakinra No - Day4 Placebo No	0	-0.060564126329359945	0.10496519664840258	1215.8973448908225	-0.5769924533388815	0.5640513618878181	0.6405329024827766
HGF	Day*Allocation*srf14	Day7 Anakinra No - Day7 Placebo No	0	-0.12611153025493937	0.10646431911466243	1245.3719944548602	-1.1845426834422979	0.23642432113223327	0.6887143267765057
HGF	Day*Allocation*srf14	Day7 Anakinra No - Day1 Anakinra Yes	0	-0.31504325188593896	0.12734413582969248	1221.172931082665	-2.4739517829644826	0.013497911257654812	0.017732550083585732
HGF	Day*Allocation*srf14	Day7 Anakinra No - Day4 Anakinra Yes	0	-0.4079472825616487	0.130215929633962	1257.8878965619538	-3.132852360754876	0.001771135926594056	0.003595942638842477
HGF	Day*Allocation*srf14	Day7 Anakinra No - Day7 Anakinra Yes	0	-0.5948546731639109	0.12908240682627276	1241.8463422357509	-4.608332675145296	4.477505591082422e-6	2.7272079509320205e-5
HGF	Day*Allocation*srf14	Day7 Anakinra No - Day1 Placebo Yes	0	-0.1412876548420438	0.1437611055016667	1206.6962528676613	-0.9827947159213086	0.32590548693559673	0.3830818881523681
HGF	Day*Allocation*srf14	Day7 Anakinra No - Day4 Placebo Yes	0	-0.5451751200418039	0.14924652992607873	1274.468631243477	-3.652849552427297	2.698683474592769e-4	7.23247171190862e-4
HGF	Day*Allocation*srf14	Day7 Anakinra No - Day7 Placebo Yes	0	-0.6348206887987072	0.14918975319185535	1274.1937093964232	-4.25512258862939	2.2422700295465903e-5	1.2519340998301795e-4
HGF	Day*Allocation*srf14	Day1 Placebo No - Day4 Placebo No	0	-0.008070640029007536	0.0956952581079927	1039.9331438817733	-0.08433688553198496	0.9328048184864448	0.9328048184864448
HGF	Day*Allocation*srf14	Day1 Placebo No - Day7 Placebo No	0	-0.07361804395458696	0.09735314695430189	1050.2356944279147	-0.756195831955424	0.4497013730154015	0.47825384114336345
HGF	Day*Allocation*srf14	Day1 Placebo No - Day1 Anakinra Yes	0	-0.26254976558558657	0.14456464929422513	1230.5634888646687	-1.8161408537105934	0.06959201018574913	0.2374339166572448
HGF	Day*Allocation*srf14	Day1 Placebo No - Day4 Anakinra Yes	0	-0.3554537962612963	0.1470903939047661	1258.9745127771073	-2.4165670294651287	0.015809120864939505	0.042368443918037874
HGF	Day*Allocation*srf14	Day1 Placebo No - Day7 Anakinra Yes	0	-0.5423611868635585	0.1460921939155934	1246.6390385951902	-3.712458361580322	2.1431446769289457e-4	7.977260741902187e-4
HGF	Day*Allocation*srf14	Day1 Placebo No - Day1 Placebo Yes	0	-0.08879416854169139	0.15933303480396202	1215.523367225597	-0.5572866207622339	0.5774342177950244	0.7593083955555936
HGF	Day*Allocation*srf14	Day1 Placebo No - Day4 Placebo Yes	0	-0.49268163374145146	0.16431159463358816	1270.9520808725567	-2.9984593286926735	0.002766225528163098	0.012355807359128505
HGF	Day*Allocation*srf14	Day1 Placebo No - Day7 Placebo Yes	0	-0.5823272024983548	0.16422459059842473	1270.2649264049287	-3.5459196480648165	4.0547238144549323e-4	0.0015092583087137803
HGF	Day*Allocation*srf14	Day4 Placebo No - Day7 Placebo No	0	-0.06554740392557942	0.09599045148973626	1041.190501507849	-0.6828533766464059	0.4948514002100691	0.5816674353346427
HGF	Day*Allocation*srf14	Day4 Placebo No - Day1 Anakinra Yes	0	-0.25447912555657903	0.14371399109503344	1218.0776701126867	-1.7707331319488593	0.0768551472564837	0.1197510433996374
HGF	Day*Allocation*srf14	Day4 Placebo No - Day4 Anakinra Yes	0	-0.34738315623228877	0.14625504456439856	1247.3446054768756	-2.3751875175787878	0.017690503194014325	0.04938598808328999
HGF	Day*Allocation*srf14	Day4 Placebo No - Day7 Anakinra Yes	0	-0.534290546834551	0.14524967312005077	1234.6028092443485	-3.6784285661899756	2.447734017864254e-4	0.0018222019910767225
HGF	Day*Allocation*srf14	Day4 Placebo No - Day1 Placebo Yes	0	-0.08072352851268386	0.15856025024957657	1205.1894319301684	-0.5091031856068822	0.6107730918829043	0.6837918809549051
HGF	Day*Allocation*srf14	Day4 Placebo No - Day4 Placebo Yes	0	-0.4846109937124439	0.1635603294793837	1261.811499961784	-2.9628883437381908	0.003104782118488992	0.013868026795917497
HGF	Day*Allocation*srf14	Day4 Placebo No - Day7 Placebo Yes	0	-0.5742565624693473	0.16347721471862942	1261.2366808291117	-3.5127620901648906	4.591496741451096e-4	0.00439471830967462
HGF	Day*Allocation*srf14	Day7 Placebo No - Day1 Anakinra Yes	0	-0.18893172163099958	0.14457978288412726	1231.0280706505464	-1.306764458087601	0.1915367808724897	0.24213140223503415
HGF	Day*Allocation*srf14	Day7 Placebo No - Day4 Anakinra Yes	0	-0.2818357523067093	0.14710374174147856	1259.3571640041785	-1.9158979164650347	0.05560429863476304	0.09086556118363716
HGF	Day*Allocation*srf14	Day7 Placebo No - Day7 Anakinra Yes	0	-0.46874314290897157	0.146105697120746	1247.0384169389743	-3.208246852424848	0.001369444720995422	0.005097377572594071
HGF	Day*Allocation*srf14	Day7 Placebo No - Day1 Placebo Yes	0	-0.015176124587104428	0.15936969231796816	1216.2056115222326	-0.09522591382573306	0.9241510740634786	0.9241510740634786
HGF	Day*Allocation*srf14	Day7 Placebo No - Day4 Placebo Yes	0	-0.4190635897868645	0.1643491638205267	1271.6331449583079	-2.5498370666764827	0.010893820952550867	0.02291870929899711
HGF	Day*Allocation*srf14	Day7 Placebo No - Day7 Placebo Yes	0	-0.5087091585437679	0.16426292927639147	1270.940515564922	-3.0969200463228415	0.0019982408876412674	0.00892547596479766
HGF	Day*Allocation*srf14	Day1 Anakinra Yes - Day4 Anakinra Yes	0	-0.09290403067570974	0.12467641562985274	1073.7310297659583	-0.7451612256124617	0.4563373339252895	0.5533922804900004
HGF	Day*Allocation*srf14	Day1 Anakinra Yes - Day7 Anakinra Yes	0	-0.279811421277972	0.12379809908942564	1076.3057968151272	-2.260223891449658	0.024006533985978185	0.03829613754906044
HGF	Day*Allocation*srf14	Day1 Anakinra Yes - Day1 Placebo Yes	0	0.17375559704389515	0.17204397339253463	1228.837907272164	1.0099487568068153	0.31271866002089255	0.9668895255885167
HGF	Day*Allocation*srf14	Day1 Anakinra Yes - Day4 Placebo Yes	0	-0.2301318681558649	0.17667637999475974	1276.3137791005172	-1.3025615997038804	0.19295945565815315	0.3153239885145429
HGF	Day*Allocation*srf14	Day1 Anakinra Yes - Day7 Placebo Yes	0	-0.3197774369127683	0.17667314314643512	1276.4528502038759	-1.809994610486561	0.07053171761043517	0.12380630467455808
HGF	Day*Allocation*srf14	Day4 Anakinra Yes - Day7 Anakinra Yes	0	-0.18690739060226225	0.12504253144585029	1050.0349338125955	-1.4947505336070597	0.13528001002845477	0.2832425209970772
HGF	Day*Allocation*srf14	Day4 Anakinra Yes - Day1 Placebo Yes	0	0.2666596277196049	0.17417811853006587	1249.0137377541503	1.5309593993207318	0.12603264894617267	0.2229355159973172
HGF	Day*Allocation*srf14	Day4 Anakinra Yes - Day4 Placebo Yes	0	-0.13722783748015516	0.1787558876911222	1294.0959100648863	-0.7676828956664934	0.44281564616700875	0.6183739285815939
HGF	Day*Allocation*srf14	Day4 Anakinra Yes - Day7 Placebo Yes	0	-0.22687340623705854	0.17875252439889985	1294.22062241739	-1.2692039287275925	0.20459653339212705	0.44219250765395196
HGF	Day*Allocation*srf14	Day7 Anakinra Yes - Day1 Placebo Yes	0	0.45356701832186713	0.17333719645204246	1240.0039336139073	2.6166744796022843	0.008987045040502722	0.021504714918345796
HGF	Day*Allocation*srf14	Day7 Anakinra Yes - Day4 Placebo Yes	0	0.04967955312210707	0.17793387978200828	1286.0226968199754	0.27920232607174567	0.7801344516202924	0.8430485202993482
HGF	Day*Allocation*srf14	Day7 Anakinra Yes - Day7 Placebo Yes	0	-0.03996601563479629	0.17793611940207568	1286.3529184029642	-0.2246087852713398	0.8223193014841603	0.9412492294993537
HGF	Day*Allocation*srf14	Day1 Placebo Yes - Day4 Placebo Yes	0	-0.40388746519976004	0.14604618768237004	1071.1287599684583	-2.7654776314884617	0.005781615523829879	0.018446106671266758
HGF	Day*Allocation*srf14	Day1 Placebo Yes - Day7 Placebo Yes	0	-0.4935330339566634	0.14605438271662985	1070.917813153054	-3.3791045826690516	7.534210763387297e-4	0.00162836168111919
HGF	Day*Allocation*srf14	Day4 Placebo Yes - Day7 Placebo Yes	0	-0.08964556875690335	0.15013925947691606	1064.0323013355153	-0.5970827954608793	0.5505791314069244	0.6960151283823384
IL-12B	Day*Allocation*srf14	Day1 Anakinra No - Day4 Anakinra No	0	0.7191561032230951	0.04738087850241913	1035.024962081661	15.178192679276242	3.935584816049687e-47	8.7894727558443e-46
IL-12B	Day*Allocation*srf14	Day1 Anakinra No - Day7 Anakinra No	0	0.7875788701486675	0.04777280476746797	1039.2231838330995	16.48592486838847	2.025051101712088e-54	1.6959802976838737e-53
IL-12B	Day*Allocation*srf14	Day1 Anakinra No - Day1 Placebo No	0	0.04544435989111064	0.08625220917368391	1173.0570401405305	0.5268776339351549	0.5983781820337153	0.9893930626752736
IL-12B	Day*Allocation*srf14	Day1 Anakinra No - Day4 Placebo No	0	0.7205564179502411	0.08534195218934126	1149.212102991487	8.443167744178162	9.201829747540237e-17	2.0550753102839863e-15
IL-12B	Day*Allocation*srf14	Day1 Anakinra No - Day7 Placebo No	0	0.7047162600771961	0.08649203187282117	1179.6215887204016	8.147759334795355	9.373326850375187e-16	1.0466881649585625e-14
IL-12B	Day*Allocation*srf14	Day1 Anakinra No - Day1 Anakinra Yes	0	-0.05896194152785062	0.1036162649916346	1157.765513631135	-0.5690413713774656	0.5694384345184185	0.7630475022546808
IL-12B	Day*Allocation*srf14	Day1 Anakinra No - Day4 Anakinra Yes	0	1.0318105630297698	0.10584967838623079	1197.2410356738144	9.747885669192458	1.1732217630450351e-21	7.860585812401736e-20
IL-12B	Day*Allocation*srf14	Day1 Anakinra No - Day7 Anakinra Yes	0	1.253196809725877	0.10497481377430623	1180.3300486154592	11.93807128270049	4.2634481737981165e-31	2.856510276444738e-29
IL-12B	Day*Allocation*srf14	Day1 Anakinra No - Day1 Placebo Yes	0	-0.15426846796270427	0.11709295067971211	1144.3266233625907	-1.3174872361418193	0.18793907453157205	0.3605179628806897
IL-12B	Day*Allocation*srf14	Day1 Anakinra No - Day4 Placebo Yes	0	0.7869874381068062	0.12133694475651188	1215.912418739979	6.485967152758478	1.2796004359346732e-10	4.286661460381155e-9
IL-12B	Day*Allocation*srf14	Day1 Anakinra No - Day7 Placebo Yes	0	1.059027799538267	0.1212897026517749	1215.44206528731	8.73139084674613	8.169957330320902e-18	5.473871411315005e-16
IL-12B	Day*Allocation*srf14	Day4 Anakinra No - Day7 Anakinra No	0	0.06842276692557236	0.04792296690823805	1038.1441115136163	1.4277656693623941	0.1536600537462033	0.19424950190557777
IL-12B	Day*Allocation*srf14	Day4 Anakinra No - Day1 Placebo No	0	-0.6737117433319845	0.0863706999046941	1175.7999753862161	-7.800234849033211	1.356102562308035e-14	1.817177433492767e-13
IL-12B	Day*Allocation*srf14	Day4 Anakinra No - Day4 Placebo No	0	0.001400314727145989	0.0854617423718839	1152.0812880301155	0.01638528174457954	0.9869298586580303	0.9869298586580303
IL-12B	Day*Allocation*srf14	Day4 Anakinra No - Day7 Placebo No	0	-0.014439843145898974	0.08661100542736433	1182.3956122687957	-0.16672065027589178	0.8676183620203255	0.8807640947782092
IL-12B	Day*Allocation*srf14	Day4 Anakinra No - Day1 Anakinra Yes	0	-0.7781180447509457	0.10373084818067907	1160.2103369398578	-7.501317673558541	1.2526722177429126e-13	1.1989862655539306e-12
IL-12B	Day*Allocation*srf14	Day4 Anakinra No - Day4 Anakinra Yes	0	0.31265445980667483	0.10596181393268503	1199.504322545256	2.9506333291472022	0.0032328174772321243	0.009754046288136085
IL-12B	Day*Allocation*srf14	Day4 Anakinra No - Day7 Anakinra Yes	0	0.534040706502782	0.1050878898808431	1182.6790858311942	5.0818482235043385	4.340972907436027e-7	4.154931211403054e-6
IL-12B	Day*Allocation*srf14	Day4 Anakinra No - Day1 Placebo Yes	0	-0.8734245711857994	0.11719571585101478	1146.290581311428	-7.452700509088077	1.7966504989270406e-13	1.7196511918301674e-12
IL-12B	Day*Allocation*srf14	Day4 Anakinra No - Day4 Placebo Yes	0	0.0678313348837111	0.12143614569080345	1217.6329060708586	0.5585761512591227	0.5765537203707198	0.6547304960142073
IL-12B	Day*Allocation*srf14	Day4 Anakinra No - Day7 Placebo Yes	0	0.3398716963151721	0.12138776410779187	1217.086162268319	2.799884311349267	0.0051929009625422354	0.01739621822451649
IL-12B	Day*Allocation*srf14	Day7 Anakinra No - Day1 Placebo No	0	-0.7421345102575568	0.08657931199885693	1181.1940302278163	-8.571730279715723	3.147258592278529e-17	2.635829071033268e-16
IL-12B	Day*Allocation*srf14	Day7 Anakinra No - Day4 Placebo No	0	-0.06702245219842637	0.08567160910040347	1157.63138147828	-0.7823181203457835	0.4341876283616707	0.5488787000043761
IL-12B	Day*Allocation*srf14	Day7 Anakinra No - Day7 Placebo No	0	-0.08286261007147133	0.08681995763380794	1187.7709952519058	-0.9544189185276035	0.34006582804907126	0.7594803493095925
IL-12B	Day*Allocation*srf14	Day7 Anakinra No - Day1 Anakinra Yes	0	-0.8465408116765181	0.10391917214651386	1164.0732333234293	-8.1461466078944	9.606334455697155e-16	4.950956988705457e-15
IL-12B	Day*Allocation*srf14	Day7 Anakinra No - Day4 Anakinra Yes	0	0.24423169288110247	0.10614586567666419	1203.065034253578	2.300906317209451	0.021567274973888852	0.036125185581263826
IL-12B	Day*Allocation*srf14	Day7 Anakinra No - Day7 Anakinra Yes	0	0.46561793957720965	0.10527214325671774	1186.2854823826774	4.42299287515928	1.0627671819567046e-5	5.9337834325916004e-5
IL-12B	Day*Allocation*srf14	Day7 Anakinra No - Day1 Placebo Yes	0	-0.9418473381113718	0.1173659747406065	1149.4251673872238	-8.024875524554474	2.491531964183266e-15	1.39110534666899e-14
IL-12B	Day*Allocation*srf14	Day7 Anakinra No - Day4 Placebo Yes	0	-5.914320418612673e-4	0.1215987827543735	1220.2878496261721	-0.004863799032067165	0.9961200601222451	0.9961200601222451
IL-12B	Day*Allocation*srf14	Day7 Anakinra No - Day7 Placebo Yes	0	0.27144892938959975	0.1215536980433238	1219.9083301355813	2.233160601110225	0.025719151139128038	0.05537048203517373
IL-12B	Day*Allocation*srf14	Day1 Placebo No - Day4 Placebo No	0	0.6751120580591304	0.07513473132323896	1036.728453477914	8.985352661403876	1.193466846654353e-18	1.5992455745168332e-17
IL-12B	Day*Allocation*srf14	Day1 Placebo No - Day7 Placebo No	0	0.6592719001860855	0.07645882715565742	1046.0823510729158	8.6225740664831	2.3919049284280248e-17	1.7806403356075295e-16
IL-12B	Day*Allocation*srf14	Day1 Placebo No - Day1 Anakinra Yes	0	-0.10440630141896126	0.11794048130813488	1173.1339113560869	-0.8852456786757228	0.3762055478047428	0.6333289229624678
IL-12B	Day*Allocation*srf14	Day1 Placebo No - Day4 Anakinra Yes	0	0.9863662031386593	0.11989878730444489	1203.3718415148019	8.226657043945703	4.950412941759164e-16	3.3167766709786394e-14
IL-12B	Day*Allocation*srf14	Day1 Placebo No - Day7 Anakinra Yes	0	1.2077524498347665	0.1191289737123845	1190.4205235929574	10.138192348997045	3.177956967619268e-23	2.1292311683049097e-21
IL-12B	Day*Allocation*srf14	Day1 Placebo No - Day1 Placebo Yes	0	-0.19971282785381492	0.13004606221459858	1157.9859532969197	-1.5357083824979958	0.12488308695460808	0.2988273866413836
IL-12B	Day*Allocation*srf14	Day1 Placebo No - Day4 Placebo Yes	0	0.7415430782156955	0.13388829464615318	1216.0451037913585	5.538520601636487	3.735244505864258e-8	1.2513069094645264e-6
IL-12B	Day*Allocation*srf14	Day1 Placebo No - Day7 Placebo Yes	0	1.0135834396471566	0.1338202799602927	1215.2631740806276	7.574214012613845	7.127158216198662e-14	4.7751960048531036e-12
IL-12B	Day*Allocation*srf14	Day4 Placebo No - Day7 Placebo No	0	-0.015840157873044963	0.0753691712934354	1037.8484384942506	-0.21016760037568077	0.8335781172757768	0.859226674730416
IL-12B	Day*Allocation*srf14	Day4 Placebo No - Day1 Anakinra Yes	0	-0.7795183594780917	0.11728939885149663	1160.4190248008265	-6.646110962381703	4.6190825302827716e-11	3.8684816191118213e-10
IL-12B	Day*Allocation*srf14	Day4 Placebo No - Day4 Anakinra Yes	0	0.31125414507952887	0.11925883168561714	1191.406513416372	2.609904362471352	0.009170307509797351	0.028831484246870997
IL-12B	Day*Allocation*srf14	Day4 Placebo No - Day7 Anakinra Yes	0	0.532640391775636	0.11848388775382537	1178.1029467604783	4.495466867885918	7.626244736985941e-6	1.277395993445145e-4
IL-12B	Day*Allocation*srf14	Day4 Placebo No - Day1 Placebo Yes	0	-0.8748248859129454	0.12945445656503385	1147.4987685312535	-6.757781146556827	2.2240318332238487e-11	2.1287161832285407e-10
IL-12B	Day*Allocation*srf14	Day4 Placebo No - Day4 Placebo Yes	0	0.0664310201565651	0.13331232821172653	1206.5863865754566	0.49831115432219747	0.6183555646655666	0.7022003869931012
IL-12B	Day*Allocation*srf14	Day4 Placebo No - Day7 Placebo Yes	0	0.33847138158802614	0.133247030616275	1205.9070801414591	2.5401795448842424	0.01120416676272285	0.037533958655121546
IL-12B	Day*Allocation*srf14	Day7 Placebo No - Day1 Anakinra Yes	0	-0.7636782016050467	0.11795131010907897	1173.5591137651559	-6.474520722989958	1.3950443451122866e-10	7.189843932501785e-10
IL-12B	Day*Allocation*srf14	Day7 Placebo No - Day4 Anakinra Yes	0	0.3270943029525738	0.11990838415562445	1203.7264759710185	2.727868491064401	0.006467220456454273	0.013540742830701134
IL-12B	Day*Allocation*srf14	Day7 Placebo No - Day7 Anakinra Yes	0	0.548480549648681	0.11913866314626972	1190.7874348118721	4.603715831319147	4.59525637989918e-6	6.157643549064902e-5
IL-12B	Day*Allocation*srf14	Day7 Placebo No - Day1 Placebo Yes	0	-0.8589847280399004	0.13007346105492615	1158.6413477803399	-6.603843098148798	6.089256450644742e-11	3.7089107472108884e-10
IL-12B	Day*Allocation*srf14	Day7 Placebo No - Day4 Placebo Yes	0	0.08227117802961006	0.133916288277424	1216.7051821705268	0.6143478070358046	0.5391003746694445	0.5921266410303735
IL-12B	Day*Allocation*srf14	Day7 Placebo No - Day7 Placebo Yes	0	0.3543115394610711	0.13384890790657317	1215.92475999869	2.647100712307502	0.008223433913020602	0.026236670103446685
IL-12B	Day*Allocation*srf14	Day1 Anakinra Yes - Day4 Anakinra Yes	0	1.0907725045576204	0.09798485112300348	1068.4928036110712	11.13205247603366	2.603925489217348e-27	1.7446300777756231e-25
IL-12B	Day*Allocation*srf14	Day1 Anakinra Yes - Day7 Anakinra Yes	0	1.3121587512537278	0.09730226404243943	1071.1934532081084	13.485387664581122	2.135178481536149e-38	1.4305695826292198e-36
IL-12B	Day*Allocation*srf14	Day1 Anakinra Yes - Day1 Placebo Yes	0	-0.09530652643485366	0.14036707310628738	1171.0032613223138	-0.678980649277246	0.497284293481545	0.9668895255885167
IL-12B	Day*Allocation*srf14	Day1 Anakinra Yes - Day4 Placebo Yes	0	0.8459493796346568	0.1439422599915734	1220.9081846404613	5.8770049857781865	5.383150360656209e-9	3.60671074163966e-7
IL-12B	Day*Allocation*srf14	Day1 Anakinra Yes - Day7 Placebo Yes	0	1.117989741066118	0.14393910988340258	1221.015481941342	7.767101950065843	1.6922492597602123e-14	1.1338070040393423e-12
IL-12B	Day*Allocation*srf14	Day4 Anakinra Yes - Day7 Anakinra Yes	0	0.22138624669610718	0.09820471733757044	1045.8304279686006	2.2543341368735943	0.02438143732820596	0.0788971034827327
IL-12B	Day*Allocation*srf14	Day4 Anakinra Yes - Day1 Placebo Yes	0	-1.1860790309924742	0.14202229464194205	1192.4820916761657	-8.351358031376302	1.8526872578215947e-16	1.2413004627404685e-14
IL-12B	Day*Allocation*srf14	Day4 Anakinra Yes - Day4 Placebo Yes	0	-0.24482312492296374	0.14555726886101167	1240.206470363926	-1.6819711364379755	0.09282618009847218	0.44740482011467014
IL-12B	Day*Allocation*srf14	Day4 Anakinra Yes - Day7 Placebo Yes	0	0.027217236508497278	0.14555405863675883	1240.3038050283124	0.18699057081204415	0.8516986075404998	0.9057747096065633
IL-12B	Day*Allocation*srf14	Day7 Anakinra Yes - Day1 Placebo Yes	0	-1.4074652776885814	0.14137446866293582	1183.0800284078261	-9.955583147366246	1.7736479568836996e-22	1.1883441311120788e-20
IL-12B	Day*Allocation*srf14	Day7 Anakinra Yes - Day4 Placebo Yes	0	-0.4662093716190709	0.1449233763691577	1231.64123279338	-3.216937000084195	0.0013293874618231219	0.02968965331404972
IL-12B	Day*Allocation*srf14	Day7 Anakinra Yes - Day7 Placebo Yes	0	-0.1941690101876099	0.14492392419275896	1231.916807390629	-1.339799562212734	0.18055760329681755	0.7556349850316068
IL-12B	Day*Allocation*srf14	Day1 Placebo Yes - Day4 Placebo Yes	0	0.9412559060695105	0.11477225680159969	1066.6021157544653	8.201075175306576	6.795193936101273e-16	4.552779937187853e-14
IL-12B	Day*Allocation*srf14	Day1 Placebo Yes - Day7 Placebo Yes	0	1.2132962675009715	0.11477800979564644	1066.4083137612836	10.570807680505645	6.606999844630248e-25	1.4755632986340885e-23
IL-12B	Day*Allocation*srf14	Day4 Placebo Yes - Day7 Placebo Yes	0	0.272040361431461	0.11796296928039163	1059.1235029579043	2.306150507154798	0.021294606535182597	0.1297035125324758
MMP-10	Day*Allocation*srf14	Day1 Anakinra No - Day4 Anakinra No	0	0.3979120236622145	0.04684008510316092	1026.2097579213537	8.495117435970716	6.874104993987908e-17	2.7092060858658225e-16
MMP-10	Day*Allocation*srf14	Day1 Anakinra No - Day7 Anakinra No	0	0.5061403833107496	0.047245860019932695	1029.0402929952159	10.712904434318956	1.837846244021649e-25	5.863604683307166e-25
MMP-10	Day*Allocation*srf14	Day1 Anakinra No - Day1 Placebo No	0	0.13235377811430624	0.09981547685338095	980.1784718940096	1.3259845295206156	0.1851537333009881	0.9893930626752736
MMP-10	Day*Allocation*srf14	Day1 Anakinra No - Day4 Placebo No	0	0.46710359053349426	0.09901436807113743	959.1872269664145	4.717533420986952	2.7415744030530833e-6	1.2245699000303772e-5
MMP-10	Day*Allocation*srf14	Day1 Anakinra No - Day7 Placebo No	0	0.37755821972654924	0.10002404863346898	985.8242379898294	3.7746744396448553	1.6978520082062246e-4	3.447154077267183e-4
MMP-10	Day*Allocation*srf14	Day1 Anakinra No - Day1 Anakinra Yes	0	-0.17172039472270798	0.12008858307617143	968.7856732919003	-1.4299477129627454	0.1530544367916426	0.3204577270325017
MMP-10	Day*Allocation*srf14	Day1 Anakinra No - Day4 Anakinra Yes	0	0.33688201775571375	0.12213168749110101	1007.8191289941177	2.758350635090179	0.00591451524271524	0.016369677419583666
MMP-10	Day*Allocation*srf14	Day1 Anakinra No - Day7 Anakinra Yes	0	0.3827475740004118	0.12134706757332622	991.8492202839291	3.15415594010238	0.001658049274667081	0.004443572056107777
MMP-10	Day*Allocation*srf14	Day1 Anakinra No - Day1 Placebo Yes	0	-0.17333434028285857	0.13589757477135572	957.7380144000203	-1.2754778043279233	0.2024494579115192	0.3767809355575496
MMP-10	Day*Allocation*srf14	Day1 Anakinra No - Day4 Placebo Yes	0	0.090150959048353907	0.1397178551161933	1025.3797287076166	0.6452357787297968	0.5189187470111298	0.6065928169720687
MMP-10	Day*Allocation*srf14	Day1 Anakinra No - Day7 Placebo Yes	0	0.3171674002152807	0.13967241096039534	1024.733677269197	2.270794912427013	0.02336622977804523	0.05050120629448485
MMP-10	Day*Allocation*srf14	Day4 Anakinra No - Day7 Anakinra No	0	0.10822835964853511	0.047388608147239705	1028.0006472107698	2.2838476140143653	0.022583729933555223	0.03289369359887391
MMP-10	Day*Allocation*srf14	Day4 Anakinra No - Day1 Placebo No	0	-0.2655582455479083	0.09992229503578437	982.7734482905136	-2.657647579579773	0.007996521136352736	0.01785889720452111
MMP-10	Day*Allocation*srf14	Day4 Anakinra No - Day4 Placebo No	0	0.06919156687127974	0.09912204520973701	961.8311925547638	0.6980441810383758	0.48531828147803646	0.9152190012754137
MMP-10	Day*Allocation*srf14	Day4 Anakinra No - Day7 Placebo No	0	-0.0203538039356653	0.10013108158775791	988.436984236531	-0.2032715877319932	0.838964598834228	0.8647788941829734
MMP-10	Day*Allocation*srf14	Day4 Anakinra No - Day1 Anakinra Yes	0	-0.5696324183849225	0.12018991387156944	970.9461693551658	-4.739436114361568	2.4631985453841533e-6	7.858776311463728e-6
MMP-10	Day*Allocation*srf14	Day4 Anakinra No - Day4 Anakinra Yes	0	-0.061030005906500776	0.12223129497259608	1009.8987760696704	-0.49929934817579685	0.6176772640978777	0.7014301134670815
MMP-10	Day*Allocation*srf14	Day4 Anakinra No - Day7 Anakinra Yes	0	-0.01516444966180272	0.12144726163116486	993.9614380510343	-0.12486448404128807	0.9006560839263853	0.9283685788164279
MMP-10	Day*Allocation*srf14	Day4 Anakinra No - Day1 Placebo Yes	0	-0.5712463639450731	0.13598829950729774	959.4492282554238	-4.200702310527954	2.9088149733716e-5	1.0257400169257747e-4
MMP-10	Day*Allocation*srf14	Day4 Anakinra No - Day4 Placebo Yes	0	-0.3077610646138606	0.1398060944678116	1026.987593758281	-2.2013422646944645	0.027933637330664784	0.053656300303123544
MMP-10	Day*Allocation*srf14	Day4 Anakinra No - Day7 Placebo Yes	0	-0.08074462344693378	0.1397601312301804	1026.3094683543727	-0.5777371753747855	0.5635683026107194	0.6160149547468008
MMP-10	Day*Allocation*srf14	Day7 Anakinra No - Day1 Placebo No	0	-0.37378660519644336	0.10010590663139916	987.5756180161178	-3.7339115919779466	1.993077044507035e-4	3.5738002284304893e-4
MMP-10	Day*Allocation*srf14	Day7 Anakinra No - Day4 Placebo No	0	-0.03903679277725537	0.09930655644022761	966.6808966307013	-0.3930938114922103	0.694336866451027	0.7503317750357872
MMP-10	Day*Allocation*srf14	Day7 Anakinra No - Day7 Placebo No	0	-0.1285821635842004	0.1003149494234248	993.2489085829565	-1.2817846624381077	0.20021731698340267	0.670728011894399
MMP-10	Day*Allocation*srf14	Day7 Anakinra No - Day1 Anakinra Yes	0	-0.6778607780334576	0.120357542128966	974.4607418592233	-5.6320589972426776	2.3291135109563424e-8	6.001946355156729e-8
MMP-10	Day*Allocation*srf14	Day7 Anakinra No - Day4 Anakinra Yes	0	-0.16925836555503587	0.12239589784760704	1013.2718724962905	-1.3828761300952785	0.16700750969228154	0.21112270093175212
MMP-10	Day*Allocation*srf14	Day7 Anakinra No - Day7 Anakinra Yes	0	-0.12339280931033783	0.12161214088234122	997.3468730478879	-1.0146421929182168	0.3105224969900754	0.41610014596670103
MMP-10	Day*Allocation*srf14	Day7 Anakinra No - Day1 Placebo Yes	0	-0.6794747235936082	0.1361395115335216	962.2609750879482	-4.991017787119805	7.126780960933931e-7	1.8365166322406671e-6
MMP-10	Day*Allocation*srf14	Day7 Anakinra No - Day4 Placebo Yes	0	-0.4159894242623957	0.13995216497054006	1029.580026434669	-2.9723686257369546	0.0030238601196927307	0.005475638595119269
MMP-10	Day*Allocation*srf14	Day7 Anakinra No - Day7 Placebo Yes	0	-0.1889729830954689	0.13990809796214349	1028.9911008066415	-1.3506936756913202	0.1770905285305892	0.25793620459890165
MMP-10	Day*Allocation*srf14	Day1 Placebo No - Day4 Placebo No	0	0.334749812419188	0.07428623739819971	1026.8544277896992	4.506215742558264	7.3571987965209565e-6	2.2406014516677457e-5
MMP-10	Day*Allocation*srf14	Day1 Placebo No - Day7 Placebo No	0	0.24520444161224297	0.07566099126383095	1033.2302862463564	3.2408304136171253	0.0012298810265058166	0.002009805579899749
MMP-10	Day*Allocation*srf14	Day1 Placebo No - Day1 Anakinra Yes	0	-0.3040741728370142	0.136475471435095	981.3127732451321	-2.228049990518815	0.02610317722222619	0.12492234813493962
MMP-10	Day*Allocation*srf14	Day1 Placebo No - Day4 Anakinra Yes	0	0.20452823964140748	0.1382678122564516	1011.5088756378449	1.479218021198308	0.1393934023710555	0.25942660996835326
MMP-10	Day*Allocation*srf14	Day1 Placebo No - Day7 Anakinra Yes	0	0.25039379588610555	0.13757623854981005	999.1305573723404	1.8200366467749403	0.06905252381943926	0.1357159832519279
MMP-10	Day*Allocation*srf14	Day1 Placebo No - Day1 Placebo Yes	0	-0.3056881183971648	0.15072006460261347	968.748734108515	-2.0281846295855703	0.04281461905863059	0.13953392170852363
MMP-10	Day*Allocation*srf14	Day1 Placebo No - Day4 Placebo Yes	0	-0.04220281906595233	0.1541822185431149	1024.0642029518076	-0.27372040345982507	0.7843546932272107	0.86994431910581
MMP-10	Day*Allocation*srf14	Day1 Placebo No - Day7 Placebo Yes	0	0.1848136221009745	0.15411858377297077	1023.1652318494447	1.1991650687189028	0.23074140250365247	0.3513562265396526
MMP-10	Day*Allocation*srf14	Day4 Placebo No - Day7 Placebo No	0	-0.08954537080694504	0.07452553400424704	1027.5711869912288	-1.2015394723886454	0.22981885474438005	0.32078881808069715
MMP-10	Day*Allocation*srf14	Day4 Placebo No - Day1 Anakinra Yes	0	-0.6388239852562022	0.13590539381372355	970.2223914858299	-4.700505015509506	2.9702385299917636e-6	1.047399902681306e-5
MMP-10	Day*Allocation*srf14	Day4 Placebo No - Day4 Anakinra Yes	0	-0.13022157277778051	0.13770543331721216	1000.7433275982776	-0.94565312087438	0.34455380497144783	0.47112459047116334
MMP-10	Day*Allocation*srf14	Day4 Placebo No - Day7 Anakinra Yes	0	-0.08435601653308246	0.13701048293403506	988.2145770663885	-0.6156902357150031	0.5382407539848293	0.7220726275056204
MMP-10	Day*Allocation*srf14	Day4 Placebo No - Day1 Placebo Yes	0	-0.6404379308163528	0.15020173978728277	959.6745733206815	-4.263851615323148	2.207889318626838e-5	7.785714965684113e-5
MMP-10	Day*Allocation*srf14	Day4 Placebo No - Day4 Placebo Yes	0	-0.37695263148514035	0.15367467448453723	1015.4047704433824	-2.452926175048247	0.014337225734980452	0.04034571418883733
MMP-10	Day*Allocation*srf14	Day4 Placebo No - Day7 Placebo Yes	0	-0.14993619031821354	0.1536127038520668	1014.5685914735196	-0.9760663445036822	0.3292642536822079	0.4693767020576155
MMP-10	Day*Allocation*srf14	Day7 Placebo No - Day1 Anakinra Yes	0	-0.5492786144492572	0.13648288552373647	981.569927618799	-4.024523751395402	6.148207659947198e-5	1.2765791304549345e-4
MMP-10	Day*Allocation*srf14	Day7 Placebo No - Day4 Anakinra Yes	0	-0.04067620197083548	0.1382745116521881	1011.732661789885	-0.29416991956660293	0.7686884053431218	0.844297100950642
MMP-10	Day*Allocation*srf14	Day7 Placebo No - Day7 Anakinra Yes	0	0.005189354273862579	0.13758296884767612	999.3569206066411	0.03771799894511602	0.9699200580233582	0.9846158164782576
MMP-10	Day*Allocation*srf14	Day7 Placebo No - Day1 Placebo Yes	0	-0.5508925600094078	0.15074222703854112	969.2278180846181	-3.654533774856318	2.714765963784968e-4	5.684041236674777e-4
MMP-10	Day*Allocation*srf14	Day7 Placebo No - Day4 Placebo Yes	0	-0.28740726067819533	0.15420465681581527	1024.5572914094134	-1.863804029092841	0.06263510779943884	0.10491380556406006
MMP-10	Day*Allocation*srf14	Day7 Placebo No - Day7 Placebo Yes	0	-0.060390819511268484	0.1541415993009114	1023.6711141505172	-0.3917879390454165	0.6952964520348586	0.7773461348328425
MMP-10	Day*Allocation*srf14	Day1 Anakinra Yes - Day4 Anakinra Yes	0	0.5086024124784218	0.09717989567429083	1051.042310959844	5.233617601145189	2.006236233826616e-7	1.0339832897414099e-6
MMP-10	Day*Allocation*srf14	Day1 Anakinra Yes - Day7 Anakinra Yes	0	0.5544679687231198	0.09653260567005566	1053.7598697212986	5.74384131531959	1.210210324718657e-8	5.067755734759377e-8
MMP-10	Day*Allocation*srf14	Day1 Anakinra Yes - Day1 Placebo Yes	0	-0.001613945560150598	0.16246967734705023	978.9736238630396	-0.009933826339194738	0.9920761076021676	0.9920761076021676
MMP-10	Day*Allocation*srf14	Day1 Anakinra Yes - Day4 Placebo Yes	0	0.26187135377106185	0.16569154490490182	1026.8617625173385	1.5804750563546388	0.11430607054138052	0.23932833519601546
MMP-10	Day*Allocation*srf14	Day1 Anakinra Yes - Day7 Placebo Yes	0	0.48888779493798873	0.16568696900457708	1026.8709133024317	2.9506713646532052	0.0032428355037170337	0.008690799149961652
MMP-10	Day*Allocation*srf14	Day4 Anakinra Yes - Day7 Anakinra Yes	0	0.045865556244698055	0.09717655034231329	1032.8874251165091	0.47198172895757706	0.6370395218587313	0.8364559817201378
MMP-10	Day*Allocation*srf14	Day4 Anakinra Yes - Day1 Placebo Yes	0	-0.5102163580385723	0.16398586684071348	1000.3907970611069	-3.111343482631753	0.0019151729714839984	0.009165470649244849
MMP-10	Day*Allocation*srf14	Day4 Anakinra Yes - Day4 Placebo Yes	0	-0.24673105870735984	0.16717874662179993	1047.2144615695424	-1.4758518274187513	0.1402842785684299	0.44740482011467014
MMP-10	Day*Allocation*srf14	Day4 Anakinra Yes - Day7 Placebo Yes	0	-0.019714617540433008	0.16717418383652605	1047.2224209557103	-0.11792860050515493	0.9061468458958261	0.9340282873080052
MMP-10	Day*Allocation*srf14	Day7 Anakinra Yes - Day1 Placebo Yes	0	-0.5560819142832704	0.16340595367470326	991.5658223787697	-3.403070094926149	6.929802698583336e-4	0.0027311575341475505
MMP-10	Day*Allocation*srf14	Day7 Anakinra Yes - Day4 Placebo Yes	0	-0.2925966149520579	0.16660887541256578	1038.7684573048437	-1.7561886437773173	0.07935086683714562	0.2658254039044378
MMP-10	Day*Allocation*srf14	Day7 Anakinra Yes - Day7 Placebo Yes	0	-0.06558017378513106	0.166606306173278	1038.8633462200974	-0.3936235985985113	0.6939397272577297	0.9309787269339678
MMP-10	Day*Allocation*srf14	Day1 Placebo Yes - Day4 Placebo Yes	0	0.26348529933121245	0.11381865524128455	1050.905825615424	2.3149570584246413	0.02080722658057496	0.0480718683068456
MMP-10	Day*Allocation*srf14	Day1 Placebo Yes - Day7 Placebo Yes	0	0.4905017404981393	0.11382232032449269	1050.7729110980235	4.309363392872175	1.79088565212101e-5	6.66607437178376e-5
MMP-10	Day*Allocation*srf14	Day4 Placebo Yes - Day7 Placebo Yes	0	0.22701644116692682	0.1168825470092235	1043.3383938613958	1.9422612440932894	0.05237431304464905	0.20641641023479332
IL10	Day*Allocation*srf14	Day1 Anakinra No - Day4 Anakinra No	0	0.7456556546609171	0.05493774933786785	1036.697388075141	13.57273757385155	9.593696819828161e-39	1.2855553738569736e-37
IL10	Day*Allocation*srf14	Day1 Anakinra No - Day7 Anakinra No	0	0.9501087958969767	0.05538783469198351	1041.1589465593854	17.15374506298383	2.7970043361657737e-58	2.677132721758669e-57
IL10	Day*Allocation*srf14	Day1 Anakinra No - Day1 Placebo No	0	-0.05775141063002477	0.09768622846771177	1208.065001935155	-0.5911929607264277	0.5545017346508638	0.9893930626752736
IL10	Day*Allocation*srf14	Day1 Anakinra No - Day4 Placebo No	0	0.796218150920182	0.0966149739949075	1184.444453246355	8.24114645999025	4.479706720324556e-16	7.503508756543632e-15
IL10	Day*Allocation*srf14	Day1 Anakinra No - Day7 Placebo No	0	0.849175387407111	0.09796911795951892	1214.599947343228	8.667786391197197	1.3857479866589735e-17	2.3211278776537806e-16
IL10	Day*Allocation*srf14	Day1 Anakinra No - Day1 Anakinra Yes	0	-0.4213041654476216	0.11732027469018569	1192.3242494863239	-3.5910601689280344	3.4273186896745933e-4	0.005740758805204944
IL10	Day*Allocation*srf14	Day1 Anakinra No - Day4 Anakinra Yes	0	0.23111359215820101	0.11993098097552929	1230.5890278639145	1.9270549634323213	0.05420278365957894	0.12105288350639297
IL10	Day*Allocation*srf14	Day1 Anakinra No - Day7 Anakinra Yes	0	0.5773991914063065	0.1189047543115111	1214.0527724063677	4.855980694376733	1.3540431157990543e-6	7.395878288040281e-6
IL10	Day*Allocation*srf14	Day1 Anakinra No - Day1 Placebo Yes	0	-0.36657077639988694	0.13254795677318465	1178.8971760776592	-2.765570932392122	0.005771014879890621	0.03222149974605597
IL10	Day*Allocation*srf14	Day1 Anakinra No - Day4 Placebo Yes	0	0.4364488747352218	0.13752330374596405	1248.917449754464	3.173635760972114	0.0015421557330820921	0.006888295607766678
IL10	Day*Allocation*srf14	Day1 Anakinra No - Day7 Placebo Yes	0	0.6221416861803878	0.13746868209534227	1248.5049170986829	4.52569761124863	6.593726206954286e-6	3.155568970470979e-5
IL10	Day*Allocation*srf14	Day4 Anakinra No - Day7 Anakinra No	0	0.20445314123605962	0.05556302799797868	1040.096400560279	3.6796616131773345	2.455189367362476e-4	4.699933931808169e-4
IL10	Day*Allocation*srf14	Day4 Anakinra No - Day1 Placebo No	0	-0.8034070652909419	0.09782508819530039	1210.7437188314818	-8.21268940424567	5.497137840907195e-16	9.207705883519551e-15
IL10	Day*Allocation*srf14	Day4 Anakinra No - Day4 Placebo No	0	0.050562496259264955	0.09675542837594112	1187.2633241807232	0.5225804599076909	0.6013637373043594	0.9152190012754137
IL10	Day*Allocation*srf14	Day4 Anakinra No - Day7 Placebo No	0	0.10351973274619389	0.09810860928828635	1217.3124493091036	1.0551544201590635	0.29156407526428146	0.4173643894437164
IL10	Day*Allocation*srf14	Day4 Anakinra No - Day1 Anakinra Yes	0	-1.1669598201085387	0.11745503805897262	1194.7487215350766	-9.935374756105597	2.0999234022322897e-22	7.03474339747817e-21
IL10	Day*Allocation*srf14	Day4 Anakinra No - Day4 Anakinra Yes	0	-0.5145420625027161	0.12006277698290999	1232.8164355206088	-4.285608541071452	1.964307910643367e-5	1.4623181112567287e-4
IL10	Day*Allocation*srf14	Day4 Anakinra No - Day7 Anakinra Yes	0	-0.16825646325461063	0.11903772060786671	1216.3758734733544	-1.4134718171299665	0.15777289702603473	0.2721252223465087
IL10	Day*Allocation*srf14	Day4 Anakinra No - Day1 Placebo Yes	0	-1.112226431060804	0.13266885840852066	1180.8513067997103	-8.383477813881386	1.4462525626315289e-16	2.422473042407811e-15
IL10	Day*Allocation*srf14	Day4 Anakinra No - Day4 Placebo Yes	0	-0.3092067799256953	0.13763987608807665	1250.604792581905	-2.246491269200445	0.02484647042389381	0.05091081395113434
IL10	Day*Allocation*srf14	Day4 Anakinra No - Day7 Placebo Yes	0	-0.12351396848052927	0.1375837660029332	1250.1066326632977	-0.8977364995074784	0.3694989066695381	0.46957198394715466
IL10	Day*Allocation*srf14	Day7 Anakinra No - Day1 Placebo No	0	-1.0078602065270015	0.09807061039626286	1216.0740972429896	-10.276883180951504	8.164687406062193e-24	1.0940681124123338e-22
IL10	Day*Allocation*srf14	Day7 Anakinra No - Day4 Placebo No	0	-0.15389064497679467	0.0970024611310369	1192.7705103714834	-1.5864612421421938	0.11289976654331141	0.18910710896004662
IL10	Day*Allocation*srf14	Day7 Anakinra No - Day7 Placebo No	0	-0.10093340848986573	0.09835453533791286	1222.6164989247425	-1.0262201752373974	0.30499080247124244	0.7321193133326226
IL10	Day*Allocation*srf14	Day7 Anakinra No - Day1 Anakinra Yes	0	-1.3714129613445984	0.11767620911382161	1198.5506349255684	-11.654122542459772	8.270911562717756e-30	1.385377686755224e-28
IL10	Day*Allocation*srf14	Day7 Anakinra No - Day4 Anakinra Yes	0	-0.7189952037387757	0.1202787761145127	1236.2934274181282	-5.977739605982094	2.9562172298306408e-9	1.9806655439865294e-8
IL10	Day*Allocation*srf14	Day7 Anakinra No - Day7 Anakinra Yes	0	-0.37270960449067025	0.11925391427021179	1219.9031650660033	-3.1253448305786025	0.0018178837508546102	0.005074925471135787
IL10	Day*Allocation*srf14	Day7 Anakinra No - Day1 Placebo Yes	0	-1.3166795722968636	0.13286888149592535	1183.9456912724827	-9.909615836852227	2.710912970383833e-22	3.027186150261947e-21
IL10	Day*Allocation*srf14	Day7 Anakinra No - Day4 Placebo Yes	0	-0.513659921161755	0.1378305827873539	1253.1791120276118	-3.7267485254287394	2.0260683603057239e-4	5.656107505853479e-4
IL10	Day*Allocation*srf14	Day7 Anakinra No - Day7 Placebo Yes	0	-0.3279671097165889	0.13777862443936623	1252.8611051577216	-2.380391813687478	0.017443078683985907	0.03895620906090186
IL10	Day*Allocation*srf14	Day1 Placebo No - Day4 Placebo No	0	0.8539695615502069	0.08711527713139532	1038.6435215593626	9.802753198640131	9.297042398464679e-22	1.557254601742834e-20
IL10	Day*Allocation*srf14	Day1 Placebo No - Day7 Placebo No	0	0.9069267980371357	0.08863503870866803	1048.565658501535	10.232147593663127	1.7320007195001748e-23	2.320880964130234e-22
IL10	Day*Allocation*srf14	Day1 Placebo No - Day1 Anakinra Yes	0	-0.36355275481759686	0.13357515547414622	1207.8341891995171	-2.721709389198228	0.006587900327961722	0.07356488699557255
IL10	Day*Allocation*srf14	Day1 Placebo No - Day4 Anakinra Yes	0	0.2888650027882258	0.13586408346020742	1237.0680712850483	2.126132200883172	0.03368983033681144	0.07783512526090917
IL10	Day*Allocation*srf14	Day1 Placebo No - Day7 Anakinra Yes	0	0.6351506020363312	0.134961382642576	1224.4441509210662	4.706165494157893	2.8114476152348203e-6	1.8836699022073295e-5
IL10	Day*Allocation*srf14	Day1 Placebo No - Day1 Placebo Yes	0	-0.30881936576986213	0.1472462589500021	1192.6928290031212	-2.097298552588169	0.036177245478419225	0.13953392170852363
IL10	Day*Allocation*srf14	Day1 Placebo No - Day4 Placebo Yes	0	0.49420028536524657	0.15174974943060385	1249.3601725812628	3.256679416075396	0.0011575055905207166	0.006462739547074001
IL10	Day*Allocation*srf14	Day1 Placebo No - Day7 Placebo Yes	0	0.6798930968104127	0.15167063635585282	1248.6326098286402	4.482694298290101	8.047290797231272e-6	6.73960604268119e-5
IL10	Day*Allocation*srf14	Day4 Placebo No - Day7 Placebo No	0	0.05295723648692893	0.08738526404400336	1039.8452666243707	0.6060202148071785	0.5446335897707175	0.6291456985282426
IL10	Day*Allocation*srf14	Day4 Placebo No - Day1 Anakinra Yes	0	-1.2175223163678037	0.13280818558254612	1195.2127295885846	-9.16752465992437	2.0539070443179086e-19	6.880588598464994e-18
IL10	Day*Allocation*srf14	Day4 Placebo No - Day4 Anakinra Yes	0	-0.5651045587619811	0.135110646595031	1225.2635488991327	-4.182531673138807	3.0881341548143336e-5	3.4484164728760055e-4
IL10	Day*Allocation*srf14	Day4 Placebo No - Day7 Anakinra Yes	0	-0.2188189595138756	0.13420164641040136	1212.253472206635	-1.6305236587389282	0.1032506348265576	0.2385445701165296
IL10	Day*Allocation*srf14	Day4 Placebo No - Day1 Placebo Yes	0	-1.1627889273200689	0.14654944073248888	1182.2614644639839	-7.934448070959356	4.8742950829573674e-15	1.0885925685271454e-13
IL10	Day*Allocation*srf14	Day4 Placebo No - Day4 Placebo Yes	0	-0.35976927618496024	0.1510719549662966	1240.060811832949	-2.381443175639204	0.01739513359426468	0.046618958032629346
IL10	Day*Allocation*srf14	Day4 Placebo No - Day7 Placebo Yes	0	-0.1740764647397942	0.15099622565667312	1239.4419362844296	-1.152853086113554	0.24919297701577856	0.388277429303655
IL10	Day*Allocation*srf14	Day7 Placebo No - Day1 Anakinra Yes	0	-1.2704795528547326	0.13358844339719386	1208.2842534308356	-9.51040015547797	9.875352701860122e-21	2.2054954367487606e-19
IL10	Day*Allocation*srf14	Day7 Placebo No - Day4 Anakinra Yes	0	-0.61806179524891	0.1358758251661005	1237.4406025780531	-4.548725238601969	5.927268931463553e-6	2.8366215600575576e-5
IL10	Day*Allocation*srf14	Day7 Placebo No - Day7 Anakinra Yes	0	-0.27177619600080455	0.13497325136948798	1224.8315752286799	-2.0135559693736638	0.04427455359476101	0.08475414545282822
IL10	Day*Allocation*srf14	Day7 Placebo No - Day1 Placebo Yes	0	-1.215746163806998	0.14727899917653064	1193.3663907030907	-8.254715000811403	3.9956654308372077e-16	8.92365279553643e-15
IL10	Day*Allocation*srf14	Day7 Placebo No - Day4 Placebo Yes	0	-0.4127265126718892	0.15178326208272597	1250.0349914343963	-2.7191833078863605	0.006634936298524193	0.016464471555597073
IL10	Day*Allocation*srf14	Day7 Placebo No - Day7 Placebo Yes	0	-0.22703370122672317	0.15170486670952846	1249.30489963401	-1.4965485692784526	0.13476333948795094	0.25080954849146425
IL10	Day*Allocation*srf14	Day1 Anakinra Yes - Day4 Anakinra Yes	0	0.6524177576058227	0.11354243700258002	1071.6462888658168	5.746025669600502	1.1899169713411419e-8	7.247676098168773e-8
IL10	Day*Allocation*srf14	Day1 Anakinra Yes - Day7 Anakinra Yes	0	0.9987033568539281	0.112746012500153	1074.2777784821149	8.857992710408032	3.3090317184113664e-18	4.434102502671231e-17
IL10	Day*Allocation*srf14	Day1 Anakinra Yes - Day1 Placebo Yes	0	0.054733389047734685	0.15896894295699768	1205.9268158955826	0.34430240290734326	0.7306789064054007	0.9668895255885167
IL10	Day*Allocation*srf14	Day1 Anakinra Yes - Day4 Placebo Yes	0	0.8577530401828434	0.1631593571174276	1254.536410043433	5.257148933024473	1.7182154535101504e-7	3.837347846172669e-6
IL10	Day*Allocation*srf14	Day1 Anakinra Yes - Day7 Placebo Yes	0	1.0434458516280094	0.16315611985807701	1254.6630543148553	6.395382854995947	2.2547702216731939e-10	3.0213920970420798e-9
IL10	Day*Allocation*srf14	Day4 Anakinra Yes - Day7 Anakinra Yes	0	0.3462855992481054	0.11384450766210032	1048.3432697172739	3.0417418139828847	0.0024106314758539755	0.013459359073518029
IL10	Day*Allocation*srf14	Day4 Anakinra Yes - Day1 Placebo Yes	0	-0.5976843685580879	0.16090324734543354	1226.690824676197	-3.7145575270768476	2.127113309033531e-4	0.0015835176856138508
IL10	Day*Allocation*srf14	Day4 Anakinra Yes - Day4 Placebo Yes	0	0.20533528257702077	0.16504511973062153	1272.9790746014835	1.2441160508845026	0.2136858842338723	0.44740482011467014
IL10	Day*Allocation*srf14	Day4 Anakinra Yes - Day7 Placebo Yes	0	0.3910280940221868	0.1650417867195746	1273.0931853706886	2.3692672128337384	0.017971868359536226	0.16132340732005795
IL10	Day*Allocation*srf14	Day7 Anakinra Yes - Day1 Placebo Yes	0	-0.9439699678061934	0.16014310172426596	1217.4928778445994	-5.894540305779257	4.85919567641415e-9	6.369273545618376e-8
IL10	Day*Allocation*srf14	Day7 Anakinra Yes - Day4 Placebo Yes	0	-0.14095031667108465	0.1643017853636069	1264.6825160651247	-0.8578745286252097	0.39112429544442595	0.5597427221078597
IL10	Day*Allocation*srf14	Day7 Anakinra Yes - Day7 Placebo Yes	0	0.044742494774081376	0.16430324929350315	1264.9915812018492	0.272316554702796	0.7854230694297277	0.9397026009248528
IL10	Day*Allocation*srf14	Day1 Placebo Yes - Day4 Placebo Yes	0	0.8030196511351088	0.13300012681031087	1069.3371621922133	6.037735981112271	2.153131416693645e-9	2.8851960983694844e-8
IL10	Day*Allocation*srf14	Day1 Placebo Yes - Day7 Placebo Yes	0	0.9887124625802748	0.13300726851756198	1069.1329250685694	7.433522044321416	2.16221907326163e-13	2.069552541550417e-12
IL10	Day*Allocation*srf14	Day4 Placebo Yes - Day7 Placebo Yes	0	0.18569281144516603	0.13671596084342538	1062.0688495486118	1.3582379869884513	0.17467662216218088	0.39253184411086584
TNF	Day*Allocation*srf14	Day1 Anakinra No - Day4 Anakinra No	0	0.19516244481839562	0.056048271723353235	1032.2957789183677	3.4820421543360216	5.184421408317928e-4	9.64878428770281e-4
TNF	Day*Allocation*srf14	Day1 Anakinra No - Day7 Anakinra No	0	0.32698789426583874	0.05651894441271043	1036.0660260147167	5.785456498941674	9.571689828093835e-9	1.526912424957826e-8
TNF	Day*Allocation*srf14	Day1 Anakinra No - Day1 Placebo No	0	-0.021402700017714337	0.10641179805458492	1114.3853314222754	-0.20113089346291868	0.8406329299202397	0.9893930626752736
TNF	Day*Allocation*srf14	Day1 Anakinra No - Day4 Placebo No	0	0.18746329835996545	0.10536532025492519	1090.7144826367476	1.779174570023695	0.07548956828636136	0.12968720705605669
TNF	Day*Allocation*srf14	Day1 Anakinra No - Day7 Placebo No	0	0.2642507355003736	0.10668648649975085	1120.852964668001	2.476890411992251	0.01339992450636422	0.02087895213782332
TNF	Day*Allocation*srf14	Day1 Anakinra No - Day1 Anakinra Yes	0	-0.15536094206174533	0.1278919180073019	1100.054298124141	-1.2147831112586418	0.22470950668627473	0.3947712977424504
TNF	Day*Allocation*srf14	Day1 Anakinra No - Day4 Anakinra Yes	0	0.14434317521946616	0.13048916351310919	1140.6744035545073	1.106169825396767	0.2688862561541563	0.3909054906219339
TNF	Day*Allocation*srf14	Day1 Anakinra No - Day7 Anakinra Yes	0	0.14985049057569277	0.12947775508797804	1123.5189177197649	1.1573454488291968	0.24737724051036739	0.3683172247598803
TNF	Day*Allocation*srf14	Day1 Anakinra No - Day1 Placebo Yes	0	-0.1712720326254539	0.14458488851173473	1086.9421121272608	-1.1845776857347938	0.23644341508525957	0.4061976618131382
TNF	Day*Allocation*srf14	Day1 Anakinra No - Day4 Placebo Yes	0	-0.14043593053658696	0.14949632844203692	1159.5435117377342	-0.939393843314601	0.3477242108137988	0.4754596351943779
TNF	Day*Allocation*srf14	Day1 Anakinra No - Day7 Placebo Yes	0	0.09631036385258156	0.1494404567510598	1158.9921880533611	0.6444731630673268	0.5193961837160165	0.6444360057217241
TNF	Day*Allocation*srf14	Day4 Anakinra No - Day7 Anakinra No	0	0.13182544944744312	0.056694642329905065	1034.9756443358594	2.3251835452167295	0.020254756607231625	0.030157082059655976
TNF	Day*Allocation*srf14	Day4 Anakinra No - Day1 Placebo No	0	-0.21656514483610995	0.10654899718383613	1117.1712648606833	-2.0325404326655048	0.04233510545315481	0.0810414875817535
TNF	Day*Allocation*srf14	Day4 Anakinra No - Day4 Placebo No	0	-0.007699146458430185	0.10550390469870616	1093.6020604698324	-0.07297499064529507	0.9418393632908291	0.9791167195678598
TNF	Day*Allocation*srf14	Day4 Anakinra No - Day7 Placebo No	0	0.06908829068197798	0.10682414629254168	1123.6656899122856	0.6467478850032395	0.5179272079507511	0.5783520488783387
TNF	Day*Allocation*srf14	Day4 Anakinra No - Day1 Anakinra Yes	0	-0.35052338688014095	0.1280238120013124	1102.4804687970366	-2.737954614853584	0.006281789044643739	0.010462462209143465
TNF	Day*Allocation*srf14	Day4 Anakinra No - Day4 Anakinra Yes	0	-0.05081926959892946	0.13061839615205623	1142.948651745479	-0.3890667095603398	0.6972992709326004	0.7566455348190366
TNF	Day*Allocation*srf14	Day4 Anakinra No - Day7 Anakinra Yes	0	-0.045311954242702845	0.12960796989094997	1125.8617534974696	-0.34960777705898477	0.7266984561810487	0.7981769928545945
TNF	Day*Allocation*srf14	Day4 Anakinra No - Day1 Placebo Yes	0	-0.36643447744384955	0.14470311803146974	1088.8812714930332	-2.532319154063827	0.011470701142741506	0.02077126963685624
TNF	Day*Allocation*srf14	Day4 Anakinra No - Day4 Placebo Yes	0	-0.3355983753549826	0.14961069436663796	1161.2819594046528	-2.243144293766599	0.025075475528170642	0.05091081395113434
TNF	Day*Allocation*srf14	Day4 Anakinra No - Day7 Placebo Yes	0	-0.09885208096581406	0.14955373108203177	1160.6692107754104	-0.6609803730780389	0.5087560741144146	0.5795731957409733
TNF	Day*Allocation*srf14	Day7 Anakinra No - Day1 Placebo No	0	-0.34839059428355307	0.10678881866339235	1122.5465215139754	-3.262425773073776	0.0011378913000153726	0.0018594809049031697
TNF	Day*Allocation*srf14	Day7 Anakinra No - Day4 Placebo No	0	-0.1395245959058733	0.10574510232854271	1099.0973870692324	-1.319442629809748	0.18729596199963858	0.2728006403038214
TNF	Day*Allocation*srf14	Day7 Anakinra No - Day7 Placebo No	0	-0.06273715876546514	0.1070643480521824	1129.0337408597109	-0.5859761900841864	0.5580086328935707	0.9118677659480301
TNF	Day*Allocation*srf14	Day7 Anakinra No - Day1 Anakinra Yes	0	-0.4823488363275841	0.12824106655763648	1106.3553744771173	-3.7612665683094417	1.7791027015067156e-4	2.9799970250237487e-4
TNF	Day*Allocation*srf14	Day7 Anakinra No - Day4 Anakinra Yes	0	-0.18264471904637258	0.13083099570551832	1146.5668440415718	-1.3960355347098288	0.16297403256271228	0.2108202847574288
TNF	Day*Allocation*srf14	Day7 Anakinra No - Day7 Anakinra Yes	0	-0.17713740369014597	0.1298208578983586	1129.5160059294951	-1.3644756825504358	0.1726896791284534	0.25711574448014174
TNF	Day*Allocation*srf14	Day7 Anakinra No - Day1 Placebo Yes	0	-0.49825992689129267	0.14489941198576078	1092.0106232605285	-3.438660792772965	6.0665348409377e-4	0.0010696258798495418
TNF	Day*Allocation*srf14	Day7 Anakinra No - Day4 Placebo Yes	0	-0.4674238248024257	0.14979881097106995	1164.0084559900336	-3.1203440252452834	0.0018508308521763865	0.0036472255028181734
TNF	Day*Allocation*srf14	Day7 Anakinra No - Day7 Placebo Yes	0	-0.2306775304132572	0.14974521589606282	1163.5396717685219	-1.5404667790747248	0.12371851396054663	0.1883895553490142
TNF	Day*Allocation*srf14	Day1 Placebo No - Day4 Placebo No	0	0.20886599837767977	0.08888329349676911	1033.6299274086368	2.349890403029136	0.018966247828442053	0.035298294569600486
TNF	Day*Allocation*srf14	Day1 Placebo No - Day7 Placebo No	0	0.285653435518088	0.09047482491740413	1042.0569861947638	3.1572698347729924	0.0016382845577860743	0.0025526759388759764
TNF	Day*Allocation*srf14	Day1 Placebo No - Day1 Anakinra Yes	0	-0.133958242044031	0.1455050411682648	1114.9009916882965	-0.9206433053348244	0.3574358426654788	0.6333289229624678
TNF	Day*Allocation*srf14	Day1 Placebo No - Day4 Anakinra Yes	0	0.16574587523718048	0.1477826979301239	1146.1323949538823	1.1215512881998548	0.26228819272463993	0.39939338437615624
TNF	Day*Allocation*srf14	Day1 Placebo No - Day7 Anakinra Yes	0	0.1712531905934071	0.14689226003935	1132.9340642989584	1.165842165867223	0.243923640870958	0.3477209348585997
TNF	Day*Allocation*srf14	Day1 Placebo No - Day1 Placebo Yes	0	-0.14986933260773957	0.16051332295974713	1100.106975151091	-0.9336878076178337	0.35066983765426485	0.5221084249519055
TNF	Day*Allocation*srf14	Day1 Placebo No - Day4 Placebo Yes	0	-0.11903323051887263	0.1649612138356814	1159.172389921679	-0.7215831391580457	0.47069632744675205	0.6428938374498947
TNF	Day*Allocation*srf14	Day1 Placebo No - Day7 Placebo Yes	0	0.11771306387029588	0.16488151709712037	1158.3206496053126	0.7139251623998535	0.4754172844802781	0.6166647641127109
TNF	Day*Allocation*srf14	Day4 Placebo No - Day7 Placebo No	0	0.07678743714040817	0.08916357072539874	1034.6198886303835	0.8611974208266521	0.3893288567654616	0.4830561741349245
TNF	Day*Allocation*srf14	Day4 Placebo No - Day1 Anakinra Yes	0	-0.3428242404217108	0.144757697730417	1102.317463470064	-2.3682625918806344	0.018043597162958804	0.03663396999752242
TNF	Day*Allocation*srf14	Day4 Placebo No - Day4 Anakinra Yes	0	-0.043120123140499275	0.1470473886628992	1134.1715056836424	-0.2932396388170523	0.7693926323069076	0.839304603419274
TNF	Day*Allocation*srf14	Day4 Placebo No - Day7 Anakinra Yes	0	-0.037612807784272666	0.1461514875154581	1120.682851760528	-0.257354943310409	0.7969520258971723	0.861222350566299
TNF	Day*Allocation*srf14	Day4 Placebo No - Day1 Placebo Yes	0	-0.3587353309854193	0.1598341137811541	1089.7595856923049	-2.2444228112441755	0.0250052556610802	0.046537559147010375
TNF	Day*Allocation*srf14	Day4 Placebo No - Day4 Placebo Yes	0	-0.3278992288965524	0.1642989082059542	1149.664123468255	-1.995748069643407	0.046196955500636544	0.08439225133626918
TNF	Day*Allocation*srf14	Day4 Placebo No - Day7 Placebo Yes	0	-0.09115293450738388	0.16422203981611935	1148.9037789224428	-0.555059081043254	0.5789622964516667	0.6574656586824013
TNF	Day*Allocation*srf14	Day7 Placebo No - Day1 Anakinra Yes	0	-0.4196116775621189	0.14551662788709796	1115.2789545267435	-2.8835995147419387	0.004007108368005216	0.006711906516408737
TNF	Day*Allocation*srf14	Day7 Placebo No - Day4 Anakinra Yes	0	-0.11990756028090745	0.14779302054961266	1146.4516980707	-0.8113208582854267	0.41734983733486264	0.5084079836624691
TNF	Day*Allocation*srf14	Day7 Placebo No - Day7 Anakinra Yes	0	-0.11440024492468084	0.1469026640323262	1133.2618235399545	-0.7787486066250429	0.43629038955216026	0.5717803672565827
TNF	Day*Allocation*srf14	Day7 Placebo No - Day1 Placebo Yes	0	-0.4355227681258275	0.16054403244002477	1100.7205333005647	-2.7127932537045742	0.006775928398044378	0.011349680066724334
TNF	Day*Allocation*srf14	Day7 Placebo No - Day4 Placebo Yes	0	-0.4046866660369606	0.1649924977492052	1159.7953265748959	-2.452757983287819	0.014323020219313032	0.029080071354362823
TNF	Day*Allocation*srf14	Day7 Placebo No - Day7 Placebo Yes	0	-0.16794037164779205	0.1649135603181911	1158.950520515966	-1.0183539262857517	0.30872232340351513	0.49248561114370276
TNF	Day*Allocation*srf14	Day1 Anakinra Yes - Day4 Anakinra Yes	0	0.2997041172812115	0.11602584462789413	1063.238588364191	2.5830806769163455	0.009924872056563113	0.02078020086842902
TNF	Day*Allocation*srf14	Day1 Anakinra Yes - Day7 Anakinra Yes	0	0.3052114326374381	0.11522747415582646	1066.009656894105	2.6487730888267946	0.008197852833507095	0.014454108943288826
TNF	Day*Allocation*srf14	Day1 Anakinra Yes - Day1 Placebo Yes	0	-0.015911090563708576	0.17318518756681392	1112.534896077678	-0.09187327615746677	0.9268152637408147	0.9668895255885167
TNF	Day*Allocation*srf14	Day1 Anakinra Yes - Day4 Placebo Yes	0	0.014925011525158368	0.17732406159037845	1163.4485297818014	0.08416799948805254	0.932937340319175	0.932937340319175
TNF	Day*Allocation*srf14	Day1 Anakinra Yes - Day7 Placebo Yes	0	0.2516713059143269	0.17731969885256244	1163.5234266244493	1.4193082186744872	0.1560770143474917	0.22727980942306295
TNF	Day*Allocation*srf14	Day4 Anakinra Yes - Day7 Anakinra Yes	0	0.005507315356226613	0.11620602891560969	1041.7645854650164	0.0473926818394775	0.9622093450755274	0.9686482437222543
TNF	Day*Allocation*srf14	Day4 Anakinra Yes - Day1 Placebo Yes	0	-0.3156152078449201	0.17511088865994492	1134.7140574647674	-1.802373400421868	0.0717519555724485	0.14567821282891058
TNF	Day*Allocation*srf14	Day4 Anakinra Yes - Day4 Placebo Yes	0	-0.28477910575605314	0.1792057258765595	1183.7466775692983	-1.589118340739931	0.11230070777284164	0.44740482011467014
TNF	Day*Allocation*srf14	Day4 Anakinra Yes - Day7 Placebo Yes	0	-0.04803281136688461	0.17920132815970202	1183.8152650620393	-0.26803825540890164	0.788716567732613	0.8523227425497591
TNF	Day*Allocation*srf14	Day7 Anakinra Yes - Day1 Placebo Yes	0	-0.3211225232011467	0.1743623577254867	1125.1889491905777	-1.841696380974137	0.06578263105490398	0.1130111866840658
TNF	Day*Allocation*srf14	Day7 Anakinra Yes - Day4 Placebo Yes	0	-0.29028642111227976	0.17847245983149052	1174.9288782888161	-1.6265054080969206	0.10411033219631291	0.3321615360549031
TNF	Day*Allocation*srf14	Day7 Anakinra Yes - Day7 Placebo Yes	0	-0.05354012672311122	0.17847181325780534	1175.1469665148868	-0.29999205894642683	0.7642362683786302	0.9309787269339678
TNF	Day*Allocation*srf14	Day1 Placebo Yes - Day4 Placebo Yes	0	0.030836102088866946	0.13589779089828077	1061.9770392523308	0.2269065735729855	0.8205400603215935	0.8726378419293138
TNF	Day*Allocation*srf14	Day1 Placebo Yes - Day7 Placebo Yes	0	0.26758239647803544	0.1359038245018927	1061.8012020349527	1.968909980707047	0.049223176100959304	0.0732878399725394
TNF	Day*Allocation*srf14	Day4 Placebo Yes - Day7 Placebo Yes	0	0.23674629438916853	0.1396424156806365	1054.2807889489286	1.6953752427959243	0.09029952914967172	0.275003111501273
CCL23	Day*Allocation*srf14	Day1 Anakinra No - Day4 Anakinra No	0	0.5012569902321504	0.05239194279805186	1030.3254934385855	9.567444218747108	7.798743119599434e-21	4.3542982417763506e-20
CCL23	Day*Allocation*srf14	Day1 Anakinra No - Day7 Anakinra No	0	0.6766387996169346	0.05283653190036881	1033.7888606665886	12.806268225417185	5.876312962832464e-35	2.3159586382927945e-34
CCL23	Day*Allocation*srf14	Day1 Anakinra No - Day1 Placebo No	0	-0.008224053935112595	0.10287763026718472	1071.2097225886218	-0.07994015719213017	0.9362997825181572	0.9893930626752736
CCL23	Day*Allocation*srf14	Day1 Anakinra No - Day4 Placebo No	0	0.59230430325764	0.10192294859925402	1048.0745649366681	5.811294820232224	8.21871780951161e-9	5.923872410616146e-8
CCL23	Day*Allocation*srf14	Day1 Anakinra No - Day7 Placebo No	0	0.6302982385909266	0.10312755667996373	1077.498239864921	6.111831394851468	1.3745592874122281e-9	6.139698150441286e-9
CCL23	Day*Allocation*srf14	Day1 Anakinra No - Day1 Anakinra Yes	0	-0.35616320348262914	0.12368525464505623	1057.7255959267252	-2.8795930808787418	0.00406215244989687	0.030240468238121144
CCL23	Day*Allocation*srf14	Day1 Anakinra No - Day4 Anakinra Yes	0	0.173734452525944	0.1260750727962246	1098.4759255610102	1.3780238128971882	0.16847656830526186	0.27531536771835474
CCL23	Day*Allocation*srf14	Day1 Anakinra No - Day7 Anakinra Yes	0	0.3808780813373083	0.125148521968358	1081.4411337557526	3.043408546475746	0.0023956403763430866	0.006173380969807185
CCL23	Day*Allocation*srf14	Day1 Anakinra No - Day1 Placebo Yes	0	-0.03610886550612162	0.139872393153375	1045.0979716430447	-0.25815577107147214	0.796337518202186	0.8336658393679135
CCL23	Day*Allocation*srf14	Day1 Anakinra No - Day4 Placebo Yes	0	0.06180363581581352	0.14437539042745137	1117.1906204816387	0.428075973563305	0.6686783175815256	0.7167565644008153
CCL23	Day*Allocation*srf14	Day1 Anakinra No - Day7 Placebo Yes	0	0.3190470454365748	0.14432339023800114	1116.5941367600133	2.210639903278602	0.027262915283086907	0.05708172887396321
CCL23	Day*Allocation*srf14	Day4 Anakinra No - Day7 Anakinra No	0	0.1753818093847842	0.052999369225639206	1032.7030354240399	3.309130126400462	9.681933445770651e-4	0.0016633065150426503
CCL23	Day*Allocation*srf14	Day4 Anakinra No - Day1 Placebo No	0	-0.509481044167263	0.1030034630329086	1073.977118211372	-4.9462516032542405	8.775401247171343e-7	5.8795188356048e-6
CCL23	Day*Allocation*srf14	Day4 Anakinra No - Day4 Placebo No	0	0.09104731302548966	0.10204997040437996	1050.9255510836815	0.8921836298894402	0.3724987473050866	0.9152190012754137
CCL23	Day*Allocation*srf14	Day4 Anakinra No - Day7 Placebo No	0	0.1290412483587762	0.10325375225935564	1080.2894193018985	1.2497487552282538	0.21166202107018908	0.3297989630628528
CCL23	Day*Allocation*srf14	Day4 Anakinra No - Day1 Anakinra Yes	0	-0.8574201937147796	0.12380570414194791	1060.0985273543067	-6.92553060989593	7.517780470605942e-12	5.596569905895535e-11
CCL23	Day*Allocation*srf14	Day4 Anakinra No - Day4 Anakinra Yes	0	-0.32752253770620643	0.1261932054835596	1100.7201406261008	-2.5954054851937007	0.00957365484576993	0.024642574646209895
CCL23	Day*Allocation*srf14	Day4 Anakinra No - Day7 Anakinra Yes	0	-0.12037890889484208	0.12526748638196852	1083.7415259945537	-0.9609748895877093	0.33677914458999947	0.5014267263895548
CCL23	Day*Allocation*srf14	Day4 Anakinra No - Day1 Placebo Yes	0	-0.537365855738272	0.13998032293310703	1046.9883560966407	-3.83886709559218	1.310120381132707e-4	3.8164376319952764e-4
CCL23	Day*Allocation*srf14	Day4 Anakinra No - Day4 Placebo Yes	0	-0.43945335441633693	0.14447996409361677	1118.9127609451598	-3.041621426010254	0.0024078739150928995	0.007935282181519242
CCL23	Day*Allocation*srf14	Day4 Anakinra No - Day7 Placebo Yes	0	-0.18220994479557565	0.14442710028889977	1118.2651682703743	-1.26160495108673	0.20735406660558908	0.3562236528865248
CCL23	Day*Allocation*srf14	Day7 Anakinra No - Day1 Placebo No	0	-0.6848628535520472	0.10322224895681316	1079.2444552538482	-6.6348375517238045	5.1297895665840766e-11	2.2913060064075543e-10
CCL23	Day*Allocation*srf14	Day7 Anakinra No - Day4 Placebo No	0	-0.08433449635929455	0.1022699597210748	1056.2872992375321	-0.824626279205581	0.4097699697724201	0.5279728456683105
CCL23	Day*Allocation*srf14	Day7 Anakinra No - Day7 Placebo No	0	-0.04634056102600801	0.10347287457906687	1085.5565448467719	-0.4478522628710555	0.6543491811502593	0.9538344209491556
CCL23	Day*Allocation*srf14	Day7 Anakinra No - Day1 Anakinra Yes	0	-1.0328020030995637	0.12400440161225479	1063.9139599097264	-8.328752767413835	2.492004119441741e-16	1.3913689666883053e-15
CCL23	Day*Allocation*srf14	Day7 Anakinra No - Day4 Anakinra Yes	0	-0.5029043470909906	0.12638784518246732	1104.3157160140083	-3.9790562641917258	7.370198912734725e-5	2.0575138631384441e-4
CCL23	Day*Allocation*srf14	Day7 Anakinra No - Day7 Anakinra Yes	0	-0.2957607182796263	0.1254624182210915	1087.3653390384309	-2.3573650378588504	0.018581586106491504	0.03772625057984639
CCL23	Day*Allocation*srf14	Day7 Anakinra No - Day1 Placebo Yes	0	-0.7127476651230562	0.1401597630301296	1050.0596157939103	-5.08525164222659	4.345751722266413e-7	1.2131890224660404e-6
CCL23	Day*Allocation*srf14	Day7 Anakinra No - Day4 Placebo Yes	0	-0.6148351638011211	0.1446523534670812	1121.641147078973	-4.250433187324812	2.3108392148812774e-5	8.601457077613644e-5
CCL23	Day*Allocation*srf14	Day7 Anakinra No - Day7 Placebo Yes	0	-0.3575917541803598	0.14460229231988872	1121.1197712251303	-2.472932817616034	0.013548361828916337	0.03241929437633552
CCL23	Day*Allocation*srf14	Day1 Placebo No - Day4 Placebo No	0	0.6005283571927527	0.0830873471079839	1031.4151641766207	7.227675188765867	9.548468438701e-13	7.996842317412088e-12
CCL23	Day*Allocation*srf14	Day1 Placebo No - Day7 Placebo No	0	0.6385222925260392	0.08459162852678782	1039.17492910142	7.548291759436182	9.620833481787459e-14	4.95842956369046e-13
CCL23	Day*Allocation*srf14	Day1 Placebo No - Day1 Anakinra Yes	0	-0.34793914954751654	0.14067024895588173	1071.9836929989347	-2.4734380732960837	0.013536093365544224	0.100768695054607
CCL23	Day*Allocation*srf14	Day1 Placebo No - Day4 Anakinra Yes	0	0.18195850646105657	0.14276623509928776	1103.3877098854357	1.27452059189284	0.2027473225286158	0.32343025260517283
CCL23	Day*Allocation*srf14	Day1 Placebo No - Day7 Anakinra Yes	0	0.38910213527242093	0.14195019504316977	1090.2455607768136	2.74111729930408	0.006223166835682064	0.015258719823112022
CCL23	Day*Allocation*srf14	Day1 Placebo No - Day1 Placebo Yes	0	-0.027884811571009027	0.15523369445060772	1057.7108569955083	-0.1796311791051357	0.8574765309134461	0.8788017523994657
CCL23	Day*Allocation*srf14	Day1 Placebo No - Day4 Placebo Yes	0	0.0700276897509261	0.15931262148454642	1116.4754305488414	0.4395614678760333	0.6603398194786007	0.7761889106151973
CCL23	Day*Allocation*srf14	Day1 Placebo No - Day7 Placebo Yes	0	0.32727109937168736	0.15923891297777046	1115.5906869497387	2.055220632015831	0.04009010905932799	0.08393866584296798
CCL23	Day*Allocation*srf14	Day4 Placebo No - Day7 Placebo No	0	0.03799393533328654	0.08335124719270044	1032.314050610712	0.45582923606947406	0.6486086474674948	0.7124062193495435
CCL23	Day*Allocation*srf14	Day4 Placebo No - Day1 Anakinra Yes	0	-0.9484675067402693	0.13998924177201721	1059.710062407896	-6.775288548850907	2.0556796928440328e-11	1.9675791345792885e-10
CCL23	Day*Allocation*srf14	Day4 Placebo No - Day4 Anakinra Yes	0	-0.4185698507316961	0.14209566350133124	1091.6384630857933	-2.9456905328273773	0.003290720607803185	0.01469855204818756
CCL23	Day*Allocation*srf14	Day4 Placebo No - Day7 Anakinra Yes	0	-0.21142622192033173	0.1412749386236557	1078.2528084491132	-1.4965585827189989	0.1348007936231744	0.29134365073395757
CCL23	Day*Allocation*srf14	Day4 Placebo No - Day1 Placebo Yes	0	-0.6284131687637617	0.15461468690697736	1047.6375564742102	-4.064382118768842	5.1760738531074416e-5	1.733984740790993e-4
CCL23	Day*Allocation*srf14	Day4 Placebo No - Day4 Placebo Yes	0	-0.5305006674418266	0.15870826083451417	1107.0984262926308	-3.3426153412076136	8.576827762688264e-4	0.0052240678190919425
CCL23	Day*Allocation*srf14	Day4 Placebo No - Day7 Placebo Yes	0	-0.2732572578210653	0.15863693880811258	1106.2961906719493	-1.7225323425560901	0.08525260545958832	0.17849764268101304
CCL23	Day*Allocation*srf14	Day7 Placebo No - Day1 Anakinra Yes	0	-0.9864614420735558	0.14068025443871673	1072.3238979816954	-7.012081731081024	4.14852651931807e-12	3.9707325256330093e-11
CCL23	Day*Allocation*srf14	Day7 Placebo No - Day4 Anakinra Yes	0	-0.4565637860649826	0.14277518637552378	1103.677857357058	-3.197781054644466	0.001424260077165361	0.003670208660387661
CCL23	Day*Allocation*srf14	Day7 Placebo No - Day7 Anakinra Yes	0	-0.24942015725361827	0.1419592065038387	1090.5418389934875	-1.7569847239662737	0.07920101435849357	0.1434180530275424
CCL23	Day*Allocation*srf14	Day7 Placebo No - Day1 Placebo Yes	0	-0.6664071040970483	0.15526119024619717	1058.2861221532594	-4.292167946415512	1.931596547385059e-5	4.9775757182614985e-5
CCL23	Day*Allocation*srf14	Day7 Placebo No - Day4 Placebo Yes	0	-0.5684946027751131	0.1593405738303481	1117.0625291010497	-3.5677956286287533	3.752589693192685e-4	0.0013232816286521574
CCL23	Day*Allocation*srf14	Day7 Placebo No - Day7 Placebo Yes	0	-0.31125119315435185	0.15926756652798885	1116.1875949842076	-1.9542660187481058	0.050919180161211317	0.11371950236003861
CCL23	Day*Allocation*srf14	Day1 Anakinra Yes - Day4 Anakinra Yes	0	0.5298976560085731	0.10853530905000935	1059.362371374383	4.882260534812818	1.2100604438695247e-6	5.404936649283877e-6
CCL23	Day*Allocation*srf14	Day1 Anakinra Yes - Day7 Anakinra Yes	0	0.7370412848199375	0.10779572950703348	1062.1493188467064	6.83738853283466	1.3580989494483236e-11	7.582719134419806e-11
CCL23	Day*Allocation*srf14	Day1 Anakinra Yes - Day1 Placebo Yes	0	0.3200543379765075	0.16744034320773912	1069.5468692116713	1.9114529500182877	0.05621343481406109	0.9153337162977851
CCL23	Day*Allocation*srf14	Day1 Anakinra Yes - Day4 Placebo Yes	0	0.41796683929844264	0.17123597521597453	1120.2866450074937	2.4408821731022017	0.014805480421824006	0.0522680503910355
CCL23	Day*Allocation*srf14	Day1 Anakinra Yes - Day7 Placebo Yes	0	0.6752102489192039	0.17123151288139984	1120.3386115181406	3.9432592608515646	8.536968177499701e-5	4.085549056374857e-4
CCL23	Day*Allocation*srf14	Day4 Anakinra Yes - Day7 Anakinra Yes	0	0.20714362881136436	0.10864882455195671	1038.8598265363605	1.9065427506057064	0.05685551062797765	0.1523727684829801
CCL23	Day*Allocation*srf14	Day4 Anakinra Yes - Day1 Placebo Yes	0	-0.2098433180320656	0.16921278214635493	1091.840758183404	-1.24011505141833	0.2151992832493087	0.3432940947072306
CCL23	Day*Allocation*srf14	Day4 Anakinra Yes - Day4 Placebo Yes	0	-0.11193081671013047	0.17296987712563938	1140.953359342096	-0.6471116160233367	0.5176898743040673	0.6544381429881605
CCL23	Day*Allocation*srf14	Day4 Anakinra Yes - Day7 Placebo Yes	0	0.14531259291063078	0.17296540148080167	1141.0011473905129	0.8401252023038827	0.4010141940565889	0.6397131190902728
CCL23	Day*Allocation*srf14	Day7 Anakinra Yes - Day1 Placebo Yes	0	-0.41698694684342996	0.16852733567791606	1082.3952747660987	-2.4742985769404306	0.013502236374606125	0.03015499456995368
CCL23	Day*Allocation*srf14	Day7 Anakinra Yes - Day4 Placebo Yes	0	-0.31907444552149483	0.17229778939493418	1132.1100499310835	-1.851877767219201	0.06430358736319648	0.253431785490245
CCL23	Day*Allocation*srf14	Day7 Anakinra Yes - Day7 Placebo Yes	0	-0.06183103590073356	0.17229638015308021	1132.28634222355	-0.35886439312188984	0.7197634410725655	0.9309787269339678
CCL23	Day*Allocation*srf14	Day1 Placebo Yes - Day4 Placebo Yes	0	0.09791250132193513	0.1271212943173192	1058.5095604106548	0.770228952181109	0.44133595579801865	0.5685522675283292
CCL23	Day*Allocation*srf14	Day1 Placebo Yes - Day7 Placebo Yes	0	0.3551559109426964	0.12712642425436874	1058.3472778472856	2.7937221787349324	0.005304538610006682	0.00960551586136345
CCL23	Day*Allocation*srf14	Day4 Placebo Yes - Day7 Placebo Yes	0	0.25724340962076125	0.13059959145652197	1050.7587327137533	1.969710676364561	0.049133879301534365	0.20574811957517516
CD5	Day*Allocation*srf14	Day1 Anakinra No - Day4 Anakinra No	0	-0.13329714212679608	0.055591221843446975	1035.145343667019	-2.3978091811361937	0.01666976260622922	0.025973816153892042
CD5	Day*Allocation*srf14	Day1 Anakinra No - Day7 Anakinra No	0	-0.49074566874886616	0.05605074872351888	1039.362499959316	-8.755381148779364	8.109206361333377e-18	2.1732673048373454e-17
CD5	Day*Allocation*srf14	Day1 Anakinra No - Day1 Placebo No	0	0.07824798953926207	0.10102187718433683	1175.6042439499456	0.7745647944799249	0.4387526177362341	0.9893930626752736
CD5	Day*Allocation*srf14	Day1 Anakinra No - Day4 Placebo No	0	-0.08852821668548957	0.09995267613548386	1151.7670714275646	-0.885701314945198	0.3759633754259073	0.4664730769173294
CD5	Day*Allocation*srf14	Day1 Anakinra No - Day7 Placebo No	0	-0.5143744820025997	0.10130362287183889	1182.1689256231	-5.077552681934629	4.4383745045150085e-7	1.2929177904456764e-6
CD5	Day*Allocation*srf14	Day1 Anakinra No - Day1 Anakinra Yes	0	0.20417875319837114	0.12135693538468287	1160.2766657608527	1.6824646449018823	0.09274783187803279	0.23015202725289616
CD5	Day*Allocation*srf14	Day1 Anakinra No - Day4 Anakinra Yes	0	0.11969074824760986	0.12397903974819849	1199.677361093338	0.9654111573270922	0.33453348067403255	0.43103352317615734
CD5	Day*Allocation*srf14	Day1 Anakinra No - Day7 Anakinra Yes	0	-0.13089127136278783	0.12295165745584688	1182.7878164365904	-1.0645750864301455	0.2872855354576243	0.41746821822209895
CD5	Day*Allocation*srf14	Day1 Anakinra No - Day1 Placebo Yes	0	0.2251325215020397	0.13713864910823273	1146.8331327156202	1.6416416740722035	0.10093845908266548	0.24539092402172363
CD5	Day*Allocation*srf14	Day1 Anakinra No - Day4 Placebo Yes	0	0.1289576322504168	0.14212229521859446	1218.3294819518992	0.9073708811982704	0.36439013391247577	0.4787086072967819
CD5	Day*Allocation*srf14	Day1 Anakinra No - Day7 Placebo Yes	0	0.20259339389687528	0.14206687414880453	1217.863111094718	1.4260424543773216	0.15411235868130768	0.24012855887552595
CD5	Day*Allocation*srf14	Day4 Anakinra No - Day7 Anakinra No	0	-0.35744852662207005	0.0562270123816601	1038.2843797146104	-6.357238478113789	3.0713100298224244e-10	2.939682457115749e-9
CD5	Day*Allocation*srf14	Day4 Anakinra No - Day1 Placebo No	0	0.21154513166605815	0.101161015221487	1178.3434916791816	2.0911724857929768	0.036726347973956124	0.0723725092427959
CD5	Day*Allocation*srf14	Day4 Anakinra No - Day4 Placebo No	0	0.04476892544130651	0.10009334529185068	1154.6336104720767	0.4472717472951868	0.6547627537007208	0.9152190012754137
CD5	Day*Allocation*srf14	Day4 Anakinra No - Day7 Placebo No	0	-0.3810773398758036	0.1014433324895717	1184.9394543508522	-3.756553836744057	1.8064423357819575e-4	0.0024206327299478234
CD5	Day*Allocation*srf14	Day4 Anakinra No - Day1 Anakinra Yes	0	0.3374758953251672	0.12149151984866534	1162.720825953815	2.777773261422201	0.0055612920522834725	0.010070447770351152
CD5	Day*Allocation*srf14	Day4 Anakinra No - Day4 Anakinra Yes	0	0.25298789037440594	0.12411074271997953	1201.93878805066	2.0384044509765036	0.04172800742608918	0.09018633863057984
CD5	Day*Allocation*srf14	Day4 Anakinra No - Day7 Anakinra Yes	0	0.00240587076400825	0.12308446974325564	1185.1357304054682	0.019546501431307328	0.9844084315080804	0.9864922384726034
CD5	Day*Allocation*srf14	Day4 Anakinra No - Day1 Placebo Yes	0	0.35842966362883577	0.13725935535953057	1148.7970189820362	2.6113313929675854	0.009136560899656216	0.017489988007913328
CD5	Day*Allocation*srf14	Day4 Anakinra No - Day4 Placebo Yes	0	0.26225477437721284	0.14223880489190896	1220.0481280057768	1.8437639051910426	0.06545992617709533	0.10199569892710203
CD5	Day*Allocation*srf14	Day4 Anakinra No - Day7 Placebo Yes	0	0.33589053602367136	0.14218203504773208	1219.5046996666206	2.3623978648983974	0.01831348281213634	0.04544456845974573
CD5	Day*Allocation*srf14	Day7 Anakinra No - Day1 Placebo No	0	0.5689936582881282	0.10140605476093387	1183.734856365018	5.611042256101358	2.5026516894532458e-8	7.621711963334884e-8
CD5	Day*Allocation*srf14	Day7 Anakinra No - Day4 Placebo No	0	0.4022174520633766	0.10033986117786654	1160.1825589870775	4.008551011949175	6.499120291356074e-5	5.443013244010712e-4
CD5	Day*Allocation*srf14	Day7 Anakinra No - Day7 Placebo No	0	-0.023628813253733533	0.10168877186755969	1190.311607010295	-0.23236403409914222	0.8162952253341229	0.9681530316923849
CD5	Day*Allocation*srf14	Day7 Anakinra No - Day1 Anakinra Yes	0	0.6949244219472372	0.12171269454417503	1166.5806754533046	5.709547591151371	1.4359893385738081e-8	4.37324025838387e-8
CD5	Day*Allocation*srf14	Day7 Anakinra No - Day4 Anakinra Yes	0	0.610436416996476	0.12432688843409594	1205.4946657740218	4.9099307855682435	1.036208383562955e-6	4.309421169645e-6
CD5	Day*Allocation*srf14	Day7 Anakinra No - Day7 Anakinra Yes	0	0.35985439738607833	0.12330084940582806	1188.7376640038947	2.9185070428968927	0.0035833361061086873	0.009603340764371282
CD5	Day*Allocation*srf14	Day7 Anakinra No - Day1 Placebo Yes	0	0.7158781902509058	0.13745931883180135	1151.9298063945507	5.207927671508923	2.2604389548032642e-7	6.584756955296465e-7
CD5	Day*Allocation*srf14	Day7 Anakinra No - Day4 Placebo Yes	0	0.619703300999283	0.14242979025350594	1222.698161905618	4.350938802172594	1.4685566075267445e-5	5.787840747311287e-5
CD5	Day*Allocation*srf14	Day7 Anakinra No - Day7 Placebo Yes	0	0.6933390626457414	0.1423769123087694	1222.3229283872504	4.869743636117867	1.2636986896805004e-6	1.0583476526074192e-5
CD5	Day*Allocation*srf14	Day1 Placebo No - Day4 Placebo No	0	-0.16677620622475164	0.0881541724429418	1036.8659017933471	-1.8918696824327665	0.058786785586067376	0.09159801475038405
CD5	Day*Allocation*srf14	Day1 Placebo No - Day7 Placebo No	0	-0.5926224715418618	0.0897065920379528	1046.2607080365806	-6.60623102582179	6.264039713271054e-11	2.3316147821620034e-10
CD5	Day*Allocation*srf14	Day1 Placebo No - Day1 Anakinra Yes	0	0.12593076365910907	0.1381364072781923	1175.659849116369	0.9116406466652753	0.36214480381004377	0.6333289229624678
CD5	Day*Allocation*srf14	Day1 Placebo No - Day4 Anakinra Yes	0	0.041442758708347786	0.14043551160039394	1205.8350275478938	0.2951017035226262	0.767966989035552	0.8039654416465936
CD5	Day*Allocation*srf14	Day1 Placebo No - Day7 Anakinra Yes	0	-0.2091392609020499	0.1395315156894817	1192.90296550249	-1.4988675488014889	0.134172572800319	0.21925761896637494
CD5	Day*Allocation*srf14	Day1 Placebo No - Day1 Placebo Yes	0	0.14688453196277762	0.1523119504845867	1160.506606678909	0.9643664301813382	0.3350631528007345	0.5220751450616096
CD5	Day*Allocation*srf14	Day1 Placebo No - Day4 Placebo Yes	0	0.050709642711154704	0.15682375285637573	1218.4846110879841	0.3233543502660355	0.7464823820957104	0.8514113917967482
CD5	Day*Allocation*srf14	Day1 Placebo No - Day7 Placebo Yes	0	0.12434540435761321	0.15674392904123835	1217.7063286831649	0.7933028418912398	0.4277559460317245	0.5970760080026154
CD5	Day*Allocation*srf14	Day4 Placebo No - Day7 Placebo No	0	-0.4258462653171101	0.08842910460503023	1037.9917207385006	-4.815679941792446	1.684923398481393e-6	2.8222466924563333e-5
CD5	Day*Allocation*srf14	Day4 Placebo No - Day1 Anakinra Yes	0	0.2927069698838607	0.1373715837613875	1162.9472787173063	2.1307679642995785	0.03331757945024443	0.06449711790268205
CD5	Day*Allocation*srf14	Day4 Placebo No - Day4 Anakinra Yes	0	0.20821896493309944	0.1396837902289359	1193.8771856620242	1.4906451535417047	0.13631882815811242	0.23489995677262204
CD5	Day*Allocation*srf14	Day4 Placebo No - Day7 Anakinra Yes	0	-0.04236305467729826	0.13877374907157544	1180.5903051994694	-0.3052670621116436	0.7602165709634606	0.8349919713860962
CD5	Day*Allocation*srf14	Day4 Placebo No - Day1 Placebo Yes	0	0.31366073818752926	0.15161700036584022	1150.0198353050978	2.0687702396874355	0.03879070204447934	0.06839413255210831
CD5	Day*Allocation*srf14	Day4 Placebo No - Day4 Placebo Yes	0	0.21748584893590633	0.15614721863227918	1209.0341626022407	1.3928256349418386	0.16392858062168159	0.23976136703853218
CD5	Day*Allocation*srf14	Day4 Placebo No - Day7 Placebo Yes	0	0.29112161058236485	0.1560705996983083	1208.3589628105094	1.8653199971366574	0.06237876906013805	0.14926348310818746
CD5	Day*Allocation*srf14	Day7 Placebo No - Day1 Anakinra Yes	0	0.7185532352009708	0.13814916594838678	1176.0869576870018	5.201285366206452	2.3328848156644073e-7	8.68351570275085e-7
CD5	Day*Allocation*srf14	Day7 Placebo No - Day4 Anakinra Yes	0	0.6340652302502096	0.14044681630103706	1206.1910544883767	4.514628718184248	6.963563139021691e-6	3.110391535429689e-5
CD5	Day*Allocation*srf14	Day7 Placebo No - Day7 Anakinra Yes	0	0.38348321063981183	0.13954293037588084	1193.271451540374	2.748137864145747	0.006083806523187908	0.01757528222315328
CD5	Day*Allocation*srf14	Day7 Placebo No - Day1 Placebo Yes	0	0.7395070035046394	0.1523441691473972	1161.163508963467	4.854186462424734	1.3736560857622476e-6	4.843945144530031e-6
CD5	Day*Allocation*srf14	Day7 Placebo No - Day4 Placebo Yes	0	0.6433321142530165	0.1568566752786636	1219.145961918226	4.101400932476131	4.3788979654628254e-5	1.8336635230375582e-4
CD5	Day*Allocation*srf14	Day7 Placebo No - Day7 Placebo Yes	0	0.716967875899475	0.15677759471997565	1218.3689128440853	4.573152670061491	5.294284787100502e-6	5.0673868676533376e-5
CD5	Day*Allocation*srf14	Day1 Anakinra Yes - Day4 Anakinra Yes	0	-0.08448800495076128	0.1149589382128696	1068.7214765260494	-0.7349407211322251	0.4625368314543288	0.5533922804900004
CD5	Day*Allocation*srf14	Day1 Anakinra Yes - Day7 Anakinra Yes	0	-0.335070024561159	0.11415769529665766	1071.4177874223751	-2.9351505712376555	0.0034050007730004645	0.006518144336886604
CD5	Day*Allocation*srf14	Day1 Anakinra Yes - Day1 Placebo Yes	0	0.020953768303668546	0.16440283248415838	1173.5432925016423	0.12745381564936006	0.8986030599919315	0.9668895255885167
CD5	Day*Allocation*srf14	Day1 Anakinra Yes - Day4 Placebo Yes	0	-0.07522112094795437	0.1686010471020358	1223.371561435512	-0.44614859896113956	0.6555688613579402	0.7685163904106364
CD5	Day*Allocation*srf14	Day1 Anakinra Yes - Day7 Placebo Yes	0	-0.0015853593014958645	0.16859738058027202	1223.4802741967287	-0.009403226171364201	0.9924989545540104	0.9924989545540104
CD5	Day*Allocation*srf14	Day4 Anakinra Yes - Day7 Anakinra Yes	0	-0.25058201961039767	0.11522035930553401	1046.0107960288426	-2.1748067886676195	0.029868082466143326	0.0909618875105274
CD5	Day*Allocation*srf14	Day4 Anakinra Yes - Day1 Placebo Yes	0	0.10544177325442983	0.1663460814461395	1194.97757394664	0.6338698954478852	0.5262870422919373	0.6296648541707107
CD5	Day*Allocation*srf14	Day4 Anakinra Yes - Day4 Placebo Yes	0	0.009266884002806921	0.1704969703665625	1242.6139491042802	0.054352191613044186	0.9566633049645407	0.9722401686198228
CD5	Day*Allocation*srf14	Day4 Anakinra Yes - Day7 Placebo Yes	0	0.08290264564926542	0.17049323152769397	1242.712521548873	0.4862518289225996	0.6268743613171518	0.763646949240894
CD5	Day*Allocation*srf14	Day7 Anakinra Yes - Day1 Placebo Yes	0	0.35602379286482755	0.16558530060604035	1185.5870240622096	2.1500929826608064	0.031749623294303884	0.05908957668662112
CD5	Day*Allocation*srf14	Day7 Anakinra Yes - Day4 Placebo Yes	0	0.2598489036132046	0.1697525871654204	1234.0653061122684	1.5307507705905372	0.12608728715815468	0.367297749547668
CD5	Day*Allocation*srf14	Day7 Anakinra Yes - Day7 Placebo Yes	0	0.33348466525966314	0.16975328903628392	1234.3433524709321	1.9645255014080019	0.0496932445133328	0.7455836033512043
CD5	Day*Allocation*srf14	Day1 Placebo Yes - Day4 Placebo Yes	0	-0.09617488925162292	0.13465478268636802	1066.8014671917574	-0.7142329988800267	0.47523935736479994	0.5789279444262109
CD5	Day*Allocation*srf14	Day1 Placebo Yes - Day7 Placebo Yes	0	-0.02253912760516441	0.13466156672070795	1066.6068983158827	-0.1673760981253933	0.8671058581069372	0.8802438256540119
CD5	Day*Allocation*srf14	Day4 Placebo Yes - Day7 Placebo Yes	0	0.0736357616464585	0.13839961883085042	1059.3360928953266	0.5320517662440591	0.5948017052577494	0.7245766227685312
CCL3	Day*Allocation*srf14	Day1 Anakinra No - Day4 Anakinra No	0	-0.48088163792955346	0.06280723311715844	1043.6771062485934	-7.656469073116682	4.342294034094046e-14	1.3224259103831867e-13
CCL3	Day*Allocation*srf14	Day1 Anakinra No - Day7 Anakinra No	0	-0.749284454840818	0.0632999646604685	1049.2372684303416	-11.837043809737766	1.9683261590594204e-30	6.940939613525324e-30
CCL3	Day*Allocation*srf14	Day1 Anakinra No - Day1 Placebo No	0	-0.013838423786944986	0.10273745372255733	1342.3316085353383	-0.13469697063269326	0.8928716616975605	0.9893930626752736
CCL3	Day*Allocation*srf14	Day1 Anakinra No - Day4 Placebo No	0	-0.26414225951511733	0.10145701034726999	1322.1667799582833	-2.603489483979506	0.009331328487107767	0.023663682186710222
CCL3	Day*Allocation*srf14	Day1 Anakinra No - Day7 Placebo No	0	-0.6877227204370369	0.10307889171788259	1348.0535918860412	-6.6718094168034945	3.6786968944136006e-11	2.738585465841236e-10
CCL3	Day*Allocation*srf14	Day1 Anakinra No - Day1 Anakinra Yes	0	-0.04786451566731874	0.12325113511491409	1326.037801393744	-0.38834949165126886	0.6978197551332291	0.8577039743587225
CCL3	Day*Allocation*srf14	Day1 Anakinra No - Day4 Anakinra Yes	0	-0.4421490231882673	0.12629187723491822	1356.041708595961	-3.501009192901745	4.7853420825202556e-4	0.0018859877619344539
CCL3	Day*Allocation*srf14	Day1 Anakinra No - Day7 Anakinra Yes	0	-0.772679672257442	0.1250805227521611	1342.5904672853228	-6.177457970722239	8.619075038998166e-10	1.4436950690321929e-8
CCL3	Day*Allocation*srf14	Day1 Anakinra No - Day1 Placebo Yes	0	-0.1278551000715842	0.13912768761110508	1314.4112395666511	-0.918976677230269	0.3582763776606471	0.5277535441980465
CCL3	Day*Allocation*srf14	Day1 Anakinra No - Day4 Placebo Yes	0	-0.5379048255601976	0.14498852873117168	1371.4581727842692	-3.709981956969477	2.1555708359315373e-4	0.0013129386000673908
CCL3	Day*Allocation*srf14	Day1 Anakinra No - Day7 Placebo Yes	0	-0.7159152314675364	0.14492808388327938	1371.3150121273495	-4.939796430649787	8.781977120762335e-7	9.579547943062427e-6
CCL3	Day*Allocation*srf14	Day4 Anakinra No - Day7 Anakinra No	0	-0.2684028169112645	0.06350464898569973	1048.3142368244949	-4.226506581773323	2.5802442813795056e-5	5.5766569952395766e-5
CCL3	Day*Allocation*srf14	Day4 Anakinra No - Day1 Placebo No	0	0.46704321414260846	0.10290074243932419	1344.4835344456058	4.538773997845567	6.1638048410680475e-6	2.9498208882254227e-5
CCL3	Day*Allocation*srf14	Day4 Anakinra No - Day4 Placebo No	0	0.21673937841443613	0.10162250630845186	1324.4943208733853	2.132789145709252	0.03312546685794046	0.5544059391350238
CCL3	Day*Allocation*srf14	Day4 Anakinra No - Day7 Placebo No	0	-0.20684108250748343	0.10324329083171538	1350.2504875671555	-2.0034336453361457	0.04533028206860872	0.10196051058212965
CCL3	Day*Allocation*srf14	Day4 Anakinra No - Day1 Anakinra Yes	0	0.4330171222622347	0.12341195452893275	1328.13830630702	3.5087129436939435	4.6532061065748044e-4	0.001154684478298192
CCL3	Day*Allocation*srf14	Day4 Anakinra No - Day4 Anakinra Yes	0	0.03873261474128613	0.12644879501509637	1357.9149573233167	0.30631066699102943	0.7594150752846032	0.8076319054614034
CCL3	Day*Allocation*srf14	Day4 Anakinra No - Day7 Anakinra Yes	0	-0.29179803432788864	0.12523917124440379	1344.5886165021764	-2.3299262637122204	0.019957435486447465	0.05142877606123001
CCL3	Day*Allocation*srf14	Day4 Anakinra No - Day1 Placebo Yes	0	0.3530265378579692	0.1392721478147603	1316.1301954813773	2.5347963925099664	0.011366321025151383	0.02077126963685624
CCL3	Day*Allocation*srf14	Day4 Anakinra No - Day4 Placebo Yes	0	-0.05702318763064415	0.1451272498259376	1372.856734444071	-0.39291854354737993	0.6944406463296455	0.738532115937877
CCL3	Day*Allocation*srf14	Day4 Anakinra No - Day7 Placebo Yes	0	-0.235033593537983	0.14506418815008496	1372.5942552879455	-1.620204107817532	0.105418139509176	0.19089230667877816
CCL3	Day*Allocation*srf14	Day7 Anakinra No - Day1 Placebo No	0	0.735446031053873	0.10319433739320717	1348.9904768928004	7.126806079015379	1.667993973125866e-12	8.59658432303331e-12
CCL3	Day*Allocation*srf14	Day7 Anakinra No - Day4 Placebo No	0	0.48514219532570063	0.10191800215415707	1329.2322266029832	4.760122697380725	2.146358025035259e-6	4.793532922578745e-5
CCL3	Day*Allocation*srf14	Day7 Anakinra No - Day7 Placebo No	0	0.06156173440378107	0.10353735455746316	1354.7010882245067	0.5945847724901485	0.5522203490734929	0.9118677659480301
CCL3	Day*Allocation*srf14	Day7 Anakinra No - Day1 Anakinra Yes	0	0.7014199391734992	0.12367408462582553	1331.2964613368902	5.671519148863214	1.7339429186347634e-8	4.646967021941166e-8
CCL3	Day*Allocation*srf14	Day7 Anakinra No - Day4 Anakinra Yes	0	0.30713543165255064	0.12670417478610801	1360.715398860339	2.4240356102790805	0.015478723839698191	0.026591653775891764
CCL3	Day*Allocation*srf14	Day7 Anakinra No - Day7 Anakinra Yes	0	-0.023395217416624137	0.12549450258719586	1347.4419020146322	-0.18642424117637119	0.8521401461054157	0.892084215454107
CCL3	Day*Allocation*srf14	Day7 Anakinra No - Day1 Placebo Yes	0	0.6214293547692338	0.1395094763975498	1318.7313633669792	4.454388123416023	9.125179477850825e-6	1.972216209729049e-5
CCL3	Day*Allocation*srf14	Day7 Anakinra No - Day4 Placebo Yes	0	0.21137962928062035	0.1453519016854891	1374.8589128686044	1.4542611883950536	0.1461021486158	0.19193811680899217
CCL3	Day*Allocation*srf14	Day7 Anakinra No - Day7 Placebo Yes	0	0.033369223373281486	0.145295226108967	1374.8124256122871	0.22966496743847306	0.8183862825302298	0.8567481395238343
CCL3	Day*Allocation*srf14	Day1 Placebo No - Day4 Placebo No	0	-0.25030383572817233	0.09957711961535998	1046.7491123678149	-2.5136681668944605	0.012097477015380232	0.02315802742944216
CCL3	Day*Allocation*srf14	Day1 Placebo No - Day7 Placebo No	0	-0.6738842966500919	0.10123710765658066	1059.0263534853038	-6.656494957719071	4.49243000598332e-11	1.7705459435346025e-10
CCL3	Day*Allocation*srf14	Day1 Placebo No - Day1 Anakinra Yes	0	-0.034026091880373754	0.14047358237789764	1340.6639013285735	-0.2422241342777023	0.8086435426095264	0.906298421018898
CCL3	Day*Allocation*srf14	Day1 Placebo No - Day4 Anakinra Yes	0	-0.4283105994013223	0.14313868086981638	1363.2729571571576	-2.992277117537976	0.0028188286857183283	0.0118038451214455
CCL3	Day*Allocation*srf14	Day1 Placebo No - Day7 Anakinra Yes	0	-0.7588412484704972	0.14207463941814338	1353.1804434253697	-5.34114498955111	1.082314614469443e-7	1.2085846528242113e-6
CCL3	Day*Allocation*srf14	Day1 Placebo No - Day1 Placebo Yes	0	-0.11401667628463923	0.1546977899867888	1327.3617579928157	-0.7370284752896358	0.4612352834258433	0.6438075831152396
CCL3	Day*Allocation*srf14	Day1 Placebo No - Day4 Placebo Yes	0	-0.5240664017732526	0.15999866609834715	1373.014770581776	-3.2754423180698407	0.0010812834201485773	0.006462739547074001
CCL3	Day*Allocation*srf14	Day1 Placebo No - Day7 Placebo Yes	0	-0.7020768076805914	0.15990862229920366	1372.5695313213814	-4.39048750208692	1.217709672780917e-5	9.06517200848016e-5
CCL3	Day*Allocation*srf14	Day4 Placebo No - Day7 Placebo No	0	-0.4235804609219196	0.09987628971898442	1048.3067779339235	-4.241051225608411	2.42121378899533e-5	1.622213238626871e-4
CCL3	Day*Allocation*srf14	Day4 Placebo No - Day1 Anakinra Yes	0	0.21627774384779858	0.13955326651367192	1329.760252100521	1.5497863235369702	0.12143075995070278	0.17686654166732796
CCL3	Day*Allocation*srf14	Day4 Placebo No - Day4 Anakinra Yes	0	-0.17800676367315002	0.1422363948366344	1353.3221017365768	-1.2514853450665682	0.21097373519655022	0.32125546041292874
CCL3	Day*Allocation*srf14	Day4 Placebo No - Day7 Anakinra Yes	0	-0.5085374127423248	0.14116362345397923	1342.7647803322172	-3.60246783342249	3.267167185340023e-4	0.002189002014177816
CCL3	Day*Allocation*srf14	Day4 Placebo No - Day1 Placebo Yes	0	0.1362871594435331	0.15386213236648	1318.2683096704259	0.8857745395008204	0.3759005763702966	0.44184804590894516
CCL3	Day*Allocation*srf14	Day4 Placebo No - Day4 Placebo Yes	0	-0.2737625660450803	0.15918830303841205	1365.2863727448887	-1.719740463462454	0.0857062612620415	0.14355798761391952
CCL3	Day*Allocation*srf14	Day4 Placebo No - Day7 Placebo Yes	0	-0.45177297195241917	0.15910324291035638	1364.9658824566861	-2.839495686501889	0.0045854829219681755	0.019201709735741736
CCL3	Day*Allocation*srf14	Day7 Placebo No - Day1 Anakinra Yes	0	0.6398582047697181	0.14049220131523027	1341.1699136818052	4.554403723335733	5.7305230601717485e-6	1.476711711659643e-5
CCL3	Day*Allocation*srf14	Day7 Placebo No - Day4 Anakinra Yes	0	0.24557369724876957	0.14315496579790518	1363.6800872551041	1.7154395998770382	0.08649181807673367	0.13355096213212655
CCL3	Day*Allocation*srf14	Day7 Placebo No - Day7 Anakinra Yes	0	-0.0849569518204052	0.14209119164270462	1353.6139650805856	-0.5979044220702554	0.5500037254477319	0.6824120297221858
CCL3	Day*Allocation*srf14	Day7 Placebo No - Day1 Placebo Yes	0	0.5598676203654527	0.1547393926427319	1328.0401594798086	3.61813246648897	3.0787200554740704e-4	6.250734658083719e-4
CCL3	Day*Allocation*srf14	Day7 Placebo No - Day4 Placebo Yes	0	0.14981789487683927	0.16004158684695596	1373.6796313996315	0.9361185291177263	0.34937670201100257	0.43615646481370896
CCL3	Day*Allocation*srf14	Day7 Placebo No - Day7 Placebo Yes	0	-0.028192511030499582	0.1599521625006706	1373.212031970179	-0.17625589169750291	0.8601189015974522	0.8601189015974522
CCL3	Day*Allocation*srf14	Day1 Anakinra Yes - Day4 Anakinra Yes	0	-0.39428450752094857	0.12947041115148097	1084.260747755432	-3.0453638326646995	0.0023801048523778433	0.005906186115159833
CCL3	Day*Allocation*srf14	Day1 Anakinra Yes - Day7 Anakinra Yes	0	-0.7248151565901234	0.12854073448615083	1086.4175081727428	-5.638797378026621	2.182230661434117e-8	8.600556136240345e-8
CCL3	Day*Allocation*srf14	Day1 Anakinra Yes - Day1 Placebo Yes	0	-0.07999058440426547	0.16716400238576512	1340.2346984366056	-0.478515608998586	0.6323613164802955	0.9668895255885167
CCL3	Day*Allocation*srf14	Day1 Anakinra Yes - Day4 Placebo Yes	0	-0.4900403098928789	0.17209605954054893	1378.9558166008235	-2.8474812915598253	0.0044720014155971355	0.021401721060357717
CCL3	Day*Allocation*srf14	Day1 Anakinra Yes - Day7 Placebo Yes	0	-0.6680507158002177	0.17209458082806245	1379.1469204472141	-3.881881187575911	1.085505508171736e-4	4.8485912698337545e-4
CCL3	Day*Allocation*srf14	Day4 Anakinra Yes - Day7 Anakinra Yes	0	-0.3305306490691748	0.13003225763146453	1058.9590577362928	-2.541912715273773	0.011166355726985874	0.041563657428225195
CCL3	Day*Allocation*srf14	Day4 Anakinra Yes - Day1 Placebo Yes	0	0.31429392311668314	0.16941414507173405	1356.2319795592698	1.8551811183393423	0.06378722917277237	0.13707878243906663
CCL3	Day*Allocation*srf14	Day4 Anakinra Yes - Day4 Placebo Yes	0	-0.09575580237193028	0.174283482774122	1392.5072413299606	-0.5494255729100469	0.582801524667434	0.6972803955842514
CCL3	Day*Allocation*srf14	Day4 Anakinra Yes - Day7 Placebo Yes	0	-0.2737662082792691	0.17428172765374703	1392.6741844249573	-1.5708256508862029	0.11645030408484823	0.31208681494739327
CCL3	Day*Allocation*srf14	Day7 Anakinra Yes - Day1 Placebo Yes	0	0.6448245721858579	0.16851582361147666	1348.7692714725547	3.826492719594924	1.3592851806512468e-4	6.505150507402395e-4
CCL3	Day*Allocation*srf14	Day7 Anakinra Yes - Day4 Placebo Yes	0	0.2347748466972445	0.17340679288413885	1386.0377492897517	1.3538964811725023	0.1759901176199463	0.41858439770918965
CCL3	Day*Allocation*srf14	Day7 Anakinra Yes - Day7 Placebo Yes	0	0.056764440789905626	0.17341280333344627	1386.451891724898	0.3273370806465558	0.743462365470004	0.9309787269339678
CCL3	Day*Allocation*srf14	Day1 Placebo Yes - Day4 Placebo Yes	0	-0.4100497254886134	0.15169049725812317	1079.9846818426374	-2.703199823986699	0.006975331235822476	0.01947279970000441
CCL3	Day*Allocation*srf14	Day1 Placebo Yes - Day7 Placebo Yes	0	-0.5880601313959523	0.151700956288982	1079.743079262078	-3.876443140382912	1.1238734163489134e-4	3.422705404335327e-4
CCL3	Day*Allocation*srf14	Day4 Placebo Yes - Day7 Placebo Yes	0	-0.17801040590733885	0.1560003901927625	1074.152972245343	-1.1410894914261407	0.2540870169350924	0.47280808597774
Flt3L	Day*Allocation*srf14	Day1 Anakinra No - Day4 Anakinra No	0	-0.1396916310522728	0.057703274035132986	1038.6199358652611	-2.42086143963375	0.01565438034740376	0.02497246388752505
Flt3L	Day*Allocation*srf14	Day1 Anakinra No - Day7 Anakinra No	0	-0.36598453278761456	0.058170651149564004	1043.3846534496663	-6.291566718870357	4.6169023790644353e-10	7.733311484932929e-10
Flt3L	Day*Allocation*srf14	Day1 Anakinra No - Day1 Placebo No	0	0.073896648844808	0.10005385458564582	1247.1520793074085	0.738568735315966	0.46030787712264953	0.9893930626752736
Flt3L	Day*Allocation*srf14	Day1 Anakinra No - Day4 Placebo No	0	0.05474444469133262	0.0989117552353416	1224.0944347524278	0.5534675283142907	0.5800443823118258	0.6586944680490225
Flt3L	Day*Allocation*srf14	Day1 Anakinra No - Day7 Placebo No	0	-0.3732684237326873	0.10035625499216216	1253.5702430664987	-3.7194335695551777	2.0849583135527103e-4	4.0375668575213765e-4
Flt3L	Day*Allocation*srf14	Day1 Anakinra No - Day1 Anakinra Yes	0	0.10651245154014632	0.12012673228483664	1231.0392160176127	0.8866673513401744	0.37543120048879763	0.5950159830808744
Flt3L	Day*Allocation*srf14	Day1 Anakinra No - Day4 Anakinra Yes	0	0.45487607078536774	0.12288922422931048	1267.4891030637907	3.7015130792637443	2.2351404863773898e-4	0.0011102661560034065
Flt3L	Day*Allocation*srf14	Day1 Anakinra No - Day7 Anakinra Yes	0	-0.02675286993765527	0.12179911202640509	1251.5775681514529	-0.2196474957211138	0.8261815154011116	0.879863141509544
Flt3L	Day*Allocation*srf14	Day1 Anakinra No - Day1 Placebo Yes	0	0.027756388162716458	0.13568350379181207	1217.8306752082633	0.20456715361142846	0.8379445024889286	0.8637274102578186
Flt3L	Day*Allocation*srf14	Day1 Anakinra No - Day4 Placebo Yes	0	-0.009754495917568204	0.14096526678151688	1285.2340144193333	-0.06919786795911059	0.9448428843937543	0.9591586856724476
Flt3L	Day*Allocation*srf14	Day1 Anakinra No - Day7 Placebo Yes	0	0.18408413944817287	0.14090822673328138	1284.8932072935909	1.3064115823174551	0.1916464261073483	0.28534023442649636
Flt3L	Day*Allocation*srf14	Day4 Anakinra No - Day7 Anakinra No	0	-0.22629290173534175	0.05835588962228394	1042.3496074439342	-3.8778074192691068	1.1200098745723413e-4	2.2070782822454962e-4
Flt3L	Day*Allocation*srf14	Day4 Anakinra No - Day1 Placebo No	0	0.2135882798970808	0.1002012009408907	1249.724064984294	2.1315940117631706	0.03323486602137943	0.06958550073226318
Flt3L	Day*Allocation*srf14	Day4 Anakinra No - Day4 Placebo No	0	0.19443607574360544	0.09906087917790102	1226.8205749818553	1.962793762353173	0.04989583138255265	0.5571701171051713
Flt3L	Day*Allocation*srf14	Day4 Anakinra No - Day7 Placebo No	0	-0.23357679268041454	0.10050435647406236	1256.1791497511826	-2.3240464480830223	0.020281865087674784	0.06794424804371053
Flt3L	Day*Allocation*srf14	Day4 Anakinra No - Day1 Anakinra Yes	0	0.24620408259241913	0.12027031915003313	1233.411258878547	2.0470892929558784	0.0408608426784671	0.06221991953312036
Flt3L	Day*Allocation*srf14	Day4 Anakinra No - Day4 Anakinra Yes	0	0.5945677018376405	0.12302954949734972	1269.6496588953132	4.832722742355881	1.5110309992970542e-6	2.0247815390580526e-5
Flt3L	Day*Allocation*srf14	Day4 Anakinra No - Day7 Anakinra Yes	0	0.11293876111461754	0.12194076406956389	1253.8441937330658	0.9261772466030231	0.354532104294249	0.5163837171242323
Flt3L	Day*Allocation*srf14	Day4 Anakinra No - Day1 Placebo Yes	0	0.16744801921498925	0.13581236693105683	1219.750273485353	1.2329364622589325	0.2178370368018797	0.27027928640233223
Flt3L	Day*Allocation*srf14	Day4 Anakinra No - Day4 Placebo Yes	0	0.12993713513470462	0.141089360778925	1286.8641453156524	0.9209562961895124	0.3572458568342244	0.45161268694137796
Flt3L	Day*Allocation*srf14	Day4 Anakinra No - Day7 Placebo Yes	0	0.3237757705004457	0.1410305427469908	1286.4273654867945	2.2957847583505395	0.021848411354694612	0.04879478535881797
Flt3L	Day*Allocation*srf14	Day7 Anakinra No - Day1 Placebo No	0	0.43988118163242257	0.10046298255217334	1254.912939996434	4.378539940360416	1.2941841039190298e-5	2.8903444987525e-5
Flt3L	Day*Allocation*srf14	Day7 Anakinra No - Day4 Placebo No	0	0.42072897747894716	0.09932430535122119	1232.2074637960377	4.235911602816705	2.4456641542540857e-5	3.6972358915550533e-4
Flt3L	Day*Allocation*srf14	Day7 Anakinra No - Day7 Placebo No	0	-0.007283890945072785	0.10076656982014735	1261.332738718019	-0.07228479601988434	0.9423867240139103	0.9865611017020623
Flt3L	Day*Allocation*srf14	Day7 Anakinra No - Day1 Anakinra Yes	0	0.4724969843277609	0.12050555821833259	1237.0949455133934	3.920955940237117	9.303774309804367e-5	1.598340714761263e-4
Flt3L	Day*Allocation*srf14	Day7 Anakinra No - Day4 Anakinra Yes	0	0.8208606035729823	0.12325911404687229	1272.9886338319086	6.6596341367570595	4.072771703313138e-11	3.410946301524753e-10
Flt3L	Day*Allocation*srf14	Day7 Anakinra No - Day7 Anakinra Yes	0	0.3392316628499593	0.12217047655580533	1257.237093646125	2.7767073716455895	0.005572786079685768	0.013828765456998017
Flt3L	Day*Allocation*srf14	Day7 Anakinra No - Day1 Placebo Yes	0	0.39374092095033103	0.136025188648754	1222.7588107056415	2.894617716480835	0.003863623274318622	0.006020064171612737
Flt3L	Day*Allocation*srf14	Day7 Anakinra No - Day4 Placebo Yes	0	0.35623003687004634	0.14129184509093648	1289.3149403880584	2.521235649805366	0.011814121433232426	0.019306003317721282
Flt3L	Day*Allocation*srf14	Day7 Anakinra No - Day7 Placebo Yes	0	0.5500686722357875	0.14123779338626574	1289.0714344660846	3.8946280527863113	1.0339164810596843e-4	4.074847307705815e-4
Flt3L	Day*Allocation*srf14	Day1 Placebo No - Day4 Placebo No	0	-0.019152204153475377	0.09149681576528981	1040.8590358669678	-0.20932099104525284	0.8342386258963972	0.867442853017481
Flt3L	Day*Allocation*srf14	Day1 Placebo No - Day7 Placebo No	0	-0.4471650725774953	0.0930739826161366	1051.4335050241502	-4.8044046253154375	1.7774264217573988e-6	3.84153452444341e-6
Flt3L	Day*Allocation*srf14	Day1 Placebo No - Day1 Anakinra Yes	0	0.03261580269533833	0.13681160496622388	1246.5405422714307	0.23839938653881396	0.8116105262855803	0.906298421018898
Flt3L	Day*Allocation*srf14	Day1 Placebo No - Day4 Anakinra Yes	0	0.3809794219405597	0.1392333808944065	1274.2954671836173	2.7362649638558407	0.006300413644209174	0.02345153967566748
Flt3L	Day*Allocation*srf14	Day1 Placebo No - Day7 Anakinra Yes	0	-0.10064951878246327	0.13827485353595448	1262.19811361326	-0.7278945969470305	0.46681311467470643	0.6080556910718957
Flt3L	Day*Allocation*srf14	Day1 Placebo No - Day1 Placebo Yes	0	-0.04614026068209154	0.1507698292496606	1231.6203381621497	-0.3060311264642187	0.7596326672568661	0.8609006255483943
Flt3L	Day*Allocation*srf14	Day1 Placebo No - Day4 Placebo Yes	0	-0.0836511447623762	0.15554963409542216	1286.0214968718174	-0.537777830522316	0.5908234861087993	0.713315733897687
Flt3L	Day*Allocation*srf14	Day1 Placebo No - Day7 Placebo Yes	0	0.11018749060336487	0.15546641802869954	1285.3648931510477	0.7087542891933353	0.478605488565089	0.6166647641127109
Flt3L	Day*Allocation*srf14	Day4 Placebo No - Day7 Placebo No	0	-0.42801286842402	0.09177809484257024	1042.1565806124415	-4.663562358296971	3.511309114109047e-6	3.360824437790088e-5
Flt3L	Day*Allocation*srf14	Day4 Placebo No - Day1 Anakinra Yes	0	0.051768006848813705	0.13599302497153243	1234.1869256258913	0.38066663242214344	0.7035161400690555	0.7364934591347925
Flt3L	Day*Allocation*srf14	Day4 Placebo No - Day4 Anakinra Yes	0	0.4001316260940351	0.13842973058981112	1262.822118578338	2.8905035384319824	0.003912039891915736	0.015418039574020841
Flt3L	Day*Allocation*srf14	Day4 Placebo No - Day7 Anakinra Yes	0	-0.08149731462898789	0.1374641775274314	1250.305514866793	-0.5928621994099142	0.5533805900585417	0.7220726275056204
Flt3L	Day*Allocation*srf14	Day4 Placebo No - Day1 Placebo Yes	0	-0.02698805652861616	0.1500262334800425	1221.3852145567703	-0.17988891610883703	0.8572696163528709	0.9054126548489269
Flt3L	Day*Allocation*srf14	Day4 Placebo No - Day4 Placebo Yes	0	-0.06449894060890082	0.15482702292932218	1277.0188821712318	-0.4165871008082632	0.6770504550513015	0.7560396748072866
Flt3L	Day*Allocation*srf14	Day4 Placebo No - Day7 Placebo Yes	0	0.12933969475684026	0.1547476434649056	1276.4769994395756	0.8358104321386485	0.4034179766079067	0.5516123353618315
Flt3L	Day*Allocation*srf14	Day7 Placebo No - Day1 Anakinra Yes	0	0.47978087527283364	0.13682644067427926	1247.0143420713143	3.5064924067927112	4.701794177051868e-4	8.290005522696714e-4
Flt3L	Day*Allocation*srf14	Day7 Placebo No - Day4 Anakinra Yes	0	0.828144494518055	0.1392464493384929	1274.6843632944108	5.947329346293968	3.5152572987222736e-9	7.55013936407395e-8
Flt3L	Day*Allocation*srf14	Day7 Placebo No - Day7 Anakinra Yes	0	0.34651555379503207	0.13828808202333012	1262.6050753266527	2.505751390322794	0.01234418659433125	0.03181001930077668
Flt3L	Day*Allocation*srf14	Day7 Placebo No - Day1 Placebo Yes	0	0.4010248118954038	0.15080534164293288	1232.3069983284358	2.6592215337101544	0.007933661734690824	0.012361752005215935
Flt3L	Day*Allocation*srf14	Day7 Placebo No - Day4 Placebo Yes	0	0.36351392781511915	0.15558606237507477	1286.7051968346116	2.3364170431846785	0.01962236962803387	0.03756282185937912
Flt3L	Day*Allocation*srf14	Day7 Placebo No - Day7 Placebo Yes	0	0.5573525631808602	0.15550356636729964	1286.040915027858	3.5841786539119798	3.50788204842042e-4	0.0019836688522889816
Flt3L	Day*Allocation*srf14	Day1 Anakinra Yes - Day4 Anakinra Yes	0	0.3483636192452214	0.1191731511739622	1075.2089925407513	2.923172004881368	0.0035374304291229536	0.007900261291707929
Flt3L	Day*Allocation*srf14	Day1 Anakinra Yes - Day7 Anakinra Yes	0	-0.1332653214778016	0.1183311129114154	1077.7382738960684	-1.1262069475976804	0.2603286420985563	0.3230003522333939
Flt3L	Day*Allocation*srf14	Day1 Anakinra Yes - Day1 Placebo Yes	0	-0.07875606337742987	0.16281497965118227	1244.9600561373936	-0.48371509517219036	0.628673145719697	0.9668895255885167
Flt3L	Day*Allocation*srf14	Day1 Anakinra Yes - Day4 Placebo Yes	0	-0.11626694745771453	0.16726241659734326	1291.502611852999	-0.695116989356958	0.4871070295353952	0.6165006796399153
Flt3L	Day*Allocation*srf14	Day1 Anakinra Yes - Day7 Placebo Yes	0	0.07757168790802654	0.16725954614045913	1291.6502124719518	0.46378033241154654	0.6428832803856499	0.7178863297639757
Flt3L	Day*Allocation*srf14	Day4 Anakinra Yes - Day7 Anakinra Yes	0	-0.481628940723023	0.11954647515750405	1051.2490714694889	-4.0288008499495325	6.0098086701836485e-5	0.002013285904511522
Flt3L	Day*Allocation*srf14	Day4 Anakinra Yes - Day1 Placebo Yes	0	-0.42711968262265126	0.16486107354832802	1264.6658146823406	-2.5907855228022867	0.00968587162641239	0.03415544205103316
Flt3L	Day*Allocation*srf14	Day4 Anakinra Yes - Day4 Placebo Yes	0	-0.4646305667029359	0.16925541570754507	1308.774626477132	-2.7451444596949672	0.006131184570512722	0.10269734155608809
Flt3L	Day*Allocation*srf14	Day4 Anakinra Yes - Day7 Placebo Yes	0	-0.2707919313371948	0.16925240880888903	1308.9065269248438	-1.5999295563524825	0.10985553680397966	0.30668004024444323
Flt3L	Day*Allocation*srf14	Day7 Anakinra Yes - Day1 Placebo Yes	0	0.05450925810037173	0.16405332902866884	1255.8145169703573	0.3322654799089512	0.7397442532984108	0.7994010479192503
Flt3L	Day*Allocation*srf14	Day7 Anakinra Yes - Day4 Placebo Yes	0	0.016998374020087068	0.16846604467978835	1300.8806853764877	0.1009008910513493	0.9196446841004616	0.9475717497323038
Flt3L	Day*Allocation*srf14	Day7 Anakinra Yes - Day7 Placebo Yes	0	0.21083700938582814	0.16846862755913947	1301.2252475583377	1.2514912268268799	0.21098024858328118	0.7556349850316068
Flt3L	Day*Allocation*srf14	Day1 Placebo Yes - Day4 Placebo Yes	0	-0.03751088408028466	0.13960265933515473	1072.391050725238	-0.26869748942410493	0.7882141653315147	0.8657434274952703
Flt3L	Day*Allocation*srf14	Day1 Placebo Yes - Day7 Placebo Yes	0	0.1563277512854564	0.13961073549313596	1072.1754532752257	1.119740188555502	0.2630752661433409	0.3264082005852563
Flt3L	Day*Allocation*srf14	Day4 Placebo Yes - Day7 Placebo Yes	0	0.19383863536574109	0.14352350071558057	1065.4322327545767	1.3505707037474626	0.1771197737677252	0.39253184411086584
CXCL6	Day*Allocation*srf14	Day1 Anakinra No - Day4 Anakinra No	0	-0.0843384268833505	0.0544238655939645	1031.2795852940353	-1.5496588851767168	0.12153021803739729	0.15965734526481604
CXCL6	Day*Allocation*srf14	Day1 Anakinra No - Day7 Anakinra No	0	-0.397647138118114	0.05488338778579002	1034.8912937880157	-7.245309631215398	8.419250618243334e-13	1.659087621830304e-12
CXCL6	Day*Allocation*srf14	Day1 Anakinra No - Day1 Placebo No	0	-0.004472603176164296	0.10509832375324991	1092.1799311642833	-0.042556370229701136	0.9660629539232897	0.9893930626752736
CXCL6	Day*Allocation*srf14	Day1 Anakinra No - Day4 Placebo No	0	-0.11926181556697019	0.10409442853322382	1068.743378957921	-1.145707961967488	0.2521724824710177	0.33128541814819973
CXCL6	Day*Allocation*srf14	Day1 Anakinra No - Day7 Placebo No	0	-0.4177675146379503	0.10536147237388593	1098.5662937459288	-3.9650880461831406	7.811443356170897e-5	1.7445556828781672e-4
CXCL6	Day*Allocation*srf14	Day1 Anakinra No - Day1 Anakinra Yes	0	0.27532772441656217	0.12633478402090614	1078.2710849195748	2.1793501017977785	0.029521522321926695	0.10114326194177803
CXCL6	Day*Allocation*srf14	Day1 Anakinra No - Day4 Anakinra Yes	0	0.09009186885021538	0.12883731066465434	1119.0338163939912	0.6992684680039001	0.4845295854721561	0.5695347759058678
CXCL6	Day*Allocation*srf14	Day1 Anakinra No - Day7 Anakinra Yes	0	-0.06483785838831681	0.12786498045281725	1101.9089556761564	-0.5070806577274085	0.612199686048525	0.7251300456123387
CXCL6	Day*Allocation*srf14	Day1 Anakinra No - Day1 Placebo Yes	0	-0.03922317053102417	0.14284707543613717	1065.3842397484532	-0.274581544013197	0.7836909810385431	0.8336658393679135
CXCL6	Day*Allocation*srf14	Day1 Anakinra No - Day4 Placebo Yes	0	-0.28995178005617644	0.1475706836490125	1137.855188667948	-1.964833210001306	0.04967656608729365	0.12801268953264133
CXCL6	Day*Allocation*srf14	Day1 Anakinra No - Day7 Placebo Yes	0	-0.4487106982123388	0.1475165273270814	1137.2790152103037	-3.0417655997109656	0.0024058404721209663	0.0064476524652841895
CXCL6	Day*Allocation*srf14	Day4 Anakinra No - Day7 Anakinra No	0	-0.31330871123476345	0.05505325424005579	1033.8018915584228	-5.691011649712897	1.6439809834789657e-8	8.472825068699286e-8
CXCL6	Day*Allocation*srf14	Day4 Anakinra No - Day1 Placebo No	0	0.0798658237071862	0.10523029992569125	1094.9615482722415	0.7589622358159555	0.4480384912038682	0.5558996094566513
CXCL6	Day*Allocation*srf14	Day4 Anakinra No - Day4 Placebo No	0	-0.03492338868361969	0.10422769347073484	1071.6172893846986	-0.33506822918829643	0.7376391950577961	0.9152190012754137
CXCL6	Day*Allocation*srf14	Day4 Anakinra No - Day7 Placebo No	0	-0.33342908775459984	0.1054938587846315	1101.373141095789	-3.160649269976029	0.0016171138490671932	0.009028885657291827
CXCL6	Day*Allocation*srf14	Day4 Anakinra No - Day1 Anakinra Yes	0	0.35966615129991264	0.1264613770447361	1080.673899045214	2.844079035867842	0.0045379787016199295	0.008445682583570424
CXCL6	Day*Allocation*srf14	Day4 Anakinra No - Day4 Anakinra Yes	0	0.1744302957335659	0.12896140967065192	1121.2965788141842	1.3525774584740868	0.1764633448474405	0.27861034394240564
CXCL6	Day*Allocation*srf14	Day4 Anakinra No - Day7 Anakinra Yes	0	0.01950056849503369	0.1279899867011526	1104.2338649893697	0.15236011033086605	0.8789307504254045	0.9201306293515953
CXCL6	Day*Allocation*srf14	Day4 Anakinra No - Day1 Placebo Yes	0	0.04511525635232633	0.14296053107499995	1067.301402415098	0.3155784048441871	0.752384226137075	0.8130603734061939
CXCL6	Day*Allocation*srf14	Day4 Anakinra No - Day4 Placebo Yes	0	-0.20561335317282595	0.14768052268894002	1139.5883428461714	-1.3922848418265017	0.16410777637679297	0.22439226565806386
CXCL6	Day*Allocation*srf14	Day4 Anakinra No - Day7 Placebo Yes	0	-0.3643722713289883	0.1476253921791839	1138.956138574292	-2.4682222072387288	0.013724651561719524	0.03736455345111687
CXCL6	Day*Allocation*srf14	Day7 Anakinra No - Day1 Placebo No	0	0.3931745349419497	0.1054603626409477	1100.290878866413	3.7281735535137406	2.0269314728411732e-4	3.5738002284304893e-4
CXCL6	Day*Allocation*srf14	Day7 Anakinra No - Day4 Placebo No	0	0.2783853225511438	0.1044590490375072	1077.0533145143488	2.6650187333333504	0.007813513839848255	0.022479726670978206
CXCL6	Day*Allocation*srf14	Day7 Anakinra No - Day7 Placebo No	0	-0.02012037651983634	0.10572428097274149	1106.699032766875	-0.19030989224721145	0.8491012042291703	0.9739243116473935
CXCL6	Day*Allocation*srf14	Day7 Anakinra No - Day1 Anakinra Yes	0	0.6729748625346761	0.12667006171181178	1084.5252177366176	5.312817041691883	1.3094830765623858e-7	3.133405933202852e-7
CXCL6	Day*Allocation*srf14	Day7 Anakinra No - Day4 Anakinra Yes	0	0.48773900696832934	0.12916572894078132	1124.9099283400396	3.776071338489045	1.6765137211154516e-4	4.320246896720587e-4
CXCL6	Day*Allocation*srf14	Day7 Anakinra No - Day7 Anakinra Yes	0	0.3328092797297972	0.12819459934006835	1107.8792842996204	2.5961255890892643	0.009552923703127306	0.022070547865845846
CXCL6	Day*Allocation*srf14	Day7 Anakinra No - Day1 Placebo Yes	0	0.35842396758708983	0.14314903557507166	1070.4063929124404	2.5038517803993274	0.012432884003067315	0.017354233920948127
CXCL6	Day*Allocation*srf14	Day7 Anakinra No - Day4 Placebo Yes	0	0.10769535806193753	0.14786140187554428	1142.3211764089406	0.7283534221634479	0.4665465461083167	0.5214054945599905
CXCL6	Day*Allocation*srf14	Day7 Anakinra No - Day7 Placebo Yes	0	-0.0510635600942248	0.14780935516636737	1141.8238388091236	-0.3454690674805395	0.7298053946863855	0.7886606684514166
CXCL6	Day*Allocation*srf14	Day1 Placebo No - Day4 Placebo No	0	-0.11478921239080589	0.08630857750476248	1032.4852234982184	-1.3299861463302631	0.18381655517648687	0.25657727493384624
CXCL6	Day*Allocation*srf14	Day1 Placebo No - Day7 Placebo No	0	-0.41329491146178604	0.08786291088337386	1040.5678414087004	-4.703860904521808	2.89661933737047e-6	6.064796737619421e-6
CXCL6	Day*Allocation*srf14	Day1 Placebo No - Day1 Anakinra Yes	0	0.27980032759272644	0.14370796971250566	1092.8354064251303	1.94700633620028	0.05178987807879263	0.19277343507106146
CXCL6	Day*Allocation*srf14	Day1 Placebo No - Day4 Anakinra Yes	0	0.09456447202637967	0.14590268737472242	1124.2151092492427	0.6481338605060055	0.5170307238586193	0.618590330330848
CXCL6	Day*Allocation*srf14	Day1 Placebo No - Day7 Anakinra Yes	0	-0.06036525521215251	0.14504648521752647	1111.0207031250486	-0.41617868314163303	0.6773596363752596	0.825147193402589
CXCL6	Day*Allocation*srf14	Day1 Placebo No - Day1 Placebo Yes	0	-0.034750567354859874	0.15855899682182337	1078.283708436996	-0.21916490424009138	0.8265630705446444	0.8699995307144404
CXCL6	Day*Allocation*srf14	Day1 Placebo No - Day4 Placebo Yes	0	-0.2854791768800121	0.1628372863018339	1137.3034455667519	-1.7531560698625879	0.07984461890310626	0.16210877171236726
CXCL6	Day*Allocation*srf14	Day1 Placebo No - Day7 Placebo Yes	0	-0.4442380950361745	0.16276029003509276	1136.4327106647506	-2.7294009794427883	0.006442921555137074	0.015987990525710517
CXCL6	Day*Allocation*srf14	Day4 Placebo No - Day7 Placebo No	0	-0.2985056990709801	0.08658176239304849	1033.4279095391237	-3.4476740923322517	5.882154503806205e-4	0.0020742334302895566
CXCL6	Day*Allocation*srf14	Day4 Placebo No - Day1 Anakinra Yes	0	0.39458953998353236	0.1429914589666837	1080.3897082446704	2.7595322324494207	0.0058862566861991	0.01406395902429433
CXCL6	Day*Allocation*srf14	Day4 Placebo No - Day4 Anakinra Yes	0	0.20935368441718555	0.14519743161251097	1112.3416645824864	1.4418552869164287	0.1496246773217514	0.24450861903798396
CXCL6	Day*Allocation*srf14	Day4 Placebo No - Day7 Anakinra Yes	0	0.05442395717865338	0.14433614934679428	1098.8810423501473	0.3770639401491151	0.7061988912495971	0.8077307989713184
CXCL6	Day*Allocation*srf14	Day4 Placebo No - Day1 Placebo Yes	0	0.08003864503594602	0.15790776198551884	1068.060064712238	0.5068696055820617	0.6123509381685717	0.6837918809549051
CXCL6	Day*Allocation*srf14	Day4 Placebo No - Day4 Placebo Yes	0	-0.17068996448920626	0.1622018547577197	1127.8453194104927	-1.0523305343466338	0.29287333113390834	0.37735602280715114
CXCL6	Day*Allocation*srf14	Day4 Placebo No - Day7 Placebo Yes	0	-0.3294488826453686	0.16212746658845628	1127.0614627067823	-2.0320362093959092	0.04238413588620411	0.10922065786060292
CXCL6	Day*Allocation*srf14	Day7 Placebo No - Day1 Anakinra Yes	0	0.6930952390545125	0.14371877822658413	1093.194183688522	4.822579537670384	1.6176329396119088e-6	4.71223508495643e-6
CXCL6	Day*Allocation*srf14	Day7 Placebo No - Day4 Anakinra Yes	0	0.5078593834881657	0.1459123370763595	1124.5196865753987	3.4805787753395414	5.195133898492672e-4	0.0016574951009476623
CXCL6	Day*Allocation*srf14	Day7 Placebo No - Day7 Anakinra Yes	0	0.3529296562496335	0.1450562051015161	1111.3324882102308	2.4330545253313316	0.015128948038191928	0.03495308684685721
CXCL6	Day*Allocation*srf14	Day7 Placebo No - Day1 Placebo Yes	0	0.37854434410692617	0.15858817470912515	1078.8782749134127	2.3869645060310085	0.017159603684083407	0.024568623173201926
CXCL6	Day*Allocation*srf14	Day7 Placebo No - Day4 Placebo Yes	0	0.12781573458177387	0.16286697812748052	1137.9087656062734	0.7847860631498236	0.4327423622654798	0.5086620749436342
CXCL6	Day*Allocation*srf14	Day7 Placebo No - Day7 Placebo Yes	0	-0.030943183574388466	0.16279071613571022	1137.0465632314106	-0.19007953468668773	0.8492807345648488	0.8601189015974522
CXCL6	Day*Allocation*srf14	Day1 Anakinra Yes - Day4 Anakinra Yes	0	-0.1852358555663468	0.11270521159521238	1061.248063597407	-1.6435429466352687	0.10056684805229085	0.1821075356622564
CXCL6	Day*Allocation*srf14	Day1 Anakinra Yes - Day7 Anakinra Yes	0	-0.34016558280487896	0.11193351124533475	1064.0311173971202	-3.0389968028368863	0.002431635869394408	0.004791753036747805
CXCL6	Day*Allocation*srf14	Day1 Anakinra Yes - Day1 Placebo Yes	0	-0.3145508949475863	0.1710512337930231	1090.422653544443	-1.8389279514242027	0.06619757264823355	0.9153337162977851
CXCL6	Day*Allocation*srf14	Day1 Anakinra Yes - Day4 Placebo Yes	0	-0.5652795044727386	0.1750323364063421	1141.3429907316781	-3.2295718384312	0.0012751050995101177	0.00854320416671779
CXCL6	Day*Allocation*srf14	Day1 Anakinra Yes - Day7 Placebo Yes	0	-0.724038422628901	0.1750278889635109	1141.4059464089862	-4.136703167229798	3.781796262081806e-5	2.53380349559481e-4
CXCL6	Day*Allocation*srf14	Day4 Anakinra Yes - Day7 Anakinra Yes	0	-0.15492972723853218	0.11285085846018711	1040.2630149893216	-1.3728714991848305	0.17008816843494126	0.3351737436806196
CXCL6	Day*Allocation*srf14	Day4 Anakinra Yes - Day1 Placebo Yes	0	-0.12931503938123953	0.17290699688773126	1112.7033667379033	-0.7478878339735665	0.4546858468640066	0.5858452257670854
CXCL6	Day*Allocation*srf14	Day4 Anakinra Yes - Day4 Placebo Yes	0	-0.3800436489063918	0.176846720335366	1161.8707747589451	-2.1490002652335884	0.0318404695223398	0.26666393224959584
CXCL6	Day*Allocation*srf14	Day4 Anakinra Yes - Day7 Placebo Yes	0	-0.5388025670625541	0.17684224984219482	1161.9285765825018	-3.0467977394732007	0.0023651157603157944	0.07368437524134379
CXCL6	Day*Allocation*srf14	Day7 Anakinra Yes - Day1 Placebo Yes	0	0.025614687857292637	0.17218753841703163	1103.2015062922683	0.14876040445653416	0.8817698826951359	0.895130032432941
CXCL6	Day*Allocation*srf14	Day7 Anakinra Yes - Day4 Placebo Yes	0	-0.22511392166785962	0.17614160607625678	1153.0227591662601	-1.2780280972934999	0.20149674463344697	0.43549296420777245
CXCL6	Day*Allocation*srf14	Day7 Anakinra Yes - Day7 Placebo Yes	0	-0.383872839824022	0.17614053905316993	1153.2192065464167	-2.1793554277027947	0.029507085639330157	0.7455836033512043
CXCL6	Day*Allocation*srf14	Day1 Placebo Yes - Day4 Placebo Yes	0	-0.2507286095251523	0.13200666120898388	1060.2023297982796	-1.8993633141604573	0.05778793116897546	0.10754976078670433
CXCL6	Day*Allocation*srf14	Day1 Placebo Yes - Day7 Placebo Yes	0	-0.40948752768131463	0.132012245397703	1060.0334308055387	-3.1018904833236	0.0019737314689671176	0.00400727298244839
CXCL6	Day*Allocation*srf14	Day4 Placebo Yes - Day7 Placebo Yes	0	-0.15875891815616233	0.13563115854569888	1052.4668508940579	-1.1705195167426878	0.24205693199855116	0.47280808597774
CXCL10	Day*Allocation*srf14	Day1 Anakinra No - Day4 Anakinra No	0	0.7873053692658196	0.04861886512485613	1033.9016302281184	16.193413137965535	9.806707697140411e-53	3.285247078542038e-51
CXCL10	Day*Allocation*srf14	Day1 Anakinra No - Day7 Anakinra No	0	1.2040219563694772	0.049023574263346095	1037.9233695561445	24.560060633312478	2.2385101400261297e-105	1.4998017938175068e-103
CXCL10	Day*Allocation*srf14	Day1 Anakinra No - Day1 Placebo No	0	-0.16402052935057332	0.08999751279067107	1149.1079398208026	-1.8225006921255194	0.06863883335608473	0.9893930626752736
CXCL10	Day*Allocation*srf14	Day1 Anakinra No - Day4 Placebo No	0	0.8377986952087386	0.08907375529398237	1125.253563828979	9.405673898485993	2.802754564661083e-20	1.8778455583229256e-18
CXCL10	Day*Allocation*srf14	Day1 Anakinra No - Day7 Placebo No	0	1.1405003778200404	0.0902405189316111	1155.6543059866824	12.638451012060006	2.1744046028422435e-34	1.456851083904303e-32
CXCL10	Day*Allocation*srf14	Day1 Anakinra No - Day1 Anakinra Yes	0	-0.45140561871700785	0.10813549151743249	1134.179347637179	-4.174444600774177	3.215707297150975e-5	0.0010772619445455767
CXCL10	Day*Allocation*srf14	Day1 Anakinra No - Day4 Anakinra Yes	0	0.2939346072393601	0.11041261024706243	1174.256280823423	2.662147073433402	0.0078704412932916	0.019530354320390266
CXCL10	Day*Allocation*srf14	Day1 Anakinra No - Day7 Anakinra Yes	0	0.5252798510030663	0.10952275937064451	1157.1879798408436	4.796079408713816	1.828866849087668e-6	8.752434206348125e-6
CXCL10	Day*Allocation*srf14	Day1 Anakinra No - Day1 Placebo Yes	0	-0.677493752939757	0.12222008898632634	1120.8241653585208	-5.5432274559671875	3.7008216874278456e-8	2.4795505305766565e-6
CXCL10	Day*Allocation*srf14	Day1 Anakinra No - Day4 Placebo Yes	0	0.11584596496947352	0.12653856538932595	1193.065246371445	0.9154992757587056	0.3601145806144008	0.4787086072967819
CXCL10	Day*Allocation*srf14	Day1 Anakinra No - Day7 Placebo Yes	0	0.6016330593893263	0.12649005635457286	1192.5592864711152	4.756366442772765	2.211739009590979e-6	1.646516818251062e-5
CXCL10	Day*Allocation*srf14	Day4 Anakinra No - Day7 Anakinra No	0	0.41671658710365755	0.049176986783078365	1036.8372338167626	8.473812943070524	8.059499100735511e-17	1.799954799164264e-15
CXCL10	Day*Allocation*srf14	Day4 Anakinra No - Day1 Placebo No	0	-0.9513258986163929	0.09011811063169506	1151.878080397082	-10.556434127923296	6.25439833636665e-25	4.1904468853656557e-23
CXCL10	Day*Allocation*srf14	Day4 Anakinra No - Day4 Placebo No	0	0.05049332594291894	0.08919563299554112	1128.1400110430218	0.5660963911253716	0.5714408420348781	0.9152190012754137
CXCL10	Day*Allocation*srf14	Day4 Anakinra No - Day7 Placebo No	0	0.35319500855422076	0.09036157156826906	1158.453749083777	3.908685987022464	9.817829709647093e-5	0.0021926486351545173
CXCL10	Day*Allocation*srf14	Day4 Anakinra No - Day1 Anakinra Yes	0	-1.2387109879828275	0.10825183011082543	1136.6243110438193	-11.442864168805897	8.96566672841778e-29	6.006996708039913e-27
CXCL10	Day*Allocation*srf14	Day4 Anakinra No - Day4 Anakinra Yes	0	-0.4933707620264595	0.11052651839938668	1176.5313766180843	-4.463822521249319	8.8239601982148e-6	7.390066666004895e-5
CXCL10	Day*Allocation*srf14	Day4 Anakinra No - Day7 Anakinra Yes	0	-0.26202551826275333	0.1096375857840733	1159.5418418487502	-2.389924188761341	0.017010785412112647	0.045588904904461894
CXCL10	Day*Allocation*srf14	Day4 Anakinra No - Day1 Placebo Yes	0	-1.4647991222055765	0.12232440647484552	1122.7840306283765	-11.974708600011022	3.490807306637027e-31	2.338840895446808e-29
CXCL10	Day*Allocation*srf14	Day4 Anakinra No - Day4 Placebo Yes	0	-0.6714594042963461	0.12663934817400907	1194.798705517011	-5.302138821606424	1.3624503206241693e-7	1.825683429636387e-6
CXCL10	Day*Allocation*srf14	Day4 Anakinra No - Day7 Placebo Yes	0	-0.1856723098764933	0.12658976431164395	1194.222567936345	-1.4667245087793788	0.1427142865575222	0.2516278210356312
CXCL10	Day*Allocation*srf14	Day7 Anakinra No - Day1 Placebo No	0	-1.3680424857200504	0.09032981183045678	1157.2829259858079	-15.144972163650442	2.085695788035919e-47	1.3974161779840656e-45
CXCL10	Day*Allocation*srf14	Day7 Anakinra No - Day4 Placebo No	0	-0.3662232611607386	0.08940858496001712	1133.686233202971	-4.0960637205533565	4.501041165863967e-5	4.308139401612654e-4
CXCL10	Day*Allocation*srf14	Day7 Anakinra No - Day7 Placebo No	0	-0.06352157854943678	0.09057361468512572	1163.8448431042375	-0.7013254220919207	0.48324015445943846	0.8866484968214293
CXCL10	Day*Allocation*srf14	Day7 Anakinra No - Day1 Anakinra Yes	0	-1.655427575086485	0.10844321738075888	1140.5054348101826	-15.265386024780636	5.1602430939911525e-48	3.457362872974072e-46
CXCL10	Day*Allocation*srf14	Day7 Anakinra No - Day4 Anakinra Yes	0	-0.9100873491301171	0.1107136596527964	1180.1279725469744	-8.220190281706852	5.303772870972222e-16	1.1845092745171294e-14
CXCL10	Day*Allocation*srf14	Day7 Anakinra No - Day7 Anakinra Yes	0	-0.6787421053664109	0.10982495378698447	1163.1804146708816	-6.18021753674391	8.840424841392365e-10	1.480771160933221e-8
CXCL10	Day*Allocation*srf14	Day7 Anakinra No - Day1 Placebo Yes	0	-1.881515709309234	0.12249739266165342	1125.927139898982	-15.359638833343297	1.754908846621613e-48	1.1757889272364807e-46
CXCL10	Day*Allocation*srf14	Day7 Anakinra No - Day4 Placebo Yes	0	-1.0881759914000038	0.12680480765513197	1197.4924700226588	-8.581504215198924	2.86268860410776e-17	6.39333788250733e-16
CXCL10	Day*Allocation*srf14	Day7 Anakinra No - Day7 Placebo Yes	0	-0.6023888969801509	0.12675841474025737	1197.074247698375	-4.752259628794785	2.255332743205169e-6	1.6789699310527368e-5
CXCL10	Day*Allocation*srf14	Day1 Placebo No - Day4 Placebo No	0	1.0018192245593118	0.07709943933206408	1035.448959219042	12.993858752260417	7.153746634325596e-36	4.793010244998149e-34
CXCL10	Day*Allocation*srf14	Day1 Placebo No - Day7 Placebo No	0	1.3045209071706136	0.0784672159268865	1044.4211727847323	16.625043870374203	3.04023222357455e-55	2.0369555897949485e-53
CXCL10	Day*Allocation*srf14	Day1 Placebo No - Day1 Anakinra Yes	0	-0.28738508936643453	0.1230614701231613	1149.3758659581767	-2.3352970599068605	0.019699275667574765	0.12492234813493962
CXCL10	Day*Allocation*srf14	Day1 Placebo No - Day4 Anakinra Yes	0	0.4579551365899334	0.12505821672117395	1180.1242218552545	3.66193560564658	2.6140059414011147e-4	0.001751383980738747
CXCL10	Day*Allocation*srf14	Day1 Placebo No - Day7 Anakinra Yes	0	0.6893003803536396	0.1242750430897535	1167.0266987850844	5.546571244041456	3.601560372193092e-8	6.032613623423429e-7
CXCL10	Day*Allocation*srf14	Day1 Placebo No - Day1 Placebo Yes	0	-0.5134732235891837	0.13571778351964223	1134.319781470703	-3.7833894002171755	1.627874501640612e-4	0.003838770932365551
CXCL10	Day*Allocation*srf14	Day1 Placebo No - Day4 Placebo Yes	0	0.27986649432004684	0.1396279517395844	1192.988713473534	2.004372984300571	0.04525580220231938	0.10702479222472454
CXCL10	Day*Allocation*srf14	Day1 Placebo No - Day7 Placebo Yes	0	0.7656535887398996	0.1395583844179124	1192.1749501078095	5.4862600476021814	5.0099553542599934e-8	6.713340174708391e-7
CXCL10	Day*Allocation*srf14	Day4 Placebo No - Day7 Placebo No	0	0.3027016826113018	0.07734107396566542	1036.514900561363	3.913854141018036	9.676276818456646e-5	0.00054025878903049605
CXCL10	Day*Allocation*srf14	Day4 Placebo No - Day1 Anakinra Yes	0	-1.2892043139257465	0.12240115640958223	1136.6724715596579	-10.532615473106924	8.137691089215848e-25	5.452253029774617e-23
CXCL10	Day*Allocation*srf14	Day4 Placebo No - Day4 Anakinra Yes	0	-0.5438640879693785	0.12440892757539661	1168.1201534993152	-4.371584086196514	1.3432986622522304e-5	1.8890194130177754e-4
CXCL10	Day*Allocation*srf14	Day4 Placebo No - Day7 Anakinra Yes	0	-0.3125188442056722	0.12362070312301528	1154.6951328835414	-2.5280461630661	0.011602387784148814	0.04091368323884055
CXCL10	Day*Allocation*srf14	Day4 Placebo No - Day1 Placebo Yes	0	-1.5152924481484955	0.1351177398505636	1123.8556688075244	-11.214607717864183	9.650247656032402e-28	6.46566592954171e-26
CXCL10	Day*Allocation*srf14	Day4 Placebo No - Day4 Placebo Yes	0	-0.7219527302392651	0.13904340036479904	1183.4773782475845	-5.192283332722914	2.44346246647638e-7	3.274239705078349e-6
CXCL10	Day*Allocation*srf14	Day4 Placebo No - Day7 Placebo Yes	0	-0.23616563581941225	0.13897648295960705	1182.761796507176	-1.699320854795648	0.0895217002912766	0.18175617937925853
CXCL10	Day*Allocation*srf14	Day7 Placebo No - Day1 Anakinra Yes	0	-1.5919059965370483	0.12307214552366594	1149.78250219136	-12.934738317623102	7.917678046420181e-36	5.304844291101521e-34
CXCL10	Day*Allocation*srf14	Day7 Placebo No - Day4 Anakinra Yes	0	-0.8465657705806803	0.12506769741170148	1180.4651467769575	-6.768860290070988	2.0402865764392e-11	1.366992006214264e-9
CXCL10	Day*Allocation*srf14	Day7 Placebo No - Day7 Anakinra Yes	0	-0.615220526816974	0.12428460814851343	1167.3782515777687	-4.950094271382492	8.507202389864924e-7	1.822298107080156e-5
CXCL10	Day*Allocation*srf14	Day7 Placebo No - Day1 Placebo Yes	0	-1.8179941307597973	0.13574530181708436	1134.9596834479657	-13.392685466267768	4.4010426647387535e-38	2.9486985853749647e-36
CXCL10	Day*Allocation*srf14	Day7 Placebo No - Day4 Placebo Yes	0	-1.0246544128505668	0.13965603308319527	1193.6353904797888	-7.336986381677935	4.0251826706992034e-13	2.6968723893684662e-11
CXCL10	Day*Allocation*srf14	Day7 Placebo No - Day7 Placebo Yes	0	-0.5388673184307141	0.13958712252313057	1192.8255578232674	-3.8604371856825117	1.1925406224293985e-4	7.990022170276971e-4
CXCL10	Day*Allocation*srf14	Day1 Anakinra Yes - Day4 Anakinra Yes	0	0.745340225956368	0.10058671175006169	1066.3463818775156	7.4099273451586	2.5660609076848364e-13	4.298152020372101e-12
CXCL10	Day*Allocation*srf14	Day1 Anakinra Yes - Day7 Anakinra Yes	0	0.9766854697200742	0.09988942745582455	1069.0825838316355	9.777666111381077	1.102195530873919e-21	1.8461775142138143e-20
CXCL10	Day*Allocation*srf14	Day1 Anakinra Yes - Day1 Placebo Yes	0	-0.2260881342227491	0.14646581513980214	1147.1287636604338	-1.5436239098314317	0.12295527532358308	0.9153337162977851
CXCL10	Day*Allocation*srf14	Day1 Anakinra Yes - Day4 Placebo Yes	0	0.5672515836864813	0.15010425968508598	1197.6201842445028	3.779050540448068	1.651739851456665e-4	0.0015809510006799508
CXCL10	Day*Allocation*srf14	Day1 Anakinra Yes - Day7 Placebo Yes	0	1.0530386781063341	0.15010079246554728	1197.7141753638928	7.0155437610233715	3.822653092391586e-12	8.537258573007874e-11
CXCL10	Day*Allocation*srf14	Day4 Anakinra Yes - Day7 Anakinra Yes	0	0.23134524376370622	0.10078397750538133	1044.1513804612707	2.2954565744475963	0.02190449195411119	0.07724215583818156
CXCL10	Day*Allocation*srf14	Day4 Anakinra Yes - Day1 Placebo Yes	0	-0.971428360179117	0.14815373387529304	1168.968987464609	-6.556894212310621	8.226862649282946e-11	2.755998987509787e-9
CXCL10	Day*Allocation*srf14	Day4 Anakinra Yes - Day4 Placebo Yes	0	-0.17808864226988658	0.15175213161173953	1217.3939459665417	-1.1735495269715845	0.24080505121178683	0.4474758003169923
CXCL10	Day*Allocation*srf14	Day4 Anakinra Yes - Day7 Placebo Yes	0	0.3076984521499662	0.15174861653337451	1217.47956895684	2.027685386392259	0.04280981761616602	0.19842367422741236
CXCL10	Day*Allocation*srf14	Day7 Anakinra Yes - Day1 Placebo Yes	0	-1.2027736039428232	0.14749495423148096	1159.483973640296	-8.15467627492647	9.018611949254209e-16	2.0141566686667732e-14
CXCL10	Day*Allocation*srf14	Day7 Anakinra Yes - Day4 Placebo Yes	0	-0.4094338860335928	0.1511072311432649	1208.695510546049	-2.7095585230160704	0.0068325314742872815	0.09155592175544958
CXCL10	Day*Allocation*srf14	Day7 Anakinra Yes - Day7 Placebo Yes	0	0.07635320838626	0.15110731938639174	1208.9476875571943	0.5052912638269998	0.6134463802392893	0.9309787269339678
CXCL10	Day*Allocation*srf14	Day1 Placebo Yes - Day4 Placebo Yes	0	0.7933397179092305	0.11781738936796514	1064.7230636986487	6.733638575469418	2.701292236589681e-11	6.032885995050287e-10
CXCL10	Day*Allocation*srf14	Day1 Placebo Yes - Day7 Placebo Yes	0	1.2791268123290833	0.11782301533978681	1064.5365269103672	10.856340831545024	4.0975210857754706e-26	1.3726695637347826e-24
CXCL10	Day*Allocation*srf14	Day4 Placebo Yes - Day7 Placebo Yes	0	0.4857870944198528	0.12108119904263101	1057.1355139523757	4.012077005025478	6.442580625836303e-5	0.0014388430064367743
4E-BP1	Day*Allocation*srf14	Day1 Anakinra No - Day4 Anakinra No	0	0.26549973698396157	0.05966211258908538	1035.5591342657817	4.450055914254237	9.514111806406067e-6	1.9920171594662703e-5
4E-BP1	Day*Allocation*srf14	Day1 Anakinra No - Day7 Anakinra No	0	0.23238560035423655	0.060154128460502984	1039.8414022589916	3.86316959952001	1.1884778369242085e-4	1.5613336289004308e-4
4E-BP1	Day*Allocation*srf14	Day1 Anakinra No - Day1 Placebo No	0	0.012403203340053645	0.10777822794903627	1184.3290389434467	0.11508078742878006	0.9084005956582963	0.9893930626752736
4E-BP1	Day*Allocation*srf14	Day1 Anakinra No - Day4 Placebo No	0	0.16095191310192591	0.10662633812521778	1160.528509964265	1.5094948952754086	0.13144455512211994	0.1957063376262675
4E-BP1	Day*Allocation*srf14	Day1 Anakinra No - Day7 Placebo No	0	0.08661101054085256	0.1080819353005278	1190.8914956569286	0.8013458521077167	0.4230913068619343	0.4973178519254316
4E-BP1	Day*Allocation*srf14	Day1 Anakinra No - Day1 Anakinra Yes	0	0.033273405284594035	0.1294645626421417	1168.8818576022798	0.2570078221062424	0.7972179663445838	0.905315317713341
4E-BP1	Day*Allocation*srf14	Day1 Anakinra No - Day4 Anakinra Yes	0	0.16132501438891583	0.13228468284853126	1208.010453674068	1.2195290559348912	0.22288150672844792	0.3472804872280468
4E-BP1	Day*Allocation*srf14	Day1 Anakinra No - Day7 Anakinra Yes	0	0.19214364273585943	0.13117875335921064	1191.2012553810914	1.464746674407759	0.1432539096218466	0.2285240939205648
4E-BP1	Day*Allocation*srf14	Day1 Anakinra No - Day1 Placebo Yes	0	-0.14108927484371883	0.146291938194042	1155.4288290187042	-0.9644364316000631	0.3350289686466976	0.5101577477120168
4E-BP1	Day*Allocation*srf14	Day1 Anakinra No - Day4 Placebo Yes	0	-0.017291964023511554	0.1516558121324956	1226.5898378501413	-0.11402110990908979	0.9092397191294435	0.9518603309636361
4E-BP1	Day*Allocation*srf14	Day1 Anakinra No - Day7 Placebo Yes	0	-0.03294003056724563	0.15159636481890185	1226.1373827770287	-0.2172877338226153	0.8280202661578024	0.8681844850529968
4E-BP1	Day*Allocation*srf14	Day4 Anakinra No - Day7 Anakinra No	0	-0.03311413662972501	0.060343595328304356	1038.7668384879792	-0.5487597556884835	0.5832882575886343	0.6303276332006209
4E-BP1	Day*Allocation*srf14	Day4 Anakinra No - Day1 Placebo No	0	-0.25309653364390794	0.10792796843837063	1187.0544903025382	-2.3450504749232994	0.019188516296880183	0.041471954577128135
4E-BP1	Day*Allocation*srf14	Day4 Anakinra No - Day4 Placebo No	0	-0.10454782388203565	0.10677774570201791	1163.3847896787563	-0.9791162305841776	0.32772611067867863	0.9152190012754137
4E-BP1	Day*Allocation*srf14	Day4 Anakinra No - Day7 Placebo No	0	-0.178888726443109	0.10823230818377026	1193.6488921824755	-1.652821874032008	0.09863009410540491	0.18256955804744482
4E-BP1	Day*Allocation*srf14	Day4 Anakinra No - Day1 Anakinra Yes	0	-0.23222633169936752	0.12960953151059296	1171.3227854376523	-1.7917380688964817	0.07343298686678824	0.1069567417407568
4E-BP1	Day*Allocation*srf14	Day4 Anakinra No - Day4 Anakinra Yes	0	-0.10417472259504575	0.13242652375524533	1210.2646224041607	-0.7866605544036223	0.43163460670599385	0.5456512952698412
4E-BP1	Day*Allocation*srf14	Day4 Anakinra No - Day7 Anakinra Yes	0	-0.07335609424810213	0.13132180615153383	1193.5444214796842	-0.5585979693536628	0.5765409038772655	0.7153377881440146
4E-BP1	Day*Allocation*srf14	Day4 Anakinra No - Day1 Placebo Yes	0	-0.40658901182768037	0.14642196807526148	1157.391715492597	-2.776830670782215	0.005577743796793479	0.01132451013288373
4E-BP1	Day*Allocation*srf14	Day4 Anakinra No - Day4 Placebo Yes	0	-0.28279170100747314	0.15178128433805366	1228.3015010945446	-1.8631526425723712	0.06267932066754593	0.09998844011251376
4E-BP1	Day*Allocation*srf14	Day4 Anakinra No - Day7 Placebo Yes	0	-0.2984397675512072	0.15172034536223666	1227.7696961246556	-1.9670385460741848	0.049403663780991515	0.10030440828261913
4E-BP1	Day*Allocation*srf14	Day7 Anakinra No - Day1 Placebo No	0	-0.2199823970141829	0.10819196158855997	1192.434355362505	-2.0332600849843865	0.04224735445194065	0.05550142643686321
4E-BP1	Day*Allocation*srf14	Day7 Anakinra No - Day4 Placebo No	0	-0.07143368725231064	0.10704333888853321	1168.9274991304694	-0.6673342591330811	0.504690362219852	0.5925395670602179
4E-BP1	Day*Allocation*srf14	Day7 Anakinra No - Day7 Placebo No	0	-0.14577458981338398	0.10849673324319899	1199.0076729628738	-1.343585059714429	0.17933681718015115	0.6323982500563224
4E-BP1	Day*Allocation*srf14	Day7 Anakinra No - Day1 Anakinra Yes	0	-0.1991121950696425	0.12984768786807527	1175.1705607967583	-1.5334288837852832	0.1254393714049048	0.15007924793086824
4E-BP1	Day*Allocation*srf14	Day7 Anakinra No - Day4 Anakinra Yes	0	-0.07106058596532074	0.13265922286760112	1213.8024522241885	-0.5356626130415513	0.5922898800788592	0.6505479010702224
4E-BP1	Day*Allocation*srf14	Day7 Anakinra No - Day7 Anakinra Yes	0	-0.04024195761837712	0.1315547463665784	1197.1295393491766	-0.30589514046298694	0.7597376713225195	0.8264211748806393
4E-BP1	Day*Allocation*srf14	Day7 Anakinra No - Day1 Placebo Yes	0	-0.37347487519795536	0.14663730318256454	1160.5170185843917	-2.546929513106064	0.010995758930363574	0.015674805283709774
4E-BP1	Day*Allocation*srf14	Day7 Anakinra No - Day4 Placebo Yes	0	-0.2496775643777481	0.15198685357813715	1230.933580455901	-1.642757636596429	0.10068848999885491	0.13767609856986282
4E-BP1	Day*Allocation*srf14	Day7 Anakinra No - Day7 Placebo Yes	0	-0.2653256309214822	0.15193017935595057	1230.5732619501457	-1.7463655479525393	0.08099696521211291	0.1361524242838806
4E-BP1	Day*Allocation*srf14	Day1 Placebo No - Day4 Placebo No	0	0.1485487097618723	0.09460887421188854	1037.3388353172663	1.5701350533902207	0.11668865085148611	0.16995955667499063
4E-BP1	Day*Allocation*srf14	Day1 Placebo No - Day7 Placebo No	0	0.07420780720079892	0.09627082954129154	1046.8742566192793	0.7708233901627537	0.4409855484775419	0.4765488991612146
4E-BP1	Day*Allocation*srf14	Day1 Placebo No - Day1 Anakinra Yes	0	0.02087020194454039	0.14737501253521024	1184.3104494235183	0.14161289343099573	0.887409866685013	0.929007204185873
4E-BP1	Day*Allocation*srf14	Day1 Placebo No - Day4 Anakinra Yes	0	0.14892181104886218	0.14984768724156983	1214.2584006885388	0.9938212179997477	0.32050791315354255	0.4473756287768198
4E-BP1	Day*Allocation*srf14	Day1 Placebo No - Day7 Anakinra Yes	0	0.17974043939580578	0.1488746571958882	1201.3977129960087	1.2073273099752944	0.22754375571460828	0.3387873696195279
4E-BP1	Day*Allocation*srf14	Day1 Placebo No - Day1 Placebo Yes	0	-0.15349247818377248	0.16248777387643368	1169.145833151997	-0.9446401690535695	0.34503778463315093	0.5221084249519055
4E-BP1	Day*Allocation*srf14	Day1 Placebo No - Day4 Placebo Yes	0	-0.0296951673635652	0.16734357465569133	1226.8220383891266	-0.1774502990309779	0.8591839937539718	0.9284730255083243
4E-BP1	Day*Allocation*srf14	Day1 Placebo No - Day7 Placebo Yes	0	-0.045343233907299274	0.1672578260496989	1226.0566216563195	-0.27109783128369735	0.786361423614014	0.8929867013921854
4E-BP1	Day*Allocation*srf14	Day4 Placebo No - Day7 Placebo No	0	-0.07434090256107335	0.09490344831276787	1038.4847687368022	-0.7833319429666274	0.43361081512754096	0.5187843680990222
4E-BP1	Day*Allocation*srf14	Day4 Placebo No - Day1 Anakinra Yes	0	-0.1276785078173319	0.14655084520779527	1171.6110715772445	-0.8712232784211911	0.38381073396346055	0.4511459504482782
4E-BP1	Day*Allocation*srf14	Day4 Placebo No - Day4 Anakinra Yes	0	3.7310128698989954e-4	0.14903775413923287	1202.331169277908	0.0025034011626432844	0.9980029922306353	0.9980029922306353
4E-BP1	Day*Allocation*srf14	Day4 Placebo No - Day7 Anakinra Yes	0	0.03119172963393351	0.1480581410460085	1189.1069707629033	0.2106721684709036	0.8331791880425081	0.8860794539499689
4E-BP1	Day*Allocation*srf14	Day4 Placebo No - Day1 Placebo Yes	0	-0.3020411879456447	0.16173892485579885	1158.6647506516692	-1.8674613313705082	0.06208951853951297	0.09904756528922308
4E-BP1	Day*Allocation*srf14	Day4 Placebo No - Day4 Placebo Yes	0	-0.1782438771254375	0.16661473371914298	1217.4038431800097	-1.069796608899531	0.2849229273666594	0.3743105124228663
4E-BP1	Day*Allocation*srf14	Day4 Placebo No - Day7 Placebo Yes	0	-0.19389194366917156	0.16653248730550912	1216.7430618979581	-1.1642890033430573	0.24453514739526214	0.388277429303655
4E-BP1	Day*Allocation*srf14	Day7 Placebo No - Day1 Anakinra Yes	0	-0.05333760525625853	0.14738890244441918	1184.743978003096	-0.36188345507472863	0.7175036573025979	0.7511366412386572
4E-BP1	Day*Allocation*srf14	Day7 Placebo No - Day4 Anakinra Yes	0	0.07471400384806326	0.149859985144067	1214.6190946784081	0.49855872984531124	0.6181805538896963	0.6961329557577814
4E-BP1	Day*Allocation*srf14	Day7 Placebo No - Day7 Anakinra Yes	0	0.10553263219500687	0.14888707824688766	1201.7715004410916	0.7088098808683079	0.4785799360300196	0.6049972776228549
4E-BP1	Day*Allocation*srf14	Day7 Placebo No - Day1 Placebo Yes	0	-0.22770028538457138	0.16252261601950954	1169.8076860007695	-1.4010375353374682	0.1614680677958267	0.21212471651608605
4E-BP1	Day*Allocation*srf14	Day7 Placebo No - Day4 Placebo Yes	0	-0.10390297456436412	0.1673791940274449	1227.4875160528309	-0.6207639794664522	0.5348701681534167	0.5921266410303735
4E-BP1	Day*Allocation*srf14	Day7 Placebo No - Day7 Placebo Yes	0	-0.1195510411080982	0.16729423910265337	1226.7223698558003	-0.7146154090502812	0.47498268253496	0.6771029729753685
4E-BP1	Day*Allocation*srf14	Day1 Anakinra Yes - Day4 Anakinra Yes	0	0.12805160910432178	0.12335841260907873	1069.5055080190032	1.0380452082349318	0.29948363322025506	0.40949802909708344
4E-BP1	Day*Allocation*srf14	Day1 Anakinra Yes - Day7 Anakinra Yes	0	0.15887023745126538	0.1224971297991418	1072.1861390359784	1.296930284911691	0.19493419517407942	0.2560900211110455
4E-BP1	Day*Allocation*srf14	Day1 Anakinra Yes - Day1 Placebo Yes	0	-0.17436268012831285	0.175396501134475	1182.2446986532987	-0.9941058059911382	0.32037477687364624	0.9668895255885167
4E-BP1	Day*Allocation*srf14	Day1 Anakinra Yes - Day4 Placebo Yes	0	-0.05056536930810559	0.17991478554570137	1231.7895308293328	-0.2810517721194245	0.7787178916939757	0.8152202928671307
4E-BP1	Day*Allocation*srf14	Day1 Anakinra Yes - Day7 Placebo Yes	0	-0.06621343585183967	0.17991096020517058	1231.9030866207831	-0.3680344753667582	0.7129107542668294	0.746328445873087
4E-BP1	Day*Allocation*srf14	Day4 Anakinra Yes - Day7 Anakinra Yes	0	0.030818628346943613	0.1236516970207617	1046.6313957195687	0.24923740708361666	0.8032260478458008	0.8680023420269136
4E-BP1	Day*Allocation*srf14	Day4 Anakinra Yes - Day1 Placebo Yes	0	-0.30241428923263464	0.1774863582841154	1203.5175010934527	-1.7038734252946806	0.08866287559912385	0.16972607614689422
4E-BP1	Day*Allocation*srf14	Day4 Anakinra Yes - Day4 Placebo Yes	0	-0.17861697841242738	0.18195332385731405	1250.8328107957336	-0.9816637290588711	0.32645537131574187	0.5101256249101447
4E-BP1	Day*Allocation*srf14	Day4 Anakinra Yes - Day7 Placebo Yes	0	-0.19426504495616145	0.181949414180107	1250.9356062278996	-1.0676871141990243	0.28586767205444236	0.5472324007899325
4E-BP1	Day*Allocation*srf14	Day7 Anakinra Yes - Day1 Placebo Yes	0	-0.33323291757957824	0.17666734865609687	1194.1703378306918	-1.886216780375496	0.05950822912762312	0.1049224039881776
4E-BP1	Day*Allocation*srf14	Day7 Anakinra Yes - Day4 Placebo Yes	0	-0.20943560675937098	0.18115209352345468	1242.3445321953993	-1.1561313075979125	0.24784972948274114	0.4488089696038826
4E-BP1	Day*Allocation*srf14	Day7 Anakinra Yes - Day7 Placebo Yes	0	-0.22508367330310505	0.18115306649453142	1242.6310104630586	-1.2425054549650685	0.21428454799403773	0.7556349850316068
4E-BP1	Day*Allocation*srf14	Day1 Placebo Yes - Day4 Placebo Yes	0	0.12379731082020727	0.14449457461068063	1067.4837495305987	0.8567609625050692	0.3917692921894209	0.5468446370144
4E-BP1	Day*Allocation*srf14	Day1 Placebo Yes - Day7 Placebo Yes	0	0.1081492442764732	0.1445019816082784	1067.2865627150245	0.748427413055472	0.4543672842745554	0.5176443684006711
4E-BP1	Day*Allocation*srf14	Day4 Placebo Yes - Day7 Placebo Yes	0	-0.015648066543734074	0.1485181049713048	1060.066152616486	-0.10536133993062623	0.9161090239885277	0.9590516344879899
SIRT2	Day*Allocation*srf14	Day1 Anakinra No - Day4 Anakinra No	0	0.15722851785118339	0.0742521807198115	1055.706493870103	2.117493605265019	0.03445128218288135	0.05117269615709148
SIRT2	Day*Allocation*srf14	Day1 Anakinra No - Day7 Anakinra No	0	-0.0766047316512889	0.07478551373911652	1063.0881045501314	-1.0243258061784342	0.30591443564640125	0.3202541748173263
SIRT2	Day*Allocation*srf14	Day1 Anakinra No - Day1 Placebo No	0	0.06857858739403129	0.10928566471219275	1508.3293011265132	0.6275167706088	0.530415529210096	0.9893930626752736
SIRT2	Day*Allocation*srf14	Day1 Anakinra No - Day4 Placebo No	0	0.12099277261606156	0.10773219615264414	1499.5243972148	1.1230883332650967	0.26157975715365467	0.3370354563325935
SIRT2	Day*Allocation*srf14	Day1 Anakinra No - Day7 Placebo No	0	-0.03721324668627227	0.10970715059415498	1511.065751405121	-0.33920529778352415	0.7345022124485991	0.7689320036571272
SIRT2	Day*Allocation*srf14	Day1 Anakinra No - Day1 Anakinra Yes	0	0.047049192605314684	0.1308734756724196	1496.1517481416506	0.35950136086459783	0.7192707925332728	0.8605561267808799
SIRT2	Day*Allocation*srf14	Day1 Anakinra No - Day4 Anakinra Yes	0	-0.11464116728328483	0.13443985384245496	1508.0807752630708	-0.8527320136603876	0.39394333869570086	0.48544948035988345
SIRT2	Day*Allocation*srf14	Day1 Anakinra No - Day7 Anakinra Yes	0	-0.0474765175942442	0.13299397763565138	1502.4044204701136	-0.35698246220073415	0.7211550675624664	0.8052898254447541
SIRT2	Day*Allocation*srf14	Day1 Anakinra No - Day1 Placebo Yes	0	-0.06391210794833077	0.14758923438444171	1491.8934866573275	-0.433040446445111	0.665047982827025	0.7426369141568446
SIRT2	Day*Allocation*srf14	Day1 Anakinra No - Day4 Placebo Yes	0	0.06943540492382066	0.1545697025308288	1515.8883431388547	0.449217432568791	0.6533390284830851	0.7167565644008153
SIRT2	Day*Allocation*srf14	Day1 Anakinra No - Day7 Placebo Yes	0	0.06935927783179609	0.15450634331684682	1516.0740667329337	0.4489089337229393	0.6535615086197462	0.7549762254745344
SIRT2	Day*Allocation*srf14	Day4 Anakinra No - Day7 Anakinra No	0	-0.23383324950247228	0.07503298535391505	1062.6119040506628	-3.1164060499462907	0.0018798274991634679	0.003148711061098809
SIRT2	Day*Allocation*srf14	Day4 Anakinra No - Day1 Placebo No	0	-0.0886499304571521	0.10947942224349633	1509.1702934288792	-0.8097405762699701	0.41821694292369604	0.5286893429412761
SIRT2	Day*Allocation*srf14	Day4 Anakinra No - Day4 Placebo No	0	-0.036235745235121825	0.1079291645845279	1500.4839823538664	-0.33573636351778424	0.7371166188606693	0.9152190012754137
SIRT2	Day*Allocation*srf14	Day4 Anakinra No - Day7 Placebo No	0	-0.19444176453745565	0.10990316647424701	1511.9594958433452	-1.7692098487719012	0.0770604194580498	0.15043722143280525
SIRT2	Day*Allocation*srf14	Day4 Anakinra No - Day1 Anakinra Yes	0	-0.11017932524586871	0.13106892286245173	1497.1696756857034	-0.840621276498127	0.40069436335254605	0.4550258024511964
SIRT2	Day*Allocation*srf14	Day4 Anakinra No - Day4 Anakinra Yes	0	-0.2718696851344682	0.13463011513856935	1508.9586485084676	-2.019382400844296	0.04362399143654757	0.09133773207027147
SIRT2	Day*Allocation*srf14	Day4 Anakinra No - Day7 Anakinra Yes	0	-0.2047050354454276	0.1331871352187475	1503.3869613313768	-1.5369730350398976	0.12451033661082103	0.2254646635925678
SIRT2	Day*Allocation*srf14	Day4 Anakinra No - Day1 Placebo Yes	0	-0.22114062579951416	0.147765164005516	1492.7451481720195	-1.4965680665522698	0.1347170777804406	0.17698125904489254
SIRT2	Day*Allocation*srf14	Day4 Anakinra No - Day4 Placebo Yes	0	-0.08779311292736272	0.1547378905420815	1516.528150119069	-0.5673666134377544	0.5705491021393534	0.6547304960142073
SIRT2	Day*Allocation*srf14	Day4 Anakinra No - Day7 Placebo Yes	0	-0.0878692400193873	0.1546691368870276	1516.5875429800192	-0.5681110128879051	0.5700436894671889	0.6160149547468008
SIRT2	Day*Allocation*srf14	Day7 Anakinra No - Day1 Placebo No	0	0.14518331904532017	0.10983616698200332	1511.129784812984	1.3218170574826094	0.18642913938573852	0.22710458797899058
SIRT2	Day*Allocation*srf14	Day7 Anakinra No - Day4 Placebo No	0	0.19759750426735045	0.10828807368471034	1502.5826794261736	1.8247393045578766	0.06823885388148573	0.13447068264881012
SIRT2	Day*Allocation*srf14	Day7 Anakinra No - Day7 Placebo No	0	0.03939148496501663	0.11026030005703177	1513.85654408455	0.3572590038721236	0.7209477133581781	0.9538344209491556
SIRT2	Day*Allocation*srf14	Day7 Anakinra No - Day1 Anakinra Yes	0	0.12365392425660357	0.13138263390600805	1498.4763299277538	0.9411740393716445	0.34676737535349456	0.3937866804861718
SIRT2	Day*Allocation*srf14	Day7 Anakinra No - Day4 Anakinra Yes	0	-0.03803643563199593	0.1349350226143437	1510.075808653672	-0.28188705122692603	0.7780687438761242	0.8145407162453175
SIRT2	Day*Allocation*srf14	Day7 Anakinra No - Day7 Anakinra Yes	0	0.029128214057044695	0.1334911110232599	1504.5045319803467	0.21820339821704912	0.8273002293570761	0.8798272280464143
SIRT2	Day*Allocation*srf14	Day7 Anakinra No - Day1 Placebo Yes	0	0.012692623702958115	0.1480493746121335	1493.8228662598062	0.08573236959771582	0.931690658405155	0.931690658405155
SIRT2	Day*Allocation*srf14	Day7 Anakinra No - Day4 Placebo Yes	0	0.14604013657510956	0.1550042519370505	1517.2456490002362	0.9421685840877358	0.3462563229832214	0.40700304631361117
SIRT2	Day*Allocation*srf14	Day7 Anakinra No - Day7 Placebo Yes	0	0.14596400948308497	0.15494652857837196	1517.4898869655015	0.9420282649911473	0.3463281089832755	0.46407966603758916
SIRT2	Day*Allocation*srf14	Day1 Placebo No - Day4 Placebo No	0	0.05241418522203027	0.11767320883593091	1060.9943748119372	0.4454215682612189	0.6561059935635221	0.7450695181145082
SIRT2	Day*Allocation*srf14	Day1 Placebo No - Day7 Placebo No	0	-0.10579183408030356	0.11946284229265965	1077.1243313728307	-0.8855626741337286	0.3760508834960885	0.41992348657063217
SIRT2	Day*Allocation*srf14	Day1 Placebo No - Day1 Anakinra Yes	0	-0.021529394788716606	0.14937800008470212	1505.0437782910763	-0.144126944908278	0.8854195234703452	0.929007204185873
SIRT2	Day*Allocation*srf14	Day1 Placebo No - Day4 Anakinra Yes	0	-0.1832197546773161	0.15250248877825306	1513.6904379496223	-1.2014214072514424	0.22977571867148192	0.35802263141835555
SIRT2	Day*Allocation*srf14	Day1 Placebo No - Day7 Anakinra Yes	0	-0.11605510498827548	0.1512355994033296	1509.6562876046062	-0.7673795418945549	0.4429758855019089	0.593587686572558
SIRT2	Day*Allocation*srf14	Day1 Placebo No - Day1 Placebo Yes	0	-0.13249069534236207	0.1643099083288271	1499.2917095138775	-0.8063463529978577	0.4201710500463378	0.5989672415554177
SIRT2	Day*Allocation*srf14	Day1 Placebo No - Day4 Placebo Yes	0	8.568175297893818e-4	0.1706156935965176	1517.9150974647557	0.005021915110667581	0.9959937681997353	0.9959937681997353
SIRT2	Day*Allocation*srf14	Day1 Placebo No - Day7 Placebo Yes	0	7.806904377647937e-4	0.17051521980743808	1517.9014678487417	0.0045784208509153795	0.9963475630708483	0.9963475630708483
SIRT2	Day*Allocation*srf14	Day4 Placebo No - Day7 Placebo No	0	-0.15820601930233383	0.11800433890330178	1063.2008563195186	-1.3406796798546126	0.18031085163980953	0.27796413673665704
SIRT2	Day*Allocation*srf14	Day4 Placebo No - Day1 Anakinra Yes	0	-0.07394358001074688	0.1482542965323497	1500.026659854188	-0.4987618014470973	0.6180203300172247	0.6678606792121621
SIRT2	Day*Allocation*srf14	Day4 Placebo No - Day4 Anakinra Yes	0	-0.2356339398993464	0.1514032718454564	1509.2536879498025	-1.55633320883493	0.1198385342395196	0.22303282761243926
SIRT2	Day*Allocation*srf14	Day4 Placebo No - Day7 Anakinra Yes	0	-0.16846929021030577	0.15012372168550295	1504.9116755198079	-1.1222029957612916	0.2619551516222588	0.4387748789672835
SIRT2	Day*Allocation*srf14	Day4 Placebo No - Day1 Placebo Yes	0	-0.18490488056439233	0.16329082479982437	1495.0787769162644	-1.1323654025942014	0.25766241699028264	0.32572418751601767
SIRT2	Day*Allocation*srf14	Day4 Placebo No - Day4 Placebo Yes	0	-0.05155736769224089	0.1696304189614812	1514.545324566802	-0.30393939959523575	0.761215810607905	0.8095469731861846
SIRT2	Day*Allocation*srf14	Day4 Placebo No - Day7 Placebo Yes	0	-0.051633494784265474	0.16953802842746504	1514.63809341471	-0.30455405942364305	0.7607476526055492	0.809049090866219
SIRT2	Day*Allocation*srf14	Day7 Placebo No - Day1 Anakinra Yes	0	0.08426243929158694	0.1494064033617819	1505.4327718132854	0.5639814452098727	0.572850765230998	0.6396833545079478
SIRT2	Day*Allocation*srf14	Day7 Placebo No - Day4 Anakinra Yes	0	-0.07742792059701256	0.1525270467922829	1513.9941577582576	-0.507634037538646	0.6117839555024573	0.6961329557577814
SIRT2	Day*Allocation*srf14	Day7 Placebo No - Day7 Anakinra Yes	0	-0.010263270907971935	0.1512608565195815	1509.9943575111129	-0.06785146629553365	0.945912856980478	0.9846158164782576
SIRT2	Day*Allocation*srf14	Day7 Placebo No - Day1 Placebo Yes	0	-0.026698861262058515	0.16436552866293921	1499.7296054992812	-0.16243589199782446	0.8709844907217686	0.8939818236781785
SIRT2	Day*Allocation*srf14	Day7 Placebo No - Day4 Placebo Yes	0	0.10664865161009293	0.17067385851631786	1518.3353117657541	0.6248681112456154	0.5321515136915235	0.5921266410303735
SIRT2	Day*Allocation*srf14	Day7 Placebo No - Day7 Placebo Yes	0	0.10657252451806834	0.1705732305619686	1518.2779689759668	0.6247904443561028	0.532202483492216	0.7131513278795695
SIRT2	Day*Allocation*srf14	Day1 Anakinra Yes - Day4 Anakinra Yes	0	-0.1616903598885995	0.15237458033838952	1103.9155736749653	-1.0611373598504537	0.28885957836468373	0.4031998281340377
SIRT2	Day*Allocation*srf14	Day1 Anakinra Yes - Day7 Anakinra Yes	0	-0.09452571019955888	0.1512563082460172	1104.7412990625132	-0.6249373087026132	0.5321412571035774	0.584483020097372
SIRT2	Day*Allocation*srf14	Day1 Anakinra Yes - Day1 Placebo Yes	0	-0.11096130055364546	0.17778456864730435	1507.4997701890425	-0.6241334745636705	0.5326343668539821	0.9668895255885167
SIRT2	Day*Allocation*srf14	Day1 Anakinra Yes - Day4 Placebo Yes	0	0.022386212318505988	0.18365109443870384	1522.7356759589031	0.12189533847824525	0.9029979911405903	0.9166797788851447
SIRT2	Day*Allocation*srf14	Day1 Anakinra Yes - Day7 Placebo Yes	0	0.0223100852264814	0.1836544873723761	1522.925496315612	0.1214785739552646	0.9033280104263633	0.9311227184394821
SIRT2	Day*Allocation*srf14	Day4 Anakinra Yes - Day7 Anakinra Yes	0	0.06716464968904062	0.1534406524317554	1077.3953855897382	0.43772395792511976	0.6616741347935419	0.8364559817201378
SIRT2	Day*Allocation*srf14	Day4 Anakinra Yes - Day1 Placebo Yes	0	0.050729059334954044	0.180417371100976	1513.3696044808241	0.28117613634089594	0.7786137443991017	0.8414051753990291
SIRT2	Day*Allocation*srf14	Day4 Anakinra Yes - Day4 Placebo Yes	0	0.1840765722071055	0.18620288671346696	1527.3970393146758	0.9885806576692149	0.32302492922031145	0.5101256249101447
SIRT2	Day*Allocation*srf14	Day4 Anakinra Yes - Day7 Placebo Yes	0	0.1840004451150809	0.18620542168463955	1527.5544686255591	0.9881583653708375	0.3232315869531922	0.597759880574638
SIRT2	Day*Allocation*srf14	Day7 Anakinra Yes - Day1 Placebo Yes	0	-0.01643559035408658	0.17934351316852815	1510.3394421236742	-0.09164307124195868	0.9269937823426952	0.9269937823426952
SIRT2	Day*Allocation*srf14	Day7 Anakinra Yes - Day4 Placebo Yes	0	0.11691192251806487	0.18515651467504732	1524.8882700884	0.6314221388496494	0.5278591807894065	0.6952955804007922
SIRT2	Day*Allocation*srf14	Day7 Anakinra Yes - Day7 Placebo Yes	0	0.11683579542604028	0.18517345252565756	1525.270450140616	0.6309532702040621	0.52816560991474	0.9309787269339678
SIRT2	Day*Allocation*srf14	Day1 Placebo Yes - Day4 Placebo Yes	0	0.13334751287215146	0.1786343598840304	1095.7633995649082	0.7464830000159028	0.45553582118618297	0.5685522675283292
SIRT2	Day*Allocation*srf14	Day1 Placebo Yes - Day7 Placebo Yes	0	0.13327138578012687	0.1786513914757078	1095.4893457543667	0.7459857137370716	0.4558360856065611	0.5176443684006711
SIRT2	Day*Allocation*srf14	Day4 Placebo Yes - Day7 Placebo Yes	0	-7.612709202458809e-5	0.1837857755870629	1093.9929013262488	-4.1421645272283434e-4	0.9996695786137385	0.9996695786137385
DNER	Day*Allocation*srf14	Day1 Anakinra No - Day4 Anakinra No	0	-0.18669615562055358	0.05126725561218877	1030.0958520591553	-3.641625700287469	2.844041884023426e-4	5.60443547734028e-4
DNER	Day*Allocation*srf14	Day1 Anakinra No - Day7 Anakinra No	0	-0.5127677222086328	0.0517028204896192	1033.5235953750564	-9.917596706577841	3.301093630136905e-22	9.61622927039881e-22
DNER	Day*Allocation*srf14	Day1 Anakinra No - Day1 Placebo No	0	-0.03891289474219448	0.10108597617072165	1066.1485037781838	-0.3849484984591279	0.7003523516845649	0.9893930626752736
DNER	Day*Allocation*srf14	Day1 Anakinra No - Day4 Placebo No	0	-0.1813127965017111	0.10015464789769217	1043.0974315479896	-1.810328330312956	0.07053254079596173	0.12436000614024831
DNER	Day*Allocation*srf14	Day1 Anakinra No - Day7 Placebo No	0	-0.5900907028467514	0.10132971351245279	1072.410428561564	-5.823471540499647	7.610688431847255e-9	2.999506617257448e-8
DNER	Day*Allocation*srf14	Day1 Anakinra No - Day1 Anakinra Yes	0	-0.0020715167911102336	0.12153595099230782	1052.7704464448234	-0.017044477573893692	0.9864043624902905	0.9965511967224473
DNER	Day*Allocation*srf14	Day1 Anakinra No - Day4 Anakinra Yes	0	0.22415146183804902	0.12386967603222869	1093.4963416050928	1.8095749421329623	0.07063620876266981	0.1446658686002652
DNER	Day*Allocation*srf14	Day1 Anakinra No - Day7 Anakinra Yes	0	-0.061530818845169095	0.1229653429925091	1076.492120235198	-0.5003915521865171	0.6169016805955717	0.7251300456123387
DNER	Day*Allocation*srf14	Day1 Anakinra No - Day1 Placebo Yes	0	0.10936146776837745	0.1374468598439257	1040.2118169853688	0.7956636324217234	0.4264090952418361	0.5830491710449596
DNER	Day*Allocation*srf14	Day1 Anakinra No - Day4 Placebo Yes	0	0.1382137386926391	0.14184230734311218	1112.1763377341706	0.9744182908580604	0.3300607751326061	0.46070983195592935
DNER	Day*Allocation*srf14	Day1 Anakinra No - Day7 Placebo Yes	0	0.21872867579417088	0.14179146201534393	1111.575426543629	1.5426082267950747	0.1232104817178724	0.20678488432632686
DNER	Day*Allocation*srf14	Day4 Anakinra No - Day7 Anakinra No	0	-0.3260715665880792	0.05186199772545633	1032.4390214609634	-6.287292832686771	4.759839818344646e-10	3.986365847863641e-9
DNER	Day*Allocation*srf14	Day4 Anakinra No - Day1 Placebo No	0	0.1477832608783591	0.10120880817073423	1068.9110070467589	1.4601818117357541	0.14453395225946306	0.23579611835306072
DNER	Day*Allocation*srf14	Day4 Anakinra No - Day4 Placebo No	0	0.0053833591188425026	0.10027863117322666	1045.9414525085156	0.05368401079929981	0.9571971735156447	0.9791167195678598
DNER	Day*Allocation*srf14	Day4 Anakinra No - Day7 Placebo No	0	-0.40339454722619783	0.10145289317559447	1075.1963703745892	-3.976175884190935	7.47132997095227e-5	0.0021926486351545173
DNER	Day*Allocation*srf14	Day4 Anakinra No - Day1 Anakinra Yes	0	0.18462463882944335	0.12165346919251988	1055.1350526609885	1.517627405571722	0.12940789842812783	0.17340658389369132
DNER	Day*Allocation*srf14	Day4 Anakinra No - Day4 Anakinra Yes	0	0.4108476174586026	0.12398494731844777	1095.7349719348376	3.313689494930103	9.508521676242179e-4	0.003033671201467743
DNER	Day*Allocation*srf14	Day4 Anakinra No - Day7 Anakinra Yes	0	0.1251653367753845	0.12308141839179584	1078.7855086087482	1.0169312184634975	0.3094141615236851	0.47115338232015685
DNER	Day*Allocation*srf14	Day4 Anakinra No - Day1 Placebo Yes	0	0.29605762338893105	0.13755215832031725	1042.0948873847133	2.1523299016472186	0.03160047733273083	0.05027947089843295
DNER	Day*Allocation*srf14	Day4 Anakinra No - Day4 Placebo Yes	0	0.32490989431319267	0.14194435177179496	1113.8949503861338	2.2889948790322623	0.022266130397165258	0.04972769122033574
DNER	Day*Allocation*srf14	Day4 Anakinra No - Day7 Placebo Yes	0	0.40542483141472446	0.14189267837258204	1113.2440909955462	2.857263926967107	0.004352632762118341	0.01534875763483836
DNER	Day*Allocation*srf14	Day7 Anakinra No - Day1 Placebo No	0	0.47385482746643826	0.10142224273090705	1074.160735857553	4.672099676632741	3.3591456516387406e-6	8.335657728140578e-6
DNER	Day*Allocation*srf14	Day7 Anakinra No - Day4 Placebo No	0	0.3314549257069217	0.10049323332538843	1051.2826918716905	3.29828103583551	0.001005389059129294	0.005100055325846176
DNER	Day*Allocation*srf14	Day7 Anakinra No - Day7 Placebo No	0	-0.07732298063811863	0.10166665452493855	1080.4466165558645	-0.760553998746477	0.4470894432064443	0.8810291969068167
DNER	Day*Allocation*srf14	Day7 Anakinra No - Day1 Anakinra Yes	0	0.5106962054175225	0.12184736342132507	1058.93988185186	4.1912782605860075	3.005272708895847e-5	5.593146430445049e-5
DNER	Day*Allocation*srf14	Day7 Anakinra No - Day4 Anakinra Yes	0	0.7369191840466818	0.12417490561825237	1099.3243513279986	5.9345258236972045	3.945373310646535e-9	2.4030910164847074e-8
DNER	Day*Allocation*srf14	Day7 Anakinra No - Day7 Anakinra Yes	0	0.45123690336346367	0.12327166452973395	1082.4021986891082	3.6605079122187263	2.638654599666392e-4	9.821658787647126e-4
DNER	Day*Allocation*srf14	Day7 Anakinra No - Day1 Placebo Yes	0	0.6221291899770102	0.13772725038943012	1045.1564822093612	4.517110362821528	6.9825242226714215e-6	1.559430409729951e-5
DNER	Day*Allocation*srf14	Day7 Anakinra No - Day4 Placebo Yes	0	0.6509814609012718	0.14211261344771545	1116.6207478713466	4.5807437152000166	5.153966466497515e-6	2.877631277127779e-5
DNER	Day*Allocation*srf14	Day7 Anakinra No - Day7 Placebo Yes	0	0.7314963980028036	0.14206364385622217	1116.094014965055	5.149075288700369	3.092199544607331e-7	2.9596767069813023e-6
DNER	Day*Allocation*srf14	Day1 Placebo No - Day4 Placebo No	0	-0.1423999017595166	0.08130397819405154	1031.1583041255458	-1.7514506045404683	0.08016561409181333	0.12207036691253394
DNER	Day*Allocation*srf14	Day1 Placebo No - Day7 Placebo No	0	-0.5511778081045569	0.08277783405166858	1038.8404528554513	-6.658519329709939	4.47316534592048e-11	1.7705459435346025e-10
DNER	Day*Allocation*srf14	Day1 Placebo No - Day1 Anakinra Yes	0	0.03684137795108425	0.13822009868572768	1066.9490900418057	0.266541395219597	0.7898737856996783	0.906298421018898
DNER	Day*Allocation*srf14	Day1 Placebo No - Day4 Anakinra Yes	0	0.2630643565802435	0.1402669155247522	1098.3420779771225	1.8754554885312342	0.06099520415058586	0.11676224794540722
DNER	Day*Allocation*srf14	Day1 Placebo No - Day7 Anakinra Yes	0	-0.022617924102974613	0.13947040829196222	1085.2195644873484	-0.16217005729005313	0.8712021272317949	0.969094396577817
DNER	Day*Allocation*srf14	Day1 Placebo No - Day1 Placebo Yes	0	0.14827436251057194	0.15253618352425835	1052.750529387668	0.9720602619311722	0.3312438558278399	0.5220751450616096
DNER	Day*Allocation*srf14	Day1 Placebo No - Day4 Placebo Yes	0	0.17712663343483356	0.15651779516622552	1111.4228738281672	1.1316708956110773	0.25801693162590567	0.42226122809121547
DNER	Day*Allocation*srf14	Day1 Placebo No - Day7 Placebo Yes	0	0.2576415705363653	0.15644577507935742	1110.535332672185	1.6468426226638344	0.09987331507792163	0.18085167865461485
DNER	Day*Allocation*srf14	Day4 Placebo No - Day7 Placebo No	0	-0.4087779063450403	0.08156242620549384	1032.046734720674	-5.0118409341470285	6.340806784084687e-7	1.4161135151122467e-5
DNER	Day*Allocation*srf14	Day4 Placebo No - Day1 Anakinra Yes	0	0.17924127971060086	0.13755583929437065	1054.7229179879248	1.3030437721151409	0.19284421374022362	0.2691783816790621
DNER	Day*Allocation*srf14	Day4 Placebo No - Day4 Anakinra Yes	0	0.4054642583397601	0.13961277228472688	1086.6287516551072	2.9042060529594997	0.0037563724350719425	0.015418039574020841
DNER	Day*Allocation*srf14	Day4 Placebo No - Day7 Anakinra Yes	0	0.11978197765654199	0.13881172954483303	1073.2681811593518	0.8629096262204206	0.38837993454146025	0.5782545692061741
DNER	Day*Allocation*srf14	Day4 Placebo No - Day1 Placebo Yes	0	0.2906742642700885	0.15193238928115194	1042.7182402339276	1.9131816832827777	0.05599843930027655	0.09150964471020802
DNER	Day*Allocation*srf14	Day4 Placebo No - Day4 Placebo Yes	0	0.31952653519435015	0.1559281979919753	1102.070295598737	2.049190199778967	0.040679884716649926	0.07990097780823281
DNER	Day*Allocation*srf14	Day4 Placebo No - Day7 Placebo Yes	0	0.40004147229588194	0.15585848400923133	1101.2641945537257	2.5666968008760302	0.010398470617333441	0.036668291124281084
DNER	Day*Allocation*srf14	Day7 Placebo No - Day1 Anakinra Yes	0	0.5880191860556412	0.13822979537402535	1067.2847596098682	4.253925027267568	2.284839498350348e-5	5.102808212982444e-5
DNER	Day*Allocation*srf14	Day7 Placebo No - Day4 Anakinra Yes	0	0.8142421646848004	0.14027559497523664	1098.628677047507	5.8045889224604	8.436275951778974e-9	1.1304609775383825e-7
DNER	Day*Allocation*srf14	Day7 Placebo No - Day7 Anakinra Yes	0	0.5285598840015823	0.1394791449806978	1085.5120491821774	3.78952626985725	1.5923064091340487e-4	9.698593582907388e-4
DNER	Day*Allocation*srf14	Day7 Placebo No - Day1 Placebo Yes	0	0.6994521706151289	0.1525629476245104	1053.3209518639135	4.584679186565196	5.091781485890115e-6	1.5506789070665352e-5
DNER	Day*Allocation*srf14	Day7 Placebo No - Day4 Placebo Yes	0	0.7283044415393904	0.15654499722575244	1112.005357871769	4.652364843630919	3.675733238762052e-6	2.462741269970575e-5
DNER	Day*Allocation*srf14	Day7 Placebo No - Day7 Placebo Yes	0	0.8088193786409222	0.1564736615501156	1111.1279006500588	5.169044877126956	2.788401646757089e-7	4.262119272324745e-6
DNER	Day*Allocation*srf14	Day1 Anakinra Yes - Day4 Anakinra Yes	0	0.22622297862915924	0.106214337084171	1058.9060751730804	2.1298723396436188	0.03341223620363449	0.06584175957775032
DNER	Day*Allocation*srf14	Day1 Anakinra Yes - Day7 Anakinra Yes	0	-0.05945930205405886	0.10549142992058388	1061.6928739564999	-0.5636410663768711	0.5731174594129149	0.6193366093655693
DNER	Day*Allocation*srf14	Day1 Anakinra Yes - Day1 Placebo Yes	0	0.11143298455948769	0.16452509098350224	1064.509262761826	0.6773008535862876	0.49836225296644665	0.9668895255885167
DNER	Day*Allocation*srf14	Day1 Anakinra Yes - Day4 Placebo Yes	0	0.14028525548374932	0.16823017684891867	1115.1784240557636	0.8338887713928658	0.4045222423977751	0.5420598048130187
DNER	Day*Allocation*srf14	Day1 Anakinra Yes - Day7 Placebo Yes	0	0.2208001925852811	0.16822576915621543	1115.2277882365208	1.312523008173883	0.1896137761737806	0.25408246007286606
DNER	Day*Allocation*srf14	Day4 Anakinra Yes - Day7 Anakinra Yes	0	-0.2856822806832181	0.10631910121199087	1038.5230834380466	-2.687026859958052	0.007324279874509296	0.031936560406967386
DNER	Day*Allocation*srf14	Day4 Anakinra Yes - Day1 Placebo Yes	0	-0.11478999406967155	0.166255987113846	1086.7942782386388	-0.6904412650779762	0.49006415653190594	0.5969872452297763
DNER	Day*Allocation*srf14	Day4 Anakinra Yes - Day4 Placebo Yes	0	-0.08593772314540993	0.16992367555821677	1135.8671366414103	-0.5057430806101366	0.6131351493223827	0.720702719378941
DNER	Day*Allocation*srf14	Day4 Anakinra Yes - Day7 Placebo Yes	0	-0.005422786043878143	0.1699192567954751	1135.912541039781	-0.031913899261019785	0.9745463207307934	0.9893121740751993
DNER	Day*Allocation*srf14	Day7 Anakinra Yes - Day1 Placebo Yes	0	0.17089228661354655	0.16558700993193234	1077.367356645579	1.032039208170949	0.3022853656348211	0.3894830672602503
DNER	Day*Allocation*srf14	Day7 Anakinra Yes - Day4 Placebo Yes	0	0.19974455753780818	0.16926766191601453	1127.0298162163851	1.1800514952283996	0.23822874388336115	0.4488089696038826
DNER	Day*Allocation*srf14	Day7 Anakinra Yes - Day7 Placebo Yes	0	0.28025949463933997	0.16926619513111246	1127.2012993440042	1.6557322294759023	0.09805439897640769	0.7556349850316068
DNER	Day*Allocation*srf14	Day1 Placebo Yes - Day4 Placebo Yes	0	0.02885227092426164	0.12440258999429187	1058.0982564246162	0.23192660961146797	0.8166398625994467	0.8726378419293138
DNER	Day*Allocation*srf14	Day1 Placebo Yes - Day7 Placebo Yes	0	0.10936720802579342	0.12440755227684504	1057.9375797213254	0.8791042507002932	0.37954437880058955	0.4540977389221339
DNER	Day*Allocation*srf14	Day4 Placebo Yes - Day7 Placebo Yes	0	0.08051493710153178	0.1278036013500843	1050.3468952250853	0.6299895797222671	0.5288384225978353	0.694748515961862
EN-RAGE	Day*Allocation*srf14	Day1 Anakinra No - Day4 Anakinra No	0	0.07432600963013647	0.06016688258709463	1038.5567914624162	1.2353309068746545	0.2169867493655493	0.25505460013143516
EN-RAGE	Day*Allocation*srf14	Day1 Anakinra No - Day7 Anakinra No	0	-0.24042133537306007	0.06065439983756609	1043.3115502148535	-3.963790524956377	7.879265523401036e-5	1.1075909595031596e-4
EN-RAGE	Day*Allocation*srf14	Day1 Anakinra No - Day1 Placebo No	0	-0.12801143242714635	0.10440882722807539	1245.8904090908723	-1.226059480081242	0.22040797709609602	0.9893930626752736
EN-RAGE	Day*Allocation*srf14	Day1 Anakinra No - Day4 Placebo No	0	-0.16559552097534966	0.10321850878900814	1222.8092304076752	-1.6043200286282777	0.10890175389361076	0.17372422644933147
EN-RAGE	Day*Allocation*srf14	Day1 Anakinra No - Day7 Placebo No	0	-0.310890297339918	0.10472396728791794	1252.3137853896117	-2.968664245551224	0.0030478527288512413	0.005105153320825829
EN-RAGE	Day*Allocation*srf14	Day1 Anakinra No - Day1 Anakinra Yes	0	-0.3437499985196872	0.1253566636827464	1229.78721143685	-2.7421757122513433	0.0061919127283985515	0.03649690091140628
EN-RAGE	Day*Allocation*srf14	Day1 Anakinra No - Day4 Anakinra Yes	0	-0.7953392946559574	0.12823648592567463	1266.303283080544	-6.202129518091544	7.527840590015188e-10	2.521826597655088e-8
EN-RAGE	Day*Allocation*srf14	Day1 Anakinra No - Day7 Anakinra Yes	0	-0.7629684462545928	0.12710021603629362	1250.3681417533635	-6.002888665718131	2.5361141424478107e-9	3.398392950880066e-8
EN-RAGE	Day*Allocation*srf14	Day1 Anakinra No - Day1 Placebo Yes	0	-0.17602357520773082	0.14159190001173183	1216.5680142900546	-1.2431754584347416	0.2140427104303549	0.3875908540225345
EN-RAGE	Day*Allocation*srf14	Day1 Anakinra No - Day4 Placebo Yes	0	-0.6060593746632643	0.14709741341031773	1284.0703600978013	-4.120122581439994	4.029116213686766e-5	4.4991797719502215e-4
EN-RAGE	Day*Allocation*srf14	Day1 Anakinra No - Day7 Placebo Yes	0	-0.6957525800628863	0.14703792432816454	1283.727132115088	-4.731790000721723	2.4718929862736354e-6	1.6561683008033357e-5
EN-RAGE	Day*Allocation*srf14	Day4 Anakinra No - Day7 Anakinra No	0	-0.31474734500319657	0.06084750639521731	1042.2754615406361	-5.172723808250194	2.7657318407795573e-7	8.824001587249064e-7
EN-RAGE	Day*Allocation*srf14	Day4 Anakinra No - Day1 Placebo No	0	-0.20233744205728282	0.10456241789844085	1248.466425998238	-1.9350876359210503	0.053205170485468044	0.0938091163822726
EN-RAGE	Day*Allocation*srf14	Day4 Anakinra No - Day4 Placebo No	0	-0.23992153060548613	0.1033739494893338	1225.5389836630402	-2.320909008417458	0.020455187018306783	0.5544059391350238
EN-RAGE	Day*Allocation*srf14	Day4 Anakinra No - Day7 Placebo No	0	-0.3852163069700545	0.10487834209619082	1254.9266200699262	-3.6729824220213865	2.498251868440572e-4	0.002734460911951853
EN-RAGE	Day*Allocation*srf14	Day4 Anakinra No - Day1 Anakinra Yes	0	-0.41807600814982365	0.12550631547548946	1232.1614549676688	-3.3311153033687066	8.90618653073638e-4	0.002131123205569062
EN-RAGE	Day*Allocation*srf14	Day4 Anakinra No - Day4 Anakinra Yes	0	-0.8696653042860938	0.1283827416287269	1268.466447202938	-6.774004770836719	1.911936736304503e-11	1.280997613324017e-9
EN-RAGE	Day*Allocation*srf14	Day4 Anakinra No - Day7 Anakinra Yes	0	-0.8372944558847293	0.12724785179553125	1252.6370573477684	-6.580028221066863	6.895555704616275e-11	4.620022322092905e-9
EN-RAGE	Day*Allocation*srf14	Day4 Anakinra No - Day1 Placebo Yes	0	-0.2503495848378673	0.14172620461528956	1218.489133742457	-1.7664311657638176	0.07757388440502695	0.11058404798163417
EN-RAGE	Day*Allocation*srf14	Day4 Anakinra No - Day4 Placebo Yes	0	-0.6803853842934007	0.14722675257957085	1285.7026748499588	-4.621343420080372	4.196015662752273e-6	4.01618642006289e-5
EN-RAGE	Day*Allocation*srf14	Day4 Anakinra No - Day7 Placebo Yes	0	-0.7700785896930228	0.14716541717488382	1285.2638059739675	-5.232741526345833	1.948570730202452e-7	3.263855973089107e-6
EN-RAGE	Day*Allocation*srf14	Day7 Anakinra No - Day1 Placebo No	0	0.11240990294591371	0.10483525096672552	1253.6610693430657	1.072252910250507	0.28381281340058756	0.31692430829732277
EN-RAGE	Day*Allocation*srf14	Day7 Anakinra No - Day4 Placebo No	0	0.07482581439771041	0.10364849551919834	1230.9310033242502	0.7219189629612208	0.4704814130935361	0.5731319032230349
EN-RAGE	Day*Allocation*srf14	Day7 Anakinra No - Day7 Placebo No	0	-0.07046896196685795	0.10515162514397232	1260.0862697267428	-0.6701652197041436	0.502875266853945	0.8866484968214293
EN-RAGE	Day*Allocation*srf14	Day7 Anakinra No - Day1 Anakinra Yes	0	-0.10332866314662711	0.12575150525483	1235.8498089155562	-0.8216892747107563	0.4114122520595399	0.4451096651738758
EN-RAGE	Day*Allocation*srf14	Day7 Anakinra No - Day4 Anakinra Yes	0	-0.5549179592828973	0.12862202253405952	1271.81061975604	-4.314330845916789	1.7248194234642305e-5	6.0822579669528125e-5
EN-RAGE	Day*Allocation*srf14	Day7 Anakinra No - Day7 Anakinra Yes	0	-0.5225471108815327	0.12748728904171974	1256.035068032671	-4.0988173394331975	4.419132346016997e-5	2.1148704798795628e-4
EN-RAGE	Day*Allocation*srf14	Day7 Anakinra No - Day1 Placebo Yes	0	0.06439776016532925	0.1419480263192645	1221.5011433272045	0.4536714023799674	0.6501459397930338	0.670150430248204
EN-RAGE	Day*Allocation*srf14	Day7 Anakinra No - Day4 Placebo Yes	0	-0.3656380392902042	0.14743781395402772	1288.1580091426222	-2.4799475079318056	0.013267219621396015	0.021164374157941264
EN-RAGE	Day*Allocation*srf14	Day7 Anakinra No - Day7 Placebo Yes	0	-0.4553312446898262	0.14738143434695972	1287.91201718219	-3.0894749172945546	0.002048043342869554	0.006534233522488578
EN-RAGE	Day*Allocation*srf14	Day1 Placebo No - Day4 Placebo No	0	-0.037584088548203304	0.09540335596551962	1040.7860433096896	-0.3939493340442534	0.6936991426829302	0.761931845241907
EN-RAGE	Day*Allocation*srf14	Day1 Placebo No - Day7 Placebo No	0	-0.18287886491277167	0.09704851951975924	1051.3391136802836	-1.8844065403340566	0.059785698713653086	0.07854199634930896
EN-RAGE	Day*Allocation*srf14	Day1 Placebo No - Day1 Anakinra Yes	0	-0.21573856609254083	0.14276655689783033	1245.2917318948707	-1.5111281716132743	0.1310095001686416	0.374182851511525
EN-RAGE	Day*Allocation*srf14	Day1 Placebo No - Day4 Anakinra Yes	0	-0.667327862228811	0.14529119970829893	1273.1002404951662	-4.593037042633036	4.8014384678765616e-6	8.04240943369324e-5
EN-RAGE	Day*Allocation*srf14	Day1 Placebo No - Day7 Anakinra Yes	0	-0.6349570138274464	0.1442920735584827	1260.983218320389	-4.40049822674489	1.1712318631974725e-5	6.0363488334023587e-5
EN-RAGE	Day*Allocation*srf14	Day1 Placebo No - Day1 Placebo Yes	0	-0.048012142780584466	0.15733381045743708	1230.360659937374	-0.3051609990312477	0.7602951499093722	0.8609006255483943
EN-RAGE	Day*Allocation*srf14	Day1 Placebo No - Day4 Placebo Yes	0	-0.4780479422361179	0.16231613682469134	1284.8468323471905	-2.9451658448009455	0.003285921760854083	0.013759797373576473
EN-RAGE	Day*Allocation*srf14	Day1 Placebo No - Day7 Placebo Yes	0	-0.5677411476357399	0.16222936898425802	1284.1877789024247	-3.499620020656253	4.818654663673442e-4	0.0016592233290232492
EN-RAGE	Day*Allocation*srf14	Day4 Placebo No - Day7 Placebo No	0	-0.14529477636456836	0.09569672410097807	1042.0804122739871	-1.5182837001949514	0.12924620317554247	0.21648739031903366
EN-RAGE	Day*Allocation*srf14	Day4 Placebo No - Day1 Anakinra Yes	0	-0.17815447754433753	0.14191344699350586	1232.9266606947806	-1.2553741827755767	0.20958083004495884	0.28083831226024486
EN-RAGE	Day*Allocation*srf14	Day4 Placebo No - Day4 Anakinra Yes	0	-0.6297437736806077	0.14445363325496965	1261.6136333956867	-4.359487258925989	1.4097159798640116e-5	1.8890194130177754e-4
EN-RAGE	Day*Allocation*srf14	Day4 Placebo No - Day7 Anakinra Yes	0	-0.5973729252792431	0.14344719519066168	1249.0783300107653	-4.164409938341769	3.335906975986278e-5	3.192939534158295e-4
EN-RAGE	Day*Allocation*srf14	Day4 Placebo No - Day1 Placebo Yes	0	-0.010428054232381162	0.15655884391607117	1220.1168871977943	-0.06660788986134494	0.9469047768584724	0.9547756648095462
EN-RAGE	Day*Allocation*srf14	Day4 Placebo No - Day4 Placebo Yes	0	-0.44046385368791463	0.16156301775659	1275.8326407622787	-2.72626656647077	0.006493226350157832	0.022040587756453366
EN-RAGE	Day*Allocation*srf14	Day4 Placebo No - Day7 Placebo Yes	0	-0.5301570590875366	0.16148024063891755	1275.2881275815707	-3.283107933143407	0.0010545251300118363	0.006423016700981185
EN-RAGE	Day*Allocation*srf14	Day7 Placebo No - Day1 Anakinra Yes	0	-0.032859701179769156	0.14278199602109531	1245.764842990503	-0.23013896776533577	0.8180215689699037	0.8180215689699037
EN-RAGE	Day*Allocation*srf14	Day7 Placebo No - Day4 Anakinra Yes	0	-0.48444899731603935	0.14530480103059953	1273.4886761050245	-3.3340192056972704	8.806224225212918e-4	0.002413923778343918
EN-RAGE	Day*Allocation*srf14	Day7 Placebo No - Day7 Anakinra Yes	0	-0.45207814891467474	0.14430584079288944	1261.389613593918	-3.13277790026189	0.001771470060305938	0.005918857015560266
EN-RAGE	Day*Allocation*srf14	Day7 Placebo No - Day1 Placebo Yes	0	0.1348667221321872	0.15737080139924084	1231.047027798955	0.8569996526232203	0.3916118725565815	0.46853563323733854
EN-RAGE	Day*Allocation*srf14	Day7 Placebo No - Day4 Placebo Yes	0	-0.29516907732334624	0.16235407909757923	1285.5303806895633	-1.818057661156401	0.06928797296778988	0.1132266875327298
EN-RAGE	Day*Allocation*srf14	Day7 Placebo No - Day7 Placebo Yes	0	-0.38486228272296824	0.162268063432754	1284.8638251060554	-2.3717685081171886	0.01784986188756578	0.04783762985867629
EN-RAGE	Day*Allocation*srf14	Day1 Anakinra Yes - Day4 Anakinra Yes	0	-0.4515892961362702	0.1242640920901818	1075.0930403241944	-3.6341093274840786	2.9212978057618205e-4	8.896679681183726e-4
EN-RAGE	Day*Allocation*srf14	Day1 Anakinra Yes - Day7 Anakinra Yes	0	-0.4192184477349056	0.12338628412539497	1077.6260477897906	-3.397609796797693	7.046129283692155e-4	0.0015228731032495945
EN-RAGE	Day*Allocation*srf14	Day1 Anakinra Yes - Day1 Placebo Yes	0	0.16772642331195636	0.16990194621306934	1243.699384035794	0.9871954209495357	0.3237388582385211	0.9668895255885167
EN-RAGE	Day*Allocation*srf14	Day1 Anakinra Yes - Day4 Placebo Yes	0	-0.2623093761435771	0.1745378249187778	1290.3189656523195	-1.5028798271414479	0.13311472747827433	0.26231431591307003
EN-RAGE	Day*Allocation*srf14	Day1 Anakinra Yes - Day7 Placebo Yes	0	-0.3520025815431991	0.17453481330360696	1290.4659071571436	-2.016804412142598	0.04392271273099518	0.08917641675686899
EN-RAGE	Day*Allocation*srf14	Day4 Anakinra Yes - Day7 Anakinra Yes	0	0.03237084840136459	0.12465145109075931	1051.1533697311045	0.2596909070701088	0.7951530600275223	0.8680023420269136
EN-RAGE	Day*Allocation*srf14	Day4 Anakinra Yes - Day1 Placebo Yes	0	0.6193157194482266	0.17203496638187146	1263.4435650778762	3.5999409449908684	3.306137883454926e-4	0.0022151123819148005
EN-RAGE	Day*Allocation*srf14	Day4 Anakinra Yes - Day4 Placebo Yes	0	0.1892799199926931	0.17661555210179974	1307.632189727047	1.0717058477590564	0.284049927076104	0.4757836278524742
EN-RAGE	Day*Allocation*srf14	Day4 Anakinra Yes - Day7 Placebo Yes	0	0.09958671459307111	0.1766123995273146	1307.7635374872605	0.5638715903277741	0.5729382050933527	0.7391651378811923
EN-RAGE	Day*Allocation*srf14	Day7 Anakinra Yes - Day1 Placebo Yes	0	0.586944871046862	0.17119302950685655	1254.5790900073605	3.42855589820235	6.264778102138311e-4	0.002623375830270418
EN-RAGE	Day*Allocation*srf14	Day7 Anakinra Yes - Day4 Placebo Yes	0	0.15690907159132852	0.1757927499829965	1299.7235761519812	0.8925798794688946	0.37224742229354413	0.5597427221078597
EN-RAGE	Day*Allocation*srf14	Day7 Anakinra Yes - Day7 Placebo Yes	0	0.06721586619170652	0.17579540660561127	1300.0670358659045	0.3823528014159219	0.7022621893441259	0.9309787269339678
EN-RAGE	Day*Allocation*srf14	Day1 Placebo Yes - Day4 Placebo Yes	0	-0.43003579945553344	0.14556607149444628	1072.2922523774184	-2.9542309896845738	0.0032029327838328145	0.013412281032299911
EN-RAGE	Day*Allocation*srf14	Day1 Placebo Yes - Day7 Placebo Yes	0	-0.5197290048551555	0.1455744726768345	1072.077016364839	-3.570193285253513	3.725245606250444e-4	8.606601917888956e-4
EN-RAGE	Day*Allocation*srf14	Day4 Placebo Yes - Day7 Placebo Yes	0	-0.089693205399622	0.14965372520655654	1065.3221624360685	-0.5993382742449261	0.5490747639244213	0.6960151283823384
CD40	Day*Allocation*srf14	Day1 Anakinra No - Day4 Anakinra No	0	0.06821005827053599	0.05671892884770369	1034.1312957197351	1.2025977862467607	0.2294072778524255	0.2650049588984915
CD40	Day*Allocation*srf14	Day1 Anakinra No - Day7 Anakinra No	0	-0.23776361390159498	0.05719046075847752	1038.1890843240205	-4.1573998661367755	3.484349089639864e-5	5.0750301957798026e-5
CD40	Day*Allocation*srf14	Day1 Anakinra No - Day1 Placebo No	0	0.19459954847872957	0.1046264957304974	1154.0294877265187	1.8599451995409426	0.0631475591420643	0.9893930626752736
CD40	Day*Allocation*srf14	Day1 Anakinra No - Day4 Placebo No	0	0.1289460478290813	0.10354631542670571	1130.167783851993	1.2452982735088682	0.2132802571359233	0.28579554456213724
CD40	Day*Allocation*srf14	Day1 Anakinra No - Day7 Placebo No	0	-0.07746935712944641	0.10491073997470583	1160.5820562788344	-0.738431138204958	0.4604017921538589	0.5228291538018398
CD40	Day*Allocation*srf14	Day1 Anakinra No - Day1 Anakinra Yes	0	-0.013111146738529905	0.12570802775170667	1139.0228691977427	-0.10429840458897742	0.9169509057048988	0.9751700108290193
CD40	Day*Allocation*srf14	Day1 Anakinra No - Day4 Anakinra Yes	0	-0.08206016159715052	0.12836818542118716	1178.9912977214585	-0.6392562248029292	0.5227804389536518	0.5837714901649111
CD40	Day*Allocation*srf14	Day1 Anakinra No - Day7 Anakinra Yes	0	-0.5282314146883814	0.1273281381267421	1161.948809935461	-4.148583513901548	3.5890864991969684e-5	1.3359377524788715e-4
CD40	Day*Allocation*srf14	Day1 Anakinra No - Day1 Placebo Yes	0	-0.10117056554852798	0.1420766056454281	1125.64468831548	-0.7120846186388572	0.47655993561111687	0.6024436921876383
CD40	Day*Allocation*srf14	Day1 Anakinra No - Day4 Placebo Yes	0	-0.3111250735231917	0.14712355730470766	1197.7784056740684	-2.1147196222208007	0.03465996047306339	0.09288869406780989
CD40	Day*Allocation*srf14	Day1 Anakinra No - Day7 Placebo Yes	0	-0.4259629967714656	0.14706696951790077	1197.2794856382563	-2.8963879392348395	0.0038434791846970297	0.00990435020671927
CD40	Day*Allocation*srf14	Day4 Anakinra No - Day7 Anakinra No	0	-0.30597367217213095	0.05736959515067185	1037.1041228580966	-5.333376876175284	1.183237840144201e-7	3.9638467644830736e-7
CD40	Day*Allocation*srf14	Day4 Anakinra No - Day1 Placebo No	0	0.12638949020819357	0.10476743051726371	1156.7951341458593	1.2063815021918185	0.22791708303810648	0.3289743965539611
CD40	Day*Allocation*srf14	Day4 Anakinra No - Day4 Placebo No	0	0.06073598955854534	0.10368875616615311	1133.0517984563994	0.5857528993907563	0.5581582300959878	0.9152190012754137
CD40	Day*Allocation*srf14	Day4 Anakinra No - Day7 Placebo No	0	-0.1456794153999824	0.105052214864617	1163.3773684389434	-1.386733402886579	0.16578872346273618	0.2709230359025201
CD40	Day*Allocation*srf14	Day4 Anakinra No - Day1 Anakinra Yes	0	-0.0813212050090659	0.12584405249783073	1141.4686937780843	-0.6462061845192699	0.5182757292576556	0.5600721590364988
CD40	Day*Allocation*srf14	Day4 Anakinra No - Day4 Anakinra Yes	0	-0.1502702198676865	0.12850135512794997	1181.2648004179644	-1.169405721193065	0.24247611248066336	0.36101998969343213
CD40	Day*Allocation*srf14	Day4 Anakinra No - Day7 Anakinra Yes	0	-0.5964414729589174	0.12746239022081707	1164.3025203968396	-4.67935264610711	3.215130350062185e-6	2.3934859272685155e-5
CD40	Day*Allocation*srf14	Day4 Anakinra No - Day1 Placebo Yes	0	-0.16938062381906396	0.1421985804275916	1127.6060892189214	-1.1911555186397493	0.23384320497162872	0.2848635406018023
CD40	Day*Allocation*srf14	Day4 Anakinra No - Day4 Placebo Yes	0	-0.37933513179372763	0.14724137879697494	1199.5098376834883	-2.5762807635534113	0.010105692245414466	0.02507708816454701
CD40	Day*Allocation*srf14	Day4 Anakinra No - Day7 Placebo Yes	0	-0.4941730550420016	0.14718351497465393	1198.9394731633804	-3.3575299185313097	8.11097284351974e-4	0.0038816798608273043
CD40	Day*Allocation*srf14	Day7 Anakinra No - Day1 Placebo No	0	0.4323631623803246	0.1050149807446217	1162.199880703264	4.117156993360377	4.106921881902159e-5	8.093051943748372e-5
CD40	Day*Allocation*srf14	Day7 Anakinra No - Day4 Placebo No	0	0.3667096617306763	0.10393777454082158	1138.600947904375	3.5281654177293458	4.35128288292713e-4	0.0026503268468737974
CD40	Day*Allocation*srf14	Day7 Anakinra No - Day7 Placebo No	0	0.16029425677214856	0.10530016577073556	1168.767377070185	1.5222602509586614	0.1282143809539815	0.5359416459991351
CD40	Day*Allocation*srf14	Day7 Anakinra No - Day1 Anakinra Yes	0	0.22465246716306508	0.12606778319381257	1145.3475962596583	1.7819974419451128	0.07501451737446124	0.0930735678534982
CD40	Day*Allocation*srf14	Day7 Anakinra No - Day4 Anakinra Yes	0	0.15570345230444446	0.12872009892457859	1184.8554291972064	1.2096281280491894	0.22666290895368615	0.27118598035530306
CD40	Day*Allocation*srf14	Day7 Anakinra No - Day7 Anakinra Yes	0	-0.2904678007867864	0.12768139407725185	1167.9359177415995	-2.274942272411616	0.023090017820732105	0.04297308872191809
CD40	Day*Allocation*srf14	Day7 Anakinra No - Day1 Placebo Yes	0	0.13659304835306701	0.14240081063037216	1130.7486713646235	0.9592153847186988	0.3376553033780756	0.3900500918332942
CD40	Day*Allocation*srf14	Day7 Anakinra No - Day4 Placebo Yes	0	-0.0733614596215967	0.14743475742619855	1202.1967075515793	-0.49758592140879165	0.6188669254865041	0.6687755485096093
CD40	Day*Allocation*srf14	Day7 Anakinra No - Day7 Placebo Yes	0	-0.18819938286987062	0.1473806617012461	1201.7861961937554	-1.2769611745356912	0.20186261981777923	0.28176657349565015
CD40	Day*Allocation*srf14	Day1 Placebo No - Day4 Placebo No	0	-0.06565350064964824	0.08994409944078974	1035.7100916012505	-0.7299367168923403	0.4655939249741907	0.5671780540594688
CD40	Day*Allocation*srf14	Day1 Placebo No - Day7 Placebo No	0	-0.272068905608176	0.09153759607301533	1044.760327596883	-2.9722094230130223	0.003024410007298432	0.004503010455310999
CD40	Day*Allocation*srf14	Day1 Placebo No - Day1 Anakinra Yes	0	-0.20771069521725946	0.14306505815596704	1154.259477233988	-1.4518618165367596	0.1468117757982897	0.37741315113749124
CD40	Day*Allocation*srf14	Day1 Placebo No - Day4 Anakinra Yes	0	-0.2766597100758801	0.14539765306324895	1184.914709099982	-1.9027797508913797	0.05731149228013183	0.11293735243437744
CD40	Day*Allocation*srf14	Day1 Placebo No - Day7 Anakinra Yes	0	-0.7228309631671109	0.14448233018675363	1171.8421005734162	-5.002902169648017	6.51018553828792e-7	5.452280388316134e-6
CD40	Day*Allocation*srf14	Day1 Placebo No - Day1 Placebo Yes	0	-0.29577011402725756	0.15777262096216182	1139.1783948884197	-1.8746605857437793	0.06109514719607845	0.18051334547087616
CD40	Day*Allocation*srf14	Day1 Placebo No - Day4 Placebo Yes	0	-0.5057246220019213	0.16234226704103188	1197.744552255369	-3.115175309669045	0.0018820227326361717	0.009006823077615965
CD40	Day*Allocation*srf14	Day1 Placebo No - Day7 Placebo Yes	0	-0.6205625452501952	0.16226105001571323	1196.936963141024	-3.82447016822645	1.3780915766591583e-4	7.102471972012586e-4
CD40	Day*Allocation*srf14	Day4 Placebo No - Day7 Placebo No	0	-0.20641540495852773	0.09022573826580033	1036.787023482508	-2.287766317305586	0.022351775707528117	0.05164030939325461
CD40	Day*Allocation*srf14	Day4 Placebo No - Day1 Anakinra Yes	0	-0.14205719456761123	0.1422928295607122	1141.5488708817652	-0.9983440135822134	0.3183241413099994	0.3877766812321811
CD40	Day*Allocation*srf14	Day4 Placebo No - Day4 Anakinra Yes	0	-0.21100620942623183	0.144638380817921	1172.9139686057592	-1.4588535092345816	0.14487316442145734	0.24266255040594106
CD40	Day*Allocation*srf14	Day4 Placebo No - Day7 Anakinra Yes	0	-0.6571774625174627	0.1437171143323677	1159.5086991351698	-4.572715403940269	5.331060502950976e-6	1.190603512325718e-4
CD40	Day*Allocation*srf14	Day4 Placebo No - Day1 Placebo Yes	0	-0.2301166133776093	0.1570708893130183	1128.7056167581086	-1.4650494078442635	0.143185922074233	0.20855340823855678
CD40	Day*Allocation*srf14	Day4 Placebo No - Day4 Placebo Yes	0	-0.440071121352273	0.1616587432214158	1188.240343492172	-2.7222228292937416	0.006579279927299512	0.022040587756453366
CD40	Day*Allocation*srf14	Day4 Placebo No - Day7 Placebo Yes	0	-0.5549090446005469	0.16158065050240175	1187.5318660857338	-3.4342543050493455	6.146807908987129e-4	0.005147951623776721
CD40	Day*Allocation*srf14	Day7 Placebo No - Day1 Anakinra Yes	0	0.0643582103909165	0.1430776162494218	1154.6700186574853	0.44981326973412294	0.6529295169714175	0.7055851231787899
CD40	Day*Allocation*srf14	Day7 Placebo No - Day4 Anakinra Yes	0	-0.004590804467704105	0.14540880089738295	1185.258538491952	-0.03157170982342328	0.9748189198227519	0.98958890345643
CD40	Day*Allocation*srf14	Day7 Placebo No - Day7 Anakinra Yes	0	-0.45076205755893495	0.144493578902389	1172.196886858223	-3.119599230519732	0.0018551641392054565	0.005918857015560266
CD40	Day*Allocation*srf14	Day7 Placebo No - Day1 Placebo Yes	0	-0.023701208419081566	0.15780486761162388	1139.8216690591044	-0.15019313901908904	0.8806388113844743	0.8939818236781785
CD40	Day*Allocation*srf14	Day7 Placebo No - Day4 Placebo Yes	0	-0.23365571639374527	0.16237518166876644	1198.3941903586763	-1.4389866357186651	0.15041543322245582	0.21908334838922913
CD40	Day*Allocation*srf14	Day7 Placebo No - Day7 Placebo Yes	0	-0.3484936396420192	0.16229472977962872	1197.590057093946	-2.147288701951197	0.03197055720442687	0.07650097616773571
CD40	Day*Allocation*srf14	Day1 Anakinra Yes - Day4 Anakinra Yes	0	-0.06894901485862061	0.11733485615401412	1066.787065057475	-0.5876260228087543	0.5569076980336676	0.6324206062416226
CD40	Day*Allocation*srf14	Day1 Anakinra Yes - Day7 Anakinra Yes	0	-0.5151202679498514	0.11652063964889485	1069.516731196414	-4.420849984191939	1.0833859372855004e-5	3.629342889906426e-5
CD40	Day*Allocation*srf14	Day1 Anakinra Yes - Day1 Placebo Yes	0	-0.08805941880999807	0.17027279055474145	1152.0339630860708	-0.5171667095083381	0.6051390644763751	0.9668895255885167
CD40	Day*Allocation*srf14	Day1 Anakinra Yes - Day4 Placebo Yes	0	-0.29801392678466176	0.17452487425355293	1202.424620669903	-1.7075727918972838	0.08797377901310612	0.20324976530614172
CD40	Day*Allocation*srf14	Day1 Anakinra Yes - Day7 Placebo Yes	0	-0.4128518500329357	0.17452088441836092	1202.521342712795	-2.365630058596589	0.01815734633508173	0.039243296917757284
CD40	Day*Allocation*srf14	Day4 Anakinra Yes - Day7 Anakinra Yes	0	-0.44617125309123085	0.11757177224921649	1044.494054789501	-3.7948841337994224	1.5620205155979932e-4	0.0026163843636266386
CD40	Day*Allocation*srf14	Day4 Anakinra Yes - Day1 Placebo Yes	0	-0.01911040395137746	0.17224456503680224	1173.8084096797177	-0.11094924212728732	0.9116755641405823	0.9254888302639244
CD40	Day*Allocation*srf14	Day4 Anakinra Yes - Day4 Placebo Yes	0	-0.22906491192604117	0.17644963390506208	1222.1081317368116	-1.2981886493983235	0.1944674518874438	0.44740482011467014
CD40	Day*Allocation*srf14	Day4 Anakinra Yes - Day7 Placebo Yes	0	-0.3439028351743151	0.17644558506388783	1222.1961693773608	-1.9490588843568624	0.05151691155846278	0.2042961550653374
CD40	Day*Allocation*srf14	Day7 Anakinra Yes - Day1 Placebo Yes	0	0.4270608491398534	0.17147455643850354	1164.3367257689233	2.490520214834389	0.0128941644523063	0.029789966148431796
CD40	Day*Allocation*srf14	Day7 Anakinra Yes - Day4 Placebo Yes	0	0.2171063411651897	0.175695918763655	1213.4336920807634	1.2356937070191125	0.2168116055415773	0.4488089696038826
CD40	Day*Allocation*srf14	Day7 Anakinra Yes - Day7 Placebo Yes	0	0.10226841791691577	0.17569613324088798	1213.6906948943454	0.5820755188544803	0.5606239175404784	0.9309787269339678
CD40	Day*Allocation*srf14	Day1 Placebo Yes - Day4 Placebo Yes	0	-0.2099545079746637	0.13743508506062468	1065.1100145631751	-1.5276630991427669	0.12689310198937154	0.20242471031637843
CD40	Day*Allocation*srf14	Day1 Placebo Yes - Day7 Placebo Yes	0	-0.3247924312229376	0.13744171426213694	1064.9219768473079	-2.3631284938972335	0.018300295590300334	0.03065299511375306
CD40	Day*Allocation*srf14	Day4 Placebo Yes - Day7 Placebo Yes	0	-0.11483792324827392	0.14124515343294666	1057.5425717054661	-0.8130397430081802	0.4163782689455273	0.5944723341984706
IFN-gamma	Day*Allocation*srf14	Day1 Anakinra No - Day4 Anakinra No	0	0.7389737193620374	0.05637505854867401	1040.0424368539252	13.108167661129972	1.9216116835662853e-36	2.145799713315685e-35
IFN-gamma	Day*Allocation*srf14	Day1 Anakinra No - Day7 Anakinra No	0	0.9772297040311013	0.056827723447004506	1045.0314393142032	17.19635496119127	1.4923819594074252e-58	1.6664931880049581e-57
IFN-gamma	Day*Allocation*srf14	Day1 Anakinra No - Day1 Placebo No	0	-0.05516044443068232	0.09605724347504942	1275.1363627261255	-0.57424554812475	0.565902932629526	0.9893930626752736
IFN-gamma	Day*Allocation*srf14	Day1 Anakinra No - Day4 Placebo No	0	0.8351639396152076	0.09493059505531666	1252.6963500832787	8.797626720116442	4.5396850912313725e-18	1.5207945055625097e-16
IFN-gamma	Day*Allocation*srf14	Day1 Anakinra No - Day7 Placebo No	0	0.9387896172880198	0.09635614347385843	1281.413094346093	9.742913979768346	1.094980081813757e-21	2.6646994887326714e-20
IFN-gamma	Day*Allocation*srf14	Day1 Anakinra No - Day1 Anakinra Yes	0	-0.24338357742600925	0.11530232319097541	1258.853192271165	-2.110829779404294	0.03498370914086214	0.10114326194177803
IFN-gamma	Day*Allocation*srf14	Day1 Anakinra No - Day4 Anakinra Yes	0	0.6219477612067063	0.11801281368984336	1293.7051303742703	5.270171448002968	1.595373246725407e-7	1.7815001255100379e-6
IFN-gamma	Day*Allocation*srf14	Day1 Anakinra No - Day7 Anakinra Yes	0	0.6849852790258385	0.11694024639435509	1278.3769307047805	5.857566579053351	5.966681316837651e-9	6.662794137135377e-8
IFN-gamma	Day*Allocation*srf14	Day1 Anakinra No - Day1 Placebo Yes	0	-0.23887711999696543	0.13021056992767188	1245.9464386910945	-1.8345447695195145	0.06681149815175319	0.19462479896380278
IFN-gamma	Day*Allocation*srf14	Day1 Anakinra No - Day4 Placebo Yes	0	0.5134830751453608	0.13540507265438018	1310.9007265455994	3.792199694438481	1.561116705600574e-4	0.0013129386000673908
IFN-gamma	Day*Allocation*srf14	Day1 Anakinra No - Day7 Placebo Yes	0	0.8699506027490841	0.13534967383676738	1310.6152097253473	6.427430359368656	1.8128218472613775e-10	4.048635458883743e-9
IFN-gamma	Day*Allocation*srf14	Day4 Anakinra No - Day7 Anakinra No	0	0.23825598466906395	0.05700953027538013	1044.0223056400716	4.179230797345405	3.169775356753529e-5	6.636717153202701e-5
IFN-gamma	Day*Allocation*srf14	Day4 Anakinra No - Day1 Placebo No	0	-0.7941341637927197	0.09620210530763286	1277.608741102067	-8.254852232737068	3.753376221886891e-16	8.382540228880723e-15
IFN-gamma	Day*Allocation*srf14	Day4 Anakinra No - Day4 Placebo No	0	0.09619022025317028	0.09507726525047842	1255.3314309473292	1.0117057952788167	0.311873702022071	0.9152190012754137
IFN-gamma	Day*Allocation*srf14	Day4 Anakinra No - Day7 Placebo No	0	0.19981589792598245	0.09650181261580963	1283.924714965589	2.0705921734494668	0.038596408214337616	0.09235569108430787
IFN-gamma	Day*Allocation*srf14	Day4 Anakinra No - Day1 Anakinra Yes	0	-0.9823572967880466	0.11544391453890859	1261.1673832115405	-8.509390042010038	4.8924872807727286e-17	6.555932956235456e-16
IFN-gamma	Day*Allocation*srf14	Day4 Anakinra No - Day4 Anakinra Yes	0	-0.11702595815533112	0.11815112145713239	1295.7999511223707	-0.9904769139054723	0.32212598026146694	0.4316488135503657
IFN-gamma	Day*Allocation*srf14	Day4 Anakinra No - Day7 Anakinra Yes	0	-0.05398844033619892	0.11707992181191043	1280.5845133244434	-0.46112467023108933	0.6447874692775832	0.7448406972689323
IFN-gamma	Day*Allocation*srf14	Day4 Anakinra No - Day1 Placebo Yes	0	-0.9778508393590029	0.13033767510063668	1247.8250073090521	-7.502441934797303	1.185769236091803e-13	1.3241089803025132e-12
IFN-gamma	Day*Allocation*srf14	Day4 Anakinra No - Day4 Placebo Yes	0	-0.22549064421667653	0.13552736857070616	1312.4765597944604	-1.6638015376136777	0.09639081629420632	0.14351521537137385
IFN-gamma	Day*Allocation*srf14	Day4 Anakinra No - Day7 Placebo Yes	0	0.13097688338704666	0.1354700692285085	1312.0877968188984	0.9668326305061319	0.33380587923931715	0.45642844712314795
IFN-gamma	Day*Allocation*srf14	Day7 Anakinra No - Day1 Placebo No	0	-1.0323901484617837	0.09646036621250181	1282.648404298612	-10.702739259639884	1.1534962861731694e-25	1.932106279340059e-24
IFN-gamma	Day*Allocation*srf14	Day7 Anakinra No - Day4 Placebo No	0	-0.14206576441589366	0.09533716821324059	1260.5821889356032	-1.490140383634379	0.13643748442866077	0.21808949908474023
IFN-gamma	Day*Allocation*srf14	Day7 Anakinra No - Day7 Placebo No	0	-0.0384400867430815	0.09676049806873739	1288.9226167927552	-0.39727045137545863	0.6912338100250064	0.9538344209491556
IFN-gamma	Day*Allocation*srf14	Day7 Anakinra No - Day1 Anakinra Yes	0	-1.2206132814571107	0.11567556856149691	1264.7325355773721	-10.552040475238233	5.252341525191955e-25	7.03813764375722e-24
IFN-gamma	Day*Allocation*srf14	Day7 Anakinra No - Day4 Anakinra Yes	0	-0.35528194282439507	0.11837707094773998	1299.010756850399	-3.0012733038583264	0.00273983036483313	0.005244818126966277
IFN-gamma	Day*Allocation*srf14	Day7 Anakinra No - Day7 Anakinra Yes	0	-0.2922444250052629	0.1173059691511116	1283.8505718819738	-2.491300546085583	0.012853123962572701	0.028705310183079032
IFN-gamma	Day*Allocation*srf14	Day7 Anakinra No - Day1 Placebo Yes	0	-1.2161068240280668	0.13054730351079116	1250.7440531363538	-9.315449582821465	5.293980545011294e-20	5.06709566451081e-19
IFN-gamma	Day*Allocation*srf14	Day7 Anakinra No - Day4 Placebo Yes	0	-0.4637466288857405	0.13572651687560858	1314.8172072732696	-3.4167724889805995	6.53027413140793e-4	0.0016288505827280447
IFN-gamma	Day*Allocation*srf14	Day7 Anakinra No - Day7 Placebo Yes	0	-0.10727910128201729	0.13567417228194284	1314.6299824395887	-0.7907113010358515	0.4292550974928113	0.5426432364531766
IFN-gamma	Day*Allocation*srf14	Day1 Placebo No - Day4 Placebo No	0	0.89032438404589	0.08938777432057626	1042.5072421062855	9.960247817032236	2.1923272764042424e-22	4.8961975839694746e-21
IFN-gamma	Day*Allocation*srf14	Day1 Placebo No - Day7 Placebo No	0	0.9939500617187021	0.09091458916424643	1053.563101512981	10.932789454979888	1.9850830902499012e-26	4.433352234891446e-25
IFN-gamma	Day*Allocation*srf14	Day1 Placebo No - Day1 Anakinra Yes	0	-0.18822313299532692	0.13134539760138533	1274.230669698348	-1.4330394245450264	0.15209186687630244	0.37741315113749124
IFN-gamma	Day*Allocation*srf14	Day1 Placebo No - Day4 Anakinra Yes	0	0.6771082056373886	0.13372142568394482	1300.6977341303718	5.063573037560616	4.7062917746465263e-7	1.3330185833214305e-5
IFN-gamma	Day*Allocation*srf14	Day1 Placebo No - Day7 Anakinra Yes	0	0.7401457234565207	0.1327785960538531	1289.082760336502	5.574284903240943	3.023804256790003e-8	6.032613623423429e-7
IFN-gamma	Day*Allocation*srf14	Day1 Placebo No - Day1 Placebo Yes	0	-0.1837166755662831	0.14471601250639693	1259.618920773807	-1.2694979110080318	0.20449802927370128	0.40788369254091633
IFN-gamma	Day*Allocation*srf14	Day1 Placebo No - Day4 Placebo Yes	0	0.5686435195760432	0.14941609922247953	1311.9287773219924	3.8057714164344296	1.4787738704807616e-4	0.0019815569864442208
IFN-gamma	Day*Allocation*srf14	Day1 Placebo No - Day7 Placebo Yes	0	0.9251110471797663	0.14933482408799093	1311.3290722272163	6.194878206269378	7.792904457446544e-10	2.0630996120097953e-8
IFN-gamma	Day*Allocation*srf14	Day4 Placebo No - Day7 Placebo No	0	0.10362567767281217	0.08966086831641375	1043.876831735118	1.1557514400498166	0.2480472979930818	0.33916671358237716
IFN-gamma	Day*Allocation*srf14	Day4 Placebo No - Day1 Anakinra Yes	0	-1.0785475170412169	0.13053724800666094	1262.1812165846648	-8.262373640557994	3.5735110759772614e-16	7.980841403015883e-15
IFN-gamma	Day*Allocation*srf14	Day4 Placebo No - Day4 Anakinra Yes	0	-0.2132161784085014	0.13292834698911413	1289.5636991192027	-1.6039933034446165	0.10896039493474487	0.21346879672912875
IFN-gamma	Day*Allocation*srf14	Day4 Placebo No - Day7 Anakinra Yes	0	-0.1501786605893692	0.1319783678766315	1277.5100418011134	-1.1379036050040463	0.2553740954877777	0.4387195999405411
IFN-gamma	Day*Allocation*srf14	Day4 Placebo No - Day1 Placebo Yes	0	-1.074041059612173	0.14398197608287405	1249.6171784751177	-7.459552152513657	1.6191576166070312e-13	2.7120890078167775e-12
IFN-gamma	Day*Allocation*srf14	Day4 Placebo No - Day4 Placebo Yes	0	-0.32168086446984684	0.14870323977719946	1303.217899331039	-2.1632404576512116	0.030704004940704573	0.0642865103446002
IFN-gamma	Day*Allocation*srf14	Day4 Placebo No - Day7 Placebo Yes	0	0.03478666313387638	0.14862591727819505	1302.7366478015656	0.2340551619187883	0.8149789307904012	0.8531810681712012
IFN-gamma	Day*Allocation*srf14	Day7 Placebo No - Day1 Anakinra Yes	0	-1.182173194714029	0.13136052253481337	1274.7182200818856	-8.999455634783484	8.037505833097031e-19	1.3462822270437526e-17
IFN-gamma	Day*Allocation*srf14	Day7 Placebo No - Day4 Anakinra Yes	0	-0.3168418560813136	0.13373472020348337	1301.09554067948	-2.369181732307246	0.017972803457515053	0.035416995048632605
IFN-gamma	Day*Allocation*srf14	Day7 Placebo No - Day7 Anakinra Yes	0	-0.25380433826218135	0.13279206818289105	1289.501030146955	-1.9112914026809438	0.056188641389760305	0.10457330480872057
IFN-gamma	Day*Allocation*srf14	Day7 Placebo No - Day1 Placebo Yes	0	-1.1776667372849852	0.14475148735866453	1260.3096138052044	-8.135783326128928	9.722627827129369e-16	1.628540161044169e-14
IFN-gamma	Day*Allocation*srf14	Day7 Placebo No - Day4 Placebo Yes	0	-0.425306542142659	0.14945254732144203	1312.613347523815	-2.845763085107617	0.004499382130880578	0.012058344110759948
IFN-gamma	Day*Allocation*srf14	Day7 Placebo No - Day7 Placebo Yes	0	-0.06883901453893579	0.149371943012134	1312.0019118770504	-0.46085639077041235	0.6449780217279109	0.7581320606275445
IFN-gamma	Day*Allocation*srf14	Day1 Anakinra Yes - Day4 Anakinra Yes	0	0.8653313386327155	0.11636854118305749	1077.802000852729	7.43612775270145	2.1102768579395467e-13	4.298152020372101e-12
IFN-gamma	Day*Allocation*srf14	Day1 Anakinra Yes - Day7 Anakinra Yes	0	0.9283688564518477	0.11554221472409158	1080.2409813374159	8.034888881684855	2.4379372670155747e-15	2.3334542412863358e-14
IFN-gamma	Day*Allocation*srf14	Day1 Anakinra Yes - Day1 Placebo Yes	0	0.00450645742904382	0.15630655814838212	1272.9361012084635	0.028830891566084073	0.9770039824874479	0.9918070731311971
IFN-gamma	Day*Allocation*srf14	Day1 Anakinra Yes - Day4 Placebo Yes	0	0.7568666525713701	0.16067976308588405	1317.59224070238	4.710404334905706	2.733866949792828e-6	4.579227140902987e-5
IFN-gamma	Day*Allocation*srf14	Day1 Anakinra Yes - Day7 Placebo Yes	0	1.1133341801750933	0.1606773586475388	1317.754045888126	6.9290047430845485	6.611556099440408e-12	1.1074356466562684e-10
IFN-gamma	Day*Allocation*srf14	Day4 Anakinra Yes - Day7 Anakinra Yes	0	0.0630375178191322	0.11677319244173336	1053.4092633384644	0.5398286755805379	0.5894292822505971	0.7898352382158002
IFN-gamma	Day*Allocation*srf14	Day4 Anakinra Yes - Day1 Placebo Yes	0	-0.8608248812036716	0.1583136370048474	1291.716925026844	-5.437465132440321	6.456072198508279e-8	9.791888930544385e-7
IFN-gamma	Day*Allocation*srf14	Day4 Anakinra Yes - Day4 Placebo Yes	0	-0.1084646860613454	0.1626335802724233	1333.8935535015303	-0.6669267557146502	0.5049342642669638	0.6505883789593572
IFN-gamma	Day*Allocation*srf14	Day4 Anakinra Yes - Day7 Placebo Yes	0	0.24800284154237778	0.16263101357735618	1334.0372396710538	1.5249418674035018	0.12751062105688402	0.32858506195427806
IFN-gamma	Day*Allocation*srf14	Day7 Anakinra Yes - Day1 Placebo Yes	0	-0.9238623990228039	0.1575186993314335	1283.192517150393	-5.8650966707064685	5.70382705577765e-9	6.369273545618376e-8
IFN-gamma	Day*Allocation*srf14	Day7 Anakinra Yes - Day4 Placebo Yes	0	-0.1715022038804776	0.16185705997638256	1326.3535784160367	-1.059590504766999	0.2895238524537042	0.5104762661683732
IFN-gamma	Day*Allocation*srf14	Day7 Anakinra Yes - Day7 Placebo Yes	0	0.1849653237232456	0.16186036603835033	1326.721637390434	1.1427462339941878	0.2533501405804356	0.7681379674748076
IFN-gamma	Day*Allocation*srf14	Day1 Placebo Yes - Day4 Placebo Yes	0	0.7523601951423262	0.13632292751002115	1074.5901757695353	5.518955680342325	4.2733816609141744e-8	4.771942854687495e-7
IFN-gamma	Day*Allocation*srf14	Day1 Placebo Yes - Day7 Placebo Yes	0	1.1088277227460495	0.13633123667337388	1074.3666608994386	8.133335762240677	1.1443451782226234e-15	1.916778173522894e-14
IFN-gamma	Day*Allocation*srf14	Day4 Placebo Yes - Day7 Placebo Yes	0	0.3564675276037232	0.14016539096569286	1067.9044492012615	2.54319218993919	0.011124613352168767	0.09316863682441343
FGF-19	Day*Allocation*srf14	Day1 Anakinra No - Day4 Anakinra No	0	0.3880302304625527	0.06679064667129488	1046.6554835681989	5.809649251821354	8.30046102207615e-9	2.0597440314040814e-8
FGF-19	Day*Allocation*srf14	Day1 Anakinra No - Day7 Anakinra No	0	0.2559714426953807	0.06730416963543781	1052.6792745758169	3.8032033391376023	1.510503825357031e-4	1.9462260826715594e-4
FGF-19	Day*Allocation*srf14	Day1 Anakinra No - Day1 Placebo No	0	-0.07844799914613337	0.1060359222804925	1392.0423235099602	-0.7398247448503167	0.45953108845840884	0.9893930626752736
FGF-19	Day*Allocation*srf14	Day1 Anakinra No - Day4 Placebo No	0	0.2672534775052735	0.1046582154443143	1374.3492081361842	2.553583360567347	0.010769250903722393	0.024880683122393114
FGF-19	Day*Allocation*srf14	Day1 Anakinra No - Day7 Placebo No	0	0.026266790851981053	0.10640485154242836	1397.1371458315468	0.24685707908259533	0.8050551006980682	0.8298260268733932
FGF-19	Day*Allocation*srf14	Day1 Anakinra No - Day1 Anakinra Yes	0	-0.02041062010453246	0.12715052586623707	1376.20019320372	-0.1605232850236461	0.872492439286517	0.9428547327773651
FGF-19	Day*Allocation*srf14	Day1 Anakinra No - Day4 Anakinra Yes	0	0.4383160079466646	0.13039047283155294	1401.703615331946	3.361564678984716	7.95887036417698e-4	0.0029624684133325425
FGF-19	Day*Allocation*srf14	Day1 Anakinra No - Day7 Anakinra Yes	0	0.32225195795766726	0.12909322467465004	1390.089746848234	2.4962732069775906	0.01266566368791262	0.027374176357746628
FGF-19	Day*Allocation*srf14	Day1 Anakinra No - Day1 Placebo Yes	0	0.08017152820614631	0.14348548264774633	1366.0916920112477	0.5587431336378861	0.57642860997458	0.6775564362859099
FGF-19	Day*Allocation*srf14	Day1 Anakinra No - Day4 Placebo Yes	0	0.15784518019973043	0.14975756245269634	1415.3652023812167	1.0540047368198098	0.2920606410947178	0.4337390733211162
FGF-19	Day*Allocation*srf14	Day1 Anakinra No - Day7 Placebo Yes	0	0.26604458878084014	0.14969473354622134	1415.3311891729807	1.7772474854547464	0.0757422399989569	0.13715486702513818
FGF-19	Day*Allocation*srf14	Day4 Anakinra No - Day7 Anakinra No	0	-0.132058787767172	0.06752342605660239	1051.8460753269394	-1.9557477379253834	0.05075930783188018	0.07085153384866608
FGF-19	Day*Allocation*srf14	Day4 Anakinra No - Day1 Placebo No	0	-0.46647822960868607	0.10621052050263975	1393.8810546816928	-4.392015286254926	1.2079450997701394e-5	5.058270105287459e-5
FGF-19	Day*Allocation*srf14	Day4 Anakinra No - Day4 Placebo No	0	-0.1207767529572792	0.10483531486770305	1376.363133317823	-1.152061718035506	0.24949577847864357	0.9152190012754137
FGF-19	Day*Allocation*srf14	Day4 Anakinra No - Day7 Placebo No	0	-0.36176343961057167	0.10658082766449682	1399.024947616263	-3.394263748348417	7.073819383676386e-4	0.004308599079148344
FGF-19	Day*Allocation*srf14	Day4 Anakinra No - Day1 Anakinra Yes	0	-0.4084408505670852	0.12732353789486073	1378.0679554790204	-3.2078974345211897	0.0013678413274755823	0.003054845631362134
FGF-19	Day*Allocation*srf14	Day4 Anakinra No - Day4 Anakinra Yes	0	0.05028577748411189	0.13055916057626635	1403.3513024104425	0.3851570220133069	0.7001794501310489	0.7566455348190366
FGF-19	Day*Allocation*srf14	Day4 Anakinra No - Day7 Anakinra Yes	0	-0.06577827250488542	0.12926393740067008	1391.8660094211746	-0.5088679319816576	0.6109254513955729	0.744218277154607
FGF-19	Day*Allocation*srf14	Day4 Anakinra No - Day1 Placebo Yes	0	-0.3078587022564064	0.1436409767579418	1367.6302591070369	-2.14325124490902	0.032268914158695775	0.05027947089843295
FGF-19	Day*Allocation*srf14	Day4 Anakinra No - Day4 Placebo Yes	0	-0.23018505026282227	0.14990667291109006	1416.5879350628954	-1.5355223739729416	0.12487887155961669	0.17801881690413443
FGF-19	Day*Allocation*srf14	Day4 Anakinra No - Day7 Placebo Yes	0	-0.12198564168171257	0.1498405897149039	1416.4253200878006	-0.814102786927161	0.4157229095658682	0.5158043507576513
FGF-19	Day*Allocation*srf14	Day7 Anakinra No - Day1 Placebo No	0	-0.33441944184151406	0.10652650914818636	1397.822774681803	-3.139307243949124	0.0017289106995621187	0.002758024211206237
FGF-19	Day*Allocation*srf14	Day7 Anakinra No - Day4 Placebo No	0	0.011282034809892802	0.10515335325640023	1380.5348298746962	0.10729125092552494	0.9145735145939806	0.9284306890575258
FGF-19	Day*Allocation*srf14	Day7 Anakinra No - Day7 Placebo No	0	-0.22970465184339964	0.10689729711908488	1402.9019653928556	-2.1488349849248842	0.031818168925780654	0.29024415321245195
FGF-19	Day*Allocation*srf14	Day7 Anakinra No - Day1 Anakinra Yes	0	-0.2763820627999132	0.12760459577991648	1380.806095216143	-2.1659256166337277	0.030487560501704362	0.03928204910796524
FGF-19	Day*Allocation*srf14	Day7 Anakinra No - Day4 Anakinra Yes	0	0.1823445652512839	0.1308327659988768	1405.7517256657736	1.3937224659214904	0.16362171354307906	0.2108202847574288
FGF-19	Day*Allocation*srf14	Day7 Anakinra No - Day7 Anakinra Yes	0	0.06628051526228658	0.12953732767423587	1394.3111771435943	0.5116711642297477	0.6089621929709368	0.7198813628797327
FGF-19	Day*Allocation*srf14	Day7 Anakinra No - Day1 Placebo Yes	0	-0.17579991448923438	0.14389552185219648	1369.8941771835755	-1.2217191489100596	0.2220240451779393	0.2754742782763321
FGF-19	Day*Allocation*srf14	Day7 Anakinra No - Day4 Placebo Yes	0	-0.09812626249565025	0.15014696256605084	1418.2724043531275	-0.6535347823135864	0.5135175098497554	0.5640274288513708
FGF-19	Day*Allocation*srf14	Day7 Anakinra No - Day7 Placebo Yes	0	0.010073146085459431	0.15008843975080427	1418.3295523936165	0.06711473649925428	0.9464998215544107	0.9464998215544107
FGF-19	Day*Allocation*srf14	Day1 Placebo No - Day4 Placebo No	0	0.3457014766514069	0.10588319564870206	1050.2525967488452	3.264932405311707	0.0011302614099905912	0.0028047227581248003
FGF-19	Day*Allocation*srf14	Day1 Placebo No - Day7 Placebo No	0	0.10471478999811443	0.10761153883408733	1063.5166323931019	0.9730814291166393	0.33073409747902427	0.38588129395754556
FGF-19	Day*Allocation*srf14	Day1 Placebo No - Day1 Anakinra Yes	0	0.05803737904160092	0.1449756610529412	1389.7895358491476	0.40032498296667346	0.6889786946992283	0.902213345536664
FGF-19	Day*Allocation*srf14	Day1 Placebo No - Day4 Anakinra Yes	0	0.5167640070927979	0.1478150139202796	1408.864708465061	3.4960183907400766	4.869154273925808e-4	0.0027186111362752425
FGF-19	Day*Allocation*srf14	Day1 Placebo No - Day7 Anakinra Yes	0	0.40069995710380063	0.14667622141411557	1400.235492007908	2.7318671918367183	0.0063767784335393525	0.015258719823112022
FGF-19	Day*Allocation*srf14	Day1 Placebo No - Day1 Placebo Yes	0	0.1586195273522797	0.15959884320653905	1378.0376393615325	0.9938638912752518	0.32046361433375214	0.5220751450616096
FGF-19	Day*Allocation*srf14	Day1 Placebo No - Day4 Placebo Yes	0	0.2362931793458638	0.16526985372091893	1417.2342834066783	1.4297415652395846	0.1530116045824184	0.2847715974172787
FGF-19	Day*Allocation*srf14	Day1 Placebo No - Day7 Placebo Yes	0	0.3444925879269735	0.16517497067716327	1416.9159031082056	2.0856222133091156	0.037191412993320704	0.0803814409855641
FGF-19	Day*Allocation*srf14	Day4 Placebo No - Day7 Placebo No	0	-0.24098668665329243	0.10619666382481449	1051.9679870492357	-2.2692491267977304	0.02345499165452393	0.05238281469510345
FGF-19	Day*Allocation*srf14	Day4 Placebo No - Day1 Anakinra Yes	0	-0.28766409760980594	0.14398383236292997	1380.1486629952265	-1.997891658312797	0.04592436034229664	0.07692330357334687
FGF-19	Day*Allocation*srf14	Day4 Placebo No - Day4 Anakinra Yes	0	0.17106253044139108	0.1468432779038389	1400.1479946910927	1.1649326607474146	0.24424468394422694	0.3557476918318088
FGF-19	Day*Allocation*srf14	Day4 Placebo No - Day7 Anakinra Yes	0	0.05499848045239378	0.1456945938676543	1391.0602598976222	0.3774915663813385	0.7058659157831668	0.8077307989713184
FGF-19	Day*Allocation*srf14	Day4 Placebo No - Day1 Placebo Yes	0	-0.1870819492991272	0.15869849654830745	1369.969217436364	-1.1788514281367493	0.2386620414290361	0.3135364073675572
FGF-19	Day*Allocation*srf14	Day4 Placebo No - Day4 Placebo Yes	0	-0.10940829730554305	0.164397630675758	1410.5034459532676	-0.6655101831809815	0.5058330419110428	0.5843243760006874
FGF-19	Day*Allocation*srf14	Day4 Placebo No - Day7 Placebo Yes	0	-0.001208888724433371	0.16430854827187716	1410.3110835487082	-0.007357430499800008	0.994130713312767	0.994130713312767
FGF-19	Day*Allocation*srf14	Day7 Placebo No - Day1 Anakinra Yes	0	-0.04667741095651351	0.1449969617018719	1390.2914435311154	-0.3219199244497749	0.747561753513031	0.7705636536211242
FGF-19	Day*Allocation*srf14	Day7 Placebo No - Day4 Anakinra Yes	0	0.4120492170946835	0.14783357927535687	1409.2645384946836	2.787250495553483	0.005387090138067139	0.011643065782274139
FGF-19	Day*Allocation*srf14	Day7 Placebo No - Day7 Anakinra Yes	0	0.29598516710568623	0.14669514196864844	1400.6658459525192	2.017688950932976	0.04381405362670506	0.08475414545282822
FGF-19	Day*Allocation*srf14	Day7 Placebo No - Day1 Placebo Yes	0	0.05390473735416526	0.15964473797059406	1378.68217634586	0.33765433198364675	0.7356750949318701	0.7823846247688142
FGF-19	Day*Allocation*srf14	Day7 Placebo No - Day4 Placebo Yes	0	0.13157838934774937	0.16531736347404757	1417.8608273380728	0.7959139111748856	0.4262153055087601	0.5086620749436342
FGF-19	Day*Allocation*srf14	Day7 Placebo No - Day7 Placebo Yes	0	0.23977779792885906	0.1652229891488441	1417.5119508407906	1.451237501294998	0.14693499936928348	0.2590696041511051
FGF-19	Day*Allocation*srf14	Day1 Anakinra Yes - Day4 Anakinra Yes	0	0.458726628051197	0.13752872526467536	1089.3741266108566	3.3354968365217754	8.801830919090455e-4	0.002457177798246085
FGF-19	Day*Allocation*srf14	Day1 Anakinra Yes - Day7 Anakinra Yes	0	0.34266257806219974	0.13653373966031823	1091.250918228397	2.5097282101457754	0.01222631389489711	0.020479075773952662
FGF-19	Day*Allocation*srf14	Day1 Anakinra Yes - Day1 Placebo Yes	0	0.10058214831067877	0.17252097592816062	1390.1550396102941	0.5830140234806122	0.5599784200000506	0.9668895255885167
FGF-19	Day*Allocation*srf14	Day1 Anakinra Yes - Day4 Placebo Yes	0	0.1782558003042629	0.17779729070977904	1423.1857585381736	1.0025788334155907	0.3162345410473158	0.4606024836993513
FGF-19	Day*Allocation*srf14	Day1 Anakinra Yes - Day7 Placebo Yes	0	0.28645520888537257	0.17779682000969696	1423.3914773175081	1.6111379768757925	0.10737135921550693	0.1712828825580706
FGF-19	Day*Allocation*srf14	Day4 Anakinra Yes - Day7 Anakinra Yes	0	-0.11606404998899732	0.13821992163516422	1063.527550615219	-0.8397056561452262	0.40126215780864516	0.5974347682928717
FGF-19	Day*Allocation*srf14	Day4 Anakinra Yes - Day1 Placebo Yes	0	-0.3581444797405183	0.17491717895989642	1403.591438734485	-2.0475088946102358	0.04079395181281817	0.09424809556754542
FGF-19	Day*Allocation*srf14	Day4 Anakinra Yes - Day4 Placebo Yes	0	-0.28047082774693416	0.1801244818238735	1434.3560669835001	-1.5570944321781852	0.11966866804293554	0.44740482011467014
FGF-19	Day*Allocation*srf14	Day4 Anakinra Yes - Day7 Placebo Yes	0	-0.17227141916582447	0.18012361874560606	1434.5333823914293	-0.9564066076705272	0.33902799196770517	0.597759880574638
FGF-19	Day*Allocation*srf14	Day7 Anakinra Yes - Day1 Placebo Yes	0	-0.24208042975152094	0.17395474477908357	1397.1753554680747	-1.3916287828708243	0.1642563476611948	0.24455945096222337
FGF-19	Day*Allocation*srf14	Day7 Anakinra Yes - Day4 Placebo Yes	0	-0.16440677775793683	0.17918578074638053	1428.8762793981784	-0.9175213405501081	0.3590243539129865	0.5597427221078597
FGF-19	Day*Allocation*srf14	Day7 Anakinra Yes - Day7 Placebo Yes	0	-0.05620736917682714	0.17919429178787255	1429.3101593208385	-0.31366718557845896	0.7538195950610711	0.9309787269339678
FGF-19	Day*Allocation*srf14	Day1 Placebo Yes - Day4 Placebo Yes	0	0.07767365199358413	0.16115170034119544	1084.17577864756	0.481990893233711	0.6299096977605187	0.7276543060337026
FGF-19	Day*Allocation*srf14	Day1 Placebo Yes - Day7 Placebo Yes	0	0.1858730605746938	0.16116387416261876	1083.9219423584927	1.153317153366162	0.24903448687500893	0.31481718152123767
FGF-19	Day*Allocation*srf14	Day4 Placebo Yes - Day7 Placebo Yes	0	0.10819940858110969	0.16575478921528256	1079.193443190324	0.6527679175566996	0.514044933971624	0.6888202115219761
MCP-2	Day*Allocation*srf14	Day1 Anakinra No - Day4 Anakinra No	0	0.7306364550427886	0.04306876439756778	1024.7424059506604	16.964416445716513	4.4340289686200924e-57	2.970799408975462e-55
MCP-2	Day*Allocation*srf14	Day1 Anakinra No - Day7 Anakinra No	0	1.0010922005292096	0.0434444892910467	1027.3506694255202	23.043019192206746	4.8302054378660166e-95	1.6181188216851156e-93
MCP-2	Day*Allocation*srf14	Day1 Anakinra No - Day1 Placebo No	0	-0.11067040743042281	0.09493812018814703	947.8158485035003	-1.1657109621624882	0.24402458645901484	0.9893930626752736
MCP-2	Day*Allocation*srf14	Day1 Anakinra No - Day4 Placebo No	0	0.6864558115577538	0.09422157340756528	927.8869903993772	7.285548168341632	6.842824420299865e-13	9.16938472320182e-12
MCP-2	Day*Allocation*srf14	Day1 Anakinra No - Day7 Placebo No	0	0.9317446348851579	0.09512431418239968	953.1557251433802	9.795020788255558	1.1931490248056739e-21	2.6646994887326714e-20
MCP-2	Day*Allocation*srf14	Day1 Anakinra No - Day1 Anakinra Yes	0	-0.3453938834495599	0.11424997768039126	937.2464138466933	-3.0231418024061454	0.002569734115930845	0.021521523220920828
MCP-2	Day*Allocation*srf14	Day1 Anakinra No - Day4 Anakinra Yes	0	0.43051157724281947	0.11608999661363824	975.0165755739339	3.7084295787828716	2.2031508945669393e-4	0.0011102661560034065
MCP-2	Day*Allocation*srf14	Day1 Anakinra No - Day7 Anakinra Yes	0	0.7325919971604252	0.11538583198463097	959.6824352356832	6.349063698375067	3.337372537318371e-10	7.453465333344362e-9
MCP-2	Day*Allocation*srf14	Day1 Anakinra No - Day1 Placebo Yes	0	-0.5511668803451707	0.1293230741226825	926.9109798037854	-4.261937663361648	2.2338555835288338e-5	3.7417081024107964e-4
MCP-2	Day*Allocation*srf14	Day1 Anakinra No - Day4 Placebo Yes	0	0.21624410429384525	0.13275406931811978	991.8977161872677	1.628907538613054	0.1036501253327171	0.20548193943389978
MCP-2	Day*Allocation*srf14	Day1 Anakinra No - Day7 Placebo Yes	0	0.7946606961568357	0.13271284419478388	991.2502870774802	5.9878205533030755	2.9705308070784657e-9	4.97563910185643e-8
MCP-2	Day*Allocation*srf14	Day4 Anakinra No - Day7 Anakinra No	0	0.27045574548642093	0.04357475056018014	1026.3400502456675	6.206707829868134	7.840266846616529e-10	5.252978787233074e-9
MCP-2	Day*Allocation*srf14	Day4 Anakinra No - Day1 Placebo No	0	-0.8413068624732114	0.09503406974413821	950.3077195416381	-8.85268688101305	4.11267553553223e-18	1.377746304403297e-16
MCP-2	Day*Allocation*srf14	Day4 Anakinra No - Day4 Placebo No	0	-0.044180643485034796	0.09431824460390133	930.4173688085605	-0.4684209685048287	0.6395932931513231	0.9152190012754137
MCP-2	Day*Allocation*srf14	Day4 Anakinra No - Day7 Placebo No	0	0.2011081798423693	0.0952204305175963	955.6633179970863	2.1120276263107787	0.03494305077548211	0.09235569108430787
MCP-2	Day*Allocation*srf14	Day4 Anakinra No - Day1 Anakinra Yes	0	-1.0760303384923486	0.11434070493884442	939.3011702758005	-9.410737314133822	3.67597777123284e-20	8.209683689086676e-19
MCP-2	Day*Allocation*srf14	Day4 Anakinra No - Day4 Anakinra Yes	0	-0.30012487779996916	0.11617926102235006	977.0059589649971	-2.5832913306466327	0.009930589782801003	0.024642574646209895
MCP-2	Day*Allocation*srf14	Day4 Anakinra No - Day7 Anakinra Yes	0	0.001955542117636641	0.11547558566934685	961.6972587805208	0.016934680229604086	0.9864922384726034	0.9864922384726034
MCP-2	Day*Allocation*srf14	Day4 Anakinra No - Day1 Placebo Yes	0	-1.2818033353879594	0.12940428116411212	928.5356803706272	-9.905416759452962	4.67452059243032e-22	1.565964398464157e-20
MCP-2	Day*Allocation*srf14	Day4 Anakinra No - Day4 Placebo Yes	0	-0.5143923507489434	0.1328331698497831	993.4395265495168	-3.87246913802218	1.1478522739285797e-4	6.991463850292258e-4
MCP-2	Day*Allocation*srf14	Day4 Anakinra No - Day7 Placebo Yes	0	0.064024241114047	0.13279153842063923	992.7657573416269	0.4821409697901051	0.6298120834212325	0.6698001522098822
MCP-2	Day*Allocation*srf14	Day7 Anakinra No - Day1 Placebo No	0	-1.1117626079596323	0.09519831171633793	954.8734246860089	-11.678385760373015	1.5056688052193824e-29	5.043990497484931e-28
MCP-2	Day*Allocation*srf14	Day7 Anakinra No - Day4 Placebo No	0	-0.31463638897145574	0.09448325061700383	935.0172426423197	-3.3300758273745474	9.021814252934298e-4	0.0050371796245549825
MCP-2	Day*Allocation*srf14	Day7 Anakinra No - Day7 Placebo No	0	-0.06934756564405162	0.09538489123144511	960.2406912997243	-0.7270288276136349	0.4673854994140305	0.8866484968214293
MCP-2	Day*Allocation*srf14	Day7 Anakinra No - Day1 Anakinra Yes	0	-1.3464860839787693	0.11449092871657125	942.6553607064179	-11.760635528707008	6.807185511927397e-30	1.385377686755224e-28
MCP-2	Day*Allocation*srf14	Day7 Anakinra No - Day4 Anakinra Yes	0	-0.57058062328639	0.11632691487612463	980.2446087408927	-4.904975120280596	1.0934352221487314e-6	4.309421169645e-6
MCP-2	Day*Allocation*srf14	Day7 Anakinra No - Day7 Anakinra Yes	0	-0.2685002033687843	0.11562349077568002	964.9434099007403	-2.322194232050119	0.02042980880385654	0.0391084911388111
MCP-2	Day*Allocation*srf14	Day7 Anakinra No - Day1 Placebo Yes	0	-1.5522590808743804	0.12953973432356516	931.2139467984011	-11.982879916961524	7.139127304174325e-31	2.3704584313921574e-29
MCP-2	Day*Allocation*srf14	Day7 Anakinra No - Day4 Placebo Yes	0	-0.7848480962353643	0.1329642889804753	995.9385080274961	-5.902698403107414	4.899067171554734e-9	4.10296875617709e-8
MCP-2	Day*Allocation*srf14	Day7 Anakinra No - Day7 Placebo Yes	0	-0.20643150437237393	0.1329242135535593	995.3414415447745	-1.5530015100611918	0.12074066132824743	0.18821671065312573
MCP-2	Day*Allocation*srf14	Day1 Placebo No - Day4 Placebo No	0	0.7971262189881766	0.06830594184150332	1025.251384524988	11.669939649435232	1.235496928061932e-29	4.138914709007472e-28
MCP-2	Day*Allocation*srf14	Day1 Placebo No - Day7 Placebo No	0	1.0424150423155807	0.06957947943346325	1031.138423196494	14.98164474358292	4.681459359199834e-46	1.5682888853319445e-44
MCP-2	Day*Allocation*srf14	Day1 Placebo No - Day1 Anakinra Yes	0	-0.2347234760191371	0.12980318036032246	949.0181001161895	-1.8083029658253744	0.070875796017088	0.2374339166572448
MCP-2	Day*Allocation*srf14	Day1 Placebo No - Day4 Anakinra Yes	0	0.5411819846732423	0.13141750931512647	978.2676725816839	4.118035621688281	4.1438627414156096e-5	3.084875596387176e-4
MCP-2	Day*Allocation*srf14	Day1 Placebo No - Day7 Anakinra Yes	0	0.8432624045908481	0.13079668245893838	966.3663875627066	6.44712380113752	1.7973986143754883e-10	6.021285358157886e-9
MCP-2	Day*Allocation*srf14	Day1 Placebo No - Day1 Placebo Yes	0	-0.4404964729147479	0.14339230082219231	937.2301492929589	-3.0719673956621096	0.002187936114682831	0.016287968853749966
MCP-2	Day*Allocation*srf14	Day1 Placebo No - Day4 Placebo Yes	0	0.32691451172426805	0.14650218871660733	990.4232535488761	2.2314650353562215	0.025873468622761825	0.0722300999052101
MCP-2	Day*Allocation*srf14	Day1 Placebo No - Day7 Placebo Yes	0	0.9053311035872584	0.1464446954822275	989.5382999255955	6.182068258642589	9.237759456760279e-10	2.0630996120097953e-8
MCP-2	Day*Allocation*srf14	Day4 Placebo No - Day7 Placebo No	0	0.24528882332740412	0.06852701482471525	1025.9059989184157	3.5794470830930925	3.6043409835571374e-4	0.0015835586447997005
MCP-2	Day*Allocation*srf14	Day4 Placebo No - Day1 Anakinra Yes	0	-1.0318496950073137	0.1292937218523219	938.5046917605645	-7.980663563741191	4.229113515022238e-15	7.083765137662248e-14
MCP-2	Day*Allocation*srf14	Day4 Placebo No - Day4 Anakinra Yes	0	-0.25594423431493435	0.1309145665021759	968.01552867293	-1.955047793025235	0.0508648945855677	0.10993380442687212
MCP-2	Day*Allocation*srf14	Day4 Placebo No - Day7 Anakinra Yes	0	0.04613618560267144	0.13029090527821122	955.9930258842702	0.354101351158444	0.7233410140041657	0.8077307989713184
MCP-2	Day*Allocation*srf14	Day4 Placebo No - Day1 Placebo Yes	0	-1.2376226919029245	0.14292904567828368	928.6347486135	-8.659000597322018	2.080659108144734e-17	6.97020801228486e-16
MCP-2	Day*Allocation*srf14	Day4 Placebo No - Day4 Placebo Yes	0	-0.4702117072639086	0.14604804852264117	982.1553393144387	-3.2195685736329014	0.0013259399004942937	0.006510220796592226
MCP-2	Day*Allocation*srf14	Day4 Placebo No - Day7 Placebo Yes	0	0.10820488459908179	0.14599193606861832	981.3260540393334	0.7411702831875859	0.45876751830751006	0.5824892227822991
MCP-2	Day*Allocation*srf14	Day7 Placebo No - Day1 Anakinra Yes	0	-1.277138518334718	0.12980950136763375	949.2458073287507	-9.838559619127812	8.134829188491673e-22	2.7251677781447103e-20
MCP-2	Day*Allocation*srf14	Day7 Placebo No - Day4 Anakinra Yes	0	-0.5012330576423385	0.13142324399533942	978.4672727007205	-3.813884381518641	1.4536685435198533e-4	5.126094337675272e-4
MCP-2	Day*Allocation*srf14	Day7 Placebo No - Day7 Anakinra Yes	0	-0.19915263772473268	0.13080243985843323	966.5677123497113	-1.5225452823378103	0.12819958585176985	0.20450886314449002
MCP-2	Day*Allocation*srf14	Day7 Placebo No - Day1 Placebo Yes	0	-1.4829115152303287	0.14341183403289287	937.671345725742	-10.340231161747843	8.323210318918385e-24	2.788275456837659e-22
MCP-2	Day*Allocation*srf14	Day7 Placebo No - Day4 Placebo Yes	0	-0.7155005305913127	0.14652193784318626	990.8782801860732	-4.883231419973918	1.2160349464407149e-6	1.0184292676440988e-5
MCP-2	Day*Allocation*srf14	Day7 Placebo No - Day7 Placebo Yes	0	-0.1370839387283223	0.1464649496704554	990.0062373121548	-0.9359504716777614	0.3495269345165396	0.5446117351769338
MCP-2	Day*Allocation*srf14	Day1 Anakinra Yes - Day4 Anakinra Yes	0	0.7759054606923794	0.08940304864088146	1048.0036637539818	8.678736044103758	1.5075189251785067e-17	5.050188399347997e-16
MCP-2	Day*Allocation*srf14	Day1 Anakinra Yes - Day7 Anakinra Yes	0	1.0779858806099851	0.08881285002838483	1050.660843564339	12.137724217446662	8.040726630706682e-32	2.6936434212867382e-30
MCP-2	Day*Allocation*srf14	Day1 Anakinra Yes - Day1 Placebo Yes	0	-0.20577299689561082	0.1545348316159372	946.7826017153011	-1.331563860030048	0.18332403957916288	0.9448238962926088
MCP-2	Day*Allocation*srf14	Day1 Anakinra Yes - Day4 Placebo Yes	0	0.5616379877434051	0.15742894146995023	992.8646815876857	3.567565039180611	3.7752474837806044e-4	0.002810462015703339
MCP-2	Day*Allocation*srf14	Day1 Anakinra Yes - Day7 Placebo Yes	0	1.1400545796063954	0.1574245877223123	992.8611523847976	7.241909260181037	8.861343252496141e-13	2.9685499895862074e-11
MCP-2	Day*Allocation*srf14	Day4 Anakinra Yes - Day7 Anakinra Yes	0	0.3020804199176058	0.08936495852332048	1030.7926276508797	3.3803005664549777	7.512129452480331e-4	0.005592363036846469
MCP-2	Day*Allocation*srf14	Day4 Anakinra Yes - Day1 Placebo Yes	0	-0.9816784575879902	0.15590058162917544	967.5221805123153	-6.2968235739043426	4.602244456352548e-10	1.027834595252069e-8
MCP-2	Day*Allocation*srf14	Day4 Anakinra Yes - Day4 Placebo Yes	0	-0.21426747294897425	0.15876998437024298	1012.7317036605206	-1.3495464762994127	0.17746309833368765	0.44740482011467014
MCP-2	Day*Allocation*srf14	Day4 Anakinra Yes - Day7 Placebo Yes	0	0.36414911891401613	0.15876564779201968	1012.727603597348	2.2936266376152434	0.02201602961082816	0.16132340732005795
MCP-2	Day*Allocation*srf14	Day7 Anakinra Yes - Day1 Placebo Yes	0	-1.283758877505596	0.15538031497761706	959.059728140539	-8.262043217575693	4.726207836848074e-16	1.5832796253441046e-14
MCP-2	Day*Allocation*srf14	Day7 Anakinra Yes - Day4 Placebo Yes	0	-0.51634789286658	0.15825827295440154	1004.574777230752	-3.2626913160827535	0.0011407775316298954	0.02968965331404972
MCP-2	Day*Allocation*srf14	Day7 Anakinra Yes - Day7 Placebo Yes	0	0.062068698996410356	0.1582555475278953	1004.6442153050734	0.392205518011744	0.6949895547010004	0.9309787269339678
MCP-2	Day*Allocation*srf14	Day1 Placebo Yes - Day4 Placebo Yes	0	0.767410984639016	0.10471030433569732	1048.0737615099156	7.328896516036522	4.627999978584939e-13	1.5503799928259547e-11
MCP-2	Day*Allocation*srf14	Day1 Placebo Yes - Day7 Placebo Yes	0	1.3458275765020062	0.10471338301280693	1047.951509438438	12.852488743844761	3.2615775505234396e-35	2.1852569588507044e-33
MCP-2	Day*Allocation*srf14	Day4 Placebo Yes - Day7 Placebo Yes	0	0.5784165918629903	0.10751111934195501	1040.6740850069086	5.380062968400979	9.19643149442065e-8	3.080804550630918e-6
CASP-8	Day*Allocation*srf14	Day1 Anakinra No - Day4 Anakinra No	0	0.04498071002456159	0.06297607183568726	1039.4990712450242	0.7142508053205048	0.47523245612776366	0.5054059454057169
CASP-8	Day*Allocation*srf14	Day1 Anakinra No - Day7 Anakinra No	0	-0.2659011177831512	0.06348343545691962	1044.4024226386114	-4.188511788458484	3.0448778987126717e-5	4.533484871416645e-5
CASP-8	Day*Allocation*srf14	Day1 Anakinra No - Day1 Placebo No	0	0.01097022831397816	0.10801174781531507	1264.548522022444	0.10156514023581685	0.9191179517567953	0.9893930626752736
CASP-8	Day*Allocation*srf14	Day1 Anakinra No - Day4 Placebo No	0	-0.041710922078147326	0.10675765180274648	1241.8530691486515	-0.3907066273358615	0.6960811129304593	0.7772905761056795
CASP-8	Day*Allocation*srf14	Day1 Anakinra No - Day7 Placebo No	0	-0.17162767373792143	0.10834420801988276	1270.8846442275083	-1.5840964355604983	0.11342056549780637	0.15508526302761277
CASP-8	Day*Allocation*srf14	Day1 Anakinra No - Day1 Anakinra Yes	0	0.06782297624342153	0.12966304389469813	1248.3196047724623	0.5230709861979014	0.6010176838052179	0.7895722512735216
CASP-8	Day*Allocation*srf14	Day1 Anakinra No - Day4 Anakinra Yes	0	-0.08752012054247776	0.13268629967898699	1283.8053459488776	-0.6596017882344939	0.5096277106909194	0.5787297731574848
CASP-8	Day*Allocation*srf14	Day1 Anakinra No - Day7 Anakinra Yes	0	-0.12577207136514093	0.13149122548744052	1268.242949973098	-0.956505431437736	0.33899923048922576	0.45826494779064814
CASP-8	Day*Allocation*srf14	Day1 Anakinra No - Day1 Placebo Yes	0	-0.05486553319701934	0.14643814779054126	1235.2837102678134	-0.37466694317587657	0.7079724893772277	0.7776091276766272
CASP-8	Day*Allocation*srf14	Day1 Anakinra No - Day4 Placebo Yes	0	-0.011269125742994693	0.15222689910601792	1301.2217956041852	-0.07402847860118564	0.9409991028641193	0.9591586856724476
CASP-8	Day*Allocation*srf14	Day1 Anakinra No - Day7 Placebo Yes	0	-0.062166552144284	0.1521648640045281	1300.9150152419975	-0.40854735126260194	0.6829391130691689	0.7687527822124468
CASP-8	Day*Allocation*srf14	Day4 Anakinra No - Day7 Anakinra No	0	-0.3108818278077128	0.06368618123035633	1043.3828488111005	-4.88146442135126	1.2174722683918592e-6	2.9132372136519487e-6
CASP-8	Day*Allocation*srf14	Day4 Anakinra No - Day1 Placebo No	0	-0.03401048171058343	0.1081732034347975	1267.060889734512	-0.314407640992934	0.7532632145785546	0.8273546783075928
CASP-8	Day*Allocation*srf14	Day4 Anakinra No - Day4 Placebo No	0	-0.08669163210270892	0.10692109722696577	1244.5250789854317	-0.8108000605220601	0.4176355207359177	0.9152190012754137
CASP-8	Day*Allocation*srf14	Day4 Anakinra No - Day7 Placebo No	0	-0.216608383762483	0.1085065354395278	1273.435369163681	-1.9962703894753129	0.046117118250114074	0.10196051058212965
CASP-8	Day*Allocation*srf14	Day4 Anakinra No - Day1 Anakinra Yes	0	0.022842266218859937	0.12982067339304024	1250.6577397312478	0.17595245519720532	0.8603597795292884	0.8733955337645807
CASP-8	Day*Allocation*srf14	Day4 Anakinra No - Day4 Anakinra Yes	0	-0.13250083056703937	0.1328403016747133	1285.9268220664808	-0.9974445171879751	0.31873644254694045	0.4316488135503657
CASP-8	Day*Allocation*srf14	Day4 Anakinra No - Day7 Anakinra Yes	0	-0.1707527813897025	0.1316467247016813	1270.4747440979243	-1.2970530165231053	0.19484843972840935	0.31841086492203474
CASP-8	Day*Allocation*srf14	Day4 Anakinra No - Day1 Placebo Yes	0	-0.09984624322158094	0.1465796362896999	1237.1794640087437	-0.6811740412852771	0.49588884639004427	0.5631280120022537
CASP-8	Day*Allocation*srf14	Day4 Anakinra No - Day4 Placebo Yes	0	-0.05624983576755628	0.15236307800148555	1302.8194962240254	-0.3691828526003383	0.7120514271463534	0.7454288377938387
CASP-8	Day*Allocation*srf14	Day4 Anakinra No - Day7 Placebo Yes	0	-0.1071472621688456	0.15229899051015214	1302.4121987815847	-0.7035323202730175	0.4818498206200563	0.566384876869189
CASP-8	Day*Allocation*srf14	Day7 Anakinra No - Day1 Placebo No	0	0.2768713460971293	0.10846066972366346	1272.1618372259397	2.552734984972371	0.010804026952289469	0.01573630012616075
CASP-8	Day*Allocation*srf14	Day7 Anakinra No - Day4 Placebo No	0	0.22419019570500384	0.10721038350614406	1249.8324271000215	2.0911239039841307	0.03671847693443392	0.07687931108147102
CASP-8	Day*Allocation*srf14	Day7 Anakinra No - Day7 Placebo No	0	0.09427344404522976	0.10879447512210311	1278.496998728534	0.8665278631054014	0.3863633423479632	0.8350433528165656
CASP-8	Day*Allocation*srf14	Day7 Anakinra No - Day1 Anakinra Yes	0	0.3337240940265727	0.13007870295614368	1254.2711447416095	2.565555209595598	0.010416470128252354	0.014054454833911937
CASP-8	Day*Allocation*srf14	Day7 Anakinra No - Day4 Anakinra Yes	0	0.1783809972406734	0.13309202567029085	1289.1890300010514	1.3402831337361791	0.18038946511165685	0.2208985435516781
CASP-8	Day*Allocation*srf14	Day7 Anakinra No - Day7 Anakinra Yes	0	0.14012904641801024	0.13189857857833243	1273.7918422540833	1.0623999737403529	0.28825551892191037	0.3941453013830203
CASP-8	Day*Allocation*srf14	Day7 Anakinra No - Day1 Placebo Yes	0	0.21103558458613184	0.1468131117246254	1240.1352049873944	1.437443714032622	0.15084421598605105	0.19068985794463056
CASP-8	Day*Allocation*srf14	Day7 Anakinra No - Day4 Placebo Yes	0	0.25463199204015646	0.15258500652326562	1305.203948345602	1.6687877652076588	0.09539927914463157	0.13316149380604822
CASP-8	Day*Allocation*srf14	Day7 Anakinra No - Day7 Placebo Yes	0	0.20373456563886716	0.15252632620893553	1304.9951898443028	1.335733775950159	0.18186920716063384	0.2592603591438823
CASP-8	Day*Allocation*srf14	Day1 Placebo No - Day4 Placebo No	0	-0.05268115039212549	0.09985557188017209	1041.876805935208	-0.5275734683623214	0.5979077391150189	0.6906865262190736
CASP-8	Day*Allocation*srf14	Day1 Placebo No - Day7 Placebo No	0	-0.18259790205189957	0.10156718489313325	1052.7489500562488	-1.7978041061591403	0.07249450604700977	0.09314378661695989
CASP-8	Day*Allocation*srf14	Day1 Placebo No - Day1 Anakinra Yes	0	0.056852747929443365	0.14769221493103446	1263.7560677997185	0.38494072254242384	0.7003461072491819	0.902213345536664
CASP-8	Day*Allocation*srf14	Day1 Placebo No - Day4 Anakinra Yes	0	-0.09849034885645593	0.1503424819133233	1290.7326966212656	-0.6551065780145787	0.5125158679225924	0.618590330330848
CASP-8	Day*Allocation*srf14	Day1 Placebo No - Day7 Anakinra Yes	0	-0.13674229967911908	0.14929184843807838	1278.9248148763738	-0.9159394910689684	0.3598713021975066	0.4920689234129172
CASP-8	Day*Allocation*srf14	Day1 Placebo No - Day1 Placebo Yes	0	-0.0658357615109975	0.16273957992019036	1249.0122225946773	-0.4045467091858307	0.6858800031808747	0.820606432377118
CASP-8	Day*Allocation*srf14	Day1 Placebo No - Day4 Placebo Yes	0	-0.022239354056972853	0.1679776729782851	1302.159753100154	-0.13239470259745648	0.8946925588015492	0.9366312724953718
CASP-8	Day*Allocation*srf14	Day1 Placebo No - Day7 Placebo Yes	0	-0.07313678045826216	0.16788685834610792	1301.5379547868097	-0.43563136018357496	0.6631764491636447	0.7934432516779321
CASP-8	Day*Allocation*srf14	Day4 Placebo No - Day7 Placebo No	0	-0.1299167516597741	0.1001613781639944	1043.218764233631	-1.297074321871462	0.1948923997232621	0.28460918527248485
CASP-8	Day*Allocation*srf14	Day4 Placebo No - Day1 Anakinra Yes	0	0.10953389832156886	0.14679291985486875	1251.5801346168241	0.7461797096880616	0.45569898977945644	0.5264109019866134
CASP-8	Day*Allocation*srf14	Day4 Placebo No - Day4 Anakinra Yes	0	-0.045809198464330445	0.14945981916044918	1279.4600247018498	-0.3064984202553666	0.7592750514720774	0.839304603419274
CASP-8	Day*Allocation*srf14	Day4 Placebo No - Day7 Anakinra Yes	0	-0.0840611492869936	0.14840131968710588	1267.220325674084	-0.566444755775965	0.5711917799671326	0.7220726275056204
CASP-8	Day*Allocation*srf14	Day4 Placebo No - Day1 Placebo Yes	0	-0.013154611118872013	0.16192272053396028	1238.9127109671035	-0.08124005745143763	0.9352641652158378	0.9547756648095462
CASP-8	Day*Allocation*srf14	Day4 Placebo No - Day4 Placebo Yes	0	0.030441796335152635	0.16718418767750975	1293.3305843041605	0.18208537995156213	0.8555442564317194	0.8784866256312109
CASP-8	Day*Allocation*srf14	Day4 Placebo No - Day7 Placebo Yes	0	-0.020455630066136675	0.16709770131324958	1292.8258918731065	-0.1224171841106871	0.9025876558391484	0.930359583711122
CASP-8	Day*Allocation*srf14	Day7 Placebo No - Day1 Anakinra Yes	0	0.23945064998134294	0.14770884232340326	1264.2387720718386	1.6210989553155812	0.1052457791956462	0.1356051385790057
CASP-8	Day*Allocation*srf14	Day7 Placebo No - Day4 Anakinra Yes	0	0.08410755319544365	0.15035710888270395	1291.1274347601702	0.559385278291413	0.5759958248428962	0.689137861865608
CASP-8	Day*Allocation*srf14	Day7 Placebo No - Day7 Anakinra Yes	0	0.04585560237278048	0.1493066645177029	1279.3390992628033	0.3071236138112476	0.7587992679109539	0.8334352614759658
CASP-8	Day*Allocation*srf14	Day7 Placebo No - Day1 Placebo Yes	0	0.11676214054090207	0.16277887942949848	1249.7019554915432	0.7173052238111345	0.47331983238932007	0.546766013277318
CASP-8	Day*Allocation*srf14	Day7 Placebo No - Day4 Placebo Yes	0	0.16035854799492671	0.16801802591962806	1302.844566771597	0.9544127608762332	0.3400517935404985	0.43615646481370896
CASP-8	Day*Allocation*srf14	Day7 Placebo No - Day7 Placebo Yes	0	0.10946112159363741	0.16792797551719502	1302.2126036513043	0.6518337475129575	0.5146234534205407	0.7036688036566577
CASP-8	Day*Allocation*srf14	Day1 Anakinra Yes - Day4 Anakinra Yes	0	-0.1553430967858993	0.1300204954872723	1076.815852322225	-1.1947585355964578	0.23244446854847073	0.3460839865055009
CASP-8	Day*Allocation*srf14	Day1 Anakinra Yes - Day7 Anakinra Yes	0	-0.19359504760856244	0.12909894370269906	1079.290745228553	-1.4995866120670278	0.13401395896922144	0.18324357654975176
CASP-8	Day*Allocation*srf14	Day1 Anakinra Yes - Day1 Placebo Yes	0	-0.12268850944044087	0.1757612732803583	1262.3481712322805	-0.6980406272133646	0.48528034408494836	0.9668895255885167
CASP-8	Day*Allocation*srf14	Day1 Anakinra Yes - Day4 Placebo Yes	0	-0.07909210198641622	0.18063509129276084	1307.75816355997	-0.4378556869563579	0.6615632066107969	0.7685163904106364
CASP-8	Day*Allocation*srf14	Day1 Anakinra Yes - Day7 Placebo Yes	0	-0.12998952838770553	0.18063223287647845	1307.9146956651964	-0.7196363922301516	0.471877466364092	0.5546629867788451
CASP-8	Day*Allocation*srf14	Day4 Anakinra Yes - Day7 Anakinra Yes	0	-0.03825195082266316	0.13045556081564777	1052.5831867379768	-0.29321824676158187	0.7694131355256699	0.8680023420269136
CASP-8	Day*Allocation*srf14	Day4 Anakinra Yes - Day1 Placebo Yes	0	0.03265458734545843	0.17800016433056381	1281.4952797034966	0.18345256853142927	0.8544719528479326	0.8807633975509459
CASP-8	Day*Allocation*srf14	Day4 Anakinra Yes - Day4 Placebo Yes	0	0.07625099479948308	0.1828150617703933	1324.439363678591	0.41709361395643957	0.6766775306214017	0.7684304161293884
CASP-8	Day*Allocation*srf14	Day4 Anakinra Yes - Day7 Placebo Yes	0	0.02535356839819377	0.18281203479608654	1324.5787040423295	0.13868653902613043	0.8897189366530533	0.9314245118086653
CASP-8	Day*Allocation*srf14	Day7 Anakinra Yes - Day1 Placebo Yes	0	0.07090653816812159	0.17711451154494173	1272.839370386729	0.4003429055564964	0.6889711515117101	0.7664214515742764
CASP-8	Day*Allocation*srf14	Day7 Anakinra Yes - Day4 Placebo Yes	0	0.11450294562214623	0.18194978935945785	1316.759059903096	0.6293106797498708	0.5292548447826926	0.6952955804007922
CASP-8	Day*Allocation*srf14	Day7 Anakinra Yes - Day7 Placebo Yes	0	0.06360551922085693	0.18195314572562163	1317.118458382882	0.3495708687376673	0.7267166595703054	0.9309787269339678
CASP-8	Day*Allocation*srf14	Day1 Placebo Yes - Day4 Placebo Yes	0	0.04359640745402465	0.152313366712416	1073.7561323254638	0.2862283750600783	0.774758425249456	0.8657434274952703
CASP-8	Day*Allocation*srf14	Day1 Placebo Yes - Day7 Placebo Yes	0	-0.007301018947264662	0.15232246973674768	1073.5355899814356	-0.047931332520295244	0.9617798835209533	0.9617798835209533
CASP-8	Day*Allocation*srf14	Day4 Placebo Yes - Day7 Placebo Yes	0	-0.05089742640128931	0.1566008066074622	1066.9618089847272	-0.325013820196147	0.745234328403555	0.8431894494798821
CCL25	Day*Allocation*srf14	Day1 Anakinra No - Day4 Anakinra No	0	0.02949963221354482	0.05051103803344298	1027.4806011536311	0.5840234800562469	0.5593327055749701	0.5678074435382272
CCL25	Day*Allocation*srf14	Day1 Anakinra No - Day7 Anakinra No	0	0.07904842783109707	0.050945902864917555	1030.5051645130384	1.5516150148657297	0.1210614090248225	0.13518524007771845
CCL25	Day*Allocation*srf14	Day1 Anakinra No - Day1 Placebo No	0	-0.03845947131796999	0.1047554742660954	1008.3030547865344	-0.3671356708316444	0.7135948582080681	0.9893930626752736
CCL25	Day*Allocation*srf14	Day1 Anakinra No - Day4 Placebo No	0	0.1813293658018822	0.10387271066100676	986.5114944583227	1.7456882048034608	0.08117645390999696	0.13597056029924492
CCL25	Day*Allocation*srf14	Day1 Anakinra No - Day7 Placebo No	0	0.1383030551989539	0.10498569390526957	1014.1831558261302	1.3173514414616068	0.1880183835419977	0.23768361693044993
CCL25	Day*Allocation*srf14	Day1 Anakinra No - Day1 Anakinra Yes	0	0.08091417155649122	0.12600414178094763	996.2257244620573	0.642154856283667	0.5209203773954918	0.7198153869890745
CCL25	Day*Allocation*srf14	Day1 Anakinra No - Day4 Anakinra Yes	0	0.4714858591149961	0.12824235712453924	1036.0787343663897	3.6765220921284594	2.4856704985150893e-4	0.0011102661560034065
CCL25	Day*Allocation*srf14	Day1 Anakinra No - Day7 Anakinra Yes	0	0.4919029683210091	0.12738023802636037	1019.664556138763	3.861689818943607	1.1970030671687616e-4	3.6454184318321375e-4
CCL25	Day*Allocation*srf14	Day1 Anakinra No - Day1 Placebo Yes	0	0.20815145976821975	0.14256121470147026	984.6182048897779	1.4600847797495164	0.1445857597063795	0.30272643438523206
CCL25	Day*Allocation*srf14	Day1 Anakinra No - Day4 Placebo Yes	0	0.5511552176104891	0.14675633751290057	1054.1154811132715	3.7555803514246193	1.8240081769035126e-4	0.0013129386000673908
CCL25	Day*Allocation*srf14	Day1 Anakinra No - Day7 Placebo Yes	0	0.6894453110770157	0.1467068774330437	1053.4777413144805	4.699475056250687	2.9536982624976493e-6	1.799070759884932e-5
CCL25	Day*Allocation*srf14	Day4 Anakinra No - Day7 Anakinra No	0	0.04954879561755225	0.05110081582108333	1029.4458024188907	0.9696282695570834	0.33245956901790163	0.37517066978484165
CCL25	Day*Allocation*srf14	Day4 Anakinra No - Day1 Placebo No	0	-0.06795910353151481	0.10487275406160634	1010.970115250929	-0.6480148646767967	0.5171224756112811	0.6187001047492113
CCL25	Day*Allocation*srf14	Day4 Anakinra No - Day4 Placebo No	0	0.15182973358833735	0.10399098546799942	989.2375207968963	1.4600278370768884	0.1445999161061596	0.9152190012754137
CCL25	Day*Allocation*srf14	Day4 Anakinra No - Day7 Placebo No	0	0.10880342298540907	0.10510323910628966	1016.8698027551865	1.0352052316425515	0.3008191936097698	0.4173643894437164
CCL25	Day*Allocation*srf14	Day4 Anakinra No - Day1 Anakinra Yes	0	0.0514145393429464	0.12611570761149532	998.4656382936026	0.4076775234162824	0.6835978356591854	0.7270008728438956
CCL25	Day*Allocation*srf14	Day4 Anakinra No - Day4 Anakinra Yes	0	0.44198622690145123	0.12835194453427434	1038.2235180768746	3.4435491297401097	5.97050103802886e-4	0.002105387208147019
CCL25	Day*Allocation*srf14	Day4 Anakinra No - Day7 Anakinra Yes	0	0.4624033361074643	0.12749050956794697	1021.8487037753167	3.6269628043256286	3.0094287802634147e-4	0.0016802644023137397
CCL25	Day*Allocation*srf14	Day4 Anakinra No - Day1 Placebo Yes	0	0.17865182755467496	0.14266112848321147	986.3952108141765	1.252281048482656	0.21076430442659075	0.27027928640233223
CCL25	Day*Allocation*srf14	Day4 Anakinra No - Day4 Placebo Yes	0	0.5216555853969443	0.14685339415137066	1055.7700388601645	3.552220147252725	3.9886019473234994e-4	0.0018964901697150094
CCL25	Day*Allocation*srf14	Day4 Anakinra No - Day7 Placebo Yes	0	0.6599456788634709	0.14680329626079414	1055.094783459695	4.495441830482376	7.710167878029882e-6	6.457265597850026e-5
CCL25	Day*Allocation*srf14	Day7 Anakinra No - Day1 Placebo No	0	-0.11750789914906706	0.10507507095089076	1015.9485535903947	-1.1183232910115004	0.26369330258070267	0.3046112288432255
CCL25	Day*Allocation*srf14	Day7 Anakinra No - Day4 Placebo No	0	0.10228093797078511	0.10419433417595543	994.2766321267916	0.9816362739845419	0.32651786554284923	0.4428332742132572
CCL25	Day*Allocation*srf14	Day7 Anakinra No - Day7 Placebo No	0	0.05925462736785682	0.10530584839656462	1021.8556385674453	0.5626907552628375	0.5737689039762298	0.9152980134858905
CCL25	Day*Allocation*srf14	Day7 Anakinra No - Day1 Anakinra Yes	0	0.0018657437253941506	0.1263001150281692	1002.0974602111065	0.014772304245154697	0.9882167756158655	0.9882167756158655
CCL25	Day*Allocation*srf14	Day7 Anakinra No - Day4 Anakinra Yes	0	0.39243743128389896	0.12853288101522561	1041.690183390849	3.053206527265284	0.002321561804914208	0.004574842380272116
CCL25	Day*Allocation*srf14	Day7 Anakinra No - Day7 Anakinra Yes	0	0.41285454048991205	0.1276717431459979	1025.3323478259815	3.2337189915061773	0.0012608989983130892	0.003968780671160192
CCL25	Day*Allocation*srf14	Day7 Anakinra No - Day1 Placebo Yes	0	0.1291030319371227	0.1428275367119081	989.3059554590309	0.9039085522950062	0.3662639425665716	0.4159268500332254
CCL25	Day*Allocation*srf14	Day7 Anakinra No - Day4 Placebo Yes	0	0.47210678977939213	0.14701386367610964	1058.4245936553696	3.2113079540546177	0.0013611223987606428	0.002941780668289131
CCL25	Day*Allocation*srf14	Day7 Anakinra No - Day7 Placebo Yes	0	0.6103968832459186	0.1469660074668152	1057.8497613963314	4.153320170882003	3.5408978530405336e-5	1.5816010410247717e-4
CCL25	Day*Allocation*srf14	Day1 Placebo No - Day4 Placebo No	0	0.21978883711985217	0.08010719697807726	1028.252769692531	2.7436840310365778	0.00618109049258564	0.012180384205977585
CCL25	Day*Allocation*srf14	Day1 Placebo No - Day7 Placebo No	0	0.17676252651692387	0.0815799117147056	1035.0541265314964	2.166740840993833	0.030482204298163507	0.041679748734223566
CCL25	Day*Allocation*srf14	Day1 Placebo No - Day1 Anakinra Yes	0	0.11937364287446121	0.14323279823774124	1009.3527847408217	0.8334239388126872	0.40480285067485655	0.6457569284575093
CCL25	Day*Allocation*srf14	Day1 Placebo No - Day4 Anakinra Yes	0	0.5099453304329661	0.1451961505399586	1040.1508484831613	3.5121132932007515	4.6364358141992806e-4	0.0027186111362752425
CCL25	Day*Allocation*srf14	Day1 Placebo No - Day7 Anakinra Yes	0	0.5303624396389791	0.14443644789514926	1027.4445265578165	3.671943248175039	2.531105543184538e-4	8.925477441756002e-4
CCL25	Day*Allocation*srf14	Day1 Placebo No - Day1 Placebo Yes	0	0.24661093108618976	0.1581443730456534	996.1812426166439	1.5594037671830263	0.11921845797706013	0.2958383957208529
CCL25	Day*Allocation*srf14	Day1 Placebo No - Day4 Placebo Yes	0	0.5896146889284591	0.16194567182475317	1052.9634280537537	3.6408178266505384	2.8498863879688525e-4	0.0027277483999130444
CCL25	Day*Allocation*srf14	Day1 Placebo No - Day7 Placebo Yes	0	0.7279047823949857	0.1618761615321893	1052.0605404433838	4.496676814579896	7.668671749809137e-6	6.73960604268119e-5
CCL25	Day*Allocation*srf14	Day4 Placebo No - Day7 Placebo No	0	-0.04302631060292829	0.08036415909435075	1029.0245545569223	-0.5353917851913771	0.5924946533153554	0.6704788981382298
CCL25	Day*Allocation*srf14	Day4 Placebo No - Day1 Anakinra Yes	0	-0.10041519424539096	0.14260414233607355	997.8249016560706	-0.704153417989385	0.48150153170174026	0.5376767104002766
CCL25	Day*Allocation*srf14	Day4 Placebo No - Day4 Anakinra Yes	0	0.2901564933131139	0.14457635561747592	1029.0068864875605	2.006942920049928	0.04501692914197432	0.10053780841707598
CCL25	Day*Allocation*srf14	Day4 Placebo No - Day7 Anakinra Yes	0	0.3105736025191269	0.14381273857385157	1016.1228072057996	2.1595694901508278	0.031039401276361275	0.09041912545722633
CCL25	Day*Allocation*srf14	Day4 Placebo No - Day1 Placebo Yes	0	0.026822093966337585	0.15757283759631918	986.7414506504404	0.17022028907705686	0.8648717897064376	0.9054126548489269
CCL25	Day*Allocation*srf14	Day4 Placebo No - Day4 Placebo Yes	0	0.369825851808607	0.16138655465538568	1044.0205629117836	2.291553051605253	0.022129857794237623	0.04942334907379736
CCL25	Day*Allocation*srf14	Day4 Placebo No - Day7 Placebo Yes	0	0.5081159452751335	0.16131899312915168	1043.1866426576141	3.1497589677387636	0.0016805257098509566	0.008661170966154931
CCL25	Day*Allocation*srf14	Day7 Placebo No - Day1 Anakinra Yes	0	-0.05738888364246267	0.1432413007222157	1009.6357460951934	-0.4006448095145094	0.6887664134081319	0.7324976142594419
CCL25	Day*Allocation*srf14	Day7 Placebo No - Day4 Anakinra Yes	0	0.33318280391604216	0.14520380831196633	1040.3955567554297	2.2945872273556915	0.021955218184774628	0.04202856052514001
CCL25	Day*Allocation*srf14	Day7 Placebo No - Day7 Anakinra Yes	0	0.35359991312205524	0.14444414563714858	1027.6927210358535	2.4480044626406468	0.014531358940995238	0.03477146603738146
CCL25	Day*Allocation*srf14	Day7 Placebo No - Day1 Placebo Yes	0	0.06984840456926587	0.15816910396020795	996.691886361365	0.44160586878483093	0.6588702255731591	0.7184185003443172
CCL25	Day*Allocation*srf14	Day7 Placebo No - Day4 Placebo Yes	0	0.4128521624115353	0.16197074137338296	1053.4878375508126	2.548930497637274	0.010946249217431456	0.02291870929899711
CCL25	Day*Allocation*srf14	Day7 Placebo No - Day7 Placebo Yes	0	0.5511422558780618	0.161901875142834	1052.597253900845	3.4041746297986353	6.886581340669166e-4	0.0035492380755756474
CCL25	Day*Allocation*srf14	Day1 Anakinra Yes - Day4 Anakinra Yes	0	0.3905716875585048	0.1047476384695564	1053.6433891739098	3.7286920570721946	2.0272355561512685e-4	6.467846774387381e-4
CCL25	Day*Allocation*srf14	Day1 Anakinra Yes - Day7 Anakinra Yes	0	0.4109887967645179	0.10404477010920203	1056.3977783471705	3.9501149008562115	8.329577758184067e-5	2.536735044537875e-4
CCL25	Day*Allocation*srf14	Day1 Anakinra Yes - Day1 Placebo Yes	0	0.12723728821172853	0.17050642977745753	1006.9509663800989	0.7462316135397167	0.4557016902129364	0.9668895255885167
CCL25	Day*Allocation*srf14	Day1 Anakinra Yes - Day4 Placebo Yes	0	0.47024104605399797	0.17404384350709484	1056.0746479584548	2.7018539500067336	0.007005888717989541	0.029337159006581202
CCL25	Day*Allocation*srf14	Day1 Anakinra Yes - Day7 Placebo Yes	0	0.6085311395205244	0.1740390817928453	1056.09601136646	3.4965200531501592	4.909623039326032e-4	0.0017312881243939165
CCL25	Day*Allocation*srf14	Day4 Anakinra Yes - Day7 Anakinra Yes	0	0.02041710920601307	0.10477928018153665	1034.7168460861192	0.19485826940821843	0.845542156880139	0.8992273731899891
CCL25	Day*Allocation*srf14	Day4 Anakinra Yes - Day1 Placebo Yes	0	-0.26333439934677627	0.1721671174875065	1028.8011827229973	-1.5295278400992305	0.12644103892385156	0.2229355159973172
CCL25	Day*Allocation*srf14	Day4 Anakinra Yes - Day4 Placebo Yes	0	0.07966935849549313	0.17567136841595798	1076.6875168401052	0.453513621564389	0.6502703250171691	0.7511743409681091
CCL25	Day*Allocation*srf14	Day4 Anakinra Yes - Day7 Placebo Yes	0	0.2179594519620196	0.17566661417005253	1076.7069722122128	1.240756264312272	0.21496608116488858	0.45008523243898546
CCL25	Day*Allocation*srf14	Day7 Anakinra Yes - Day1 Placebo Yes	0	-0.28375150855278936	0.17152973729142854	1019.7206131511522	-1.6542409090891124	0.0983863263070343	0.15329962471096042
CCL25	Day*Allocation*srf14	Day7 Anakinra Yes - Day4 Placebo Yes	0	0.05925224928948006	0.17504547991507474	1068.0532172678086	0.3384963114627521	0.7350557359981419	0.8294605188192528
CCL25	Day*Allocation*srf14	Day7 Anakinra Yes - Day7 Placebo Yes	0	0.19754234275600654	0.17504311262425876	1068.1719043934554	1.128535363628067	0.2593472876444301	0.7681379674748076
CCL25	Day*Allocation*srf14	Day1 Placebo Yes - Day4 Placebo Yes	0	0.34300375784226944	0.12268254431054629	1053.3066622056908	2.7958643975790407	0.005270217129358984	0.018446106671266758
CCL25	Day*Allocation*srf14	Day1 Placebo Yes - Day7 Placebo Yes	0	0.4812938513087959	0.12268679808473272	1053.1645701127777	3.922947365342389	9.313961574369039e-5	2.9715972642034555e-4
CCL25	Day*Allocation*srf14	Day4 Placebo Yes - Day7 Placebo Yes	0	0.1382900934665265	0.12600252989854888	1045.6382000084477	1.0975183877488093	0.2726675187074052	0.480755888247267
CX3CL1	Day*Allocation*srf14	Day1 Anakinra No - Day4 Anakinra No	0	0.09925808117107432	0.0489683355259021	1025.7068413169236	2.0269849915272524	0.04292220776539611	0.061186977027266796
CX3CL1	Day*Allocation*srf14	Day1 Anakinra No - Day7 Anakinra No	0	0.15741651435319712	0.049393575419061676	1028.4609747546122	3.186983590834525	0.0014809803539231696	0.001771887209158078
CX3CL1	Day*Allocation*srf14	Day1 Anakinra No - Day1 Placebo No	0	-0.0037553038385221464	0.1055344691847527	969.0684581792423	-0.035583671074783794	0.9716216568288132	0.9893930626752736
CX3CL1	Day*Allocation*srf14	Day1 Anakinra No - Day4 Placebo No	0	0.2261442552474985	0.10470456788250856	948.4252842194329	2.1598317993276113	0.031035695945677257	0.06115857730471695
CX3CL1	Day*Allocation*srf14	Day1 Anakinra No - Day7 Placebo No	0	0.20006331873862532	0.10575039325416909	974.6134587633837	1.89184467860821	0.05880791136662121	0.0820860429492421
CX3CL1	Day*Allocation*srf14	Day1 Anakinra No - Day1 Anakinra Yes	0	-0.16891645091188076	0.126980285757036	957.954261709864	-1.3302572907662644	0.18375011181578602	0.34197937476826845
CX3CL1	Day*Allocation*srf14	Day1 Anakinra No - Day4 Anakinra Yes	0	-0.13325006122759359	0.129101776948418	996.5926565125684	-1.032131891421084	0.3022607405559033	0.3990226402084669
CX3CL1	Day*Allocation*srf14	Day1 Anakinra No - Day7 Anakinra Yes	0	-0.2571399420904634	0.12828802429454894	980.8261054436023	-2.004395527208922	0.045302226006871296	0.07987497743316781
CX3CL1	Day*Allocation*srf14	Day1 Anakinra No - Day1 Placebo Yes	0	-0.32748824848545066	0.14370891756977905	947.1433341838302	-2.278830388701773	0.022898991853418305	0.08074907653573823
CX3CL1	Day*Allocation*srf14	Day1 Anakinra No - Day4 Placebo Yes	0	-0.41939228669215756	0.14767200068263836	1013.9358314392043	-2.840025764894137	0.00460119817651758	0.015414013891333893
CX3CL1	Day*Allocation*srf14	Day1 Anakinra No - Day7 Placebo Yes	0	-0.2434029918046833	0.14762469389688448	1013.2883043797716	-1.6487959119813638	0.09949942677117907	0.17543319983339467
CX3CL1	Day*Allocation*srf14	Day4 Anakinra No - Day7 Anakinra No	0	0.0581584331821228	0.04954242662490727	1027.4305144457394	1.1739116782156944	0.2407024425908628	0.2879832795283537
CX3CL1	Day*Allocation*srf14	Day4 Anakinra No - Day1 Placebo No	0	-0.10301338500959646	0.10564528692530144	971.630444507836	-0.975087370271748	0.3297596183973295	0.4418778886524215
CX3CL1	Day*Allocation*srf14	Day4 Anakinra No - Day4 Placebo No	0	0.1268861740764242	0.10481625710162577	951.0325344177768	1.2105581479922554	0.22636555603241068	0.9152190012754137
CX3CL1	Day*Allocation*srf14	Day4 Anakinra No - Day7 Placebo No	0	0.100805237567551	0.10586142320715465	977.1925067627997	0.9522376944648716	0.3412119170263038	0.43963843155312227
CX3CL1	Day*Allocation*srf14	Day4 Anakinra No - Day1 Anakinra Yes	0	-0.26817453208295505	0.12708529450494765	960.0801552028432	-2.110193261365221	0.0350998986037891	0.05599269539175881
CX3CL1	Day*Allocation*srf14	Day4 Anakinra No - Day4 Anakinra Yes	0	-0.2325081423986679	0.12920503104852013	998.6431429813553	-1.7995285517276378	0.0722368782918804	0.13935446192679032
CX3CL1	Day*Allocation*srf14	Day4 Anakinra No - Day7 Anakinra Yes	0	-0.3563980232615378	0.12839187200986663	982.9066276221074	-2.775861257277637	0.005610108115710172	0.01789891636917055
CX3CL1	Day*Allocation*srf14	Day4 Anakinra No - Day1 Placebo Yes	0	-0.426746329656525	0.1438029258097642	948.8261244614481	-2.9675775180058888	0.0030769232993429333	0.006871795368532552
CX3CL1	Day*Allocation*srf14	Day4 Anakinra No - Day4 Placebo Yes	0	-0.5186503678632318	0.1477634796831879	1015.5224952027652	-3.510003750420899	4.6776562932649026e-4	0.0018964901697150094
CX3CL1	Day*Allocation*srf14	Day4 Anakinra No - Day7 Placebo Yes	0	-0.34266107297575765	0.14771565869296993	1014.844927473305	-2.319734251654294	0.020552939826920268	0.04748437822081579
CX3CL1	Day*Allocation*srf14	Day7 Anakinra No - Day1 Placebo No	0	-0.16117181819171927	0.10583550196338914	976.3554018875815	-1.5228521167450237	0.12811951231010707	0.15896309860698468
CX3CL1	Day*Allocation*srf14	Day7 Anakinra No - Day4 Placebo No	0	0.0687277408943014	0.1050073883539249	955.8002188144274	0.6545038589347275	0.5129446998431737	0.5925395670602179
CX3CL1	Day*Allocation*srf14	Day7 Anakinra No - Day7 Placebo No	0	0.04264680438542819	0.10605189969012092	981.9279711676728	0.4021314517706926	0.6876748030534103	0.9538344209491556
CX3CL1	Day*Allocation*srf14	Day7 Anakinra No - Day1 Anakinra Yes	0	-0.3263329652650779	0.12725906215969499	963.5426860906853	-2.564320054909479	0.010488399129785027	0.014054454833911937
CX3CL1	Day*Allocation*srf14	Day7 Anakinra No - Day4 Anakinra Yes	0	-0.2906665755807907	0.1293757175481605	1001.9732850197628	-2.2466857080239127	0.024877195785368487	0.04032668924000953
CX3CL1	Day*Allocation*srf14	Day7 Anakinra No - Day7 Anakinra Yes	0	-0.41455645644366057	0.12856284683932034	986.2473803176472	-3.224543222520415	0.0013031817129182722	0.003968780671160192
CX3CL1	Day*Allocation*srf14	Day7 Anakinra No - Day1 Placebo Yes	0	-0.4849047628386478	0.14395965295387972	951.5943605370388	-3.368337953648697	7.865616772136306e-4	0.00135127262495675
CX3CL1	Day*Allocation*srf14	Day7 Anakinra No - Day4 Placebo Yes	0	-0.5768088010453547	0.1479149843733021	1018.0854820209033	-3.8995968088643878	1.0266782787537628e-4	3.126702030750096e-4
CX3CL1	Day*Allocation*srf14	Day7 Anakinra No - Day7 Placebo Yes	0	-0.4008195061578804	0.14786907180674852	1017.4927669190595	-2.7106378721421556	0.006828402553786573	0.018300118844148016
CX3CL1	Day*Allocation*srf14	Day1 Placebo No - Day4 Placebo No	0	0.22989955908602067	0.0776618948503761	1026.3035949883954	2.9602620375017454	0.003144440976097354	0.006779387483771763
CX3CL1	Day*Allocation*srf14	Day1 Placebo No - Day7 Placebo No	0	0.20381862257714745	0.07910282543557413	1032.5116015540464	2.576628855604519	0.010114828234471247	0.014118614410616116
CX3CL1	Day*Allocation*srf14	Day1 Placebo No - Day1 Anakinra Yes	0	-0.1651611470733586	0.14429361730401666	970.2296130016542	-1.1446185226985854	0.2526495032651863	0.5460489264118542
CX3CL1	Day*Allocation*srf14	Day1 Placebo No - Day4 Anakinra Yes	0	-0.12949475738907143	0.14615478187777942	1000.131403943575	-0.8860110885551471	0.37582453304402963	0.5121878144885252
CX3CL1	Day*Allocation*srf14	Day1 Placebo No - Day7 Anakinra Yes	0	-0.2533846382519413	0.14543746359451298	987.9049299098227	-1.7422239909133077	0.08178045652758945	0.1480889347932025
CX3CL1	Day*Allocation*srf14	Day1 Placebo No - Day1 Placebo Yes	0	-0.32373294464692853	0.1593697153126439	957.923126805831	-2.031332891646601	0.04249689300888675	0.13953392170852363
CX3CL1	Day*Allocation*srf14	Day1 Placebo No - Day4 Placebo Yes	0	-0.4156369828536354	0.16296149371544963	1012.5620436305176	-2.55052266260757	0.010902384830306242	0.034783799220500865
CX3CL1	Day*Allocation*srf14	Day1 Placebo No - Day7 Placebo Yes	0	-0.23964768796616115	0.16289534384978477	1011.6667271292292	-1.4711758009925326	0.14155454849369373	0.24318345510455075
CX3CL1	Day*Allocation*srf14	Day4 Placebo No - Day7 Placebo No	0	-0.026080936508873206	0.0779124747059446	1026.9988855928952	-0.3347466064620236	0.7378845945366146	0.7847344100627488
CX3CL1	Day*Allocation*srf14	Day4 Placebo No - Day1 Anakinra Yes	0	-0.39506070615937927	0.14370322659198956	959.3286633914655	-2.749142907424468	0.006087385249321426	0.01406395902429433
CX3CL1	Day*Allocation*srf14	Day4 Placebo No - Day4 Anakinra Yes	0	-0.3593943164750921	0.1455722218636984	989.5328780477944	-2.4688385728672797	0.013723250187245009	0.03997642445849633
CX3CL1	Day*Allocation*srf14	Day4 Placebo No - Day7 Anakinra Yes	0	-0.48328419733796196	0.14485147869858844	977.1662910819856	-3.3364119005204986	8.806466363233834e-4	0.004985919043205858
CX3CL1	Day*Allocation*srf14	Day4 Placebo No - Day1 Placebo Yes	0	-0.5536325037329493	0.15883290304392658	949.00650913571	-3.485628563874058	5.134591780980302e-4	0.001376070597302721
CX3CL1	Day*Allocation*srf14	Day4 Placebo No - Day4 Placebo Yes	0	-0.645536541939656	0.16243564338261218	1004.0292518765481	-3.974106473781216	7.569846938684666e-5	7.245424927026751e-4
CX3CL1	Day*Allocation*srf14	Day4 Placebo No - Day7 Placebo Yes	0	-0.4695472470521818	0.16237117470317716	1003.1942811542222	-2.89181406681659	0.003912942658497456	0.01747781054128864
CX3CL1	Day*Allocation*srf14	Day7 Placebo No - Day1 Anakinra Yes	0	-0.36897976965050605	0.1443011744244495	970.476613203136	-2.5570115497825663	0.010708706993531355	0.015944074857035574
CX3CL1	Day*Allocation*srf14	Day7 Placebo No - Day4 Anakinra Yes	0	-0.3333133799662189	0.1461616197232042	1000.3468873168595	-2.280443940053731	0.022791026731624024	0.04241663308385583
CX3CL1	Day*Allocation*srf14	Day7 Placebo No - Day7 Anakinra Yes	0	-0.45720326082908874	0.1454443314141677	988.1226750877793	-3.1434931590916073	0.0017192215417889077	0.005918857015560266
CX3CL1	Day*Allocation*srf14	Day7 Placebo No - Day1 Placebo Yes	0	-0.527551567224076	0.15939255919248457	958.3893764511573	-3.309762826425277	9.685612939249383e-4	0.0018541030483705961
CX3CL1	Day*Allocation*srf14	Day7 Placebo No - Day4 Placebo Yes	0	-0.6194556054307828	0.16298461087744018	1013.0422904168553	-3.8006999685178617	1.5289393017127212e-4	5.691051845264018e-4
CX3CL1	Day*Allocation*srf14	Day7 Placebo No - Day7 Placebo Yes	0	-0.44346631054330865	0.16291905507527854	1012.1598602595328	-2.722003944464324	0.006600180602379603	0.02327432107154913
CX3CL1	Day*Allocation*srf14	Day1 Anakinra Yes - Day4 Anakinra Yes	0	0.035666389684287175	0.10161396759741839	1050.0051119502416	0.3509988885149419	0.7256595934803483	0.7596748869247396
CX3CL1	Day*Allocation*srf14	Day1 Anakinra Yes - Day7 Anakinra Yes	0	-0.08822349117858269	0.10093917815414054	1052.7041588878124	-0.8740262482012665	0.3823033023816482	0.44162622861328327
CX3CL1	Day*Allocation*srf14	Day1 Anakinra Yes - Day1 Placebo Yes	0	-0.15857179757356993	0.17178005233126056	967.9224167936504	-0.9231094962515214	0.35618019549737934	0.9668895255885167
CX3CL1	Day*Allocation*srf14	Day1 Anakinra Yes - Day4 Placebo Yes	0	-0.25047583578027677	0.17512257125457856	1015.236566531627	-1.4302887057097622	0.15294185908081095	0.27789908526870327
CX3CL1	Day*Allocation*srf14	Day1 Anakinra Yes - Day7 Placebo Yes	0	-0.07448654089280254	0.1751177270430176	1015.241189737129	-0.4253512317145651	0.6706707944583383	0.7292053182110068
CX3CL1	Day*Allocation*srf14	Day4 Anakinra Yes - Day7 Anakinra Yes	0	-0.12388988086286987	0.10159686782695039	1032.1673042070172	-1.219426184219489	0.22296105689388412	0.4149553003302843
CX3CL1	Day*Allocation*srf14	Day4 Anakinra Yes - Day1 Placebo Yes	0	-0.1942381872578571	0.17335452075909896	989.1285849101779	-1.1204679659192678	0.26278636920135856	0.4001519712838869
CX3CL1	Day*Allocation*srf14	Day4 Anakinra Yes - Day4 Placebo Yes	0	-0.28614222546456397	0.17666748370013538	1035.4452044357295	-1.6196654838320126	0.10560865614883085	0.44740482011467014
CX3CL1	Day*Allocation*srf14	Day4 Anakinra Yes - Day7 Placebo Yes	0	-0.11015293057708972	0.17666265538647305	1035.4488727851171	-0.6235213114855289	0.5330793240704957	0.7391651378811923
CX3CL1	Day*Allocation*srf14	Day7 Anakinra Yes - Day1 Placebo Yes	0	-0.07034830639498722	0.1727531468917048	980.4199026117842	-0.40721866814436125	0.6839362826221176	0.7664214515742764
CX3CL1	Day*Allocation*srf14	Day7 Anakinra Yes - Day4 Placebo Yes	0	-0.1622523446016941	0.1760763471873217	1027.089721397519	-0.9214885882944817	0.35701178957149304	0.5597427221078597
CX3CL1	Day*Allocation*srf14	Day7 Anakinra Yes - Day7 Placebo Yes	0	0.013736950285780144	0.17607351492558518	1027.1756241981795	0.07801826578850238	0.9378287179846654	0.9817894391401966
CX3CL1	Day*Allocation*srf14	Day1 Placebo Yes - Day4 Placebo Yes	0	-0.09190403820670687	0.11901185831615288	1049.9424525895959	-0.772225889982874	0.44015443242923225	0.5685522675283292
CX3CL1	Day*Allocation*srf14	Day1 Placebo Yes - Day7 Placebo Yes	0	0.08408525668076737	0.11901557563850035	1049.81318671055	0.7065063226360317	0.48003009157626786	0.5360336022601658
CX3CL1	Day*Allocation*srf14	Day4 Placebo Yes - Day7 Placebo Yes	0	0.17598929488747422	0.12220866721016428	1042.4262840445328	1.4400721234020375	0.15014724259345497	0.35928090192005296
TNFRSF9	Day*Allocation*srf14	Day1 Anakinra No - Day4 Anakinra No	0	-0.0833185435748229	0.04878361066226454	1029.2930358953452	-1.707920804625314	0.08795256947344084	0.11785644309441073
TNFRSF9	Day*Allocation*srf14	Day1 Anakinra No - Day7 Anakinra No	0	-0.41665766796530285	0.049199791892857545	1032.5965037489489	-8.468687608936616	8.438442075941773e-17	2.0191986396003526e-16
TNFRSF9	Day*Allocation*srf14	Day1 Anakinra No - Day1 Placebo No	0	0.05824475372245867	0.09762405253877054	1048.4225899631165	0.5966229859114615	0.5508879237061808	0.9893930626752736
TNFRSF9	Day*Allocation*srf14	Day1 Anakinra No - Day4 Placebo No	0	-0.011977938500428586	0.09674764157643519	1025.6999198827884	-0.12380599986993432	0.9014931375276587	0.9242590055911887
TNFRSF9	Day*Allocation*srf14	Day1 Anakinra No - Day7 Placebo No	0	-0.43315120100282883	0.09785317016547931	1054.5825052138684	-4.426542341656664	1.057143672064524e-5	2.7241779241662738e-5
TNFRSF9	Day*Allocation*srf14	Day1 Anakinra No - Day1 Anakinra Yes	0	0.25369616124742167	0.1173896795156132	1035.4263483478765	2.1611453604290594	0.030912810368859886	0.10114326194177803
TNFRSF9	Day*Allocation*srf14	Day1 Anakinra No - Day4 Anakinra Yes	0	0.3899037504565813	0.11959364939343105	1076.0008411134424	3.260237917599642	0.001148081460470977	0.0037254883931096996
TNFRSF9	Day*Allocation*srf14	Day1 Anakinra No - Day7 Anakinra Yes	0	-0.12496455844938892	0.11874115713478536	1059.130577073964	-1.0524114929041768	0.2928508396483381	0.41746821822209895
TNFRSF9	Day*Allocation*srf14	Day1 Anakinra No - Day1 Placebo Yes	0	0.42487077177522276	0.13277501565688443	1023.1281948375977	3.1999301199343755	0.0014168918316305925	0.00945003672952832
TNFRSF9	Day*Allocation*srf14	Day1 Anakinra No - Day4 Placebo Yes	0	0.19663259030203029	0.13691992730196967	1094.5318984179892	1.4361137503992936	0.1512557124549575	0.2738954793103284
TNFRSF9	Day*Allocation*srf14	Day1 Anakinra No - Day7 Placebo Yes	0	0.0019570856680893346	0.13687169454406573	1093.91697542989	0.014298688086010746	0.9885942935542991	0.9885942935542991
TNFRSF9	Day*Allocation*srf14	Day4 Anakinra No - Day7 Anakinra No	0	-0.33333912439047997	0.04935070292317919	1031.5175111442122	-6.754495977683759	2.3905008351349985e-11	2.6693925992340816e-10
TNFRSF9	Day*Allocation*srf14	Day4 Anakinra No - Day1 Placebo No	0	0.14156329729728157	0.09773989803055584	1051.1635285813848	1.4483675566453473	0.14781249210191866	0.23579611835306072
TNFRSF9	Day*Allocation*srf14	Day4 Anakinra No - Day4 Placebo No	0	0.07134060507439433	0.09686454162932179	1028.5152241225517	0.736498659616832	0.4615952315871671	0.9152190012754137
TNFRSF9	Day*Allocation*srf14	Day4 Anakinra No - Day7 Placebo No	0	-0.34983265742800596	0.09796932257273475	1057.3456841466154	-3.5708387915848037	3.7184141665516017e-4	0.0031141718644869666
TNFRSF9	Day*Allocation*srf14	Day4 Anakinra No - Day1 Anakinra Yes	0	0.3370147048222446	0.11750031922990531	1037.7584552014512	2.8682024613297403	0.004211716288773831	0.00806242832422419
TNFRSF9	Day*Allocation*srf14	Day4 Anakinra No - Day4 Anakinra Yes	0	0.47322229403140426	0.11970221912036005	1078.2165483489073	3.9533293326465513	8.209424671274541e-5	4.231011176733802e-4
TNFRSF9	Day*Allocation*srf14	Day4 Anakinra No - Day7 Anakinra Yes	0	-0.041646014874566005	0.11885045970189398	1061.396152301776	-0.35040684721812937	0.7261029153124077	0.7981769928545945
TNFRSF9	Day*Allocation*srf14	Day4 Anakinra No - Day1 Placebo Yes	0	0.5081893153500456	0.132874135385312	1024.9831011450883	3.824591700080565	1.3889784425965722e-4	3.8775648189154306e-4
TNFRSF9	Day*Allocation*srf14	Day4 Anakinra No - Day4 Placebo Yes	0	0.27995113387685316	0.13701605182689133	1096.2355055244577	2.0431995386244868	0.04127140594525061	0.07090215893158437
TNFRSF9	Day*Allocation*srf14	Day4 Anakinra No - Day7 Placebo Yes	0	0.08527562924291224	0.13696708631063031	1095.5746111978547	0.6225994254525791	0.5336773511003103	0.5959397087286799
TNFRSF9	Day*Allocation*srf14	Day7 Anakinra No - Day1 Placebo No	0	0.47490242168776153	0.09794074959150374	1056.3436525260772	4.848874688712397	1.4278652558742176e-6	3.6794989285989455e-6
TNFRSF9	Day*Allocation*srf14	Day7 Anakinra No - Day4 Placebo No	0	0.40467972946487424	0.09706647031192112	1033.776930105794	4.169099053096751	3.314163964689596e-5	3.7008164272367156e-4
TNFRSF9	Day*Allocation*srf14	Day7 Anakinra No - Day7 Placebo No	0	-0.016493533037526	0.09817047684478561	1062.5287200515115	-0.16800909568365885	0.8666080961961982	0.9739243116473935
TNFRSF9	Day*Allocation*srf14	Day7 Anakinra No - Day1 Anakinra Yes	0	0.6703538292127245	0.11768296925410436	1041.5202999232922	5.696268826845095	1.5925405787166887e-8	4.633426405630486e-8
TNFRSF9	Day*Allocation*srf14	Day7 Anakinra No - Day4 Anakinra Yes	0	0.8065614184218842	0.11988124133668243	1081.7784258809072	6.7280035594283145	2.7825944003774293e-11	2.663340354646968e-10
TNFRSF9	Day*Allocation*srf14	Day7 Anakinra No - Day7 Anakinra Yes	0	0.29169310951591393	0.1190297614342044	1064.982106755604	2.450589718077793	0.014422222170654178	0.0311706092075429
TNFRSF9	Day*Allocation*srf14	Day7 Anakinra No - Day1 Placebo Yes	0	0.8415284397405256	0.13303903907262832	1028.0062745559173	6.3254248197111576	3.761345532645496e-10	1.4824126511014601e-9
TNFRSF9	Day*Allocation*srf14	Day7 Anakinra No - Day4 Placebo Yes	0	0.6132902582673331	0.13717468739323652	1098.9476010615763	4.470870463945171	8.597935452538513e-6	4.114726252286288e-5
TNFRSF9	Day*Allocation*srf14	Day7 Anakinra No - Day7 Placebo Yes	0	0.4186147536333922	0.1371281672444231	1098.4035195206461	3.0527262344813186	0.0023222579541287286	0.00707233104211931
TNFRSF9	Day*Allocation*srf14	Day1 Placebo No - Day4 Placebo No	0	-0.07022269222288725	0.07736600112135522	1030.2624896657949	-0.9076686296960977	0.3642655758108022	0.46048667130799525
TNFRSF9	Day*Allocation*srf14	Day1 Placebo No - Day7 Placebo No	0	-0.4913959547252875	0.0787746281143041	1037.6736120039457	-6.237997772737928	6.44308418153714e-10	2.0556506674428017e-9
TNFRSF9	Day*Allocation*srf14	Day1 Placebo No - Day1 Anakinra Yes	0	0.19545140752496298	0.13348523805175622	1049.3102899223124	1.4642173949540445	0.1434340722403295	0.37741315113749124
TNFRSF9	Day*Allocation*srf14	Day1 Placebo No - Day4 Anakinra Yes	0	0.3316589967341227	0.13541834203616174	1080.6127097893625	2.4491438290210152	0.014477592560239267	0.04041661256400129
TNFRSF9	Day*Allocation*srf14	Day1 Placebo No - Day7 Anakinra Yes	0	-0.18320931217184758	0.1346673795050608	1067.5803753050097	-1.3604579880086147	0.17397220285304094	0.27752708550366056
TNFRSF9	Day*Allocation*srf14	Day1 Placebo No - Day1 Placebo Yes	0	0.36662601805276407	0.14733239020403738	1035.3923939172005	2.4884278164837466	0.012987215597882384	0.0725119537548433
TNFRSF9	Day*Allocation*srf14	Day1 Placebo No - Day4 Placebo Yes	0	0.1383878365795716	0.15108740332398235	1093.6483629818783	0.9159455622042918	0.35989736513122517	0.5358471880842686
TNFRSF9	Day*Allocation*srf14	Day1 Placebo No - Day7 Placebo Yes	0	-0.05628766805436934	0.15101925195477262	1092.7528435334068	-0.3727184933429972	0.7094302496999374	0.833891697015716
TNFRSF9	Day*Allocation*srf14	Day4 Placebo No - Day7 Placebo No	0	-0.4211732625024003	0.07761263032180327	1031.1146343630014	-5.426607251372623	7.158493220442126e-8	2.398095228848112e-6
TNFRSF9	Day*Allocation*srf14	Day4 Placebo No - Day1 Anakinra Yes	0	0.2656740997478503	0.1328604411548189	1037.2680502105263	1.9996478819324932	0.04579873800505267	0.07692330357334687
TNFRSF9	Day*Allocation*srf14	Day4 Placebo No - Day4 Anakinra Yes	0	0.40188168895700993	0.1348028498732416	1069.043104294063	2.9812551391525406	0.002935704713295324	0.01469855204818756
TNFRSF9	Day*Allocation*srf14	Day4 Placebo No - Day7 Anakinra Yes	0	-0.11298661994896032	0.13404773456756075	1055.7916304155929	-0.8428834721709861	0.3994845229711059	0.5818578921535673
TNFRSF9	Day*Allocation*srf14	Day4 Placebo No - Day1 Placebo Yes	0	0.43684871027565136	0.14676443440816334	1025.5178303853052	2.9765297841896836	0.0029837464605434664	0.0076888851098620105
TNFRSF9	Day*Allocation*srf14	Day4 Placebo No - Day4 Placebo Yes	0	0.20861052880245887	0.15053250078278074	1084.3960021793787	1.3858172003897353	0.16608765124804126	0.23976136703853218
TNFRSF9	Day*Allocation*srf14	Day4 Placebo No - Day7 Placebo Yes	0	0.01393502416851792	0.15046644720976612	1083.5781481621855	0.09261216986861547	0.9262287943688894	0.9402625639805392
TNFRSF9	Day*Allocation*srf14	Day7 Placebo No - Day1 Anakinra Yes	0	0.6868473622502506	0.13349415257210417	1049.6299477575722	5.1451494242735745	3.188860325587866e-7	1.068268209071935e-6
TNFRSF9	Day*Allocation*srf14	Day7 Placebo No - Day4 Anakinra Yes	0	0.8230549514594102	0.1354263359566892	1080.8867079951524	6.077510298459466	1.6896362722453575e-9	5.660281512021948e-8
TNFRSF9	Day*Allocation*srf14	Day7 Placebo No - Day7 Anakinra Yes	0	0.3081866425534399	0.13467542262380355	1067.859445803844	2.2883658840582592	0.022310889190975895	0.04822030889662532
TNFRSF9	Day*Allocation*srf14	Day7 Placebo No - Day1 Placebo Yes	0	0.8580219727780516	0.14735738173955718	1035.9453298788214	5.822728136514663	7.717121938947456e-9	3.446981132729864e-8
TNFRSF9	Day*Allocation*srf14	Day7 Placebo No - Day4 Placebo Yes	0	0.6297837913048592	0.15111278297124003	1094.2140592594155	4.167640744361914	3.320464977261342e-5	1.7113165652039226e-4
TNFRSF9	Day*Allocation*srf14	Day7 Placebo No - Day7 Placebo Yes	0	0.43510828667091817	0.15104527589683772	1093.329482137669	2.8806480976478364	0.0040460674041994955	0.015946265651845072
TNFRSF9	Day*Allocation*srf14	Day1 Anakinra Yes - Day4 Anakinra Yes	0	0.13620758920915968	0.10109847272695703	1057.3034962244349	1.347276427973586	0.1781798758942621	0.27131935647535366
TNFRSF9	Day*Allocation*srf14	Day1 Anakinra Yes - Day7 Anakinra Yes	0	-0.3786607196968106	0.10041328266743646	1060.0864055036939	-3.77102221576517	1.715635984275711e-4	4.597904437858906e-4
TNFRSF9	Day*Allocation*srf14	Day1 Anakinra Yes - Day1 Placebo Yes	0	0.17117461052780109	0.15889317263856703	1046.868251844226	1.0772936790504557	0.28159726580967354	0.9668895255885167
TNFRSF9	Day*Allocation*srf14	Day1 Anakinra Yes - Day4 Placebo Yes	0	-0.05706357094539139	0.162387432161932	1097.2076798205821	-0.35140386288323017	0.7253528525009876	0.7714070018661296
TNFRSF9	Day*Allocation*srf14	Day1 Anakinra Yes - Day7 Placebo Yes	0	-0.25173907557933234	0.16238310553484336	1097.2481044579522	-1.550278735895437	0.12136299383454878	0.18480274061169927
TNFRSF9	Day*Allocation*srf14	Day4 Anakinra Yes - Day7 Anakinra Yes	0	-0.5148683089059702	0.10117707660007538	1037.3489623682676	-5.088784201001382	4.2762094874194836e-7	2.865060356571054e-5
TNFRSF9	Day*Allocation*srf14	Day4 Anakinra Yes - Day1 Placebo Yes	0	0.03496702131864142	0.1605280248862124	1069.0852025322806	0.21782502677290902	0.8276070115188867	0.8664010901838345
TNFRSF9	Day*Allocation*srf14	Day4 Anakinra Yes - Day4 Placebo Yes	0	-0.19327116015455106	0.16398775723456288	1117.9375612138067	-1.1785706653582813	0.23881996892516294	0.4474758003169923
TNFRSF9	Day*Allocation*srf14	Day4 Anakinra Yes - Day7 Placebo Yes	0	-0.387946664788492	0.16398342618585657	1117.974741312682	-2.365767527925649	0.01816259793686513	0.16132340732005795
TNFRSF9	Day*Allocation*srf14	Day7 Anakinra Yes - Day1 Placebo Yes	0	0.5498353302246117	0.1598975065966968	1059.738329495456	3.4386735723868402	6.073047691776848e-4	0.002623375830270418
TNFRSF9	Day*Allocation*srf14	Day7 Anakinra Yes - Day4 Placebo Yes	0	0.3215971487514192	0.16336920675095737	1109.1361312098948	1.9685297807784978	0.04925583216459056	0.23414257281829795
TNFRSF9	Day*Allocation*srf14	Day7 Anakinra Yes - Day7 Placebo Yes	0	0.12692164411747825	0.16336752553348613	1109.2909788521015	0.7769086524571408	0.43737829998988287	0.9309787269339678
TNFRSF9	Day*Allocation*srf14	Day1 Placebo Yes - Day4 Placebo Yes	0	-0.2282381814731925	0.11840984983667487	1056.6484627642108	-1.9275269902631083	0.05418178962726592	0.10371942585790905
TNFRSF9	Day*Allocation*srf14	Day1 Placebo Yes - Day7 Placebo Yes	0	-0.4229136861071334	0.11841438140125361	1056.4934367768835	-3.571472325426987	3.709667991476304e-4	8.606601917888956e-4
TNFRSF9	Day*Allocation*srf14	Day4 Placebo Yes - Day7 Placebo Yes	0	-0.19467550463394095	0.12163722980360775	1048.9050202507922	-1.6004598670017303	0.10979772819779662	0.2910085801014228
TWEAK	Day*Allocation*srf14	Day1 Anakinra No - Day4 Anakinra No	0	-0.03664070371061684	0.057403560600808215	1034.865108091632	-0.63830019126202	0.5234195090815021	0.5408108634754282
TWEAK	Day*Allocation*srf14	Day1 Anakinra No - Day7 Anakinra No	0	-0.38699050838514815	0.05787882240397877	1039.0381927620163	-6.686219454916643	3.732070277912936e-11	6.411505349235044e-11
TWEAK	Day*Allocation*srf14	Day1 Anakinra No - Day1 Placebo No	0	0.02834404537162618	0.10474135914186503	1169.6685802652398	0.27060986800100717	0.7867388476080986	0.9893930626752736
TWEAK	Day*Allocation*srf14	Day1 Anakinra No - Day4 Placebo No	0	-0.15972932684493002	0.10364022723637004	1145.8153521040233	-1.5411904344887124	0.12354655398209627	0.18812770720001024
TWEAK	Day*Allocation*srf14	Day1 Anakinra No - Day7 Placebo No	0	-0.4925554627427403	0.10503140758371562	1176.232408420179	-4.689601654154234	3.057636291657166e-6	8.535901314209587e-6
TWEAK	Day*Allocation*srf14	Day1 Anakinra No - Day1 Anakinra Yes	0	0.08090554046121336	0.12583088819126512	1154.425791573165	0.6429704313795794	0.5203709700464314	0.7198153869890745
TWEAK	Day*Allocation*srf14	Day1 Anakinra No - Day4 Anakinra Yes	0	0.13644866802942324	0.12853441049339268	1193.997619601868	1.061573064408596	0.28864421925854383	0.39467678959841707
TWEAK	Day*Allocation*srf14	Day1 Anakinra No - Day7 Anakinra Yes	0	0.02291434326129195	0.1274757546539901	1177.0595165877378	0.17975452134791273	0.8573762278242911	0.8837570348342693
TWEAK	Day*Allocation*srf14	Day1 Anakinra No - Day1 Placebo Yes	0	0.5444958371103026	0.14220017779732808	1140.9943706534023	3.829079861533996	1.3561687668341374e-4	0.00113579134222359
TWEAK	Day*Allocation*srf14	Day1 Anakinra No - Day4 Placebo Yes	0	0.2693416356144118	0.14733604526546254	1212.6932455048016	1.828076999956975	0.0677835639419891	0.15138329280377566
TWEAK	Day*Allocation*srf14	Day1 Anakinra No - Day7 Placebo Yes	0	0.007552495992721654	0.1472788007966523	1212.2176511687114	0.05128026540051327	0.9591106417384216	0.9736426211587007
TWEAK	Day*Allocation*srf14	Day4 Anakinra No - Day7 Anakinra No	0	-0.3503498046745313	0.05806063764150663	1037.9579140792407	-6.034205253441305	2.220020491522066e-9	1.352194299381622e-8
TWEAK	Day*Allocation*srf14	Day4 Anakinra No - Day1 Placebo No	0	0.06498474908224303	0.10488475541075024	1172.416183234033	0.619582405734269	0.5356531383659873	0.6296273731670378
TWEAK	Day*Allocation*srf14	Day4 Anakinra No - Day4 Placebo No	0	-0.12308862313431318	0.10378518891027946	1148.6878137556782	-1.1859941136757115	0.23586988266574505	0.9152190012754137
TWEAK	Day*Allocation*srf14	Day4 Anakinra No - Day7 Placebo No	0	-0.4559147590321235	0.10517538186265163	1179.0108441917641	-4.334804884545148	1.583313866515235e-5	0.0010608202905652076
TWEAK	Day*Allocation*srf14	Day4 Anakinra No - Day1 Anakinra Yes	0	0.1175462441718302	0.12596950786673808	1156.8713018820417	0.9331325188329006	0.35094625887212405	0.4054034369729709
TWEAK	Day*Allocation*srf14	Day4 Anakinra No - Day4 Anakinra Yes	0	0.17308937174004008	0.12867007815540085	1196.2631997897429	1.345218517167542	0.17880962372423048	0.27861034394240564
TWEAK	Day*Allocation*srf14	Day4 Anakinra No - Day7 Anakinra Yes	0	0.05955504697190879	0.12761255393147494	1179.4098648570148	0.46668642807578714	0.6408104330492925	0.7448406972689323
TWEAK	Day*Allocation*srf14	Day4 Anakinra No - Day1 Placebo Yes	0	0.5811365408209195	0.142324496626987	1142.9582710458988	4.083180018855072	4.7516650243068954e-5	1.516007412516962e-4
TWEAK	Day*Allocation*srf14	Day4 Anakinra No - Day4 Placebo Yes	0	0.30598233932502866	0.1474560661756323	1214.4160442687378	2.075074612126018	0.038189768091655335	0.06733459110897125
TWEAK	Day*Allocation*srf14	Day4 Anakinra No - Day7 Placebo Yes	0	0.044193199703338494	0.1473974573445477	1213.8649453776868	0.2998233517694613	0.7643632345159029	0.8001927611338359
TWEAK	Day*Allocation*srf14	Day7 Anakinra No - Day1 Placebo No	0	0.4153345537567743	0.10513711111038995	1177.8133525746593	3.9504086556143707	8.265055207267565e-5	1.5821677111055053e-4
TWEAK	Day*Allocation*srf14	Day7 Anakinra No - Day4 Placebo No	0	0.22726118154021813	0.10403905868235695	1154.2389605607477	2.1843832923755326	0.02913475350625622	0.06506761616397223
TWEAK	Day*Allocation*srf14	Day7 Anakinra No - Day7 Placebo No	0	-0.10556495435759214	0.10542814851225892	1184.39005551128	-1.001297621624431	0.3168874639797919	0.7321193133326226
TWEAK	Day*Allocation*srf14	Day7 Anakinra No - Day1 Anakinra Yes	0	0.4678960488463615	0.12619736780663787	1160.7379184497124	3.707652996085316	2.1906605998982826e-4	3.5798600047118274e-4
TWEAK	Day*Allocation*srf14	Day7 Anakinra No - Day4 Anakinra Yes	0	0.5234391764145714	0.12889278484648437	1199.8300378712331	4.061043269706718	5.2022682950632114e-5	1.5843271625874325e-4
TWEAK	Day*Allocation*srf14	Day7 Anakinra No - Day7 Anakinra Yes	0	0.4099048516464401	0.12783550844430383	1183.0218866982136	3.206502298420708	0.0013795665511153802	0.004018737344553499
TWEAK	Day*Allocation*srf14	Day7 Anakinra No - Day1 Placebo Yes	0	0.9314863454954507	0.14253049199159668	1146.0949811819053	6.535347857708716	9.528295200328158e-11	3.9899736151374165e-10
TWEAK	Day*Allocation*srf14	Day7 Anakinra No - Day4 Placebo Yes	0	0.65633214399956	0.14765287633527868	1217.0772862991894	4.445102325736018	9.585877728745268e-6	4.281692052172887e-5
TWEAK	Day*Allocation*srf14	Day7 Anakinra No - Day7 Placebo Yes	0	0.3945430043778698	0.14759822929592759	1216.6921143700279	2.6730876532863377	0.007616190356229199	0.019626336687206015
TWEAK	Day*Allocation*srf14	Day1 Placebo No - Day4 Placebo No	0	-0.1880733722165562	0.09102857523570486	1036.5460346634177	-2.0660915732182823	0.0390678456213366	0.0654386414157388
TWEAK	Day*Allocation*srf14	Day1 Placebo No - Day7 Placebo No	0	-0.5208995081143665	0.09263429715839505	1045.8456104641868	-5.623181954127447	2.4047636629863147e-8	6.713298559170128e-8
TWEAK	Day*Allocation*srf14	Day1 Placebo No - Day1 Anakinra Yes	0	0.05256149508958718	0.14322234607332815	1169.7734620113547	0.3669922783046461	0.713691153931988	0.902213345536664
TWEAK	Day*Allocation*srf14	Day1 Placebo No - Day4 Anakinra Yes	0	0.10810462265779708	0.14559287376776378	1200.092351913937	0.7425131454595472	0.4579217956731697	0.5788822700019315
TWEAK	Day*Allocation*srf14	Day1 Placebo No - Day7 Anakinra Yes	0	-0.005429702110334229	0.1446613086123129	1187.1165250670517	-0.03753389321871569	0.9700656268877079	0.9958950365226904
TWEAK	Day*Allocation*srf14	Day1 Placebo No - Day1 Placebo Yes	0	0.5161517917386764	0.157927005788998	1154.6338930837535	3.2682934065646307	0.0011138599778219287	0.012288201699650938
TWEAK	Day*Allocation*srf14	Day1 Placebo No - Day4 Placebo Yes	0	0.2409975902427856	0.16257676681216002	1212.796121083904	1.482361809551991	0.138503832507025	0.27293402288149043
TWEAK	Day*Allocation*srf14	Day1 Placebo No - Day7 Placebo Yes	0	-0.020791549378904525	0.1624943978901647	1212.0094164352854	-0.1279524072759617	0.8982078631677126	0.9357284601557113
TWEAK	Day*Allocation*srf14	Day4 Placebo No - Day7 Placebo No	0	-0.3328261358978103	0.09131278850369307	1037.658285376859	-3.644901676443157	2.807527852171147e-4	0.0013436026149676202
TWEAK	Day*Allocation*srf14	Day4 Placebo No - Day1 Anakinra Yes	0	0.2406348673061434	0.14243480790189564	1157.0565610485098	1.689438634072401	0.09140480501512846	0.1391845894548547
TWEAK	Day*Allocation*srf14	Day4 Placebo No - Day4 Anakinra Yes	0	0.29617799487435326	0.1448187511192177	1188.1180757714	2.045163299540773	0.04105867798794296	0.09485970431697166
TWEAK	Day*Allocation*srf14	Day4 Placebo No - Day7 Anakinra Yes	0	0.18264367010622198	0.14388100598100959	1174.7934393814758	1.2694077919522508	0.20454706928441657	0.373844182021891
TWEAK	Day*Allocation*srf14	Day4 Placebo No - Day1 Placebo Yes	0	0.7042251639552326	0.15721140118744653	1144.1470240840192	4.479478960406757	8.2323569865385e-6	3.0642662116559973e-5
TWEAK	Day*Allocation*srf14	Day4 Placebo No - Day4 Placebo Yes	0	0.42907096245934184	0.16188001781753963	1203.3272049997943	2.6505492663273738	0.008141533888622645	0.025975370025605585
TWEAK	Day*Allocation*srf14	Day4 Placebo No - Day7 Placebo Yes	0	0.1672818228376517	0.16180091749407582	1202.6425085217566	1.0338743774044208	0.30140274476357753	0.4409183931274404
TWEAK	Day*Allocation*srf14	Day7 Placebo No - Day1 Anakinra Yes	0	0.5734610032039537	0.14323539228008464	1170.1961072123752	4.003626436702176	6.630608742276572e-5	1.306619958036854e-4
TWEAK	Day*Allocation*srf14	Day7 Placebo No - Day4 Anakinra Yes	0	0.62900413077216355	0.14560443912851354	1200.4451136178034	4.319951606811872	1.6895243266665828e-5	7.074883117916316e-5
TWEAK	Day*Allocation*srf14	Day7 Placebo No - Day7 Anakinra Yes	0	0.5154698060040322	0.14467298429319947	1187.4813230171812	3.5629997440252055	3.8117673219703043e-4	0.001964526235169311
TWEAK	Day*Allocation*srf14	Day7 Placebo No - Day1 Placebo Yes	0	1.037051299853043	0.15796010131831753	1155.2872388916867	6.565273706448195	7.829439259885068e-11	4.371436920102496e-10
TWEAK	Day*Allocation*srf14	Day7 Placebo No - Day4 Placebo Yes	0	0.7618970983571521	0.16261057489251696	1213.4544601546659	4.685409290636566	3.1093114250726147e-6	2.3147096164429464e-5
TWEAK	Day*Allocation*srf14	Day7 Placebo No - Day7 Placebo Yes	0	0.500107958735462	0.1625289757229526	1212.6696229539448	3.077038765001187	0.0021375419459364006	0.008950956898608677
TWEAK	Day*Allocation*srf14	Day1 Anakinra Yes - Day4 Anakinra Yes	0	0.055543127568209893	0.11871901590003506	1068.188746724058	0.467853672363481	0.6399846715909256	0.7029339835506889
TWEAK	Day*Allocation*srf14	Day1 Anakinra Yes - Day7 Anakinra Yes	0	-0.05799119719992141	0.11789255479778214	1070.8950011280326	-0.49189872337054796	0.6228917531933962	0.662440435935834
TWEAK	Day*Allocation*srf14	Day1 Anakinra Yes - Day1 Placebo Yes	0	0.46359029664908924	0.17045696646364258	1167.6245782177689	2.719691111879374	0.006631228239334681	0.44429229203542364
TWEAK	Day*Allocation*srf14	Day1 Anakinra Yes - Day4 Placebo Yes	0	0.18843609515319845	0.17478356378471085	1217.6272091953058	1.0781110710461543	0.2811977227451507	0.4281874414528431
TWEAK	Day*Allocation*srf14	Day1 Anakinra Yes - Day7 Placebo Yes	0	-0.0733530444684917	0.1747797071451624	1217.732622964613	-0.41968856491771495	0.6747870108818272	0.7292053182110068
TWEAK	Day*Allocation*srf14	Day4 Anakinra Yes - Day7 Anakinra Yes	0	-0.1135343247681313	0.11898064762489577	1045.5910451779737	-0.9542251368984407	0.34019024146959165	0.5559206384990888
TWEAK	Day*Allocation*srf14	Day4 Anakinra Yes - Day1 Placebo Yes	0	0.40804716908087935	0.17246064608977363	1189.1608512669843	2.3660306181879442	0.01813958250508865	0.050943535381345335
TWEAK	Day*Allocation*srf14	Day4 Anakinra Yes - Day4 Placebo Yes	0	0.13289296758498856	0.17673872427798462	1236.9982809302483	0.7519176577056594	0.45224361941041946	0.6183739285815939
TWEAK	Day*Allocation*srf14	Day4 Anakinra Yes - Day7 Placebo Yes	0	-0.1288961720367016	0.17673479722396193	1237.0939660518677	-0.7293197155360511	0.4659441715226097	0.6937390998225522
TWEAK	Day*Allocation*srf14	Day7 Anakinra Yes - Day1 Placebo Yes	0	0.5215814938490106	0.1716767490781703	1179.7442775230668	3.038160360384718	0.0024326082024925307	0.008578144714052608
TWEAK	Day*Allocation*srf14	Day7 Anakinra Yes - Day4 Placebo Yes	0	0.24642729235311986	0.17597163952896705	1228.4116900087959	1.4003807261939782	0.1616518639623157	0.4165644186721213
TWEAK	Day*Allocation*srf14	Day7 Anakinra Yes - Day7 Placebo Yes	0	-0.015361847268570296	0.17597222249276956	1228.6839703217759	-0.08729700091843468	0.9304496623424896	0.9817894391401966
TWEAK	Day*Allocation*srf14	Day1 Placebo Yes - Day4 Placebo Yes	0	-0.2751542014958908	0.13905829232189737	1066.3367975816382	-1.9786968249182402	0.0481071301884351	0.09767205220076217
TWEAK	Day*Allocation*srf14	Day1 Placebo Yes - Day7 Placebo Yes	0	-0.536943341117581	0.13906521550747766	1066.1440175232033	-3.8610902025942577	1.1967405970520261e-4	3.486157391412424e-4
TWEAK	Day*Allocation*srf14	Day4 Placebo Yes - Day7 Placebo Yes	0	-0.26178913962169015	0.142922260388071	1058.8410691552149	-1.831689051872429	0.0672785675439242	0.23724547502331161
CCL20	Day*Allocation*srf14	Day1 Anakinra No - Day4 Anakinra No	0	0.3449964838675942	0.05376733059115359	1032.7259311882538	6.41647037475126	2.1207500520487704e-10	5.465009749510293e-10
CCL20	Day*Allocation*srf14	Day1 Anakinra No - Day7 Anakinra No	0	0.4409521175045869	0.054217797720329065	1036.5634379779628	8.132977288733567	1.1887463506422571e-15	2.5692259836461684e-15
CCL20	Day*Allocation*srf14	Day1 Anakinra No - Day1 Placebo No	0	-0.09081460851029358	0.10137310583776157	1123.7351084594734	-0.8958451826033039	0.370527310746842	0.9893930626752736
CCL20	Day*Allocation*srf14	Day1 Anakinra No - Day4 Placebo No	0	0.30463533510478213	0.10036430760190115	1099.9925065374784	3.035295538660315	0.0024594942683878753	0.006866088165916152
CCL20	Day*Allocation*srf14	Day1 Anakinra No - Day7 Placebo No	0	0.21187131233249457	0.10163805852673793	1130.2298582202359	2.084566700737968	0.0373327187190431	0.055584270092797504
CCL20	Day*Allocation*srf14	Day1 Anakinra No - Day1 Anakinra Yes	0	-0.4093722580190156	0.12182740184395872	1109.2353596274431	-3.360264208403258	8.051886215448771e-4	0.00899127294058446
CCL20	Day*Allocation*srf14	Day1 Anakinra No - Day4 Anakinra Yes	0	-0.08361034357792374	0.12432652982403442	1149.7475759348192	-0.6725060507701909	0.5013967163211618	0.5787297731574848
CCL20	Day*Allocation*srf14	Day1 Anakinra No - Day7 Anakinra Yes	0	-0.2510371529397497	0.12335241052905697	1132.5992794325273	-2.0351215826513194	0.042071104102518034	0.07829899930190856
CCL20	Day*Allocation*srf14	Day1 Anakinra No - Day1 Placebo Yes	0	-0.5550672427870236	0.1377197335816134	1096.0442184211192	-4.0304118251731005	5.9525902028550964e-5	6.647059059854858e-4
CCL20	Day*Allocation*srf14	Day1 Anakinra No - Day4 Placebo Yes	0	-0.19799358468522762	0.14244929562904943	1168.6166823251515	-1.389923227144769	0.16481689007355688	0.2831469649981618
CCL20	Day*Allocation*srf14	Day1 Anakinra No - Day7 Placebo Yes	0	-0.17623202015869333	0.14239567290992305	1168.076812452001	-1.2376220186843356	0.2161049625276991	0.3080645210501242
CCL20	Day*Allocation*srf14	Day4 Anakinra No - Day7 Anakinra No	0	0.09595563363699272	0.05438664815024122	1035.4735056096404	1.7643233569371408	0.07797235809291486	0.10661526514745501
CCL20	Day*Allocation*srf14	Day4 Anakinra No - Day1 Placebo No	0	-0.43581109237788773	0.1015052137046398	1126.5195137703408	-4.293484802130581	1.910284434218123e-5	7.528768064271425e-5
CCL20	Day*Allocation*srf14	Day4 Anakinra No - Day4 Placebo No	0	-0.04036114876281204	0.1004977677628573	1102.882511921176	-0.40161239061599346	0.6880471166230009	0.9152190012754137
CCL20	Day*Allocation*srf14	Day4 Anakinra No - Day7 Placebo No	0	-0.13312517153509962	0.10177062428402613	1133.041722780717	-1.3080903499576437	0.1911079779186165	0.30486272667969777
CCL20	Day*Allocation*srf14	Day4 Anakinra No - Day1 Anakinra Yes	0	-0.7543687418866099	0.12195452002700911	1111.6687505452192	-6.185656273498848	8.676739419440514e-10	4.471858008480881e-9
CCL20	Day*Allocation*srf14	Day4 Anakinra No - Day4 Anakinra Yes	0	-0.4286068274455179	0.1244510581242795	1152.0241209262438	-3.4439789737866424	5.938261518653323e-4	0.002105387208147019
CCL20	Day*Allocation*srf14	Day4 Anakinra No - Day7 Anakinra Yes	0	-0.5960336368073439	0.12347790056640136	1134.9471470229175	-4.827047059217057	1.5749086016002672e-6	1.3189859538402237e-5
CCL20	Day*Allocation*srf14	Day4 Anakinra No - Day1 Placebo Yes	0	-0.9000637266546178	0.13783369141944601	1097.9906254273335	-6.530070531997911	1.0029770456187113e-10	5.169189388957974e-10
CCL20	Day*Allocation*srf14	Day4 Anakinra No - Day4 Placebo Yes	0	-0.5429900685528218	0.14255949183178834	1170.3553853818682	-3.808866470943356	1.4685314754575674e-4	8.199300737971418e-4
CCL20	Day*Allocation*srf14	Day4 Anakinra No - Day7 Placebo Yes	0	-0.5212285040262875	0.14250478495244776	1169.7517688024884	-3.657621070058915	2.658893793440005e-4	0.0014845490346706693
CCL20	Day*Allocation*srf14	Day7 Anakinra No - Day1 Placebo No	0	-0.5317667260148805	0.10173640074749947	1131.9078825659533	-5.226907204380833	2.051299257850205e-7	5.975523925041902e-7
CCL20	Day*Allocation*srf14	Day7 Anakinra No - Day4 Placebo No	0	-0.13631678239980477	0.10073029242231112	1108.3966601655336	-1.3532848870158891	0.17624056222437087	0.26240261486739663
CCL20	Day*Allocation*srf14	Day7 Anakinra No - Day7 Placebo No	0	-0.22908080517209234	0.10200217993858424	1138.421198394817	-2.245842248763923	0.024905313504983765	0.29024415321245195
CCL20	Day*Allocation*srf14	Day7 Anakinra No - Day1 Anakinra Yes	0	-0.8503243755236025	0.12216383759443683	1115.5490574597225	-6.960524425784125	5.773095847443697e-12	2.2752789516395747e-11
CCL20	Day*Allocation*srf14	Day7 Anakinra No - Day4 Anakinra Yes	0	-0.5245624610825106	0.12465584711102398	1155.640015411025	-4.208085486879025	2.77492623451556e-5	9.296002885627126e-5
CCL20	Day*Allocation*srf14	Day7 Anakinra No - Day7 Anakinra Yes	0	-0.6919892704443367	0.12368295994372006	1138.6007428215128	-5.594863437608667	2.7641459672566107e-8	3.0866296634365484e-7
CCL20	Day*Allocation*srf14	Day7 Anakinra No - Day1 Placebo Yes	0	-0.9960193602916104	0.13802283329527448	1101.1266482292	-7.216337590757973	9.92647373954039e-13	4.4338249369947076e-12
CCL20	Day*Allocation*srf14	Day7 Anakinra No - Day4 Placebo Yes	0	-0.6389457021898145	0.1427406592305671	1173.0758090452366	-4.476269800307801	8.335457559284438e-6	4.114726252286288e-5
CCL20	Day*Allocation*srf14	Day7 Anakinra No - Day7 Placebo Yes	0	-0.6171841376632802	0.14268926252178435	1172.619953931374	-4.325371977930398	1.652222534049397e-5	1.0063537252846328e-4
CCL20	Day*Allocation*srf14	Day1 Placebo No - Day4 Placebo No	0	0.39544994361507574	0.08526551588145133	1034.1159901074864	4.637864903847981	3.970848228668205e-6	1.2668896729560464e-5
CCL20	Day*Allocation*srf14	Day1 Placebo No - Day7 Placebo No	0	0.3026859208427881	0.08678851399868749	1042.6889929020474	3.487626494530897	5.076517517436232e-4	8.503166841705689e-4
CCL20	Day*Allocation*srf14	Day1 Placebo No - Day1 Anakinra Yes	0	-0.318557649508722	0.13861560034609496	1124.1875266845439	-2.298137069084204	0.021736875864761782	0.12492234813493962
CCL20	Day*Allocation*srf14	Day1 Placebo No - Day4 Anakinra Yes	0	0.007204264932369843	0.1408071608871496	1155.3189217186257	0.05116405221850703	0.9592036407722728	0.9592036407722728
CCL20	Day*Allocation*srf14	Day1 Placebo No - Day7 Anakinra Yes	0	-0.16022254442945613	0.13994962391426854	1142.1348564242746	-1.1448586994960883	0.25250754578291346	0.35245844932198334
CCL20	Day*Allocation*srf14	Day1 Placebo No - Day1 Placebo Yes	0	-0.46425263427672997	0.15290195747063717	1109.3085427297726	-3.036276591592254	0.0024510959362224064	0.016422342772690123
CCL20	Day*Allocation*srf14	Day1 Placebo No - Day4 Placebo Yes	0	-0.10717897617493403	0.15718492369612122	1168.3235948637725	-0.6818654973688093	0.4954591508577304	0.6428938374498947
CCL20	Day*Allocation*srf14	Day1 Placebo No - Day7 Placebo Yes	0	-0.08541741164839975	0.1571083264131512	1167.4811028640747	-0.5436848167026852	0.5867621828093255	0.7417559669476378
CCL20	Day*Allocation*srf14	Day4 Placebo No - Day7 Placebo No	0	-0.09276402277228757	0.08553395008430706	1035.1261529356343	-1.084528689261447	0.2783829808592061	0.3730331943513362
CCL20	Day*Allocation*srf14	Day4 Placebo No - Day1 Anakinra Yes	0	-0.7140075931237978	0.13789498665506134	1111.5600355481124	-5.177908279652389	2.66196095482296e-7	1.273938456950988e-6
CCL20	Day*Allocation*srf14	Day4 Placebo No - Day4 Anakinra Yes	0	-0.3882456786827059	0.14009826806008804	1143.3350455834639	-2.771238246258602	0.0056749061296749994	0.020011511088853944
CCL20	Day*Allocation*srf14	Day4 Placebo No - Day7 Anakinra Yes	0	-0.5556724880445318	0.13923539703925072	1129.8505516982445	-3.9908852192800275	7.006993453869754e-5	5.868357017615918e-4
CCL20	Day*Allocation*srf14	Day4 Placebo No - Day1 Placebo Yes	0	-0.8597025778918057	0.1522470614748907	1098.9203252425186	-5.646759744086042	2.080652551197754e-8	9.957408637874965e-8
CCL20	Day*Allocation*srf14	Day4 Placebo No - Day4 Placebo Yes	0	-0.5026289197900098	0.15654649339831947	1158.805382994332	-3.2107325362511476	0.0013603446440640472	0.006510220796592226
CCL20	Day*Allocation*srf14	Day4 Placebo No - Day7 Placebo Yes	0	-0.48086735526347546	0.15647266740966004	1158.056149978002	-3.073171584686544	0.002167461669945679	0.010372852277597178
CCL20	Day*Allocation*srf14	Day7 Placebo No - Day1 Anakinra Yes	0	-0.6212435703515102	0.1386269005786407	1124.5733866466837	-4.48140705561753	8.173035333462713e-6	2.0281235827481547e-5
CCL20	Day*Allocation*srf14	Day7 Placebo No - Day4 Anakinra Yes	0	-0.2954816559104183	0.14081721953831602	1155.6442286779818	-2.0983346843460327	0.03609223167790455	0.06363630322156855
CCL20	Day*Allocation*srf14	Day7 Placebo No - Day7 Anakinra Yes	0	-0.4629084652722443	0.1399597645327209	1142.46917816755	-3.3074395832098005	9.708460190065198e-4	0.004336445551562455
CCL20	Day*Allocation*srf14	Day7 Placebo No - Day1 Placebo Yes	0	-0.7669385551195181	0.15293168118346015	1109.9296156284415	-5.01490959351635	6.173006907098539e-7	2.297730348753345e-6
CCL20	Day*Allocation*srf14	Day7 Placebo No - Day4 Placebo Yes	0	-0.40986489701772216	0.15721521727462434	1168.9533981547809	-2.6070306941202013	0.009249374836266696	0.020656937134328954
CCL20	Day*Allocation*srf14	Day7 Placebo No - Day7 Placebo Yes	0	-0.3881033324911879	0.15713934866037887	1168.1170918684593	-2.4698036220704043	0.013660816028716017	0.039794551040172745
CCL20	Day*Allocation*srf14	Day1 Anakinra Yes - Day4 Anakinra Yes	0	0.32576191444109187	0.11128644978694867	1064.0755983789616	2.927237907802287	0.003492632351296055	0.007900261291707929
CCL20	Day*Allocation*srf14	Day1 Anakinra Yes - Day7 Anakinra Yes	0	0.1583351050792659	0.1105191329003387	1066.839212912918	1.4326488176671233	0.15225117056862048	0.20401656856195144
CCL20	Day*Allocation*srf14	Day1 Anakinra Yes - Day1 Placebo Yes	0	-0.14569498476800793	0.16498318002709883	1121.8478348116723	-0.8830899291920378	0.377376877428526	0.9668895255885167
CCL20	Day*Allocation*srf14	Day1 Anakinra Yes - Day4 Placebo Yes	0	0.211378673333788	0.16896856808275332	1172.697367612453	1.2509940501493986	0.2111861667637812	0.3368922184088891
CCL20	Day*Allocation*srf14	Day1 Anakinra Yes - Day7 Placebo Yes	0	0.23314023786032229	0.1689644743941092	1172.7773657458852	1.3798180871827725	0.16790565878650693	0.23070748663229584
CCL20	Day*Allocation*srf14	Day4 Anakinra Yes - Day7 Anakinra Yes	0	-0.16742680936182597	0.11147149266162472	1042.402298103626	-1.5019697445880213	0.1334077750304393	0.2832425209970772
CCL20	Day*Allocation*srf14	Day4 Anakinra Yes - Day1 Placebo Yes	0	-0.47145689920909983	0.166836008498865	1143.9573238525056	-2.8258701670647266	0.004797262991636325	0.01890686002586081
CCL20	Day*Allocation*srf14	Day4 Anakinra Yes - Day4 Placebo Yes	0	-0.11438324110730388	0.17077859093340303	1192.8739120856776	-0.6697750606919393	0.5031308175230087	0.6505883789593572
CCL20	Day*Allocation*srf14	Day4 Anakinra Yes - Day7 Placebo Yes	0	-0.09262167658076959	0.17077445878327918	1192.9470765636547	-0.5423625830271894	0.5876700486922962	0.7391651378811923
CCL20	Day*Allocation*srf14	Day7 Anakinra Yes - Day1 Placebo Yes	0	-0.3040300898472738	0.16611501176727195	1134.4337743396832	-1.8302384992948237	0.0674765443771886	0.11302321183179091
CCL20	Day*Allocation*srf14	Day7 Anakinra Yes - Day4 Placebo Yes	0	0.0530435682545221	0.17007243179117093	1184.0796235869022	0.3118881037677723	0.755180472357827	0.8294605188192528
CCL20	Day*Allocation*srf14	Day7 Anakinra Yes - Day7 Placebo Yes	0	0.07480513278105638	0.17007200004918743	1184.306879528959	0.4398439058717578	0.660130418120976	0.9309787269339678
CCL20	Day*Allocation*srf14	Day1 Placebo Yes - Day4 Placebo Yes	0	0.3570736581017959	0.1303474960897356	1062.7195833639107	2.7393979080041126	0.006258192808697511	0.018949281390051965
CCL20	Day*Allocation*srf14	Day1 Placebo Yes - Day7 Placebo Yes	0	0.37883522262833025	0.1303533997297371	1062.540846596699	2.9062166649567467	0.0037341971907624964	0.007148320336602493
CCL20	Day*Allocation*srf14	Day4 Placebo Yes - Day7 Placebo Yes	0	0.021761564526534296	0.1339444457062576	1055.0469097171374	0.162467091575098	0.8709691513767055	0.9262687800355439
ST1A1	Day*Allocation*srf14	Day1 Anakinra No - Day4 Anakinra No	0	-0.2747731627574016	0.05989217180681632	1038.7858269663027	-4.58779761140887	5.025674155774937e-6	1.0861940917320025e-5
ST1A1	Day*Allocation*srf14	Day1 Anakinra No - Day7 Anakinra No	0	-0.702299367731741	0.06037679188429957	1043.5767075968245	-11.631942437047032	1.7121466129799096e-29	5.735691153482697e-29
ST1A1	Day*Allocation*srf14	Day1 Anakinra No - Day1 Placebo No	0	0.059712394823807545	0.10363285186107384	1250.459088686933	0.576191755331173	0.5645892658765417	0.9893930626752736
ST1A1	Day*Allocation*srf14	Day1 Anakinra No - Day4 Placebo No	0	-0.26937204478980326	0.10244602227226744	1227.4648704298363	-2.6294046251391	0.008660346847410731	0.02320972955106076
ST1A1	Day*Allocation*srf14	Day1 Anakinra No - Day7 Placebo No	0	-0.4815871707409184	0.10394716809571297	1256.8631205720126	-4.632999431956436	3.978861132503025e-6	1.0663347835108108e-5
ST1A1	Day*Allocation*srf14	Day1 Anakinra No - Day1 Anakinra Yes	0	0.17128971107800975	0.12442046522779036	1234.3216763723133	1.3767004549003306	0.16885453185796448	0.34197937476826845
ST1A1	Day*Allocation*srf14	Day1 Anakinra No - Day4 Anakinra Yes	0	-0.2945960271661986	0.1272893247580832	1270.5956827104724	-2.3143812548781	0.02080564073329667	0.04806820445278886
ST1A1	Day*Allocation*srf14	Day1 Anakinra No - Day7 Anakinra Yes	0	-0.7078188288110439	0.1261568671161874	1254.7471211116097	-5.610624653188003	2.4781935191789004e-8	2.075487072312329e-7
ST1A1	Day*Allocation*srf14	Day1 Anakinra No - Day1 Placebo Yes	0	0.10202148522783364	0.14053023991512872	1221.1422497355472	0.7259753152734109	0.46799301755591394	0.6024436921876383
ST1A1	Day*Allocation*srf14	Day1 Anakinra No - Day4 Placebo Yes	0	-0.0614451445698155	0.14601688843461885	1288.2814344026767	-0.42080847789965364	0.6739651277201696	0.7167565644008153
ST1A1	Day*Allocation*srf14	Day1 Anakinra No - Day7 Placebo Yes	0	-0.3876336224713453	0.1459577213290845	1287.9470036575728	-2.6557938760729534	0.008009855483457751	0.019166439906845332
ST1A1	Day*Allocation*srf14	Day4 Anakinra No - Day7 Anakinra No	0	-0.42752620497433935	0.06056916276394024	1042.544445018024	-7.058479686116224	3.0674395392284483e-12	4.110368982566121e-11
ST1A1	Day*Allocation*srf14	Day4 Anakinra No - Day1 Placebo No	0	0.3344855575812091	0.10378590788451832	1253.0203207537584	3.222841755678317	0.00130194091366111	0.003489201648611775
ST1A1	Day*Allocation*srf14	Day4 Anakinra No - Day4 Placebo No	0	0.005401117967598325	0.10260093231544574	1230.1813408419666	0.05264199696541383	0.9580257013152408	0.9791167195678598
ST1A1	Day*Allocation*srf14	Day4 Anakinra No - Day7 Placebo No	0	-0.2068140079835168	0.10410101636096311	1259.4615448494562	-1.9866665592044122	0.04717575862755253	0.10196051058212965
ST1A1	Day*Allocation*srf14	Day4 Anakinra No - Day1 Anakinra Yes	0	0.4460628738354113	0.12456966860115343	1236.6877863599802	3.580830541209942	3.5578494754221336e-4	9.535036594131318e-4
ST1A1	Day*Allocation*srf14	Day4 Anakinra No - Day4 Anakinra Yes	0	-0.019822864408796964	0.12743513042796198	1272.7492574726525	-0.15555258853839102	0.8764103648502131	0.9033768376148349
ST1A1	Day*Allocation*srf14	Day4 Anakinra No - Day7 Anakinra Yes	0	-0.43304566605364225	0.12630405869777755	1257.0075936706623	-3.42859659870346	6.263463726142051e-4	0.0029975147832251242
ST1A1	Day*Allocation*srf14	Day4 Anakinra No - Day1 Placebo Yes	0	0.3767946479852352	0.14066414769440908	1223.0577284874323	2.678682906491684	0.007490326161321066	0.014760348612015042
ST1A1	Day*Allocation*srf14	Day4 Anakinra No - Day4 Placebo Yes	0	0.2133280181875861	0.14614582709856344	1289.9057335158682	1.4596928453093208	0.1446179960091948	0.20186261942950107
ST1A1	Day*Allocation*srf14	Day4 Anakinra No - Day7 Placebo Yes	0	-0.11286045971394368	0.1460847946935612	1289.4744615773623	-0.7725681509200771	0.4399195773741329	0.5263323515011947
ST1A1	Day*Allocation*srf14	Day7 Anakinra No - Day1 Placebo No	0	0.7620117625555485	0.10405794450524777	1258.1936882450352	7.322956129669842	4.316599294007669e-13	2.4101012724876153e-12
ST1A1	Day*Allocation*srf14	Day7 Anakinra No - Day4 Placebo No	0	0.4329273229419377	0.10287468057089053	1235.5543753199054	4.208298101529552	2.7591312623545175e-5	3.6972358915550533e-4
ST1A1	Day*Allocation*srf14	Day7 Anakinra No - Day7 Placebo No	0	0.22071219699082256	0.10437350156228924	1264.5988596900163	2.114638233719728	0.034656018294024114	0.29024415321245195
ST1A1	Day*Allocation*srf14	Day7 Anakinra No - Day1 Anakinra Yes	0	0.8735890788097507	0.12481407109312051	1240.3589650934196	6.9991233452996555	4.206504995469805e-12	1.761473966852981e-11
ST1A1	Day*Allocation*srf14	Day7 Anakinra No - Day4 Anakinra Yes	0	0.40770334056554236	0.12767362256928863	1276.0743719436744	3.1933247632593904	0.0014408080783602896	0.0031140045564561096
ST1A1	Day*Allocation*srf14	Day7 Anakinra No - Day7 Anakinra Yes	0	-0.005519461079302873	0.12654269887683545	1260.3868502568455	-0.04361738075995193	0.9652163058762824	0.9652163058762824
ST1A1	Day*Allocation*srf14	Day7 Anakinra No - Day1 Placebo Yes	0	0.8043208529595746	0.140885266000498	1226.0569370189355	5.7090487585602565	1.4238997036717733e-8	5.300071119222712e-8
ST1A1	Day*Allocation*srf14	Day7 Anakinra No - Day4 Placebo Yes	0	0.6408542231619254	0.14635616783321354	1292.3444559180355	4.3787305492464	1.2901080234057165e-5	5.4023273480114376e-5
ST1A1	Day*Allocation*srf14	Day7 Anakinra No - Day7 Placebo Yes	0	0.31466574526039565	0.14630011927964173	1292.10748908002	2.1508235728703378	0.0316751216819402	0.06063523293399981
ST1A1	Day*Allocation*srf14	Day1 Placebo No - Day4 Placebo No	0	-0.32908443961361084	0.0949672705920618	1041.0508704228364	-3.4652405777482524	5.513524672895832e-4	0.0014207928964770028
ST1A1	Day*Allocation*srf14	Day1 Placebo No - Day7 Placebo No	0	-0.5412995655647259	0.09660253591444522	1051.6815470418692	-5.603368073526775	2.6840167787099193e-8	6.91650477590633e-8
ST1A1	Day*Allocation*srf14	Day1 Placebo No - Day1 Anakinra Yes	0	0.1115773162542022	0.14170531499125955	1249.8136730469882	0.7873897761780095	0.43120302136548916	0.6566046007156312
ST1A1	Day*Allocation*srf14	Day1 Placebo No - Day4 Anakinra Yes	0	-0.3543084219900061	0.14422031943456778	1277.4263074683483	-2.4567163862839347	0.014153570761459944	0.04041661256400129
ST1A1	Day*Allocation*srf14	Day1 Placebo No - Day7 Anakinra Yes	0	-0.7675312236348514	0.1432245912943727	1265.381357352439	-5.35893464033231	9.93840954586274e-8	1.2085846528242113e-6
ST1A1	Day*Allocation*srf14	Day1 Placebo No - Day1 Placebo Yes	0	0.042309090404026084	0.15615898830868916	1234.9231753389888	0.2709359919801163	0.7864855400720286	0.8609006255483943
ST1A1	Day*Allocation*srf14	Day1 Placebo No - Day4 Placebo Yes	0	-0.12115753939362305	0.16112411433603807	1289.0977202270496	-0.7519516237087807	0.4522174192547619	0.6312201477097718
ST1A1	Day*Allocation*srf14	Day1 Placebo No - Day7 Placebo Yes	0	-0.44734601729515283	0.16103773967402996	1288.4475860709495	-2.777895530579748	0.005550598379490995	0.01430346505484218
ST1A1	Day*Allocation*srf14	Day4 Placebo No - Day7 Placebo No	0	-0.21221512595111514	0.09525900997216459	1042.3567676862672	-2.2277695937961774	0.02610869066873951	0.05642846047759829
ST1A1	Day*Allocation*srf14	Day4 Placebo No - Day1 Anakinra Yes	0	0.44066175586781303	0.14085459606583142	1237.4909917281109	3.1284868806258923	0.001798118572292524	0.004818957773743964
ST1A1	Day*Allocation*srf14	Day4 Placebo No - Day4 Anakinra Yes	0	-0.02522398237639529	0.14338515812147296	1265.9885379672246	-0.1759176661438421	0.8603867602589395	0.9150144910690309
ST1A1	Day*Allocation*srf14	Day4 Placebo No - Day7 Anakinra Yes	0	-0.43844678402124054	0.14238210190172543	1253.5218335057991	-3.0793672671292915	0.0021195054965053224	0.009467124551057107
ST1A1	Day*Allocation*srf14	Day4 Placebo No - Day1 Placebo Yes	0	0.3713935300176369	0.15538620786071372	1224.7114762095914	2.390131885775535	0.016992748770559625	0.03350973872225875
ST1A1	Day*Allocation*srf14	Day4 Placebo No - Day4 Placebo Yes	0	0.20792690021998778	0.16037320053805332	1280.1260906275484	1.296518991467349	0.19503040513774705	0.2722299405047719
ST1A1	Day*Allocation*srf14	Day4 Placebo No - Day7 Placebo Yes	0	-0.11826157768154201	0.16029083333330818	1279.5911463275088	-0.7377937666318655	0.46077505682778885	0.5824892227822991
ST1A1	Day*Allocation*srf14	Day7 Placebo No - Day1 Anakinra Yes	0	0.6528768818189281	0.1417207918530954	1250.289251285369	4.606782627179261	4.507480483155841e-6	1.258338301547672e-5
ST1A1	Day*Allocation*srf14	Day7 Placebo No - Day4 Anakinra Yes	0	0.18699114357471983	0.1442339491369203	1277.8163875582318	1.2964433456454167	0.19505686492508517	0.2667104071424634
ST1A1	Day*Allocation*srf14	Day7 Placebo No - Day7 Anakinra Yes	0	-0.22623165807012544	0.14323838964948996	1265.7897817061823	-1.5794066005888736	0.11449266913209367	0.19669253415000706
ST1A1	Day*Allocation*srf14	Day7 Placebo No - Day1 Placebo Yes	0	0.583608655968752	0.15619594595785724	1235.610557950847	3.7363879861914833	1.952029212422722e-4	4.218901846203947e-4
ST1A1	Day*Allocation*srf14	Day7 Placebo No - Day4 Placebo Yes	0	0.4201420261711029	0.16116203220613326	1289.7817728418497	2.6069541344187255	0.009240512381429342	0.020656937134328954
ST1A1	Day*Allocation*srf14	Day7 Placebo No - Day7 Placebo Yes	0	0.09395354826957311	0.16107640125397293	1289.1234965209203	0.5832856181175438	0.5598030680573836	0.7193402218094294
ST1A1	Day*Allocation*srf14	Day1 Anakinra Yes - Day4 Anakinra Yes	0	-0.4658857382442083	0.12368621478251693	1075.5132749213844	-3.766674718467182	1.7440420123807654e-4	6.150042885763752e-4
ST1A1	Day*Allocation*srf14	Day1 Anakinra Yes - Day7 Anakinra Yes	0	-0.8791085398890536	0.12281176522023574	1078.0326508751996	-7.158178520702531	1.509558913820105e-12	9.19458611144973e-12
ST1A1	Day*Allocation*srf14	Day1 Anakinra Yes - Day1 Placebo Yes	0	-0.06926822585017611	0.16863837390494651	1248.2646975230546	-0.41075008164641896	0.6813262973139944	0.9668895255885167
ST1A1	Day*Allocation*srf14	Day1 Anakinra Yes - Day4 Placebo Yes	0	-0.23273485564782526	0.17325823839082669	1294.6020811765343	-1.3432830542974492	0.17941575768030457	0.30822707088667706
ST1A1	Day*Allocation*srf14	Day1 Anakinra Yes - Day7 Placebo Yes	0	-0.5589233335493551	0.17325530784628773	1294.7514026036104	-3.226009872351111	0.0012866803249085566	0.004105122941374919
ST1A1	Day*Allocation*srf14	Day4 Anakinra Yes - Day7 Anakinra Yes	0	-0.41322280164484526	0.12407867413596199	1051.50057594127	-3.33032895880276	8.975730360475001e-4	0.006013739341518251
ST1A1	Day*Allocation*srf14	Day4 Anakinra Yes - Day1 Placebo Yes	0	0.3966175123940322	0.17076319000361126	1267.8684002372893	2.322617142404312	0.02035738481372339	0.05455779130077869
ST1A1	Day*Allocation*srf14	Day4 Anakinra Yes - Day4 Placebo Yes	0	0.23315088259638306	0.17532776723362678	1311.7650202326947	1.3298001011197853	0.18381532382598	0.44740482011467014
ST1A1	Day*Allocation*srf14	Day4 Anakinra Yes - Day7 Placebo Yes	0	-0.09303759530514671	0.17532469162582365	1311.8983613488517	-0.5306588275866282	0.5957450365012595	0.7391651378811923
ST1A1	Day*Allocation*srf14	Day7 Anakinra Yes - Day1 Placebo Yes	0	0.8098403140388775	0.16992404440439332	1259.052277534437	4.765895944140671	2.0988247603462422e-6	1.4062125894319824e-5
ST1A1	Day*Allocation*srf14	Day7 Anakinra Yes - Day4 Placebo Yes	0	0.6463736842412283	0.17450775229372328	1303.9100658073269	3.7039826354148575	2.2111280978119585e-4	0.014814558255340123
ST1A1	Day*Allocation*srf14	Day7 Anakinra Yes - Day7 Placebo Yes	0	0.32018520633969855	0.17451052891338306	1304.2575015756122	1.8347615375036768	0.06676868089712278	0.7455836033512043
ST1A1	Day*Allocation*srf14	Day1 Placebo Yes - Day4 Placebo Yes	0	-0.16346662979764914	0.14489005444622743	1072.6501296188767	-1.128211528544328	0.25948287427331673	0.3863411683624938
ST1A1	Day*Allocation*srf14	Day1 Placebo Yes - Day7 Placebo Yes	0	-0.4896551076991789	0.14489848872466995	1072.4335865582334	-3.3792975482967327	7.528606214906322e-4	0.00162836168111919
ST1A1	Day*Allocation*srf14	Day4 Placebo Yes - Day7 Placebo Yes	0	-0.32618847790152977	0.1489611502716662	1065.7212746954506	-2.1897553644466847	0.02875819434622664	0.13762850151408462
STAMBP	Day*Allocation*srf14	Day1 Anakinra No - Day4 Anakinra No	0	0.12229319039305624	0.0644337009707627	1041.1845683536576	1.8979693630907175	0.05797649069816121	0.08092551826618335
STAMBP	Day*Allocation*srf14	Day1 Anakinra No - Day7 Anakinra No	0	-0.11264563158728907	0.0649473911653049	1046.353450512076	-1.734413493231499	0.08313924134676154	0.09441235881750887
STAMBP	Day*Allocation*srf14	Day1 Anakinra No - Day1 Placebo No	0	0.09230575809739917	0.10832801928297857	1296.9556606705876	0.8520949492880006	0.3943187074119976	0.9893930626752736
STAMBP	Day*Allocation*srf14	Day1 Anakinra No - Day4 Placebo No	0	0.06865858193439905	0.10703131126343639	1275.1280933272117	0.6414812742544987	0.5213253287070987	0.6127859126908003
STAMBP	Day*Allocation*srf14	Day1 Anakinra No - Day7 Placebo No	0	-0.12245905768138725	0.10867258529803567	1303.0866835363115	-1.1268624680782373	0.2600080978913299	0.311081117119984
STAMBP	Day*Allocation*srf14	Day1 Anakinra No - Day1 Anakinra Yes	0	-0.026099334888557747	0.13000822736490592	1280.6026897788445	-0.200751409488127	0.8409248367540294	0.9236387551232783
STAMBP	Day*Allocation*srf14	Day1 Anakinra No - Day4 Anakinra Yes	0	-0.11242506964493945	0.1331147644444593	1314.0365814623922	-0.8445725018868783	0.39850330477303864	0.48544948035988345
STAMBP	Day*Allocation*srf14	Day1 Anakinra No - Day7 Anakinra Yes	0	-0.16027992243359823	0.13188280651865703	1299.2433233757963	-1.2153208341901942	0.22446454409064936	0.3417982830471252
STAMBP	Day*Allocation*srf14	Day1 Anakinra No - Day1 Placebo Yes	0	-0.1947386731966839	0.14679729456585522	1268.0219838413393	-1.326582167420814	0.18488579585583106	0.3605179628806897
STAMBP	Day*Allocation*srf14	Day1 Anakinra No - Day4 Placebo Yes	0	0.09710387811166225	0.15276176936001543	1330.7265724463587	0.6356556258707401	0.5251101997668655	0.6065928169720687
STAMBP	Day*Allocation*srf14	Day1 Anakinra No - Day7 Placebo Yes	0	-0.032926183349239406	0.1526988106560653	1330.4860403714913	-0.21562828949206067	0.8293105528864447	0.8681844850529968
STAMBP	Day*Allocation*srf14	Day4 Anakinra No - Day7 Anakinra No	0	-0.23493882198034532	0.06515591209151445	1045.3683846982556	-3.6057943851720324	3.2589144652289627e-4	6.065201921398348e-4
STAMBP	Day*Allocation*srf14	Day4 Anakinra No - Day1 Placebo No	0	-0.029987432295657063	0.10849430563252345	1299.3366963042347	-0.27639637048995225	0.7822876012234143	0.845375310999496
STAMBP	Day*Allocation*srf14	Day4 Anakinra No - Day4 Placebo No	0	-0.05363460845865718	0.10719972841647632	1277.6773644817247	-0.5003241076347138	0.6169330452790014	0.9152190012754137
STAMBP	Day*Allocation*srf14	Day4 Anakinra No - Day7 Placebo No	0	-0.24475224807444348	0.10883986037875477	1305.5088069986398	-2.2487372477576093	0.024695414300041397	0.07520876173194425
STAMBP	Day*Allocation*srf14	Day4 Anakinra No - Day1 Anakinra Yes	0	-0.14839252528161398	0.130171150512693	1282.8594168192287	-1.1399801315203417	0.25450737152722513	0.3100362525877106
STAMBP	Day*Allocation*srf14	Day4 Anakinra No - Day4 Anakinra Yes	0	-0.2347182600379957	0.13327385095541164	1316.0695040456508	-1.7611726408095125	0.07844138086864524	0.14598812550553422
STAMBP	Day*Allocation*srf14	Day4 Anakinra No - Day7 Anakinra Yes	0	-0.2825731128266545	0.13204352233061734	1301.3936474094564	-2.1399998109648535	0.03254027509956722	0.07267328105570013
STAMBP	Day*Allocation*srf14	Day4 Anakinra No - Day1 Placebo Yes	0	-0.3170318635897401	0.1469435792794211	1269.8585310489116	-2.157507426621799	0.031153228149654537	0.05027947089843295
STAMBP	Day*Allocation*srf14	Day4 Anakinra No - Day4 Placebo Yes	0	-0.025189312281393986	0.15290242724397646	1332.2521998116747	-0.16474108838835527	0.8691727663221218	0.8823420506603358
STAMBP	Day*Allocation*srf14	Day4 Anakinra No - Day7 Placebo Yes	0	-0.15521937374229564	0.15283714064551654	1331.902923834331	-1.01558674211463	0.3100106679970488	0.43272322407921393
STAMBP	Day*Allocation*srf14	Day7 Anakinra No - Day1 Placebo No	0	0.20495138968468823	0.10879157156166305	1304.2310623139151	1.8838903303140704	0.0598020978555657	0.07559887842118683
STAMBP	Day*Allocation*srf14	Day7 Anakinra No - Day4 Placebo No	0	0.18130421352168813	0.10749889885132197	1282.7913387877643	1.6865680993853134	0.09192957981795348	0.1651674714970642
STAMBP	Day*Allocation*srf14	Day7 Anakinra No - Day7 Placebo No	0	-0.009813426094098174	0.10913761211675105	1310.3564500038585	-0.08991791100945258	0.9283661894609521	0.9865611017020623
STAMBP	Day*Allocation*srf14	Day7 Anakinra No - Day1 Anakinra Yes	0	0.08654629669873133	0.13043740269791562	1286.3117744203412	0.6635082799001052	0.5071239714956794	0.5284306559149643
STAMBP	Day*Allocation*srf14	Day7 Anakinra No - Day4 Anakinra Yes	0	2.2056194234961954e-4	0.13353344596645803	1319.1631055992334	0.0016517355689676578	0.9986823560264416	0.9986823560264416
STAMBP	Day*Allocation*srf14	Day7 Anakinra No - Day7 Anakinra Yes	0	-0.047634290846309164	0.13230318226298396	1304.5426597631615	-0.3600388897042908	0.7188763302210548	0.8027452354135112
STAMBP	Day*Allocation*srf14	Day7 Anakinra No - Day1 Placebo Yes	0	-0.08209304160939482	0.14718455880086823	1272.6907598312166	-0.5577558018192773	0.5771092376208122	0.6137510939776892
STAMBP	Day*Allocation*srf14	Day7 Anakinra No - Day4 Placebo Yes	0	0.20974950969895131	0.1531310925953178	1334.4943966810133	1.3697382167399537	0.1709990587141622	0.21870538516108498
STAMBP	Day*Allocation*srf14	Day7 Anakinra No - Day7 Placebo Yes	0	0.07971944823804966	0.15307174566686868	1334.352286451298	0.5207979296946398	0.6025939536363634	0.6728965815606057
STAMBP	Day*Allocation*srf14	Day1 Placebo No - Day4 Placebo No	0	-0.02364717616300012	0.10216259737816183	1043.8356859318667	-0.23146608220490403	0.8169980966830723	0.867442853017481
STAMBP	Day*Allocation*srf14	Day1 Placebo No - Day7 Placebo No	0	-0.21476481577878642	0.10389460329114844	1055.2768960836718	-2.067141208258349	0.03896425369093288	0.052212099945850056
STAMBP	Day*Allocation*srf14	Day1 Placebo No - Day1 Anakinra Yes	0	-0.11840509298595692	0.14812242233054648	1295.8098734325454	-0.7993731882248517	0.42422055303727313	0.6566046007156312
STAMBP	Day*Allocation*srf14	Day1 Placebo No - Day4 Anakinra Yes	0	-0.20473082774233864	0.15084548404217205	1321.141820110604	-1.357222120650969	0.17494245514832668	0.3005421665368689
STAMBP	Day*Allocation*srf14	Day1 Placebo No - Day7 Anakinra Yes	0	-0.2525856805309974	0.14976279440971801	1309.964520930765	-1.6865716316696029	0.09192385638209748	0.15792047122052644
STAMBP	Day*Allocation*srf14	Day1 Placebo No - Day1 Placebo Yes	0	-0.2870444312940831	0.16317481908299034	1281.5318009443008	-1.7591221054033646	0.07879538493427	0.21997044960817042
STAMBP	Day*Allocation*srf14	Day1 Placebo No - Day4 Placebo Yes	0	0.004798120014263076	0.16857090507673156	1331.9355924161305	0.028463512206207985	0.9772967333020982	0.9929881206300604
STAMBP	Day*Allocation*srf14	Day1 Placebo No - Day7 Placebo Yes	0	-0.12523194144663857	0.1684781087824295	1331.3834677778752	-0.7433128395829842	0.4574234420736767	0.6166647641127109
STAMBP	Day*Allocation*srf14	Day4 Placebo No - Day7 Placebo No	0	-0.19111763961578632	0.10247312484438305	1045.2637863437853	-1.8650513479121469	0.06245424858708627	0.12307160750984648
STAMBP	Day*Allocation*srf14	Day4 Placebo No - Day1 Anakinra Yes	0	-0.0947579168229568	0.1471916967098507	1284.0661674820326	-0.6437721620245118	0.5198381500991869	0.5709697714204184
STAMBP	Day*Allocation*srf14	Day4 Placebo No - Day4 Anakinra Yes	0	-0.1810836515793385	0.14993240564180546	1310.3336933625183	-1.2077685994844545	0.22735422705031982	0.33850518249714284
STAMBP	Day*Allocation*srf14	Day4 Placebo No - Day7 Anakinra Yes	0	-0.2289385043679973	0.1488412901939053	1298.705676300174	-1.538138402789603	0.12425836874188471	0.27751035685687586
STAMBP	Day*Allocation*srf14	Day4 Placebo No - Day1 Placebo Yes	0	-0.263397255131083	0.16232952779639023	1271.7691874607908	-1.6226083985253865	0.1049209872397238	0.15621569211247766
STAMBP	Day*Allocation*srf14	Day4 Placebo No - Day4 Placebo Yes	0	0.028445296177263196	0.16775040191118798	1323.4993471539694	0.16956916855747967	0.8653748849501481	0.8784866256312109
STAMBP	Day*Allocation*srf14	Day4 Placebo No - Day7 Placebo Yes	0	-0.10158476528363847	0.16766231064759868	1323.068178234446	-0.6058890927320845	0.5446923278788323	0.6543871196725338
STAMBP	Day*Allocation*srf14	Day7 Placebo No - Day1 Anakinra Yes	0	0.0963597227928295	0.1481402841032905	1296.3058980585915	0.6504626569073061	0.5155086801793168	0.5854081622375293
STAMBP	Day*Allocation*srf14	Day7 Placebo No - Day4 Anakinra Yes	0	0.010033988036447793	0.1508611584787151	1321.5446841266128	0.06651140782445657	0.9469807359579643	0.9761186047566708
STAMBP	Day*Allocation*srf14	Day7 Placebo No - Day7 Anakinra Yes	0	-0.03782086475221099	0.14977869278936431	1310.389765122494	-0.25251164933986275	0.8006852128421823	0.8652566009746163
STAMBP	Day*Allocation*srf14	Day7 Placebo No - Day1 Placebo Yes	0	-0.07227961551529664	0.1632160577600472	1282.2221460125547	-0.4428462279217578	0.6579516611400786	0.7184185003443172
STAMBP	Day*Allocation*srf14	Day7 Placebo No - Day4 Placebo Yes	0	0.2195629357930495	0.1686133299295169	1332.617334867014	1.3021683154281478	0.19308387038085587	0.2640126390921907
STAMBP	Day*Allocation*srf14	Day7 Placebo No - Day7 Placebo Yes	0	0.08953287433214785	0.16852126462635286	1332.050142649797	0.5312853219483078	0.5953096520375736	0.725195394300317
STAMBP	Day*Allocation*srf14	Day1 Anakinra Yes - Day4 Anakinra Yes	0	-0.08632573475638171	0.1329465952705696	1079.8573926689749	-0.6493264049424788	0.5162655032880326	0.596375667591348
STAMBP	Day*Allocation*srf14	Day1 Anakinra Yes - Day7 Anakinra Yes	0	-0.1341805875450405	0.13199900567530157	1082.2153673228984	-1.0165272598727395	0.3096055725072486	0.37042095282117243
STAMBP	Day*Allocation*srf14	Day1 Anakinra Yes - Day1 Placebo Yes	0	-0.16863933830812616	0.17626953019247726	1294.7687092206088	-0.9567129277758935	0.338890766509115	0.9668895255885167
STAMBP	Day*Allocation*srf14	Day1 Anakinra Yes - Day4 Placebo Yes	0	0.12320321300022	0.18129027826604704	1337.7164409620189	0.6795908428107593	0.49688114478440937	0.6165006796399153
STAMBP	Day*Allocation*srf14	Day1 Anakinra Yes - Day7 Placebo Yes	0	-0.006826848460681659	0.18128790785713497	1337.8886384855173	-0.0376574948730811	0.969966384073945	0.9846628444387017
STAMBP	Day*Allocation*srf14	Day4 Anakinra Yes - Day7 Anakinra Yes	0	-0.04785485278865878	0.1334452998009608	1055.1490330633999	-0.358610253489904	0.719958412800668	0.8680023420269136
STAMBP	Day*Allocation*srf14	Day4 Anakinra Yes - Day1 Placebo Yes	0	-0.08231360355174444	0.17856940788040165	1312.7322901090472	-0.4609613960688869	0.6449026598014126	0.7447312023902323
STAMBP	Day*Allocation*srf14	Day4 Anakinra Yes - Day4 Placebo Yes	0	0.2095289477566017	0.18352810055169866	1353.1877715668531	1.1416722950150011	0.2537922449559061	0.4474758003169923
STAMBP	Day*Allocation*srf14	Day4 Anakinra Yes - Day7 Placebo Yes	0	0.07949888629570005	0.18352551596718614	1353.3399044083692	0.4331762037378728	0.6649557939451276	0.7816147051635711
STAMBP	Day*Allocation*srf14	Day7 Anakinra Yes - Day1 Placebo Yes	0	-0.03445875076308566	0.17765616482779878	1304.5092630635827	-0.19396315797139013	0.8462349277502272	0.8722729255271572
STAMBP	Day*Allocation*srf14	Day7 Anakinra Yes - Day4 Placebo Yes	0	0.2573838005452605	0.1826363004470875	1345.961437014626	1.409269679221456	0.1589864330581049	0.4165644186721213
STAMBP	Day*Allocation*srf14	Day7 Anakinra Yes - Day7 Placebo Yes	0	0.12735373908435882	0.18264081452015057	1346.346305908648	0.697290687292177	0.48574128135132	0.9309787269339678
STAMBP	Day*Allocation*srf14	Day1 Placebo Yes - Day4 Placebo Yes	0	0.29184255130834613	0.155749395043283	1076.3195634032022	1.8737957295259005	0.06122935608508961	0.11087477993786496
STAMBP	Day*Allocation*srf14	Day1 Placebo Yes - Day7 Placebo Yes	0	0.16181248984744448	0.15575927820708188	1076.0900188705562	1.0388626071592015	0.2991020047285771	0.3643606239420849
STAMBP	Day*Allocation*srf14	Day4 Placebo Yes - Day7 Placebo Yes	0	-0.13003006146090165	0.16015124105804454	1069.8788133194723	-0.8119204109930943	0.41701790607952416	0.5944723341984706
ADA	Day*Allocation*srf14	Day1 Anakinra No - Day4 Anakinra No	0	0.2096272754582599	0.061476493192091135	1037.680968706357	3.4098769232534583	6.749334713936061e-4	0.001222176826577611
ADA	Day*Allocation*srf14	Day1 Anakinra No - Day7 Anakinra No	0	0.21391514555209665	0.061977239858770516	1042.2975986544316	3.4515113296357147	5.798148267754061e-4	7.063198798900401e-4
ADA	Day*Allocation*srf14	Day1 Anakinra No - Day1 Placebo No	0	0.12155822933632549	0.10788948360936271	1228.2312648641278	1.1266921044543454	0.26009275876154003	0.9893930626752736
ADA	Day*Allocation*srf14	Day1 Anakinra No - Day4 Placebo No	0	0.215401295942026	0.10668120395477074	1204.8586798091064	2.0191119705899547	0.04369669592531182	0.07912644937826735
ADA	Day*Allocation*srf14	Day1 Anakinra No - Day7 Placebo No	0	0.16416862111592848	0.10820899123312279	1234.7173692537704	1.5171439937208882	0.12948630949315812	0.17351165472083188
ADA	Day*Allocation*srf14	Day1 Anakinra No - Day1 Anakinra Yes	0	-0.0059576862145247255	0.12955378811035176	1212.2802173717125	-0.04598619848498808	0.963328824156743	0.9929697110538734
ADA	Day*Allocation*srf14	Day1 Anakinra No - Day4 Anakinra Yes	0	-0.0075476246387153655	0.13248701414939068	1249.669475611473	-0.056968788127451944	0.9545791653270825	0.9545791653270825
ADA	Day*Allocation*srf14	Day1 Anakinra No - Day7 Anakinra Yes	0	0.10765297418566772	0.1313316991831732	1233.4281023762808	0.81970289621792	0.4125438626619694	0.5315468999683067
ADA	Day*Allocation*srf14	Day1 Anakinra No - Day1 Placebo Yes	0	-0.09739657076768787	0.14634965733265087	1198.9375254207384	-0.6655059707198817	0.5058549320685092	0.6276348231220391
ADA	Day*Allocation*srf14	Day1 Anakinra No - Day4 Placebo Yes	0	-0.24485077364212224	0.15194901936585248	1267.7234188379468	-1.611400814983789	0.10734131164457451	0.20548193943389978
ADA	Day*Allocation*srf14	Day1 Anakinra No - Day7 Placebo Yes	0	0.09160082965963778	0.15188805756105303	1267.347021422474	0.6030811844625629	0.5465625885409249	0.6539230970043208
ADA	Day*Allocation*srf14	Day4 Anakinra No - Day7 Anakinra No	0	0.004287870093836743	0.06217396452844314	1041.2480149507535	0.0689656856589086	0.9450301747359972	0.9450301747359972
ADA	Day*Allocation*srf14	Day4 Anakinra No - Day1 Placebo No	0	-0.08806904612193442	0.10804572447460899	1230.8595845963464	-0.815109034162947	0.4151675882949982	0.5286893429412761
ADA	Day*Allocation*srf14	Day4 Anakinra No - Day4 Placebo No	0	0.005774020483766115	0.10683928574602956	1207.6346288397965	0.05404398244941181	0.9569090612942783	0.9791167195678598
ADA	Day*Allocation*srf14	Day4 Anakinra No - Day7 Placebo No	0	-0.04545865434233143	0.10836598816688163	1237.381075677551	-0.4194919006536067	0.6749294900715603	0.7065668099186647
ADA	Day*Allocation*srf14	Day4 Anakinra No - Day1 Anakinra Yes	0	-0.21558496167278463	0.1297057387277897	1214.6816658114672	-1.6621081209461948	0.0967491130914466	0.13791894844950897
ADA	Day*Allocation*srf14	Day4 Anakinra No - Day4 Anakinra Yes	0	-0.21717490009697527	0.1326355636521562	1251.8659752027797	-1.6373806098229278	0.10180228847659707	0.1843446845387028
ADA	Day*Allocation*srf14	Day4 Anakinra No - Day7 Anakinra Yes	0	-0.10197430127259219	0.13148161126024546	1235.7257724262386	-0.7755784272429658	0.43814633912720147	0.605161441874014
ADA	Day*Allocation*srf14	Day4 Anakinra No - Day1 Placebo Yes	0	-0.3070238462259478	0.1464860030947504	1200.8770527753688	-2.0959261618146408	0.03629764011747711	0.05527140654252196
ADA	Day*Allocation*srf14	Day4 Anakinra No - Day4 Placebo Yes	0	-0.45447804910038214	0.15208039738416357	1269.383931012308	-2.988406506805379	0.002858269569384983	0.008326263528208429
ADA	Day*Allocation*srf14	Day4 Anakinra No - Day7 Placebo Yes	0	-0.11802644579862212	0.15201765479463872	1268.916557428581	-0.7763995962052206	0.4376577750827778	0.5263323515011947
ADA	Day*Allocation*srf14	Day7 Anakinra No - Day1 Placebo No	0	-0.09235691621577116	0.1083226628299417	1236.1264770808364	-0.8526093598784998	0.394041133672405	0.42581864445243767
ADA	Day*Allocation*srf14	Day7 Anakinra No - Day4 Placebo No	0	0.001486150389929372	0.10711794740625917	1213.0896163750115	0.013873962542364143	0.988932815924505	0.988932815924505
ADA	Day*Allocation*srf14	Day7 Anakinra No - Day7 Placebo No	0	-0.04974652443616817	0.10864338312222677	1242.6170512456886	-0.45788821193281487	0.6471128109660835	0.9538344209491556
ADA	Day*Allocation*srf14	Day7 Anakinra No - Day1 Anakinra Yes	0	-0.21987283176662137	0.1299548965785451	1218.42933770608	-1.6919164845299204	0.09091759092207931	0.11075415621416934
ADA	Day*Allocation*srf14	Day7 Anakinra No - Day4 Anakinra Yes	0	-0.221462770190812	0.1328787989177562	1255.2776799692253	-1.666652408017955	0.0958330091779756	0.13103697173315032
ADA	Day*Allocation*srf14	Day7 Anakinra No - Day7 Anakinra Yes	0	-0.10626217136642893	0.1317250347426566	1239.189878690962	-0.8066968558712249	0.4199959490727462	0.5211060849606295
ADA	Day*Allocation*srf14	Day7 Anakinra No - Day1 Placebo Yes	0	-0.31131171631978455	0.14671137904729445	1203.9327004819459	-2.121932997572253	0.03404713497235301	0.04562316086295304
ADA	Day*Allocation*srf14	Day7 Anakinra No - Day4 Placebo Yes	0	-0.4587659191942189	0.15229504338475697	1271.898934267008	-3.012349640527672	0.0026435504941672585	0.004919941197477953
ADA	Day*Allocation*srf14	Day7 Anakinra No - Day7 Placebo Yes	0	-0.12231431589245886	0.1522371666382722	1271.6186853059312	-0.8034458246525802	0.4218672521977378	0.5426432364531766
ADA	Day*Allocation*srf14	Day1 Placebo No - Day4 Placebo No	0	0.09384306660570053	0.09748181132196083	1039.775182835561	0.9626725779207945	0.33593568373557936	0.43284020789007344
ADA	Day*Allocation*srf14	Day1 Placebo No - Day7 Placebo No	0	0.04261039177960299	0.09917209824507676	1050.0312406032688	0.42966108949619114	0.6675303436713022	0.677644439787534
ADA	Day*Allocation*srf14	Day1 Placebo No - Day1 Anakinra Yes	0	-0.1275159155508502	0.14752655130100625	1227.8086806949605	-0.8643590894406032	0.3875594901710624	0.6333289229624678
ADA	Day*Allocation*srf14	Day1 Placebo No - Day4 Anakinra Yes	0	-0.12910585397504085	0.1500981212798223	1256.3263621822439	-0.8601430375957447	0.389874306550967	0.5121878144885252
ADA	Day*Allocation*srf14	Day1 Placebo No - Day7 Anakinra Yes	0	-0.013905255150657773	0.14908207012973013	1243.9527884316228	-0.09327248500478644	0.9257021101638849	0.969094396577817
ADA	Day*Allocation*srf14	Day1 Placebo No - Day1 Placebo Yes	0	-0.21895480010401336	0.16260090086982687	1212.7520170463285	-1.3465780259071358	0.1783677766094278	0.3855045494461826
ADA	Day*Allocation*srf14	Day1 Placebo No - Day4 Placebo Yes	0	-0.3664090029784477	0.16766865925454985	1268.3447672437871	-2.185315995293884	0.029048112911843515	0.07485475250359676
ADA	Day*Allocation*srf14	Day1 Placebo No - Day7 Placebo Yes	0	-0.029957399676687705	0.16758003961362836	1267.65252124049	-0.17876472487867484	0.858151009904639	0.9273567365098517
ADA	Day*Allocation*srf14	Day4 Placebo No - Day7 Placebo No	0	-0.05123267482609754	0.09778268966753222	1041.0257056916173	-0.5239442175326954	0.6004288640043849	0.6704788981382298
ADA	Day*Allocation*srf14	Day4 Placebo No - Day1 Anakinra Yes	0	-0.22135898215655075	0.14666099578269967	1215.3031798749844	-1.5093241456271536	0.13147589402416232	0.18742308297061436
ADA	Day*Allocation*srf14	Day4 Placebo No - Day4 Anakinra Yes	0	-0.2229489205807414	0.14924810623257218	1244.6723055888465	-1.4938140671166829	0.13547767397486857	0.23489995677262204
ADA	Day*Allocation*srf14	Day4 Placebo No - Day7 Anakinra Yes	0	-0.1077483217563583	0.148224780785302	1231.8947495392933	-0.726925155061809	0.46740991642606167	0.6663077532031092
ADA	Day*Allocation*srf14	Day4 Placebo No - Day1 Placebo Yes	0	-0.3127978667097139	0.16181457432211366	1202.403610011912	-1.9330636193934403	0.053462919374310906	0.08955038995197077
ADA	Day*Allocation*srf14	Day4 Placebo No - Day4 Placebo Yes	0	-0.46025206958414827	0.1669041778849342	1259.1826106384851	-2.7575826765789633	0.005907235305769422	0.022040587756453366
ADA	Day*Allocation*srf14	Day4 Placebo No - Day7 Placebo Yes	0	-0.12380046628238824	0.1668194986606887	1258.6022730925938	-0.7421222775294314	0.4581517204425952	0.5824892227822991
ADA	Day*Allocation*srf14	Day7 Placebo No - Day1 Anakinra Yes	0	-0.1701263073304532	0.1475419006555023	1228.2715871486741	-1.1530711382638588	0.24910552868689598	0.30907537818559316
ADA	Day*Allocation*srf14	Day7 Placebo No - Day4 Anakinra Yes	0	-0.17171624575464384	0.150111662427431	1256.7078615467742	-1.143923416594345	0.2528732406414988	0.3322060220192239
ADA	Day*Allocation*srf14	Day7 Placebo No - Day7 Anakinra Yes	0	-0.05651564693026077	0.14909576751304368	1244.3507880298914	-0.37905601126682875	0.7047109400258496	0.8002649657920665
ADA	Day*Allocation*srf14	Day7 Placebo No - Day1 Placebo Yes	0	-0.2615651918836164	0.16263815747363802	1213.4333552321414	-1.6082646037478223	0.10803737181503974	0.14772456962464617
ADA	Day*Allocation*srf14	Day7 Placebo No - Day4 Placebo Yes	0	-0.4090193947580507	0.16770683658915328	1269.025227184725	-2.438895176110577	0.014868560168269238	0.02929980974335409
ADA	Day*Allocation*srf14	Day7 Placebo No - Day7 Placebo Yes	0	-0.07256779145629069	0.1676190034144659	1268.327875360408	-0.43293296092958355	0.6651370818880038	0.7683480083878664
ADA	Day*Allocation*srf14	Day1 Anakinra Yes - Day4 Anakinra Yes	0	-0.00158993842419064	0.12701009756046286	1073.4773258926734	-0.012518204888660553	0.9900145044643988	0.9900145044643988
ADA	Day*Allocation*srf14	Day1 Anakinra Yes - Day7 Anakinra Yes	0	0.11361066040019244	0.12611580370419279	1076.0594618088887	0.9008439629554166	0.36787285807553005	0.43241195598351784
ADA	Day*Allocation*srf14	Day1 Anakinra Yes - Day1 Placebo Yes	0	-0.09143888455316315	0.17556931662475805	1226.0595349650632	-0.5208135812739663	0.602590683650818	0.9668895255885167
ADA	Day*Allocation*srf14	Day1 Anakinra Yes - Day4 Placebo Yes	0	-0.23889308742759752	0.180284726137532	1273.684922595197	-1.3250877794570104	0.18537969639850832	0.31051099146750144
ADA	Day*Allocation*srf14	Day1 Anakinra Yes - Day7 Placebo Yes	0	0.0975585158741625	0.18028138852812362	1273.8225037134314	0.5411457980807793	0.588501714028317	0.6682985566084277
ADA	Day*Allocation*srf14	Day4 Anakinra Yes - Day7 Anakinra Yes	0	0.11520059882438308	0.12737879472719102	1049.8277597553151	0.9043938519838396	0.36599408331133454	0.5702698507409166
ADA	Day*Allocation*srf14	Day4 Anakinra Yes - Day1 Placebo Yes	0	-0.08984894612897251	0.17774221837253584	1246.3116969259759	-0.5055014332084857	0.6132960763758328	0.7208918792487861
ADA	Day*Allocation*srf14	Day4 Anakinra Yes - Day4 Placebo Yes	0	-0.23730314900340688	0.1824021299685926	1291.551224052571	-1.3009889141331166	0.1934943004834404	0.44740482011467014
ADA	Day*Allocation*srf14	Day4 Anakinra Yes - Day7 Placebo Yes	0	0.09914845429835314	0.1823986662956808	1291.6746730649998	0.5435810267254184	0.5868236194942694	0.7391651378811923
ADA	Day*Allocation*srf14	Day7 Anakinra Yes - Day1 Placebo Yes	0	-0.2050495449533556	0.1768863022163491	1237.2767642030126	-1.1592166402040567	0.24659155751936365	0.34420071570411176
ADA	Day*Allocation*srf14	Day7 Anakinra Yes - Day4 Placebo Yes	0	-0.3525037478277899	0.18156542695964029	1283.4489553553838	-1.9414695502913508	0.05241997898917118	0.23414257281829795
ADA	Day*Allocation*srf14	Day7 Anakinra Yes - Day7 Placebo Yes	0	-0.016052144526029932	0.18156762883484506	1283.776656119038	-0.08840862564015226	0.9295656946813473	0.9817894391401966
ADA	Day*Allocation*srf14	Day1 Placebo Yes - Day4 Placebo Yes	0	-0.14745420287443434	0.148779340014905	1070.9114256905034	-0.9910932718189372	0.32186391315739826	0.4588272804584188
ADA	Day*Allocation*srf14	Day1 Placebo Yes - Day7 Placebo Yes	0	0.18899740042732566	0.1487876443357627	1070.7012864018325	1.2702492957064588	0.2042718033872094	0.26319636205659674
ADA	Day*Allocation*srf14	Day4 Placebo Yes - Day7 Placebo Yes	0	0.33645160330176	0.15294745669553822	1063.792657976501	2.1997855379283004	0.028036596381719573	0.13762850151408462
TNFB	Day*Allocation*srf14	Day1 Anakinra No - Day4 Anakinra No	0	-0.12554728921754496	0.05118739187440077	1031.9541200614274	-2.4526994757928304	0.01434351984606104	0.023439410480148526
TNFB	Day*Allocation*srf14	Day1 Anakinra No - Day7 Anakinra No	0	-0.1595416514581617	0.05161803563321654	1035.671006259298	-3.0908121454256894	0.002049414486096594	0.002408960887166172
TNFB	Day*Allocation*srf14	Day1 Anakinra No - Day1 Placebo No	0	-0.05326045515711449	0.09773128190558784	1106.936851311118	-0.5449683470699395	0.5858850646442397	0.9893930626752736
TNFB	Day*Allocation*srf14	Day1 Anakinra No - Day4 Placebo No	0	-0.034329886122527624	0.09677935930821738	1083.3346673606122	-0.35472322164476994	0.7228659924106727	0.7939675654346734
TNFB	Day*Allocation*srf14	Day1 Anakinra No - Day7 Placebo No	0	-0.1331191642720138	0.09798103496805009	1113.379842252286	-1.3586217405788952	0.17454166914256064	0.22489022754906854
TNFB	Day*Allocation*srf14	Day1 Anakinra No - Day1 Anakinra Yes	0	0.24631602693470972	0.11746586393443872	1092.744133144177	2.096915807576116	0.0362304221880996	0.10114326194177803
TNFB	Day*Allocation*srf14	Day1 Anakinra No - Day4 Anakinra Yes	0	0.3291881296572262	0.11983190756668302	1133.429913761711	2.747082445249755	0.006108088589396889	0.016369677419583666
TNFB	Day*Allocation*srf14	Day1 Anakinra No - Day7 Anakinra Yes	0	0.325015747313108	0.1189112273015355	1116.2772369850627	2.7332637522017325	0.006370098393680649	0.014226553079220116
TNFB	Day*Allocation*srf14	Day1 Anakinra No - Day1 Placebo Yes	0	0.2628189526420397	0.13280498911751032	1079.7016975878078	1.9789840305584352	0.048071553015641214	0.15194733410529102
TNFB	Day*Allocation*srf14	Day1 Anakinra No - Day4 Placebo Yes	0	0.4856446415403344	0.1372764581623079	1152.290494827317	3.537712496676857	4.1966567534858256e-4	0.0021628923267965412
TNFB	Day*Allocation*srf14	Day1 Anakinra No - Day7 Placebo Yes	0	0.634837379442163	0.13722545691414423	1151.7304619243037	4.626236222622688	4.145317967926668e-6	2.314469198759056e-5
TNFB	Day*Allocation*srf14	Day4 Anakinra No - Day7 Anakinra No	0	-0.03399436224061675	0.05177826433714204	1034.580631990222	-0.6565373072235566	0.5116244712179516	0.561948189698406
TNFB	Day*Allocation*srf14	Day4 Anakinra No - Day1 Placebo No	0	0.07228683406043046	0.09785619841133192	1109.7225785987773	0.7387047037794953	0.46024253074216515	0.5606590829040922
TNFB	Day*Allocation*srf14	Day4 Anakinra No - Day4 Placebo No	0	0.09121740309501733	0.09690552322936567	1086.2188926249862	0.9413024155404937	0.3467591940584732	0.9152190012754137
TNFB	Day*Allocation*srf14	Day4 Anakinra No - Day7 Placebo No	0	-0.007571875054468845	0.09810636029550104	1116.1918339278727	-0.07718026671932375	0.9384939716745091	0.9384939716745091
TNFB	Day*Allocation*srf14	Day4 Anakinra No - Day1 Anakinra Yes	0	0.37186331615225465	0.11758586116043009	1095.1634353835657	3.162483248261432	0.0016072988342702202	0.003473839416003379
TNFB	Day*Allocation*srf14	Day4 Anakinra No - Day4 Anakinra Yes	0	0.4547354188747712	0.1199495024612634	1135.7012516712389	3.7910571494168877	0.00015789375831610516	7.052587871452697e-4
TNFB	Day*Allocation*srf14	Day4 Anakinra No - Day7 Anakinra Yes	0	0.450563036530653	0.1190297044489649	1118.6149917574962	3.7852991286207565	1.6167271087147707e-4	9.847337843989967e-4
TNFB	Day*Allocation*srf14	Day4 Anakinra No - Day1 Placebo Yes	0	0.3883662418595846	0.13291254737096087	1081.634221913451	2.921968238074986	0.0035505868456172417	0.007673848988914683
TNFB	Day*Allocation*srf14	Day4 Anakinra No - Day4 Placebo Yes	0	0.6111919307578794	0.1373805301764581	1154.027900493798	4.448897743900357	9.465390681208413e-6	7.927264695512045e-5
TNFB	Day*Allocation*srf14	Day4 Anakinra No - Day7 Placebo Yes	0	0.760384668659708	0.13732855952327389	1153.408271554991	5.5369740372965985	3.808455690536003e-8	1.1141752218038881e-6
TNFB	Day*Allocation*srf14	Day7 Anakinra No - Day1 Placebo No	0	0.10628119630104721	0.09807435043395628	1115.084730496093	1.0836798391299818	0.2787410351667149	0.3165364297655915
TNFB	Day*Allocation*srf14	Day7 Anakinra No - Day4 Placebo No	0	0.12521176533563408	0.09712491856391842	1091.6965944678695	1.2891827060141272	0.19760766048569736	0.2816960266498239
TNFB	Day*Allocation*srf14	Day7 Anakinra No - Day7 Placebo No	0	0.026422487186147904	0.09832485662273563	1121.5480822152088	0.26872642476895553	0.788189637657322	0.9681530316923849
TNFB	Day*Allocation*srf14	Day7 Anakinra No - Day1 Anakinra Yes	0	0.40585767839287146	0.1177835715775755	1099.0321055346005	3.4457919127164724	5.908978178749537e-4	9.20701251107486e-4
TNFB	Day*Allocation*srf14	Day7 Anakinra No - Day4 Anakinra Yes	0	0.48872978111538795	0.12014300991909833	1139.3194311044513	4.067900258570914	5.0704375874146574e-5	1.5843271625874325e-4
TNFB	Day*Allocation*srf14	Day7 Anakinra No - Day7 Anakinra Yes	0	0.4845573987712697	0.11922347981448547	1122.2679051299317	4.064278274088731	5.153807883964273e-5	2.3020341881707085e-4
TNFB	Day*Allocation*srf14	Day7 Anakinra No - Day1 Placebo Yes	0	0.4223606041002014	0.1330911682071402	1084.7567271163068	3.173468305897267	0.001548643287235487	0.002530709762067747
TNFB	Day*Allocation*srf14	Day7 Anakinra No - Day4 Placebo Yes	0	0.6451862929984961	0.1375517818409968	1156.7577906206257	4.690497530190486	3.050134554210268e-6	1.8578092284735267e-5
TNFB	Day*Allocation*srf14	Day7 Anakinra No - Day7 Placebo Yes	0	0.7943790309003247	0.1375028278882528	1156.2790851243126	5.77718322670359	9.757214088797635e-9	1.307466687898883e-7
TNFB	Day*Allocation*srf14	Day1 Placebo No - Day4 Placebo No	0	0.01893056903458687	0.08117517021432132	1033.2444965667237	0.23320639777663252	0.8156473285692509	0.867442853017481
TNFB	Day*Allocation*srf14	Day1 Placebo No - Day7 Placebo No	0	-0.07985870911489931	0.08263150749100917	1041.5556921729835	-0.9664438122902265	0.33404649327668123	0.38588129395754556
TNFB	Day*Allocation*srf14	Day1 Placebo No - Day1 Anakinra Yes	0	0.2995764820918242	0.13363520170286705	1107.5010449333663	2.2417482689772226	0.025175037250322396	0.12492234813493962
TNFB	Day*Allocation*srf14	Day1 Placebo No - Day4 Anakinra Yes	0	0.38244858481434074	0.13571014515340132	1138.7962069363111	2.818128183283837	0.004914027111902978	0.01936704802926468
TNFB	Day*Allocation*srf14	Day1 Placebo No - Day7 Anakinra Yes	0	0.3782762024702225	0.13489953002847535	1125.5932736814364	2.804132841607186	0.005131947499205225	0.013753619297870005
TNFB	Day*Allocation*srf14	Day1 Placebo No - Day1 Placebo Yes	0	0.31607940779915417	0.14742788250776767	1092.7820455418391	2.143959490040838	0.03225627339438191	0.13507314483897426
TNFB	Day*Allocation*srf14	Day1 Placebo No - Day4 Placebo Yes	0	0.5389050966974489	0.15147748743880726	1151.8580067521743	3.557658011162561	3.8938826991998735e-4	0.0032611267605798942
TNFB	Day*Allocation*srf14	Day1 Placebo No - Day7 Placebo Yes	0	0.6880978345992775	0.15140481910218914	1150.999425435405	4.544755171464211	6.0802094798374445e-6	6.73960604268119e-5
TNFB	Day*Allocation*srf14	Day4 Placebo No - Day7 Placebo No	0	-0.09878927814948618	0.08143146791806459	1034.218492279304	-1.2131585083163037	0.2253462308412427	0.32078881808069715
TNFB	Day*Allocation*srf14	Day4 Placebo No - Day1 Anakinra Yes	0	0.28064591305723735	0.1329555194494669	1094.958557490925	2.1108255920424868	0.0350135424586676	0.06449711790268205
TNFB	Day*Allocation*srf14	Day4 Placebo No - Day4 Anakinra Yes	0	0.36351801577975384	0.13504131852642176	1126.8595286742634	2.6919021507378798	0.007209831715445314	0.024152936246741804
TNFB	Day*Allocation*srf14	Day4 Placebo No - Day7 Anakinra Yes	0	0.35934563343563564	0.1342257847379171	1113.3743494915288	2.6771729004026823	0.007533785695745303	0.02804242453416307
TNFB	Day*Allocation*srf14	Day4 Placebo No - Day1 Placebo Yes	0	0.2971488387645673	0.1468101507665934	1082.4720081155635	2.0240346952370505	0.043211823879135657	0.0742356974333869
TNFB	Day*Allocation*srf14	Day4 Placebo No - Day4 Placebo Yes	0	0.519974527662862	0.15087500206105509	1142.3624181729629	3.446392845465826	5.887756869269831e-4	0.003944797102410787
TNFB	Day*Allocation*srf14	Day4 Placebo No - Day7 Placebo Yes	0	0.6691672655646906	0.1508048729719514	1141.593731165847	4.437305322946367	9.990321768582403e-6	2.23117186165007e-4
TNFB	Day*Allocation*srf14	Day7 Placebo No - Day1 Anakinra Yes	0	0.37943519120672353	0.13364564362615317	1107.8726356746783	2.839113800582361	0.004606567935992377	0.007527806139304616
TNFB	Day*Allocation*srf14	Day7 Placebo No - Day4 Anakinra Yes	0	0.46230729392924	0.1357194543962399	1139.110640573914	3.4063450666365798	6.813563787525287e-4	0.0020750398807463373
TNFB	Day*Allocation*srf14	Day7 Placebo No - Day7 Anakinra Yes	0	0.4581349115851218	0.13490891072048972	1125.915732355974	3.395883260330417	7.079431904506983e-4	0.003388013840014056
TNFB	Day*Allocation*srf14	Day7 Placebo No - Day1 Placebo Yes	0	0.3959381169140535	0.14745572730814013	1093.3894082555694	2.685132169106301	0.007359822106181653	0.01202702636863831
TNFB	Day*Allocation*srf14	Day7 Placebo No - Day4 Placebo Yes	0	0.6187638058123482	0.1515058428202218	1152.4752352726232	4.084092034302459	4.730704402015865e-5	1.8644540878533117e-4
TNFB	Day*Allocation*srf14	Day7 Placebo No - Day7 Placebo Yes	0	0.7679565437141768	0.15143386733474112	1151.6241525306743	5.0712337816522	4.6029043110482025e-7	5.139909814003826e-6
TNFB	Day*Allocation*srf14	Day1 Anakinra Yes - Day4 Anakinra Yes	0	0.08287210272251652	0.10597661577350127	1062.5714091357902	0.7819848003038244	0.4343977193792905	0.5389749481187494
TNFB	Day*Allocation*srf14	Day1 Anakinra Yes - Day7 Anakinra Yes	0	0.07869972037839829	0.10524858797712713	1065.3473957418014	0.7477508429424392	0.4547754762902786	0.5078326151908111
TNFB	Day*Allocation*srf14	Day1 Anakinra Yes - Day1 Placebo Yes	0	0.016502925707329967	0.1590588193246776	1105.1168095082942	0.10375360371337533	0.9173837116821408	0.9668895255885167
TNFB	Day*Allocation*srf14	Day1 Anakinra Yes - Day4 Placebo Yes	0	0.23932861460562468	0.16282709306752893	1156.0554773006654	1.4698328766845234	0.14187910807974943	0.2715971497526632
TNFB	Day*Allocation*srf14	Day1 Anakinra Yes - Day7 Placebo Yes	0	0.3885213525074533	0.16282304077894247	1156.126338832083	2.386157085930678	0.01718563567607657	0.038381253009904345
TNFB	Day*Allocation*srf14	Day4 Anakinra Yes - Day7 Anakinra Yes	0	-0.004172382344118236	0.10613192707348867	1041.2589468025892	-0.03931316861163902	0.9686482437222543	0.9686482437222543
TNFB	Day*Allocation*srf14	Day4 Anakinra Yes - Day1 Placebo Yes	0	-0.06636917701518655	0.16081319102838287	1127.340067396502	-0.4127097820195152	0.6798977329316894	0.7592191351070532
TNFB	Day*Allocation*srf14	Day4 Anakinra Yes - Day4 Placebo Yes	0	0.15645651188310816	0.16454167805957456	1176.4399930315435	0.950862503216121	0.34186948048123567	0.5205739816418816
TNFB	Day*Allocation*srf14	Day4 Anakinra Yes - Day7 Placebo Yes	0	0.30564924978493674	0.16453759739676493	1176.5049468973227	1.857625579932932	0.06347190521758714	0.22382198155675465
TNFB	Day*Allocation*srf14	Day7 Anakinra Yes - Day1 Placebo Yes	0	-0.06219679467106832	0.16013185463263754	1117.8185452122368	-0.38840988143024713	0.6977866947168785	0.7664214515742764
TNFB	Day*Allocation*srf14	Day7 Anakinra Yes - Day4 Placebo Yes	0	0.1606288942272264	0.16387413357982508	1167.6080333815084	0.9801967566100486	0.32719205507239035	0.5597427221078597
TNFB	Day*Allocation*srf14	Day7 Anakinra Yes - Day7 Placebo Yes	0	0.309821632129055	0.16387340246616516	1167.8188373429284	1.8906157281565181	0.058923035148770946	0.7455836033512043
TNFB	Day*Allocation*srf14	Day1 Placebo Yes - Day4 Placebo Yes	0	0.2228256888982947	0.12412682458062325	1061.3835848851097	1.7951453253648992	0.072914961589645	0.12526416478221064
TNFB	Day*Allocation*srf14	Day1 Placebo Yes - Day7 Placebo Yes	0	0.3720184268001233	0.12413224781727353	1061.2100669713473	2.9969523096669115	0.002790359400823819	0.005498649407505761
TNFB	Day*Allocation*srf14	Day4 Placebo Yes - Day7 Placebo Yes	0	0.1491927379018286	0.12754306992080916	1053.6715463045502	1.1697439774223846	0.24236854111185263	0.47280808597774
CSF-1	Day*Allocation*srf14	Day1 Anakinra No - Day4 Anakinra No	0	0.6784771470745632	0.06422189248817459	1049.82614843697	10.56457729269647	7.3106159654635975e-25	5.442347440956234e-24
CSF-1	Day*Allocation*srf14	Day1 Anakinra No - Day7 Anakinra No	0	0.9347036587950862	0.06470461284881497	1056.3362020968095	14.445703600438199	2.6738547678704963e-43	1.6286206313393023e-42
CSF-1	Day*Allocation*srf14	Day1 Anakinra No - Day1 Placebo No	0	0.05689119345113483	0.0990572635693775	1438.9714165856428	0.5743263179412331	0.565836769340236	0.9893930626752736
CSF-1	Day*Allocation*srf14	Day1 Anakinra No - Day4 Placebo No	0	0.6741198350617161	0.0977213385483359	1424.2999754725458	6.898389288111074	7.886734840994995e-12	8.806853905777744e-11
CSF-1	Day*Allocation*srf14	Day1 Anakinra No - Day7 Placebo No	0	0.6367002148591583	0.0994166340941945	1443.2808838618498	6.4043630189280245	2.0379862253627528e-10	1.1378756424942035e-9
CSF-1	Day*Allocation*srf14	Day1 Anakinra No - Day1 Anakinra Yes	0	-0.12279712849901639	0.11872601061663676	1424.0485190511813	-1.0342900250857847	0.30117620665793643	0.5044701461520436
CSF-1	Day*Allocation*srf14	Day1 Anakinra No - Day4 Anakinra Yes	0	0.6630394678706443	0.12183818974649928	1444.5913481547552	5.441967491885648	6.182299083799206e-8	1.035535096536367e-6
CSF-1	Day*Allocation*srf14	Day1 Anakinra No - Day7 Anakinra Yes	0	0.5836966598450165	0.12058599189458702	1435.0822797939538	4.840501377268333	1.4350211603660247e-6	7.395878288040281e-6
CSF-1	Day*Allocation*srf14	Day1 Anakinra No - Day1 Placebo Yes	0	-0.22150341445006408	0.13394131072091017	1415.8842754650177	-1.653734857885665	0.0984030638133383	0.24539092402172363
CSF-1	Day*Allocation*srf14	Day1 Anakinra No - Day4 Placebo Yes	0	0.36098130203871603	0.13999182877091068	1456.2201927861463	2.5785883733931576	0.010017918732719976	0.030509116140556288
CSF-1	Day*Allocation*srf14	Day1 Anakinra No - Day7 Placebo Yes	0	0.5157891425705544	0.1399331722158382	1456.2859836791044	3.6859676258534453	2.3619377604079905e-4	7.535706187968351e-4
CSF-1	Day*Allocation*srf14	Day4 Anakinra No - Day7 Anakinra No	0	0.256226511720523	0.06491680806161818	1055.6152056745902	3.9469980020785402	8.437511407538268e-5	1.713070497894133e-4
CSF-1	Day*Allocation*srf14	Day4 Anakinra No - Day1 Placebo No	0	-0.6215859536234284	0.09922553220441475	1440.4530099494975	-6.264375104009497	4.932072394023943e-10	3.6716538933289354e-9
CSF-1	Day*Allocation*srf14	Day4 Anakinra No - Day4 Placebo No	0	-0.004357312012847045	0.0978921560625325	1425.94524365558	-0.04451134991922784	0.96450303718625	0.9791167195678598
CSF-1	Day*Allocation*srf14	Day4 Anakinra No - Day7 Placebo No	0	-0.04177693221540488	0.09958644003450891	1444.8147392507176	-0.4195042236767199	0.6749100345338597	0.7065668099186647
CSF-1	Day*Allocation*srf14	Day4 Anakinra No - Day1 Anakinra Yes	0	-0.8012742755735796	0.11889381743035707	1425.6304002085465	-6.73941078595556	2.301846780384319e-11	1.5422373428574937e-10
CSF-1	Day*Allocation*srf14	Day4 Anakinra No - Day4 Anakinra Yes	0	-0.015437679203918947	0.12200169325688574	1445.973124382861	-0.12653659790945276	0.8993247730995912	0.9129509060253426
CSF-1	Day*Allocation*srf14	Day4 Anakinra No - Day7 Anakinra Yes	0	-0.09478048722954666	0.120751635009816	1436.5899168025269	-0.7849209430732914	0.43262933993719854	0.605161441874014
CSF-1	Day*Allocation*srf14	Day4 Anakinra No - Day1 Placebo Yes	0	-0.8999805615246272	0.13409220960866758	1417.1958910383476	-6.711654347043092	2.7748720988283823e-11	1.6901493692863783e-10
CSF-1	Day*Allocation*srf14	Day4 Anakinra No - Day4 Placebo Yes	0	-0.31749584503584716	0.14013635034291408	1457.239148936049	-2.265620906059947	0.02362081366507517	0.05091081395113434
CSF-1	Day*Allocation*srf14	Day4 Anakinra No - Day7 Placebo Yes	0	-0.1626880045040088	0.14007405106109702	1457.171499906445	-1.1614428459204633	0.24565206639697815	0.3827601964790125
CSF-1	Day*Allocation*srf14	Day7 Anakinra No - Day1 Placebo No	0	-0.8778124653439514	0.09953205298135516	1443.714099487612	-8.819394748226358	3.247910650057193e-18	3.1087144793404564e-17
CSF-1	Day*Allocation*srf14	Day7 Anakinra No - Day4 Placebo No	0	-0.2605838237333701	0.09820064399387951	1429.4175567264194	-2.653585690839373	0.008052439404529507	0.022479726670978206
CSF-1	Day*Allocation*srf14	Day7 Anakinra No - Day7 Placebo No	0	-0.2980034439359279	0.0998933915791922	1448.007023607019	-2.9832147975442456	0.0029001080612730437	0.09715362005264697
CSF-1	Day*Allocation*srf14	Day7 Anakinra No - Day1 Anakinra Yes	0	-1.0575007872941027	0.11916536202964413	1427.871100869889	-8.874229635882228	2.0616248947551084e-18	1.3812886794859227e-17
CSF-1	Day*Allocation*srf14	Day7 Anakinra No - Day4 Anakinra Yes	0	-0.27166419092444194	0.12226585632798342	1447.916828023511	-2.221913779393088	0.026443207493002368	0.04032668924000953
CSF-1	Day*Allocation*srf14	Day7 Anakinra No - Day7 Anakinra Yes	0	-0.3510069989500697	0.12101540059792046	1438.5648434291923	-2.900515118041112	0.003782116970484401	0.009746224500863649
CSF-1	Day*Allocation*srf14	Day7 Anakinra No - Day1 Placebo Yes	0	-1.1562070732451504	0.13433819360567	1419.0528443384094	-8.606689149319857	1.9632235500862197e-17	1.461510865064186e-16
CSF-1	Day*Allocation*srf14	Day7 Anakinra No - Day4 Placebo Yes	0	-0.5737223567563702	0.14036792917068766	1458.571018140174	-4.087275206993492	4.602503343930705e-5	1.4684177335397964e-4
CSF-1	Day*Allocation*srf14	Day7 Anakinra No - Day7 Placebo Yes	0	-0.4189145162245318	0.1403136947306557	1458.7186408853167	-2.9855568768869962	0.0028777778529214893	0.00803379650607249
CSF-1	Day*Allocation*srf14	Day1 Placebo No - Day4 Placebo No	0	0.6172286416105813	0.10180024598568255	1054.0031873364635	6.063135070394525	1.8572734542213585e-9	1.1154171072020834e-8
CSF-1	Day*Allocation*srf14	Day1 Placebo No - Day7 Placebo No	0	0.5798090214080235	0.10342321898207466	1068.2977665942324	5.606178449236976	2.6322140268259057e-8	6.91650477590633e-8
CSF-1	Day*Allocation*srf14	Day1 Placebo No - Day1 Anakinra Yes	0	-0.17968832195015122	0.13542374249046515	1436.1963847221284	-1.3268598153149003	0.18476597548796964	0.42687311578255055
CSF-1	Day*Allocation*srf14	Day1 Placebo No - Day4 Anakinra Yes	0	0.6061482744195095	0.13815080836154633	1451.420447341506	4.387583985995902	1.2289567584457326e-5	1.6468020563172817e-4
CSF-1	Day*Allocation*srf14	Day1 Placebo No - Day7 Anakinra Yes	0	0.5268054663938817	0.13705228323698554	1444.4428849333299	3.8438284569323806	1.2638929344269562e-4	5.292551662912879e-4
CSF-1	Day*Allocation*srf14	Day1 Placebo No - Day1 Placebo Yes	0	-0.2783946079011989	0.14903368638861508	1426.429084705385	-1.8679978644242	0.06196726784821122	0.18051334547087616
CSF-1	Day*Allocation*srf14	Day1 Placebo No - Day4 Placebo Yes	0	0.3040901085875812	0.1545025642092241	1458.2816581816057	1.9681881018867027	0.049235594692688824	0.10702479222472454
CSF-1	Day*Allocation*srf14	Day1 Placebo No - Day7 Placebo Yes	0	0.45889794911941956	0.15441257276684534	1458.0884092437536	2.9718949752383876	0.0030081805630795995	0.008197270305054943
CSF-1	Day*Allocation*srf14	Day4 Placebo No - Day7 Placebo No	0	-0.03741962020255783	0.10209663251578606	1055.889179330286	-0.3665117965254344	0.7140566398825048	0.7716418527762551
CSF-1	Day*Allocation*srf14	Day4 Placebo No - Day1 Anakinra Yes	0	-0.7969169635607325	0.13446036063085978	1428.1133442202783	-5.926779906150522	3.8670099772521715e-9	2.590896684758955e-8
CSF-1	Day*Allocation*srf14	Day4 Placebo No - Day4 Anakinra Yes	0	-0.011080367191071902	0.13720753662014193	1444.1768471057276	-0.0807562577393093	0.935646985018469	0.9573647011787323
CSF-1	Day*Allocation*srf14	Day4 Placebo No - Day7 Anakinra Yes	0	-0.09042317521669961	0.1360989371282634	1436.7741976644495	-0.6643929565113526	0.506545449892061	0.7070530238076684
CSF-1	Day*Allocation*srf14	Day4 Placebo No - Day1 Placebo Yes	0	-0.8956232495117802	0.1481594351829707	1419.645088486678	-6.044996381133088	1.906559425790016e-9	1.1612680138902825e-8
CSF-1	Day*Allocation*srf14	Day4 Placebo No - Day4 Placebo Yes	0	-0.3131385330230001	0.15365636068766783	1452.7213548371585	-2.0379145492031165	0.04173931676549475	0.07990097780823281
CSF-1	Day*Allocation*srf14	Day4 Placebo No - Day7 Placebo Yes	0	-0.15833069249116177	0.15357245223180707	1452.651291338823	-1.0309836835331148	0.3027200908039143	0.4409183931274404
CSF-1	Day*Allocation*srf14	Day7 Placebo No - Day1 Anakinra Yes	0	-0.7594973433581746	0.13544571200077127	1436.6747706386782	-5.607393044335356	2.459674691611695e-8	1.0299887771123973e-7
CSF-1	Day*Allocation*srf14	Day7 Placebo No - Day4 Anakinra Yes	0	0.02633925301148593	0.13816989487728584	1451.7981770159322	0.19062946407304474	0.8488425569033295	0.9172976018148883
CSF-1	Day*Allocation*srf14	Day7 Placebo No - Day7 Anakinra Yes	0	-0.05300355501414178	0.1370717939998087	1444.8542321366733	-0.38668462319983754	0.6990466415541285	0.8002649657920665
CSF-1	Day*Allocation*srf14	Day7 Placebo No - Day1 Placebo Yes	0	-0.8582036293092223	0.14907935645051598	1427.0163217216982	-5.756689925033896	1.048558077880197e-8	4.3908369511233254e-8
CSF-1	Day*Allocation*srf14	Day7 Placebo No - Day4 Placebo Yes	0	-0.2757189128204423	0.15455001169067764	1458.8485539216647	-1.7840109476813033	0.07462967901885678	0.11905210700627154
CSF-1	Day*Allocation*srf14	Day7 Placebo No - Day7 Placebo Yes	0	-0.12091107228860393	0.1544603211991317	1458.6177282980393	-0.7827969756240778	0.4338734121996686	0.6574629282933607
CSF-1	Day*Allocation*srf14	Day1 Anakinra Yes - Day4 Anakinra Yes	0	0.7858365963696606	0.13208251693985512	1094.6395954013672	5.9495882920485075	3.613699259971276e-9	2.6901983379786164e-8
CSF-1	Day*Allocation*srf14	Day1 Anakinra Yes - Day7 Anakinra Yes	0	0.706493788344033	0.13112076194410965	1096.177902287051	5.38811533634297	8.711987034483575e-8	3.242795173946664e-7
CSF-1	Day*Allocation*srf14	Day1 Anakinra Yes - Day1 Placebo Yes	0	-0.09870628595104769	0.16115780925369375	1437.4065178435353	-0.6124821776130301	0.5403156646180465	0.9668895255885167
CSF-1	Day*Allocation*srf14	Day1 Anakinra Yes - Day4 Placebo Yes	0	0.4837784305377324	0.1662459395471142	1464.026382024895	2.9100165204373565	0.0036687110339861926	0.018907972252082687
CSF-1	Day*Allocation*srf14	Day1 Anakinra Yes - Day7 Placebo Yes	0	0.6385862710695708	0.1662466530205874	1464.2369425305933	3.8411977592745314	1.2766506393610845e-4	5.345974552324541e-4
CSF-1	Day*Allocation*srf14	Day4 Anakinra Yes - Day7 Anakinra Yes	0	-0.07934280802562771	0.1328401315359285	1068.3971590173135	-0.5972804084748163	0.5504467400677109	0.7683319080111798
CSF-1	Day*Allocation*srf14	Day4 Anakinra Yes - Day1 Placebo Yes	0	-0.8845428823207083	0.16345808648645438	1448.0458878512875	-5.411435440938002	7.30737979891372e-8	9.791888930544385e-7
CSF-1	Day*Allocation*srf14	Day4 Anakinra Yes - Day4 Placebo Yes	0	-0.30205816583192824	0.1684780591180959	1472.7110882022305	-1.7928635183302912	0.0731999020140647	0.4222968440440377
CSF-1	Day*Allocation*srf14	Day4 Anakinra Yes - Day7 Placebo Yes	0	-0.14725032530008986	0.16847828038001916	1472.890057911092	-0.8740018296005421	0.38225973607512465	0.6397131190902728
CSF-1	Day*Allocation*srf14	Day7 Anakinra Yes - Day1 Placebo Yes	0	-0.8052000742950807	0.16252868784314037	1442.8320773981818	-4.954202762482123	8.119537897189716e-7	6.044544879019011e-6
CSF-1	Day*Allocation*srf14	Day7 Anakinra Yes - Day4 Placebo Yes	0	-0.22271535780630053	0.1675720088827999	1468.3188495188792	-1.3290725538897605	0.18403051330076362	0.41858439770918965
CSF-1	Day*Allocation*srf14	Day7 Anakinra Yes - Day7 Placebo Yes	0	-0.06790751727446215	0.16758242488151387	1468.7537175905086	-0.40521861002115783	0.6853758400720378	0.9309787269339678
CSF-1	Day*Allocation*srf14	Day1 Placebo Yes - Day4 Placebo Yes	0	0.5824847164887801	0.1547934604022602	1088.4239218386497	3.762980134787884	1.7685829158823674e-4	9.874587947009885e-4
CSF-1	Day*Allocation*srf14	Day1 Placebo Yes - Day7 Placebo Yes	0	0.7372925570206185	0.1548062385875967	1088.1599406713663	4.762679874838658	2.1685199712918873e-6	9.608550345809344e-6
CSF-1	Day*Allocation*srf14	Day4 Placebo Yes - Day7 Placebo Yes	0	0.15480784053183838	0.15923469059202652	1084.4719590485636	0.9721992108394889	0.3311682411360535	0.5330905633420302
