Assay	effect	term	estimate	std.error	statistic	df	p.value
IL8	fixed	(Intercept)	-0.9661336713783735	0.28290672499372493	-3.4150254696130076	588.3731059899994	6.816860469269364e-4
IL8	fixed	Day4	0.2350367799963375	0.06420186600549194	3.6609026282231745	1044.2736044384458	2.639145388021634e-4
IL8	fixed	Day7	0.4327039586776129	0.06470813497179952	6.687010201517782	1049.6651634092739	3.694971744090888e-11
IL8	fixed	AllocationPlacebo	0.026033766734208368	0.10618101944703477	0.24518286667227313	1325.0402712452708	0.8063528082137388
IL8	fixed	srf14Yes	0.08743396263544446	0.12740207175028884	0.6862836799610069	1308.735907077481	0.49265580224199634
IL8	fixed	DEXcorrectedYes	-0.10323178856230197	0.08437185261974499	-1.2235335050370024	572.3530765648288	0.22163172957031127
IL8	fixed	cbmi	0.011344184614856478	0.005875417506775425	1.9307878294222613	568.3085628373433	0.05400638514670128
IL8	fixed	Age	0.006178249955261668	0.00268759987507012	2.298798274464303	570.9483619580791	0.021876673662956207
IL8	fixed	GenderMale	0.09942671243324591	0.06541520143991027	1.5199328328076505	574.193519233725	0.12907829109296962
IL8	fixed	Day4:AllocationPlacebo	-0.11070693010837127	0.12034592563248947	-0.9199059255769604	1046.3328749673283	0.35783394613755004
IL8	fixed	Day7:AllocationPlacebo	-0.0498834204496389	0.12206255397489314	-0.4086709545656348	1056.3872938649797	0.6828639806078921
IL8	fixed	Day4:srf14Yes	0.15903844411233053	0.14713228361837857	1.080921468770466	1076.3997089057439	0.2799741617933437
IL8	fixed	Day7:srf14Yes	0.060219392252061014	0.1465004903844722	0.4110524960976087	1079.0996163180143	0.681115656533794
IL8	fixed	AllocationPlacebo:srf14Yes	0.2452799446131636	0.2028793974309981	1.208993854078192	1322.5749829287768	0.2268812931775362
IL8	fixed	Day4:AllocationPlacebo:srf14Yes	0.09142790546795332	0.23678109554868984	0.38612839955017775	1072.542273162391	0.6994781588783221
IL8	fixed	Day7:AllocationPlacebo:srf14Yes	-0.12273646753691594	0.2371450284524963	-0.5175586784923973	1075.485683108982	0.6048726520150973
VEGFA	fixed	(Intercept)	0.29693397914286135	0.32718293632997053	0.9075472653726584	582.2183903331356	0.3644929387448065
VEGFA	fixed	Day4	-0.13538155693250642	0.04851317497814655	-2.7906142402242478	1025.4605446157814	0.005358399536845399
VEGFA	fixed	Day7	-0.052033589804987096	0.04893593546647364	-1.063300196654781	1028.0779423658062	0.2878955227632332
VEGFA	fixed	AllocationPlacebo	-0.08929038829693216	0.10676278232922505	-0.8363437740090628	950.0313502186586	0.4031718403722574
VEGFA	fixed	srf14Yes	-0.008861732721927614	0.12847828462545624	-0.06897455665571504	939.4257434000551	0.9450245504317729
VEGFA	fixed	DEXcorrectedYes	-0.21862407359185587	0.09795225771093202	-2.2319452221003395	576.120315373887	0.026002302872698363
VEGFA	fixed	cbmi	-1.3839530299362808e-4	0.006829260863183049	-0.02026504855594628	573.8059303854345	0.9838389818801614
VEGFA	fixed	Age	-0.0019515209656165852	0.003121021179267014	-0.6252828332536048	575.8922344103903	0.532033132094303
VEGFA	fixed	GenderMale	0.05077281132438712	0.0758844973574094	0.6690801559276539	578.149954062286	0.5037114262699405
VEGFA	fixed	Day4:AllocationPlacebo	0.0691844370808486	0.09095796667706081	0.760619873204538	1025.8268715887361	0.44705893571922284
VEGFA	fixed	Day7:AllocationPlacebo	0.08880118251007886	0.0923975889393719	0.9610768368463285	1030.7754988629863	0.33673892274897466
VEGFA	fixed	Day4:srf14Yes	0.11392713531252369	0.11177377564943694	1.0192653388558732	1044.368942679718	0.308313067674266
VEGFA	fixed	Day7:srf14Yes	0.07475596984220717	0.11135856253424747	0.6713086819813837	1046.9388809901923	0.5021719897283949
VEGFA	fixed	AllocationPlacebo:srf14Yes	0.21059106234342662	0.20408413198705397	1.0318835682765646	948.5233919925238	0.3023896946618935
VEGFA	fixed	Day4:AllocationPlacebo:srf14Yes	0.22769856148421483	0.17978407944132255	1.2665112627980526	1042.9193755546673	0.20561288816925938
VEGFA	fixed	Day7:AllocationPlacebo:srf14Yes	0.055874412856819114	0.18015113555327697	0.3101529872971303	1044.7825504075004	0.7565064743097631
CD8A	fixed	(Intercept)	0.7365732227325817	0.3062726829070796	2.404958926604798	578.14367595083	0.016487559254077036
CD8A	fixed	Day4	-0.2600122895566504	0.05518565652985009	-4.711591850248424	1026.8571333123823	2.795739017222249e-6
CD8A	fixed	Day7	-0.2509394749015749	0.055649663373530556	-4.509272108570074	1030.575475952736	7.251224185231813e-6
CD8A	fixed	AllocationPlacebo	-0.05077519178256015	0.10552487674733028	-0.4811679799838737	1100.314925372104	0.6304927844268242
CD8A	fixed	srf14Yes	-0.10033580647289878	0.12683492372041225	-0.7910739686655497	1086.0839697164088	0.4290735422625075
CD8A	fixed	DEXcorrectedYes	-0.3275170674726235	0.09157222003885973	-3.576598528829353	568.7066118524845	3.777386176079751e-4
CD8A	fixed	cbmi	0.006424019464716851	0.006381498795591703	1.0066631163755013	565.6726553101595	0.3145270993226169
CD8A	fixed	Age	-0.0056279848451916605	0.0029175394700486027	-1.9290175515938797	568.1159446307964	0.05422646174771129
CD8A	fixed	GenderMale	-0.17053788273400058	0.07096769992955117	-2.4030352245217417	570.8678048345083	0.016577679172229617
CD8A	fixed	Day4:AllocationPlacebo	-0.013245573128977256	0.10346216077522581	-0.12802335684592556	1027.7711501803997	0.8981555340263243
CD8A	fixed	Day7:AllocationPlacebo	0.09143087628722918	0.10503962721702703	0.8704417438413009	1034.759572752309	0.38426092428058856
CD8A	fixed	Day4:srf14Yes	-0.1808180627944938	0.12688075988876418	-1.4251023004040662	1051.6850467250686	0.15442432697728395
CD8A	fixed	Day7:srf14Yes	-0.17837355242222622	0.12637638611519203	-1.4114468525760722	1054.5427676855027	0.15840786355496322
CD8A	fixed	AllocationPlacebo:srf14Yes	0.020425861075168125	0.20168098141405422	0.10127807258748663	1098.0693954318501	0.9193482115231345
CD8A	fixed	Day4:AllocationPlacebo:srf14Yes	0.2990492227369303	0.20411951336424217	1.4650692518715263	1049.345376922024	0.14320156629492004
CD8A	fixed	Day7:AllocationPlacebo:srf14Yes	0.05172283007571436	0.20449488315514944	0.25292970306974605	1051.71647932304	0.8003719630587647
MCP-3	fixed	(Intercept)	-0.39456425288099134	0.28476628935942455	-1.3855721959525296	575.5960238249627	0.1664142088076327
MCP-3	fixed	Day4	-0.4844920875666583	0.051309407825877305	-9.442558550097129	1024.343207119546	2.374604691071764e-20
MCP-3	fixed	Day7	-0.7468225289302902	0.051740824848927856	-14.433912314132067	1028.069070421806	3.85643447595405e-43
MCP-3	fixed	AllocationPlacebo	-0.006018403537356666	0.09811425927967275	-0.061340763121916116	1097.956031979806	0.9510989913423655
MCP-3	fixed	srf14Yes	0.33468011116030877	0.11792779903707315	2.8380086281021395	1083.688068700791	0.004624287783392486
MCP-3	fixed	DEXcorrectedYes	0.08235294579566768	0.08514205649218899	0.967241680417043	566.1776731083118	0.333836208623842
MCP-3	fixed	cbmi	0.0011036302752367602	0.005933392933465881	0.18600323417180045	563.149792161765	0.8525092037120486
MCP-3	fixed	Age	0.005926384447055862	0.0027126710823528956	2.184704399147235	565.5881962476271	0.02932026917416993
MCP-3	fixed	GenderMale	0.26095332133665594	0.06598437451160949	3.9547744942364047	568.3346291239098	8.628374864137185e-5
MCP-3	fixed	Day4:AllocationPlacebo	0.06059089445610531	0.09619496420441025	0.6298759499234514	1025.2590132043354	0.5289160924945668
MCP-3	fixed	Day7:AllocationPlacebo	0.1737484875453142	0.09766163658380493	1.7790863805176762	1032.2617320606653	0.07551979954272206
MCP-3	fixed	Day4:srf14Yes	0.33229953796073486	0.11796866810808407	2.8168457209017457	1049.2238829966398	0.004940735917497664
MCP-3	fixed	Day7:srf14Yes	0.5649112045564216	0.11749972509726694	4.807766180633911	1052.0880904062726	1.748294083145841e-6
MCP-3	fixed	AllocationPlacebo:srf14Yes	0.26086610177035807	0.18751768473548794	1.3911546643631787	1095.7045597500382	0.16446093627724567
MCP-3	fixed	Day4:AllocationPlacebo:srf14Yes	0.017071772743071784	0.18978217456159624	0.08995456387043832	1046.8790647475782	0.9283405278605013
MCP-3	fixed	Day7:AllocationPlacebo:srf14Yes	-0.3092189964911321	0.1901311832465657	-1.6263455116151626	1049.2554499895332	0.10417644297974468
CDCP1	fixed	(Intercept)	-1.1005491071075935	0.31511315205277685	-3.4925521195740745	576.7704321916153	5.150743306667217e-4
CDCP1	fixed	Day4	-0.46146931440538735	0.046321983117781004	-9.962209805051486	1019.8674364279816	2.257519237095947e-22
CDCP1	fixed	Day7	-0.41250640330915017	0.04672616937577457	-8.828166503266075	1022.4549675099656	4.537459350509328e-18
CDCP1	fixed	AllocationPlacebo	-0.17374520973311358	0.10261179368829379	-1.6932284632008618	938.4549941830004	0.0907438616187216
CDCP1	fixed	srf14Yes	0.10803741888876173	0.12348890114965559	0.8748755384731435	927.9768217091452	0.38186800186475445
CDCP1	fixed	DEXcorrectedYes	-0.3072039817778502	0.09434309519061275	-3.256242347753896	570.8134168156297	0.0011959092216603643
CDCP1	fixed	cbmi	0.020748262478285803	0.0065777440737762	3.154312822994113	568.5379533181233	0.0016937341325086407
CDCP1	fixed	Age	0.01707342776042536	0.003006028676399704	5.679728837741517	570.5974202536383	2.15122841446922e-8
CDCP1	fixed	GenderMale	-0.04687003481517654	0.07308732610047228	-0.6412881318266435	572.8231653899039	0.5215919941052178
CDCP1	fixed	Day4:AllocationPlacebo	0.04399218037931201	0.0868498066841461	0.5065317017837705	1020.2182929831775	0.6125928868611977
CDCP1	fixed	Day7:AllocationPlacebo	0.1758040399671999	0.08822626472580487	1.9926497003310153	1025.1118068506867	0.04656462621406958
CDCP1	fixed	Day4:srf14Yes	-0.17637057988971783	0.10673386099745026	-1.65243324134907	1038.620925128177	0.09874850477733609
CDCP1	fixed	Day7:srf14Yes	0.11513191366970608	0.10633852672786598	1.0826923901658287	1041.185423820254	0.27919565571889393
CDCP1	fixed	AllocationPlacebo:srf14Yes	0.08508268606155797	0.19615056886396545	0.4337621173077739	936.974469386691	0.6645610442377984
CDCP1	fixed	Day4:AllocationPlacebo:srf14Yes	0.2292343441626221	0.1716765121700337	1.3352691132004204	1037.1957835623527	0.18208125410231352
CDCP1	fixed	Day7:AllocationPlacebo:srf14Yes	-0.056002072395892014	0.17202837025127413	-0.32553974855480117	1039.0463414314831	0.7448381473295893
CD244	fixed	(Intercept)	0.2772098811358941	0.29247301861959607	0.9478135194974895	582.5436931113645	0.34361740074611424
CD244	fixed	Day4	-0.0874353679794252	0.050692210698590597	-1.7248284652508985	1030.0233366133855	0.0848583724453126
CD244	fixed	Day7	0.20141065143910625	0.05112196971401206	3.939806164861082	1033.4857837613436	8.702421030904797e-5
CD244	fixed	AllocationPlacebo	-0.06780124084357952	0.09956218085512644	-0.6809939302378032	1070.6792806574497	0.49602258054162485
CD244	fixed	srf14Yes	-0.27194586467318077	0.11969931572954678	-2.271908264602161	1057.1966425643018	0.023292283137450766
CD244	fixed	DEXcorrectedYes	-0.49439347843676196	0.08747331684917971	-5.651934741301607	573.8718383799805	2.501735482168347e-8
CD244	fixed	cbmi	0.02940292629962501	0.006096478750433071	4.822935911576225	570.9818658770914	1.816926262296567e-6
CD244	fixed	Age	-0.008780521910614899	0.002786998657167147	-3.1505296524038826	573.3713346362537	0.0017147049228823995
CD244	fixed	GenderMale	-0.17571764229221615	0.0677860347640888	-2.592239580080978	576.036268116822	0.00977732354113576
CD244	fixed	Day4:AllocationPlacebo	0.0018918493648611243	0.09503938514649676	0.019905951221643185	1030.7980374846506	0.9841222500212844
CD244	fixed	Day7:AllocationPlacebo	-0.057361969199923465	0.09650095779261783	-0.5944186515039084	1037.3133590535203	0.5523617562988644
CD244	fixed	Day4:srf14Yes	-0.28854705833034655	0.1166035639244392	-2.4745989626640332	1053.5365693144638	0.01349513487364607
CD244	fixed	Day7:srf14Yes	-0.41940623751428513	0.11614631064072348	-3.6110164429728515	1056.3495979663257	3.193254796621976e-4
CD244	fixed	AllocationPlacebo:srf14Yes	0.020063825427526102	0.19029273649921394	0.10543663303517095	1068.5804950030233	0.9160491370271466
CD244	fixed	Day4:AllocationPlacebo:srf14Yes	0.11295033674564506	0.1875780961723396	0.6021509923092012	1051.4112216603646	0.5472034630978098
CD244	fixed	Day7:AllocationPlacebo:srf14Yes	-0.12154674626278619	0.18793133448429267	-0.6467614705994922	1053.6713734543155	0.5179271899459406
IL7	fixed	(Intercept)	0.8720375756994789	0.30124219142026315	2.8948055768287078	588.6946326002301	0.003934583906245893
IL7	fixed	Day4	-0.057367300734885385	0.0593914132189735	-0.9659191055679159	1039.945710657414	0.3343092261076077
IL7	fixed	Day7	0.0029820805635061725	0.05988005554029156	0.049800898422674586	1044.2419640914368	0.9602905743363939
IL7	fixed	AllocationPlacebo	-0.03772487286123865	0.10700419173331377	-0.3525550938720255	1191.7697478833734	0.7244843464848065
IL7	fixed	srf14Yes	-0.08144696846784463	0.12853058527316058	-0.6336777218803513	1176.3592878894926	0.5264143513540391
IL7	fixed	DEXcorrectedYes	0.02458604263379302	0.08999318768773631	0.2731989305579787	577.0347943047826	0.7847980509448798
IL7	fixed	cbmi	-0.005383437066004377	0.006269830158125747	-0.8586256613390718	573.6029449021028	0.3909057282922712
IL7	fixed	Age	-0.012721529480714231	0.002867065821702992	-4.4371250162501825	576.1796630360712	1.0925129817043369e-5
IL7	fixed	GenderMale	0.08667945082050589	0.06975596070951148	1.2426099495850944	579.1619208634661	0.21451446726937284
IL7	fixed	Day4:AllocationPlacebo	0.11818733107235188	0.11134167942610208	1.0614832799499245	1041.2272335541852	0.28871646931485034
IL7	fixed	Day7:AllocationPlacebo	0.07535546115463959	0.11300135099823688	0.6668545153572132	1049.277194082705	0.5050116746138636
IL7	fixed	Day4:srf14Yes	0.1804282079171746	0.13639160630703784	1.3228688539014917	1067.4427517980484	0.18616231179430787
IL7	fixed	Day7:srf14Yes	0.04235027573259175	0.13583224914121442	0.3117836596268343	1070.294499648212	0.7552656666065691
IL7	fixed	AllocationPlacebo:srf14Yes	0.008211109767532145	0.20448744303814922	0.040154591624485605	1189.3087427018995	0.9679766184935616
IL7	fixed	Day4:AllocationPlacebo:srf14Yes	0.15866912686982312	0.21944523150980427	0.7230465924375038	1064.5916628186403	0.46981007848381784
IL7	fixed	Day7:AllocationPlacebo:srf14Yes	0.11299444760833736	0.21982468542858427	0.5140207406098918	1067.1751340106928	0.6073439064125321
OPG	fixed	(Intercept)	-1.8574955469410843	0.2612307417112919	-7.110554962914583	580.1104282920536	3.4134747936163915e-12
OPG	fixed	Day4	-0.42374613385607696	0.0500788051339418	-8.461586348210922	1030.702856883537	8.952351309198476e-17
OPG	fixed	Day7	-0.7054388766149484	0.050493795167273654	-13.970803229941444	1034.8308628525476	9.219271532956454e-41
OPG	fixed	AllocationPlacebo	-0.11671106148845878	0.09187918850800873	-1.270266568345731	1158.4981685922864	0.20424474604710854
OPG	fixed	srf14Yes	0.2978141416633536	0.11038545660144872	2.6979472734222947	1143.2997549728725	0.0070795448859773714
OPG	fixed	DEXcorrectedYes	-0.27671286718464944	0.07806186678193318	-3.5447892625685005	569.2362402219102	4.2522491358825754e-4
OPG	fixed	cbmi	0.0030253115876353897	0.005439033015536327	0.5562223246289806	565.9441852076912	0.5782787235214655
OPG	fixed	Age	0.035208612935939576	0.0024869997323478258	14.15706341982645	568.4741399555032	3.423558914098507e-39
OPG	fixed	GenderMale	0.1370583057810862	0.06050447686004754	2.2652589179163507	571.3754077921124	0.02387035077036056
OPG	fixed	Day4:AllocationPlacebo	0.054265423451442626	0.0938848411032056	0.5779998433590553	1031.8660279716846	0.5633903356962315
OPG	fixed	Day7:AllocationPlacebo	0.32913622053616204	0.09529477949050191	3.4538746224704497	1039.6086211343013	5.748733022662237e-4
OPG	fixed	Day4:srf14Yes	0.14581430884418542	0.11504863068006696	1.2674145531525118	1057.4890494517279	0.20528611681138212
OPG	fixed	Day7:srf14Yes	0.3241038172519975	0.11458132417269835	2.8285920030344935	1060.365897694086	0.004763406014720453
OPG	fixed	AllocationPlacebo:srf14Yes	0.14978382962511597	0.17558896258240722	0.85303670243407	1156.0720768977596	0.3938156480284464
OPG	fixed	Day4:AllocationPlacebo:srf14Yes	0.12962644113034355	0.1850986914758193	0.7003098730564367	1054.7923149498085	0.48388824080732007
OPG	fixed	Day7:AllocationPlacebo:srf14Yes	-0.44255123873243457	0.18542529311112613	-2.3866821581196684	1057.3225391252433	0.01717621862608426
LAP TGF-beta-1	fixed	(Intercept)	0.19967279140335484	0.29845622666972205	0.6690186820069831	579.5836266692306	0.5037499501660029
LAP TGF-beta-1	fixed	Day4	-0.06933577981041594	0.06080019812534857	-1.1403873991902134	1032.1386788519692	0.25438948839804026
LAP TGF-beta-1	fixed	Day7	0.24287775089271016	0.06129600763174829	3.962374716993991	1036.7094857145225	7.92873875152927e-5
LAP TGF-beta-1	fixed	AllocationPlacebo	-0.1269639334382143	0.10729334574024554	-1.1833346472910888	1215.679727904453	0.236907895433685
LAP TGF-beta-1	fixed	srf14Yes	-0.1944088711872581	0.12884631651506834	-1.508843065486644	1199.6933948926837	0.1316021911932223
LAP TGF-beta-1	fixed	DEXcorrectedYes	-0.14844917568873867	0.08912985391447595	-1.6655381914030987	567.1108250495373	0.09635769019675579
LAP TGF-beta-1	fixed	cbmi	3.798025794563988e-4	0.006209045516066425	0.06116923744134713	563.5635045025788	0.9512461149795699
LAP TGF-beta-1	fixed	Age	-0.003601973180915593	0.0028394857321157644	-1.2685301215553852	566.1508047807617	0.20513003971880733
LAP TGF-beta-1	fixed	GenderMale	0.19454251452314716	0.06909100291035557	2.8157430971954893	569.1812882689355	0.005035091204199284
LAP TGF-beta-1	fixed	Day4:AllocationPlacebo	0.18306182921863962	0.11398020670925363	1.6060843764356632	1033.5906448410653	0.10856081953655312
LAP TGF-beta-1	fixed	Day7:AllocationPlacebo	0.012573509750842317	0.11566360256879717	0.10870757499848359	1042.1465777006981	0.9134553598851949
LAP TGF-beta-1	fixed	Day4:srf14Yes	0.11721086948987969	0.13956327297953264	0.8398403604870245	1060.9380275322428	0.40118711091378734
LAP TGF-beta-1	fixed	Day7:srf14Yes	0.06673570287200631	0.13898452668178105	0.4801664218694241	1063.800221675017	0.6312077768547292
LAP TGF-beta-1	fixed	AllocationPlacebo:srf14Yes	0.15989640759314738	0.20503200316045783	0.7798607296833199	1213.1350946651887	0.4356249748376877
LAP TGF-beta-1	fixed	Day4:AllocationPlacebo:srf14Yes	0.10645678526029816	0.22455896721261587	0.47407051511553866	1057.8454311624032	0.6355474556075171
LAP TGF-beta-1	fixed	Day7:AllocationPlacebo:srf14Yes	-0.2523959148700034	0.22493772027666187	-1.1220702092986865	1060.5364321077423	0.2620865651129146
uPA	fixed	(Intercept)	-0.539860456744685	0.29215895529740954	-1.8478312814170708	583.7679452161035	0.0651324157373906
uPA	fixed	Day4	-0.5036884290206831	0.05752013887334231	-8.756731796663262	1035.1217035538054	8.062737844729646e-18
uPA	fixed	Day7	-0.49238357174783765	0.05799355901937487	-8.490314787946346	1039.425798330002	7.037566460462458e-17
uPA	fixed	AllocationPlacebo	-0.018457212619827596	0.10372574293462047	-0.17794244801371428	1186.4960556021463	0.8587985485674079
uPA	fixed	srf14Yes	0.26471080198098457	0.12459388691417404	2.1245890030168932	1171.0021212337804	0.03382993814080679
uPA	fixed	DEXcorrectedYes	-0.3222798179493917	0.087280906862305	-3.692443508381767	572.186424185495	2.4338053664247418e-4
uPA	fixed	cbmi	0.018519987175979406	0.006080891425575702	3.0456039879426142	568.7731161728145	0.0024296802961647863
uPA	fixed	Age	0.0074526310318438465	0.0027806590359962116	2.6801671601472825	571.3389249883045	0.007570855991456286
uPA	fixed	GenderMale	0.10217752594072872	0.06765342572672098	1.51030823410871	574.3073035155375	0.13151477002411208
uPA	fixed	Day4:AllocationPlacebo	-0.02013904746372551	0.1078336788911968	-0.18676027444121263	1036.4019798720487	0.8518851461508715
uPA	fixed	Day7:AllocationPlacebo	0.12418341112583196	0.10944167309496299	1.1346994943880062	1044.4674372093389	0.25676158750270034
uPA	fixed	Day4:srf14Yes	0.030270896748878943	0.13209676811942764	0.2291569822625128	1062.6929584230672	0.8187909998348429
uPA	fixed	Day7:srf14Yes	0.03225269418380528	0.13155528313684334	0.24516456819340463	1065.558207077831	0.8063762166006814
uPA	fixed	AllocationPlacebo:srf14Yes	0.050993185238009664	0.19822257982248875	0.2572521520185784	1184.0213400513478	0.7970288250861682
uPA	fixed	Day4:AllocationPlacebo:srf14Yes	-0.02654701117721518	0.21253469846755957	-0.12490671579100862	1059.8378201452895	0.9006210885866838
uPA	fixed	Day7:AllocationPlacebo:srf14Yes	-0.22665499427243557	0.21290258233630374	-1.0645948573531547	1062.429446221881	0.2873011971378269
IL6	fixed	(Intercept)	-0.4869004440772702	0.26713392721361234	-1.8226829109876508	579.3015763416042	0.068866755505652
IL6	fixed	Day4	-0.5483625620836117	0.051546050811568066	-10.63830406888411	1030.1161611588336	3.776829098272885e-25
IL6	fixed	Day7	-0.9906863785940888	0.051972500930026366	-19.061741514573413	1034.2927516136835	1.1683772678535053e-69
IL6	fixed	AllocationPlacebo	0.09264465338026828	0.09416899432658851	0.9838127086604148	1163.9166447325376	0.32541206770299147
IL6	fixed	srf14Yes	0.48712221947132905	0.11313112082501484	4.305819794933205	1148.6081176421687	1.805631087637051e-5
IL6	fixed	DEXcorrectedYes	-0.10777751366139533	0.07982083219779978	-1.350242921475907	568.2721458130648	0.17747558018482038
IL6	fixed	cbmi	-3.1190700349658317e-4	0.005561482881780735	-0.05608342417422194	564.9548917489215	0.9552951770317422
IL6	fixed	Age	0.012604010762530603	0.0025430277463166628	4.95630092152409	567.4907002767417	9.499389476353377e-7
IL6	fixed	GenderMale	0.15601221185007697	0.061868591947019366	2.521670639986064	570.4048490218366	0.011951130217631499
IL6	fixed	Day4:AllocationPlacebo	0.007346191241417083	0.096635179452492	0.07601984373639657	1031.3090221221294	0.9394180547810105
IL6	fixed	Day7:AllocationPlacebo	0.2765965933232933	0.09808395310954685	2.8199984253731225	1039.1411244405288	0.004893702512104432
IL6	fixed	Day4:srf14Yes	0.21319982367169682	0.11840915874201305	1.8005349074070471	1057.1346518562016	0.07206117221831349
IL6	fixed	Day7:srf14Yes	0.6125177505813678	0.11792711821844665	5.194036450943777	1060.0138827830197	2.4665730476712854e-7
IL6	fixed	AllocationPlacebo:srf14Yes	-0.05012269573101537	0.17996361824060786	-0.27851571457072116	1161.4718977923746	0.780666079772443
IL6	fixed	Day4:AllocationPlacebo:srf14Yes	0.2016517768668407	0.19050701210997784	1.0585005487904513	1054.3954443621067	0.2900697309281478
IL6	fixed	Day7:AllocationPlacebo:srf14Yes	-0.22821468801576092	0.19084160621445737	-1.19583298706523	1056.9447307813568	0.2320299489933668
MCP-1	fixed	(Intercept)	-0.891532933233214	0.2814360886300083	-3.167798904444246	583.3304214395614	0.0016162895306130473
MCP-1	fixed	Day4	-0.08671359666803738	0.060934958675548836	-1.423051702221514	1037.811294908212	0.1550216934266931
MCP-1	fixed	Day7	-0.07402516981144698	0.06142295672773994	-1.2051710590808404	1042.8406140010786	0.22841067576337126
MCP-1	fixed	AllocationPlacebo	0.057670638062904504	0.10359522691761681	0.5566920386087534	1277.0981562857512	0.5778353922763879
MCP-1	fixed	srf14Yes	0.2572732469311984	0.1243465375127327	2.0690020975039567	1260.7328641582421	0.038749304346482806
MCP-1	fixed	DEXcorrectedYes	-0.33803804923697006	0.08398628926922888	-4.0249194502848615	568.9757387473438	6.470740137771323e-5
MCP-1	fixed	cbmi	0.012289620877046083	0.005849545086437879	2.100953269945635	565.1537417227789	0.036087378794795816
MCP-1	fixed	Age	0.009606742391346281	0.0026754651718049194	3.5906811617605143	567.7801080009759	3.583803284282166e-4
MCP-1	fixed	GenderMale	0.19069439013004327	0.06511103630797767	2.928756796744128	570.9354065623777	0.003539040161894198
MCP-1	fixed	Day4:AllocationPlacebo	-0.07261034464335936	0.11422726440007278	-0.6356656182279464	1039.5914000030289	0.5251342906565728
MCP-1	fixed	Day7:AllocationPlacebo	0.1655189099000485	0.11588293416101894	1.4283286067822596	1048.9859341936192	0.1534949620504081
MCP-1	fixed	Day4:srf14Yes	0.17139355022380648	0.13974759649116644	1.2264507907629052	1068.5320974574574	0.22029927334468274
MCP-1	fixed	Day7:srf14Yes	0.39485170155934773	0.13915634129598262	2.8374682596713754	1071.324090166962	0.004633046579981747
MCP-1	fixed	AllocationPlacebo:srf14Yes	0.3144563122792839	0.19795030142277062	1.5885619270045293	1274.5461919633985	0.11240734616120217
MCP-1	fixed	Day4:AllocationPlacebo:srf14Yes	0.32977850757651345	0.22487770647652555	1.4664793266687743	1065.0165475188385	0.1428129457189969
MCP-1	fixed	Day7:AllocationPlacebo:srf14Yes	-0.5338704514425103	0.22523840017712238	-2.3702461526217853	1067.8553917367472	0.017953118025016392
CXCL11	fixed	(Intercept)	0.8296645247931662	0.29178949067750176	2.8433667123061226	573.2697800632665	0.004623127179950098
CXCL11	fixed	Day4	-0.6724289907212289	0.05327668905408343	-12.621448567095031	1022.4438689616962	4.804916365453832e-34
CXCL11	fixed	Day7	-0.8269079894916094	0.053723320649159106	-15.391974648993562	1026.2632645535698	2.9561371717649706e-48
CXCL11	fixed	AllocationPlacebo	0.009881657014241497	0.10096393697058187	0.09787313481169758	1107.7177514313892	0.9220507390579638
CXCL11	fixed	srf14Yes	0.035892003888270796	0.12134187622795709	0.2957923925689333	1093.18423762914	0.7674448086901997
CXCL11	fixed	DEXcorrectedYes	-0.2200422833349247	0.08723213865500301	-2.522490984718104	563.5817226702023	0.01192689951699413
CXCL11	fixed	cbmi	-2.5205703076812365e-4	0.006078826235015256	-0.04146475339535529	560.5062903972223	0.9669401570957528
CXCL11	fixed	Age	-0.003887079305385679	0.0027792422368878517	-1.3986111947328363	562.9596064960703	0.16248025044582046
CXCL11	fixed	GenderMale	0.08575336195599215	0.06760589314088021	1.2684302798469864	565.7327828923817	0.20516603216110618
CXCL11	fixed	Day4:AllocationPlacebo	-0.003298792068881375	0.09988261019746703	-0.03302669065575772	1023.4117816345347	0.9736597430680766
CXCL11	fixed	Day7:AllocationPlacebo	-0.03385129205946124	0.10140080931649359	-0.3338365076929921	1030.5873823795264	0.7385708471799909
CXCL11	fixed	Day4:srf14Yes	0.05650899375236315	0.12247174682626726	0.4614043256239677	1047.7995452493612	0.644604315478694
CXCL11	fixed	Day7:srf14Yes	0.1754138989362269	0.12198264050546698	1.4380234614479037	1050.6781114835678	0.15072516940911618
CXCL11	fixed	AllocationPlacebo:srf14Yes	0.2235236149556035	0.19296126018085197	1.1583859617526706	1105.4160574753375	0.24695676236881695
CXCL11	fixed	Day4:AllocationPlacebo:srf14Yes	-0.012275794199465088	0.1970295441947744	-0.06230433232556128	1045.3756064558831	0.9503323885323982
CXCL11	fixed	Day7:AllocationPlacebo:srf14Yes	-0.16293791101853902	0.19738882091881862	-0.8254667628089817	1047.7920124480788	0.4092945428739071
AXIN1	fixed	(Intercept)	-0.04190918982898694	0.28832477597373923	-0.1453541052358402	583.0634885941942	0.884481531463321
AXIN1	fixed	Day4	0.19538218385412756	0.06332822558560558	3.085230670011662	1038.0334185917557	0.002087784011852139
AXIN1	fixed	Day7	0.49102430211263454	0.06383307588945453	7.692317740774163	1043.1797016244227	3.333726996812663e-14
AXIN1	fixed	AllocationPlacebo	-0.0014195091233799725	0.10675032257217129	-0.013297469170833437	1290.7028224523344	0.9893925223537856
AXIN1	fixed	srf14Yes	-0.1549574909395367	0.1281190010943789	-1.2094809483051403	1274.2759855364022	0.22670246690725723
AXIN1	fixed	DEXcorrectedYes	-0.04116645456831508	0.08602605906985111	-0.47853470231489853	568.2392492764926	0.6324537459048241
AXIN1	fixed	cbmi	-4.067810272896325e-4	0.005991313346003552	-0.06789513480562186	564.3551967031857	0.9458931589560131
AXIN1	fixed	Age	-0.002130215340976819	0.0027404006216386304	-0.7773371981294657	566.9840443387382	0.4372840608564156
AXIN1	fixed	GenderMale	0.06841430089943061	0.06669405282687875	1.0257931254682813	570.1634652365408	0.30542410177861357
AXIN1	fixed	Day4:AllocationPlacebo	-0.043789086810523244	0.11871208410705048	-0.3688679812160972	1039.8989063578372	0.7123012161792106
AXIN1	fixed	Day7:AllocationPlacebo	-0.07108644871389139	0.12042462254679742	-0.5902982895899628	1049.5073045307322	0.5551177627010258
AXIN1	fixed	Day4:srf14Yes	-0.08085841358522304	0.14520445369927037	-0.556859046160437	1069.2362160634411	0.5777402713078381
AXIN1	fixed	Day7:srf14Yes	-0.04073790008507198	0.1445872852635946	-0.2817529910102635	1072.0079129704943	0.7781872982841439
AXIN1	fixed	AllocationPlacebo:srf14Yes	-0.0567583312448247	0.20397544428965247	-0.27826060848886214	1288.1612708307475	0.780856969542472
AXIN1	fixed	Day4:AllocationPlacebo:srf14Yes	0.22901927489679413	0.23366458777264826	0.980119739494399	1065.6121030988415	0.3272494790537527
AXIN1	fixed	Day7:AllocationPlacebo:srf14Yes	0.05846258968825102	0.23403466985626867	0.24980311559887924	1068.4881626345168	0.802787627031847
TRAIL	fixed	(Intercept)	0.7185248670796909	0.2873073828832844	2.5008924583451586	567.4651634297547	0.01266885681525232
TRAIL	fixed	Day4	0.3154191428952523	0.05834112215182195	5.40646342170849	1020.0530012078902	8.005264572504999e-8
TRAIL	fixed	Day7	0.4915498923360058	0.05881730568603213	8.357232392791133	1024.6446832026181	2.071799768065252e-16
TRAIL	fixed	AllocationPlacebo	0.19207599312187545	0.10316158462289635	1.861894559142366	1203.0752128512704	0.06286163387988182
TRAIL	fixed	srf14Yes	-0.19308335992819928	0.12388758926513652	-1.5585367434584128	1186.8496705615348	0.11937266175189988
TRAIL	fixed	DEXcorrectedYes	-0.33531577128962725	0.08580344156932375	-3.907952468534882	555.1987298207235	1.0457344308946967e-4
TRAIL	fixed	cbmi	0.0060572468732776686	0.005977379238307242	1.0133616476027787	551.6993723456989	0.3113316602759481
TRAIL	fixed	Age	-0.01212203991326228	0.0027335209148200883	-4.434588317046081	554.2591379640018	1.1127644794655447e-5
TRAIL	fixed	GenderMale	-0.11548224098972826	0.06651206288020509	-1.7362601006335254	557.2540700625245	0.08307053638302254
TRAIL	fixed	Day4:AllocationPlacebo	-0.2566771278910802	0.10937050659044403	-2.3468587272092485	1021.5027358886975	0.019122656488338188
TRAIL	fixed	Day7:AllocationPlacebo	-0.148953862530856	0.11098732693966092	-1.3420799170326525	1030.0998993248043	0.17986581190936052
TRAIL	fixed	Day4:srf14Yes	-0.31043686564843637	0.13392470365343767	-2.3179955391334395	1049.0446772284804	0.020641176443668818
TRAIL	fixed	Day7:srf14Yes	-0.3562019711307744	0.13336993949013723	-2.6707815306245655	1051.9405335314675	0.0076842545443686055
TRAIL	fixed	AllocationPlacebo:srf14Yes	-0.14895264640269146	0.19713718753817064	-0.7555786316260119	1200.4903374802855	0.45005009174939314
TRAIL	fixed	Day4:AllocationPlacebo:srf14Yes	0.278078965628602	0.21548539740585682	1.2904770762951194	1045.9403034591887	0.19717026171884205
TRAIL	fixed	Day7:AllocationPlacebo:srf14Yes	0.12440191950240893	0.21584975892909172	0.5763356888588229	1048.6522786262583	0.5645119800796485
CXCL9	fixed	(Intercept)	-0.947299162752742	0.29830076409307354	-3.1756511440150814	584.9180003311209	0.001573688399682939
CXCL9	fixed	Day4	-0.11459386285812966	0.054317535714837446	-2.1097029044126363	1033.809752022911	0.035123814057454246
CXCL9	fixed	Day7	-0.024669643512502018	0.05477317307413741	-0.45039646469104117	1037.575315255776	0.6525186867004962
CXCL9	fixed	AllocationPlacebo	0.07824905275745905	0.10312596241098862	0.7587716121922097	1115.7983916498429	0.4481494372950381
CXCL9	fixed	srf14Yes	0.4892654939984971	0.1239426040175149	3.9475166580279106	1101.4909106992288	8.397274611752908e-5
CXCL9	fixed	DEXcorrectedYes	-0.18308397630853315	0.08918079770127849	-2.052952889273253	575.2050693161826	0.04052892281465834
CXCL9	fixed	cbmi	-0.0033194973662381815	0.006214666395717125	-0.5341392690886567	572.1128974331294	0.5934526666157223
CXCL9	fixed	Age	0.017137344296041485	0.0028413313864872605	6.031448629168311	574.5844428239269	2.9107768406448333e-9
CXCL9	fixed	GenderMale	0.13541968855901493	0.06911576453350941	1.9593169441590907	577.3758683377409	0.0505564631140919
CXCL9	fixed	Day4:AllocationPlacebo	-0.1362851461711174	0.10183411089874878	-1.3383054554934197	1034.7581674511669	0.181090875248953
CXCL9	fixed	Day7:AllocationPlacebo	-0.06916138442789103	0.10338296427764515	-0.668982408379695	1041.8325119874764	0.5036549067246183
CXCL9	fixed	Day4:srf14Yes	-0.14633531524478352	0.1248686479698784	-1.1719139882101026	1058.8281456194072	0.2414952124038265
CXCL9	fixed	Day7:srf14Yes	0.1655665613852913	0.12437044330078464	1.3312372054900181	1061.6751048308536	0.18339675498118463
CXCL9	fixed	AllocationPlacebo:srf14Yes	-0.12291049092329796	0.19709388747546702	-0.6236139156705054	1113.5346018240753	0.5330088856634575
CXCL9	fixed	Day4:AllocationPlacebo:srf14Yes	0.38124794576043725	0.20088497635475708	1.8978420023166112	1056.444485296172	0.05798929689439738
CXCL9	fixed	Day7:AllocationPlacebo:srf14Yes	-0.15646356223887042	0.20125192723294136	-0.7774512492383234	1058.8287928074262	0.4370662516337711
CST5	fixed	(Intercept)	-1.3608175058615362	0.32652792333172265	-4.167537930528133	573.8582188131018	3.553973066024276e-5
CST5	fixed	Day4	0.09726930032662272	0.04409479606934021	2.2059133729446034	1014.9486091658051	0.02761351684576738
CST5	fixed	Day7	0.315687708368169	0.04448402429220955	7.096653537783791	1017.1654896465955	2.39386308440174e-12
CST5	fixed	AllocationPlacebo	-0.12282495697033485	0.10433322980579388	-1.177237177445398	881.2519411770628	0.23941870190145714
CST5	fixed	srf14Yes	-0.2829579885803439	0.1256164938434906	-2.2525544211804687	872.2443630631258	0.024535119953429954
CST5	fixed	DEXcorrectedYes	0.10313104332626931	0.097800069381979507	1.054508897365589	568.9421361146789	0.2920975905344906
CST5	fixed	cbmi	0.006488446348513753	0.006819861543076507	0.9514044101233688	566.946781127899	0.3418045343742342
CST5	fixed	Age	0.014434450146225736	0.003116216407374656	4.632043561565881	568.8181366380688	4.491798187060313e-6
CST5	fixed	GenderMale	0.25096619074605736	0.07575442342560955	3.3128915698567076	570.8175641796628	9.818048808637662e-4
CST5	fixed	Day4:AllocationPlacebo	0.037141562969551546	0.08267497870538519	0.4492479290730348	1015.1580149426782	0.6533487084438885
CST5	fixed	Day7:AllocationPlacebo	0.14926937418506664	0.08400125922662535	1.7769897208606804	1019.3604794281073	0.07586807784617193
CST5	fixed	Day4:srf14Yes	-0.22929627708498476	0.10167689376371854	-2.25514636214039	1031.4845294311328	0.02433311680077425
CST5	fixed	Day7:srf14Yes	-0.1548155904774939	0.10131071131705097	-1.5281265767940362	1033.8685204726817	0.12678698575622532
CST5	fixed	AllocationPlacebo:srf14Yes	0.15044653514511486	0.19945333068582066	0.7542944238023208	880.0628691960699	0.4508742270312892
CST5	fixed	Day4:AllocationPlacebo:srf14Yes	0.1850180841226556	0.1635338773282634	1.1313746554866226	1030.331712538353	0.2581606932480565
CST5	fixed	Day7:AllocationPlacebo:srf14Yes	-0.09465906884725984	0.16388097091634887	-0.5776086651059534	1031.9829214436645	0.5636543523097012
OSM	fixed	(Intercept)	-0.17369867623103918	0.30285212345304585	-0.5735428705289214	577.4190376680672	0.5665004906333106
OSM	fixed	Day4	0.03659244909013983	0.05749754514608532	0.6364175896061052	1027.754362093597	0.5246459865125179
OSM	fixed	Day7	0.1531396006075697	0.05797515342572462	2.641469518554459	1031.8240413553708	0.008379538726535195
OSM	fixed	AllocationPlacebo	0.027368310005675484	0.10616345817247519	0.25779407035905333	1147.1771105814155	0.7966120775602119
OSM	fixed	srf14Yes	0.04846118808388446	0.12755575660373838	0.3799216074146525	1132.0748691204033	0.704074869291065
OSM	fixed	DEXcorrectedYes	0.27284198282007366	0.0905076444457776	3.0145739013628967	566.8025324877045	0.002688542037845714
OSM	fixed	cbmi	-0.002333120311531952	0.0063063834254005685	-0.3699616966096153	563.5574798473282	0.7115500195107212
OSM	fixed	Age	-0.003962152032385065	0.0028835327068286406	-1.374061762157957	566.0706444352364	0.16996631672988036
OSM	fixed	GenderMale	0.19578033292776562	0.07014969713090455	2.790893488284418	568.9439965476748	0.005432693150799129
OSM	fixed	Day4:AllocationPlacebo	0.16776644264177246	0.10779365715132505	1.5563665532402822	1028.8779779281344	0.11992848048805838
OSM	fixed	Day7:AllocationPlacebo	0.1389495922326727	0.10941650801898724	1.269914336953255	1036.513807821756	0.20440015883696872
OSM	fixed	Day4:srf14Yes	0.15715563812601818	0.13210889691843883	1.1895916307820107	1054.2857088117196	0.2344747660284533
OSM	fixed	Day7:srf14Yes	0.16633154743916329	0.1315740901592286	1.264166426975644	1057.1683801649956	0.20644895058205728
OSM	fixed	AllocationPlacebo:srf14Yes	-0.004317609018752938	0.202889675910489	-0.021280575265238154	1144.7684655815776	0.9830255475091406
OSM	fixed	Day4:AllocationPlacebo:srf14Yes	0.033340442252204595	0.2125438086432143	0.15686386004389044	1051.6418119584148	0.8753822516992867
OSM	fixed	Day7:AllocationPlacebo:srf14Yes	0.07252405704853623	0.21292138283339318	0.3406142496514072	1054.1525581394308	0.7334618680040936
CXCL1	fixed	(Intercept)	0.45616784846294894	0.30301320103567303	1.5054388617519188	577.9461568316035	0.13275759482917807
CXCL1	fixed	Day4	-0.32260008006297736	0.05784724329074062	-5.576758056413981	1028.446925507879	3.131293873177173e-8
CXCL1	fixed	Day7	-0.22803415908385752	0.05832710371087676	-3.9095745301225033	1032.5532160706725	9.849111258862865e-5
CXCL1	fixed	AllocationPlacebo	0.0038219136745746146	0.10642167815998486	0.03591292432758944	1152.7750171747712	0.9713580079358362
CXCL1	fixed	srf14Yes	-0.12426059288837918	0.1278609285280013	-0.9718417840299537	1137.5983285329612	0.3313358533057793
CXCL1	fixed	DEXcorrectedYes	-0.35185961232136687	0.09055104845124863	-3.885759671913716	567.1915430694839	1.140533021401579e-4
CXCL1	fixed	cbmi	0.00663242457348785	0.006309305668241813	1.051213068796535	563.9222695295102	0.29361099542440516
CXCL1	fixed	Age	-0.004853209993498521	0.0028849049638087886	-1.6822772515497644	566.4431038819577	0.09306620662921283
CXCL1	fixed	GenderMale	0.12209142940843737	0.07018407983131138	1.7395886603042483	569.3301798051031	0.08247169813848143
CXCL1	fixed	Day4:AllocationPlacebo	0.04529607960875133	0.10844891728285595	0.4176720316221351	1029.5939429654825	0.6762740084014645
CXCL1	fixed	Day7:AllocationPlacebo	0.19958706248797323	0.11007932601984817	1.8131203169974544	1037.2970289175273	0.07010219680573616
CXCL1	fixed	Day4:srf14Yes	0.13163362147311963	0.13290275376348498	0.9904506697233384	1055.1468840865716	0.3221809600170802
CXCL1	fixed	Day7:srf14Yes	0.10378942511768084	0.13236370287310767	0.7841230100458888	1058.0290045026545	0.4331434445466895
CXCL1	fixed	AllocationPlacebo:srf14Yes	0.2886677693825312	0.2033818740855914	1.4193387226879814	1150.353140113088	0.15607119293007177
CXCL1	fixed	Day4:AllocationPlacebo:srf14Yes	0.10676377152304138	0.21382254589805433	0.49931016897508973	1052.4704978416814	0.6176652465841735
CXCL1	fixed	Day7:AllocationPlacebo:srf14Yes	-0.15681554804676873	0.21420093335350718	-0.7320955403493397	1054.9946678194508	0.46427285345354374
CCL4	fixed	(Intercept)	-0.9269290576436227	0.303494752208175	-3.054184795287062	571.2754782183773	0.002361878300435777
CCL4	fixed	Day4	0.43474877446043453	0.05238781033895452	8.2986628310587	1018.7769041074347	3.3133033352649617e-16
CCL4	fixed	Day7	0.7353496344610093	0.05283231482132911	13.918557930839308	1022.2458263102142	1.867544718729045e-40
CCL4	fixed	AllocationPlacebo	0.10482789957455586	0.10318678388391612	1.0159043205812672	1056.4506074429348	0.3099075499517085
CCL4	fixed	srf14Yes	0.027836856107737628	0.12406035852530695	0.22438155458062145	1042.904707577754	0.822504373098164
CCL4	fixed	DEXcorrectedYes	-0.1360405297047453	0.0907725291936036	-1.4986971379258602	562.7564098465314	0.13451294108938383
CCL4	fixed	cbmi	0.016633449985153606	0.006326484612885233	2.629177339857279	559.9074404531351	0.008794333546175852
CCL4	fixed	Age	3.763907682232026e-4	0.0028921204894236468	0.1301435294966605	562.2692109274406	0.8964994167948759
CCL4	fixed	GenderMale	0.1758467050667659	0.07034215574793944	2.499876541982679	564.9009941022316	0.012706118783530661
CCL4	fixed	Day4:AllocationPlacebo	-0.14087657521250524	0.09821850325462553	-1.434318082075546	1019.5450329192832	0.15178814984249495
CCL4	fixed	Day7:AllocationPlacebo	-0.10369288701319597	0.09973028073662386	-1.0397332309435374	1026.073963880014	0.29870879190358157
CCL4	fixed	Day4:srf14Yes	0.07674052385217203	0.12050954070410765	0.6368004010619907	1042.384745040727	0.5243946819834173
CCL4	fixed	Day7:srf14Yes	0.08238174738706262	0.12003764810363016	0.686299246016061	1045.2215971139794	0.4926766347607888
CCL4	fixed	AllocationPlacebo:srf14Yes	-0.13389092826236504	0.1972212470069273	-0.6788869368504813	1054.3450212704129	0.49735849251636255
CCL4	fixed	Day4:AllocationPlacebo:srf14Yes	0.16815527616906095	0.19386074759412572	0.8674023919536165	1040.2592649505057	0.38592161159075955
CCL4	fixed	Day7:AllocationPlacebo:srf14Yes	-0.004676614681431142	0.19422669775653692	-0.02407812486877204	1042.5310270301168	0.9807948998236616
CD6	fixed	(Intercept)	0.3270168153467894	0.29966559036150264	1.0912724912870093	582.1516184257872	0.27560444195172756
CD6	fixed	Day4	0.07199744308339749	0.05290901551792137	1.360778354664537	1030.1839687840456	0.17388136124398781
CD6	fixed	Day7	0.3655435553657193	0.05335584134192973	6.851050347480073	1033.7615210797126	1.2569668156715037e-11
CD6	fixed	AllocationPlacebo	-0.05879848375675338	0.10259057402941012	-0.5731372917349828	1086.1881598510822	0.566670369198961
CD6	fixed	srf14Yes	-0.1660044329108618	0.12332503811028366	-1.346072423366389	1072.3699600770067	0.1785636404598296
CD6	fixed	DEXcorrectedYes	-0.1941210086388336	0.08961158148150593	-2.166249110098524	573.1117491206027	0.030703668858939836
CD6	fixed	cbmi	0.012286306487740047	0.006245204918227001	1.9673183904473226	570.1496103742245	0.04963090442241943
CD6	fixed	Age	-0.006168643736013113	0.0028551017340989787	-2.1605688029746624	572.5688190724687	0.03114275742748539
CD6	fixed	GenderMale	-0.3872547924158791	0.06944551142271108	-5.57638333251922	575.2791929249182	3.781237786299159e-8
CD6	fixed	Day4:AllocationPlacebo	0.11561975366177035	0.09919478631548369	1.1655829701981306	1031.0218854081395	0.24405267227280308
CD6	fixed	Day7:AllocationPlacebo	0.12230071071564402	0.10071413920457704	1.2143350643867288	1037.7498546550498	0.22489605754220446
CD6	fixed	Day4:srf14Yes	-0.013896860779920615	0.1216762210910594	-0.11421180453591304	1054.2844475588056	0.9090916403653683
CD6	fixed	Day7:srf14Yes	-0.2763895048458983	0.12119596790829079	-2.2805173275652435	1057.1160225175388	0.022775389564422033
CD6	fixed	AllocationPlacebo:srf14Yes	-0.014865779137385153	0.19607712823021048	-0.07581597747561623	1084.0220875465454	0.9395794937397289
CD6	fixed	Day4:AllocationPlacebo:srf14Yes	-0.17256775722095202	0.195742259742175	-0.8816070553607196	1052.0624819291522	0.3781907061953793
CD6	fixed	Day7:AllocationPlacebo:srf14Yes	-0.4156439721348488	0.19610679710135281	-2.119477643194763	1054.37182748013	0.0342833178980566
SCF	fixed	(Intercept)	-0.042408423644643756	0.30701090131647213	-0.13813328276877185	575.0260326451134	0.8901834391628205
SCF	fixed	Day4	-0.39479577995480286	0.04813788094531095	-8.201353532851334	1019.8070679794407	7.100352789704376e-16
SCF	fixed	Day7	-0.3733801166453583	0.04855365613944878	-7.690051508644169	1022.7209095029056	3.445092423963603e-14
SCF	fixed	AllocationPlacebo	0.005398415046121361	0.1015987692726187	0.05313465000383875	982.9107743845436	0.9576354206420334
SCF	fixed	srf14Yes	-0.036243642619663466	0.12222457660798867	-0.2965331819958586	971.2246649956496	0.7668863290827413
SCF	fixed	DEXcorrectedYes	-0.38369582604716257	0.09188395612013615	-4.175874029036028	568.1485889682609	3.434874744092831e-5
SCF	fixed	cbmi	0.010024819450431963	0.006405414786469381	1.5650539090158708	565.6508988597727	0.1181295145580259
SCF	fixed	Age	0.008015006408264263	0.0029276303147084976	2.737711236284391	567.8408917929595	0.006380822143371516
SCF	fixed	GenderMale	-0.22443286850903416	0.07119054462128278	-3.1525656911738076	570.2332385146648	0.001703468245326029
SCF	fixed	Day4:AllocationPlacebo	-0.01154289209072551	0.09025325505224539	-0.12789446856009362	1020.2992584209582	0.8982576911150338
SCF	fixed	Day7:AllocationPlacebo	0.07784598913995237	0.09166848607206596	0.8492121172237217	1025.7995359206338	0.3959614080196675
SCF	fixed	Day4:srf14Yes	-0.27080306915701874	0.11084873759424597	-2.4429964204759314	1040.4266779218822	0.014731311524411188
SCF	fixed	Day7:srf14Yes	-0.26396133194536825	0.11042899998300269	-2.3903262004183445	1043.1175688686556	0.017010029993743892
SCF	fixed	AllocationPlacebo:srf14Yes	-0.19279196224040057	0.19420374765322454	-0.9927303904796684	981.1843929123437	0.32108611015390076
SCF	fixed	Day4:AllocationPlacebo:srf14Yes	0.09737957458379626	0.17830381794925437	0.546144079828457	1038.7505476569117	0.5850841766354717
SCF	fixed	Day7:AllocationPlacebo:srf14Yes	-0.1354560927852941	0.17865835463184931	-0.7581850457786901	1040.7656721858637	0.44851185684426
IL18	fixed	(Intercept)	-0.13147482822077416	0.3350686497020299	-0.3923817651627277	578.6680055285552	0.6949206387665678
IL18	fixed	Day4	-0.34740380598341053	0.03397634419774654	-10.224873045830865	1014.3319512305263	2.0064658975605697e-23
IL18	fixed	Day7	-0.6507039151313331	0.03428456628695452	-18.979499687558533	1015.6136153249015	5.496881194511606e-69
IL18	fixed	AllocationPlacebo	-0.06244569134190712	0.10206518376137516	-0.6118216716084396	753.6794009010274	0.5408402616768901
IL18	fixed	srf14Yes	0.0907250871748547	0.12303076437674758	0.7374178940889474	748.5345666291745	0.46109934247516116
IL18	fixed	DEXcorrectedYes	-0.17972874046702786	0.10044981894709513	-1.7892390683320925	576.0424928277853	0.07410157927285747
IL18	fixed	cbmi	0.020606758186098188	0.007007459744331695	2.9406887713863656	574.7911311055217	0.0034066203654954247
IL18	fixed	Age	-0.002377076465408681	0.0032006735934211774	-0.742680062813853	576.065433098557	0.4579781363364258
IL18	fixed	GenderMale	0.22714936790556425	0.07777531228085267	2.920584453397118	577.3936136608663	0.003630215664263389
IL18	fixed	Day4:AllocationPlacebo	-0.036108199880128616	0.06370412419754343	-0.5668110241678989	1014.3069796031899	0.5709679827505487
IL18	fixed	Day7:AllocationPlacebo	0.0700156567314741	0.06475590319339665	1.0812243097338776	1016.7527102356042	0.2798537258822606
IL18	fixed	Day4:srf14Yes	0.08189023022131425	0.07849167420298844	1.0432982995054578	1024.6336259289099	0.2970562411423389
IL18	fixed	Day7:srf14Yes	0.1273439426681551	0.07823135690918526	1.6277864490575322	1026.3132699752427	0.10387710130105282
IL18	fixed	AllocationPlacebo:srf14Yes	-0.06459894226693154	0.19514433061869924	-0.3310316116390496	753.1630426777554	0.7407126836410393
IL18	fixed	Day4:AllocationPlacebo:srf14Yes	0.17210199837900922	0.126229006152216	1.363410864310191	1024.0815328388512	0.17305270640663772
IL18	fixed	Day7:AllocationPlacebo:srf14Yes	-0.20675497954231653	0.12652081852346708	-1.6341577769983175	1025.142699339469	0.10253275652300158
SLAMF1	fixed	(Intercept)	-0.8232333747100671	0.29778378718108717	-2.7645339005962923	571.0325471803378	0.005884558388553223
SLAMF1	fixed	Day4	-0.16726062545353926	0.05931197103109363	-2.820014620081581	1022.9723724375078	0.00489490735788057
SLAMF1	fixed	Day7	-0.22500818223918315	0.05979863900041151	-3.762764270230878	1027.4067328080864	1.7755139061996681e-4
SLAMF1	fixed	AllocationPlacebo	-0.17862903462634125	0.10616638351951849	-1.6825385654537308	1187.210111798598	0.09272740224619185
SLAMF1	fixed	srf14Yes	-0.33033035393599	0.1275145687529107	-2.590530299138464	1171.3010062592875	0.009701824542869842
SLAMF1	fixed	DEXcorrectedYes	-0.3015924916583546	0.08895060935436136	-3.3905612771787847	559.2571755048097	7.467221337465402e-4
SLAMF1	fixed	cbmi	0.01676897672116127	0.006196998580970324	2.7059836309556795	555.8291464904057	0.007019385479148005
SLAMF1	fixed	Age	0.010248229439856971	0.0028338281708817662	3.6163905578891047	558.3803224856836	3.257985273661174e-4
SLAMF1	fixed	GenderMale	0.2221576581036768	0.06894915772140894	3.222050354861639	561.344075330212	0.0013465267906594962
SLAMF1	fixed	Day4:AllocationPlacebo	-0.03612872338710601	0.11119200780622614	-0.3249219444806446	1024.3217203476268	0.7453064959606158
SLAMF1	fixed	Day7:AllocationPlacebo	0.3522119057982727	0.11284478678293296	3.1212067109115447	1032.6292656393114	0.001851148012357748
SLAMF1	fixed	Day4:srf14Yes	-0.053208448782158344	0.1361900729826916	-0.39069256383261214	1051.2330907108228	0.6961036561376088
SLAMF1	fixed	Day7:srf14Yes	0.181887011734987	0.1356295968867239	1.3410569367606149	1054.1285839500397	0.18019084797734283
SLAMF1	fixed	AllocationPlacebo:srf14Yes	0.3344034224830703	0.2028839176543484	1.6482500256762123	1184.6699234431867	0.09956653215729945
SLAMF1	fixed	Day4:AllocationPlacebo:srf14Yes	0.27549716525552875	0.21912416160327142	1.2572651196462843	1048.2686723717368	0.20893768714415606
SLAMF1	fixed	Day7:AllocationPlacebo:srf14Yes	-0.2798621840976834	0.21950018821982356	-1.2749974675074487	1050.921022918904	0.20259193938438003
TGF-alpha	fixed	(Intercept)	-0.48065902630035756	0.3003018494146597	-1.600586300874421	574.0217991400131	0.11001875829030078
TGF-alpha	fixed	Day4	-0.08682933414117754	0.05926512258263095	-1.465100051385449	1025.6357659876892	0.14320008873173617
TGF-alpha	fixed	Day7	0.08545436274395052	0.0597525978488475	1.4301363592612193	1029.991990851489	0.15298115415060642
TGF-alpha	fixed	AllocationPlacebo	0.03403401115217149	0.10670839009453865	0.31894409729187123	1180.81934785773	0.7498253129679913
TGF-alpha	fixed	srf14Yes	-0.04984492639549343	0.12817433034930004	-0.38888384483582855	1165.0937842022229	0.697433130756786
TGF-alpha	fixed	DEXcorrectedYes	0.26179032015650466	0.0897113515561719	2.918140409383836	562.4624043159223	0.0036620451387680145
TGF-alpha	fixed	cbmi	9.970046568802654e-4	0.00625017550474819	0.15951626576291367	559.0649020983217	0.8733197558985927
TGF-alpha	fixed	Age	7.610797822383517e-4	0.002858084714490538	0.2662901412192803	561.6136169976021	0.7901135003354736
TGF-alpha	fixed	GenderMale	0.1765451643670809	0.06953763343748773	2.5388434382914364	564.5648623209393	0.011389308210615668
TGF-alpha	fixed	Day4:AllocationPlacebo	0.27359198386448114	0.11110484998067613	2.462466615202356	1026.9376434497287	0.013961790725165648
TGF-alpha	fixed	Day7:AllocationPlacebo	0.1836212454533468	0.11276053948534139	1.6284175855438963	1035.1010097411904	0.10374066903675394
TGF-alpha	fixed	Day4:srf14Yes	0.23134354113554828	0.13609972658185035	1.6998090073047893	1053.5195539969636	0.08946203501187855
TGF-alpha	fixed	Day7:srf14Yes	0.26490137585098694	0.1355413763310117	1.9543949089321577	1056.4099690596897	0.05091804396893291
TGF-alpha	fixed	AllocationPlacebo:srf14Yes	-0.11048549145779438	0.20392191908135085	-0.5418029212137723	1178.307287222073	0.5880567125622898
TGF-alpha	fixed	Day4:AllocationPlacebo:srf14Yes	-0.04806492416903707	0.2189759238156075	-0.2194986705913431	1050.6234935402026	0.8263042521634117
TGF-alpha	fixed	Day7:AllocationPlacebo:srf14Yes	0.16807475676175224	0.2193542869811487	0.7662250830602484	1053.2444507116304	0.4437140742899838
MCP-4	fixed	(Intercept)	-0.5482782900715165	0.32115396673016194	-1.7072131963800017	577.1312093192582	0.08832028529194082
MCP-4	fixed	Day4	0.3154337913368543	0.04377028199556847	7.206574345780784	1018.4137012130982	1.1157856631808774e-12
MCP-4	fixed	Day7	0.5910144668533248	0.044156196637464826	13.384632551252658	1020.6631916376372	9.269653890715276e-38
MCP-4	fixed	AllocationPlacebo	-0.09808675202356602	0.10281510985583182	-0.9540110608363309	890.2518418421248	0.3403370039561834
MCP-4	fixed	srf14Yes	-0.4162495372962474	0.12378298368104801	-3.3627363383710227	881.0992028707042	8.049953026771111e-4
MCP-4	fixed	DEXcorrectedYes	-0.2676222389869422	0.09618662694505566	-2.7823227353612796	572.1006852351328	0.005575262084880967
MCP-4	fixed	cbmi	0.00115192414113289	0.006707242122220522	0.17174333655209245	570.0715336867681	0.8637002613917555
MCP-4	fixed	Age	0.006657660412986853	0.003064803886701436	2.1722957354221806	571.9678246392313	0.030243358324551814
MCP-4	fixed	GenderMale	0.11173236786776555	0.07450581334386973	1.4996463074912367	573.9960970673375	0.1342558392990952
MCP-4	fixed	Day4:AllocationPlacebo	0.010083819390319012	0.08206645447248832	0.1228738277428505	1018.6358803731529	0.9022312489452784
MCP-4	fixed	Day7:AllocationPlacebo	0.049488264612066526	0.08338136683070842	0.5935170709367714	1022.899050264923	0.5529663748596492
MCP-4	fixed	Day4:srf14Yes	0.2763130834623664	0.10092099354315212	2.737914815951743	1035.1419319987585	0.006289044355739551
MCP-4	fixed	Day7:srf14Yes	0.31020703226325186	0.10055644862089444	3.0849044145617777	1037.5406750131076	0.002090080166350609
MCP-4	fixed	AllocationPlacebo:srf14Yes	0.3297855702551915	0.19654995248929288	1.6778715338186443	889.0341921640876	0.09372365135906059
MCP-4	fixed	Day4:AllocationPlacebo:srf14Yes	0.06914650466086078	0.16231896525512676	0.4259915318717005	1033.9650113922698	0.6702026771725104
MCP-4	fixed	Day7:AllocationPlacebo:srf14Yes	-0.28312314182340514	0.1626622613415149	-1.7405582554208967	1035.633234415105	0.08205804662498752
CCL11	fixed	(Intercept)	-0.12863031128301008	0.3079497197948182	-0.41769906908411647	574.9720665518831	0.6763230882449334
CCL11	fixed	Day4	0.3603985244009877	0.05242596758236505	6.874427712464727	1022.0457753843374	1.0813507615879396e-11
CCL11	fixed	Day7	0.5474621094111164	0.052872031178389595	10.354474704480065	1025.4211999388185	5.771626891716867e-24
CCL11	fixed	AllocationPlacebo	0.004726280042406724	0.1042706191548762	0.045327054550109096	1048.3114762515333	0.9638552557609575
CCL11	fixed	srf14Yes	-0.2740290372039847	0.12537476237206405	-2.1856794144165312	1035.067973173411	0.02906257113202593
CCL11	fixed	DEXcorrectedYes	0.0021590956110765194	0.09211443776725908	0.023439274704490927	566.6918687400453	0.9813081278024491
CCL11	fixed	cbmi	-0.011983112556188048	0.006420235085554088	-1.8664600900909012	563.8880428237101	0.062495849009981244
CCL11	fixed	Age	0.0032763496874804597	0.0029348924398142993	1.1163440414490167	566.2329401879595	0.2647483948928058
CCL11	fixed	GenderMale	0.08047620538744492	0.07138015132293521	1.1274311401128545	568.8375006136278	0.26003557333519184
CCL11	fixed	Day4:AllocationPlacebo	0.008392531824438085	0.0982905418434826	0.08538493803200632	1022.7670481875015	0.9319720781554279
CCL11	fixed	Day7:AllocationPlacebo	0.11399404838343434	0.0998078124258354	1.1421355263961963	1029.1225834620818	0.2536633506825848
CCL11	fixed	Day4:srf14Yes	-0.2397674070390442	0.12061644207218258	-1.9878501050093655	1045.1501465179103	0.04708885154286997
CCL11	fixed	Day7:srf14Yes	-0.20257353940953857	0.12014641913850384	-1.6860555717104926	1047.962272866849	0.09208276108566087
CCL11	fixed	AllocationPlacebo:srf14Yes	0.03945475893618415	0.19929556601989193	0.19797108246876965	1046.265299410128	0.8431061454796678
CCL11	fixed	Day4:AllocationPlacebo:srf14Yes	0.10113240927211402	0.19402998303270372	0.5212205231965009	1043.1007867587111	0.6023237935976483
CCL11	fixed	Day7:AllocationPlacebo:srf14Yes	-0.003614957555159445	0.19439920544565872	-0.018595536678620583	1045.3289596357038	0.9851673120508861
TNFSF14	fixed	(Intercept)	0.025929468420236232	0.30322194051755375	0.08551316694292825	581.9157824423019	0.931882840835042
TNFSF14	fixed	Day4	0.06608305806699585	0.05730076393143413	1.153266615189818	1032.0203199592306	0.24906799738576477
TNFSF14	fixed	Day7	0.3994724383452845	0.0577772762491	6.91400606395853	1036.0430730956132	8.226715609838683e-12
TNFSF14	fixed	AllocationPlacebo	-0.06000363590490185	0.10612484848445598	-0.5654060925579605	1146.75655058727	0.5719081823323026
TNFSF14	fixed	srf14Yes	-0.20069937913279887	0.1275136059322974	-1.5739448168327936	1131.8059605076817	0.11577968200781145
TNFSF14	fixed	DEXcorrectedYes	0.13831609659551858	0.09062209947983563	1.5262954333373766	571.374932400675	0.12748963651978018
TNFSF14	fixed	cbmi	9.546660228307743e-4	0.006314443659801015	0.15118766977182252	568.1378858531058	0.8798813423263814
TNFSF14	fixed	Age	-0.005950253075479046	0.002887187904637644	-2.0609164598955436	570.654062076539	0.03976357487427186
TNFSF14	fixed	GenderMale	0.07668375865574009	0.070237783303006035	1.0917736159885072	573.5266107888965	0.2753910365906266
TNFSF14	fixed	Day4:AllocationPlacebo	0.21638089314133874	0.1074250164718232	2.014250500004288	1033.1200812750567	0.04424203507732721
TNFSF14	fixed	Day7:AllocationPlacebo	0.09541557148015983	0.10904422181816702	0.8750172167697874	1040.6686775304977	0.38176643768650964
TNFSF14	fixed	Day4:srf14Yes	0.12342643470980952	0.13166472662607567	0.9374297723667274	1058.2983413430188	0.3487514092458053
TNFSF14	fixed	Day7:srf14Yes	0.10760001155582771	0.1311325756214405	0.8205437210846245	1061.1683048476405	0.4120904955625392
TNFSF14	fixed	AllocationPlacebo:srf14Yes	0.04621697976540074	0.20281696240616826	0.227875317809193	1144.3736762682754	0.8197838785578736
TNFSF14	fixed	Day4:AllocationPlacebo:srf14Yes	-0.027266523038897688	0.21182793810042458	-0.12872014562107015	1055.6931243729714	0.8976036115978907
TNFSF14	fixed	Day7:AllocationPlacebo:srf14Yes	0.10913697125613253	0.21220544827740193	0.5142986296631984	1058.1814916364244	0.6071506073681077
MMP-1	fixed	(Intercept)	0.4450833791227145	0.3256520962395077	1.3667450148865878	582.5898628922116	0.17223243238341016
MMP-1	fixed	Day4	0.16442937757666048	0.0468584383610331	3.509066527351409	1025.0841203283308	4.692107199258476e-4
MMP-1	fixed	Day7	0.4090987112213298	0.04726857486645491	8.654771428525866	1027.5605229040423	1.8808026240320728e-17
MMP-1	fixed	AllocationPlacebo	-0.1866777311500358	0.1055136651027645	-1.7692280044316722	930.2015680416397	0.07718345173461863
MMP-1	fixed	srf14Yes	-0.1835432291699998	0.1269959827556205	-1.4452679934230177	920.1339343938364	0.14872309847150486
MMP-1	fixed	DEXcorrectedYes	-0.05292364255741424	0.09750903296343216	-0.5427563062517671	576.887233803244	0.5875072217230232
MMP-1	fixed	cbmi	-0.009862006065119031	0.006798766110109913	-1.4505582197413753	574.6738434061765	0.14744849872902543
MMP-1	fixed	Age	-0.004516352147570871	0.003106915997709472	-1.4536447560540693	576.6964010271835	0.14658877919525445
MMP-1	fixed	GenderMale	0.042350277815469344	0.07553713120168541	0.5606550995747163	578.8753555990032	0.5752496102968946
MMP-1	fixed	Day4:AllocationPlacebo	0.09716925068879109	0.08785592253899445	1.1060068334683182	1025.3935032288448	0.2689829785677483
MMP-1	fixed	Day7:AllocationPlacebo	0.02919985550504043	0.08925285655034823	0.32715877825791	1030.0795666905544	0.7436142675005549
MMP-1	fixed	Day4:srf14Yes	0.15182902368542223	0.10799094764776225	1.405942136748796	1043.1650231221004	0.1600390886865664
MMP-1	fixed	Day7:srf14Yes	0.03241704411541698	0.10759382265535974	0.30129094138846585	1045.6723494079722	0.763252549547199
MMP-1	fixed	AllocationPlacebo:srf14Yes	0.2414835501147336	0.2017010091365746	1.1972352104159365	928.802079268277	0.2315203578260704
MMP-1	fixed	Day4:AllocationPlacebo:srf14Yes	-0.04140199904798681	0.17369595094253445	-0.23835903383657023	1041.8211358950184	0.8116495114061157
MMP-1	fixed	Day7:AllocationPlacebo:srf14Yes	-0.04566664824025427	0.17405527738781695	-0.2623686504977569	1043.6105208681238	0.7930890196423911
LIF-R	fixed	(Intercept)	-0.4364967866684772	0.29813377094709226	-1.4640970906510933	573.4825613008571	0.14371534263242486
LIF-R	fixed	Day4	-0.4715093215326926	0.054637010032805716	-8.6298522054846	1022.7685022793332	2.3186722538365208e-17
LIF-R	fixed	Day7	-0.6698590590816873	0.055094660056266904	-12.158330015968438	1026.6117006882034	7.148492834821402e-32
LIF-R	fixed	AllocationPlacebo	-0.08214395238253969	0.10328355178394331	-0.7953246278204577	1111.2622648920635	0.42659452946653054
LIF-R	fixed	srf14Yes	0.14915036333540066	0.12412648006446853	1.2015998782688053	1096.6684699326206	0.22977800948820937
LIF-R	fixed	DEXcorrectedYes	0.015075014972180946	0.08912595269532461	0.16914281997876196	563.7114315103559	0.8657449805666303
LIF-R	fixed	cbmi	0.01190299653937722	0.006210734157449529	1.9165200502262763	560.6205025968483	0.05580704322450886
LIF-R	fixed	Age	0.006995864376371031	0.002839573816504202	2.4637022414101692	563.0795049832562	0.014048864835851356
LIF-R	fixed	GenderMale	-0.0306348159215146	0.06907411179139956	-0.4435064762617613	565.8619743130922	0.6575689588188842
LIF-R	fixed	Day4:AllocationPlacebo	0.0239704357817049	0.10243274398906886	0.23401145813552462	1023.750658833828	0.8150228708958441
LIF-R	fixed	Day7:AllocationPlacebo	0.19508200784585036	0.1039883399507585	1.875998866201993	1030.9701031167258	0.06093780227702545
LIF-R	fixed	Day4:srf14Yes	-0.09176953728497876	0.12559304022730802	-0.7306896713296146	1048.2391814051052	0.46513200623204065
LIF-R	fixed	Day7:srf14Yes	-0.2072187243824274	0.1250908195790331	-1.6565462204163226	1051.1192659612166	0.0979096994140294
LIF-R	fixed	AllocationPlacebo:srf14Yes	0.30775343149458156	0.19739368304505048	1.559084499296485	1108.9489608973654	0.11926170249318804
LIF-R	fixed	Day4:AllocationPlacebo:srf14Yes	-0.025575611340445604	0.20205189199412352	-0.12657942020750515	1045.7946069852069	0.899297617664643
LIF-R	fixed	Day7:AllocationPlacebo:srf14Yes	-0.34273255518151263	0.2024194424957317	-1.6931800174715905	1048.2203867850974	0.09071833223720986
FGF-21	fixed	(Intercept)	-0.27976425439365804	0.27058140512744994	-1.0339374735003788	588.2525619583089	0.30159026076076534
FGF-21	fixed	Day4	0.08420566430626052	0.06030614426410821	1.3963032346668587	1043.547695978337	0.16292013097412178
FGF-21	fixed	Day7	-0.22150080923905455	0.06078460469921691	-3.644028127436488	1048.7903301401045	2.815524228549836e-4
FGF-21	fixed	AllocationPlacebo	-0.00226006716126271	0.10078706099064492	-0.02242417964219127	1307.933422194439	0.9821130130474052
FGF-21	fixed	srf14Yes	-5.229210212398506e-4	0.12094783171847458	-0.004323525389500433	1291.622558388685	0.9965510042340624
FGF-21	fixed	DEXcorrectedYes	-0.571608084746635	0.08071627875538062	-7.0816952114325655	572.8729676589253	4.189185576546635e-12
FGF-21	fixed	cbmi	0.015472741202055508	0.005621220632940071	2.752558956925836	568.9088230362983	0.00610187598382713
FGF-21	fixed	Age	0.009849835283485075	0.0025712114185277397	3.8308150051406633	571.549439058188	1.418614923933415e-4
FGF-21	fixed	GenderMale	-0.4831038172017333	0.0625790682031976	-7.719894703977841	574.7657607853357	5.1902864315156426e-14
FGF-21	fixed	Day4:AllocationPlacebo	-0.07247711056928591	0.11304546481256121	-0.6411324035816828	1045.493799679475	0.5215771758853254
FGF-21	fixed	Day7:AllocationPlacebo	0.15417656812612585	0.11466818217690353	1.3445453237260798	1055.276522186746	0.17906103962626135
FGF-21	fixed	Day4:srf14Yes	-0.1390057423074157	0.13824379649895044	-1.005511609401374	1075.0854216524854	0.31487681752975144
FGF-21	fixed	Day7:srf14Yes	-0.05395017077012022	0.13765349383679765	-0.3919273624400968	1077.8192713414273	0.6951893640131657
FGF-21	fixed	AllocationPlacebo:srf14Yes	0.06497507606070518	0.19257751658176994	0.3373969984347381	1305.4335746181425	0.7358718874813566
FGF-21	fixed	Day4:AllocationPlacebo:srf14Yes	0.20681458805570727	0.22246929052275982	0.9296320744752364	1071.367827435128	0.3527710212640386
FGF-21	fixed	Day7:AllocationPlacebo:srf14Yes	-0.09731729194409977	0.22281701736585682	-0.4367587947033174	1074.2665428985074	0.6623740559885016
CCL19	fixed	(Intercept)	0.14388051960223477	0.3246829170276862	0.4431416377535066	579.9584072659279	0.6578285393037375
CCL19	fixed	Day4	-0.3065060169568502	0.04322598917178216	-7.090780866547219	1020.6843067201215	2.487488401673619e-12
CCL19	fixed	Day7	-0.35959667959349245	0.04360821912117354	-8.246075782051228	1022.8328804443754	4.988405725560123e-16
CCL19	fixed	AllocationPlacebo	0.1514255568205137	0.10343918115000529	1.4639090829704036	879.4135246516997	0.1435761377629707
CCL19	fixed	srf14Yes	0.16663818333308603	0.12454880492224436	1.3379348235185236	870.6558319544922	0.18126702293286412
CCL19	fixed	DEXcorrectedYes	-0.5147246583201783	0.09725333871079994	-5.29261684116371	575.1741217662069	1.7176180168089944e-7
CCL19	fixed	cbmi	0.008143956275246882	0.006781904902056739	1.2008361062062483	573.2133243441721	0.2303107612425306
CCL19	fixed	Age	0.003333143541860299	0.0030988004333123834	1.0756238143085002	575.0621255396308	0.2825465982381539
CCL19	fixed	GenderMale	-0.03060311753748661	0.07532917572506753	-0.4062584947056936	577.0340384776341	0.6847032964559358
CCL19	fixed	Day4:AllocationPlacebo	-0.10845884223811034	0.08104613395861729	-1.3382358533411374	1020.873124745446	0.1811175460510084
CCL19	fixed	Day7:AllocationPlacebo	0.008052032034005863	0.08234868425031448	0.09777972905468872	1024.947542459203	0.9221263215732809
CCL19	fixed	Day4:srf14Yes	-0.3031076780402905	0.09968495242959616	-3.0406562941820567	1036.7806458885013	0.0024199195825940164
CCL19	fixed	Day7:srf14Yes	-0.1543200748107434	0.09932758156073129	-1.553647762141358	1039.1193908755038	0.1205729571911834
CCL19	fixed	AllocationPlacebo:srf14Yes	0.007744001205564441	0.19774599571888077	0.039161355340785006	878.2716263617286	0.9687706437410705
CCL19	fixed	Day4:AllocationPlacebo:srf14Yes	0.49287653535874193	0.16032883682835442	3.074160239099146	1035.674439984664	0.002166227727624205
CCL19	fixed	Day7:AllocationPlacebo:srf14Yes	0.025039514255952775	0.16067095863810718	0.15584343597744627	1037.284483612838	0.876186754444932
IL-10RB	fixed	(Intercept)	-1.3617106762773306	0.3123984281709655	-4.358890933766512	581.4092678441292	1.5459122105010536e-5
IL-10RB	fixed	Day4	-0.04947492017317188	0.04791290277980033	-1.0326011847069738	1025.5296437622435	0.3020340213679741
IL-10RB	fixed	Day7	0.21959144171165057	0.04832824099373945	4.543749931641355	1028.315088290924	6.181305077876599e-6
IL-10RB	fixed	AllocationPlacebo	-0.042020000837569405	0.10279447986526995	-0.40877682238038393	973.1063249076557	0.6827933929993519
IL-10RB	fixed	srf14Yes	-0.22031740432753932	0.12367906068542396	-1.781363822675802	961.8779201954835	0.07516850050875883
IL-10RB	fixed	DEXcorrectedYes	-0.4354538935019903	0.09350855405616888	-4.656834852140063	574.8339750451036	3.992172167645477e-6
IL-10RB	fixed	cbmi	0.020958440448838267	0.006518983174028812	3.2149861242678575	572.4031002439706	0.0013780126899195578
IL-10RB	fixed	Age	0.01615665464946599	0.0029794106153904444	5.422768706672109	574.5588495845274	8.654468538764129e-8
IL-10RB	fixed	GenderMale	0.1439141598943732	0.07244633070873027	1.986493428811165	576.9045512317343	0.047451239915946464
IL-10RB	fixed	Day4:AllocationPlacebo	0.018239906399758567	0.08983190269822483	0.20304486326013227	1025.9678617315392	0.8391402269634012
IL-10RB	fixed	Day7:AllocationPlacebo	0.16705343459142322	0.09124589092261956	1.830805013818011	1031.2290291338693	0.06741809119174076
IL-10RB	fixed	Day4:srf14Yes	-0.12364239984323419	0.11035499117291735	-1.1204060507738753	1045.40341944856	0.26279809171618007
IL-10RB	fixed	Day7:srf14Yes	-0.002833981234253751	0.10994029197559879	-0.025777457775742058	1048.040113525911	0.9794397491717657
IL-10RB	fixed	AllocationPlacebo:srf14Yes	0.18030679638308772	0.1964930437602699	0.9176243236532581	971.4714761378718	0.35904333110291586
IL-10RB	fixed	Day4:AllocationPlacebo:srf14Yes	0.32536008866128047	0.1775064830741876	1.8329476367648978	1043.8252426605852	0.06709504631929925
IL-10RB	fixed	Day7:AllocationPlacebo:srf14Yes	-0.18830278733407102	0.1778632517578759	-1.0586941679802773	1045.7736930714248	0.28998355502600165
IL-18R1	fixed	(Intercept)	-8.849453986434601e-4	0.3037633710174096	-0.002913272247669194	578.2021153423931	0.9976765531623308
IL-18R1	fixed	Day4	-0.6590127742440948	0.043898562680797754	-15.012172016564957	1020.8632212699079	3.532198713098692e-46
IL-18R1	fixed	Day7	-0.8768773828421965	0.044282555255389607	-19.801869557549352	1023.3681589073545	3.910608309635981e-74
IL-18R1	fixed	AllocationPlacebo	-0.030441458400618408	0.0985201907476834	-0.3089870022539944	928.4774627103334	0.7574007336411078
IL-18R1	fixed	srf14Yes	0.32032763508072387	0.11857588318950482	2.7014568769332694	918.3129607664183	0.007030854304902057
IL-18R1	fixed	DEXcorrectedYes	0.1723048607182091	0.09095298629460813	1.8944387395933548	572.4624980252355	0.05867052053197187
IL-18R1	fixed	cbmi	0.014741923071927381	0.006341595494051211	2.3246394516578945	570.241954608762	0.020441474085923676
IL-18R1	fixed	Age	-0.0038147296458138796	0.002898019512583921	-1.3163229678921675	572.2671537048483	0.18859263598778542
IL-18R1	fixed	GenderMale	0.100969503442633	0.07045890409227909	1.4330268791917993	574.4504300889281	0.15239414405184584
IL-18R1	fixed	Day4:AllocationPlacebo	0.0838046228362869	0.08230633059081623	1.0182038518145025	1021.1815375477557	0.30882225452241513
IL-18R1	fixed	Day7:AllocationPlacebo	0.1751688978166621	0.08361417804484049	2.0949664508179793	1025.921118048051	0.036418720020901615
IL-18R1	fixed	Day4:srf14Yes	0.13446860153669762	0.10116562038077143	1.3291926746515172	1039.1270398603524	0.18407616487075432
IL-18R1	fixed	Day7:srf14Yes	0.1474654576449238	0.10079305483881747	1.4630517735645794	1041.6529851365965	0.14375487401281867
IL-18R1	fixed	AllocationPlacebo:srf14Yes	0.017969344554211175	0.18833160090212758	0.09541332664372937	927.0596861508941	0.9240071508934355
IL-18R1	fixed	Day4:AllocationPlacebo:srf14Yes	-0.05970155471601091	0.1627183546922641	-0.36690116999351163	1037.7633380350383	0.7137675366983309
IL-18R1	fixed	Day7:AllocationPlacebo:srf14Yes	-0.09270711021583176	0.16305434707336314	-0.5685657075681644	1039.5699421307272	0.569773699717445
PD-L1	fixed	(Intercept)	-0.36196424826585577	0.3009506186454627	-1.2027363488900837	582.885897838349	0.22956668379034997
PD-L1	fixed	Day4	-0.41094775806737116	0.04788623000795306	-8.581752165478886	1027.9549202992819	3.406855244020601e-17
PD-L1	fixed	Day7	-0.6463334583311227	0.04829879605360558	-13.381978664929326	1030.9282377589398	8.965357985862591e-38
PD-L1	fixed	AllocationPlacebo	-0.07267286589728288	0.0999818671480731	-0.7268604595036657	1001.9847957076356	0.46748121772766804
PD-L1	fixed	srf14Yes	0.367600362246729	0.12026883560759347	3.056488909946008	990.0847958427496	0.002299515127001033
PD-L1	fixed	DEXcorrectedYes	-0.12538715696256805	0.09006205235387066	-1.3922307307621467	575.735084992091	0.1643900469021211
PD-L1	fixed	cbmi	-8.912729773843472e-4	0.00627819909089604	-0.14196315925641387	573.1689143481851	0.8871589901086266
PD-L1	fixed	Age	0.00938385586252448	0.0028695683892381997	3.270127973850334	575.4013986337345	0.0011392311077522436
PD-L1	fixed	GenderMale	0.22771365958318646	0.06978085475648267	3.263268419079257	577.8465783223651	0.0011663686081948969
PD-L1	fixed	Day4:AllocationPlacebo	0.05277917661232411	0.08978110415517325	0.5878650870800517	1028.4804284394188	0.5567519024660788
PD-L1	fixed	Day7:AllocationPlacebo	0.14944390176620895	0.09118524558709998	1.6389044170908156	1034.0902158448894	0.1015373475049118
PD-L1	fixed	Day4:srf14Yes	0.2574304579431474	0.11025265411490007	2.3349139302793165	1048.8703229648847	0.019735816206336403
PD-L1	fixed	Day7:srf14Yes	0.3052567058405349	0.1098330419503809	2.7792793536433256	1051.567525680046	0.005545059637904465
PD-L1	fixed	AllocationPlacebo:srf14Yes	0.20170904718493982	0.19111058776718517	1.0554572069584438	1000.2110254687931	0.29147114176026595
PD-L1	fixed	Day4:AllocationPlacebo:srf14Yes	0.014421059896665	0.17734717389881072	0.08131541980417037	1047.1440545938779	0.9352066502868837
PD-L1	fixed	Day7:AllocationPlacebo:srf14Yes	-0.36115473402815956	0.1776972109860177	-2.03241644606666	1049.1828457583565	0.04236297799728815
CXCL5	fixed	(Intercept)	0.5403592887491915	0.31723200787141287	1.7033567715153801	569.8055587414932	0.08904660216342515
CXCL5	fixed	Day4	0.027077592437423283	0.05062197321786775	0.534898004091746	1015.0815245942007	0.5928375359143285
CXCL5	fixed	Day7	0.30039173350218695	0.051057891949534334	5.883355579958029	1018.1014020837052	5.449795020205262e-9
CXCL5	fixed	AllocationPlacebo	-0.012832335284543157	0.10547210899542094	-0.12166567452538823	990.9958960624396	0.9031884643876574
CXCL5	fixed	srf14Yes	-0.05528381303698823	0.12687088059281243	-0.4357486349796819	978.9348721574426	0.6631151805262381
CXCL5	fixed	DEXcorrectedYes	-0.285949920369115	0.0949326861090911	-3.012133460971683	562.6792052848343	0.0027107614598009385
CXCL5	fixed	cbmi	0.009846019744868185	0.006617686327500491	1.4878341549601732	560.1283740831814	0.13735736343249255
CXCL5	fixed	Age	-0.00877169843899585	0.003024754556681167	-2.8999703197803814	562.3440070296439	0.0038778311838881204
CXCL5	fixed	GenderMale	-0.23368369095951905	0.07355505641453283	-3.1769901669648966	564.7723171153638	0.0015694053853608923
CXCL5	fixed	Day4:AllocationPlacebo	-0.043131996480732675	0.09491023232274043	-0.45445043621917547	1015.6198740870592	0.6496017673530707
CXCL5	fixed	Day7:AllocationPlacebo	0.029896082377235456	0.09639381834652795	0.3101452239370938	1021.3174889660972	0.7565137969394744
CXCL5	fixed	Day4:srf14Yes	-0.11133356955159841	0.11654792540437799	-0.9552599856695201	1036.309114196098	0.33966901209249456
CXCL5	fixed	Day7:srf14Yes	-0.29370013252059124	0.1161039114930476	-2.529631678586283	1039.0417371550948	0.011565136807965217
CXCL5	fixed	AllocationPlacebo:srf14Yes	-0.021607081218172702	0.20160440374797856	-0.10717564108958286	989.194611953712	0.9146713719590827
CXCL5	fixed	Day4:AllocationPlacebo:srf14Yes	0.31950629226915744	0.18747390679215906	1.7042707315177184	1034.5509957284887	0.08863078894826136
CXCL5	fixed	Day7:AllocationPlacebo:srf14Yes	0.2465797698651778	0.18784338922151333	1.3126880370242888	1036.6201938811982	0.18957863099223085
TRANCE	fixed	(Intercept)	0.4713203792616842	0.26594298763141144	1.7722609776608185	584.9354155992816	0.07687171320157264
TRANCE	fixed	Day4	0.42212405640739403	0.053906604373093595	7.830655655582135	1037.1953134052374	1.1944389084484227e-14
TRANCE	fixed	Day7	0.8396433226103815	0.05434681115101092	15.449725656898327	1041.7083560920619	1.222403094167933e-48
TRANCE	fixed	AllocationPlacebo	-0.03724182491550066	0.09542709394511593	-0.39026468664046265	1215.0166619816114	0.6964092402331097
TRANCE	fixed	srf14Yes	-0.24056337392880484	0.11460072167543299	-2.0991436215394663	1199.2044697189986	0.03601286665248057
TRANCE	fixed	DEXcorrectedYes	-0.15413909978249238	0.07942458277209237	-1.94069763293302	572.5538635015795	0.052785439986941844
TRANCE	fixed	cbmi	0.02078568486417032	0.005533036153834077	3.7566508308041744	569.0133635596377	1.8994346995387555e-4
TRANCE	fixed	Age	-0.016547969770869503	0.002530307445707331	-6.539904784670791	571.607501244714	1.367239155316255e-10
TRANCE	fixed	GenderMale	-0.3144502392653329	0.06156717294501389	-5.107433462084913	574.6401110547506	4.4490897996431983e-7
TRANCE	fixed	Day4:AllocationPlacebo	-0.1698540490824927	0.10105736526131309	-1.680768627237469	1038.6155798865607	0.09310854206871763
TRANCE	fixed	Day7:AllocationPlacebo	-0.17969823789951267	0.10255206155319185	-1.7522635350075972	1047.0642668547937	0.08002120243453358
TRANCE	fixed	Day4:srf14Yes	-0.3095709251720834	0.12374818101713682	-2.501620004654562	1065.6948595601375	0.012511712377418169
TRANCE	fixed	Day7:srf14Yes	-0.6224680489543142	0.12323587930763412	-5.0510293954283005	1068.5457228020664	5.164703965058505e-7
TRANCE	fixed	AllocationPlacebo:srf14Yes	-0.22363745097766902	0.18235731268949384	-1.2263695251885198	1212.4979321691408	0.22029775445074345
TRANCE	fixed	Day4:AllocationPlacebo:srf14Yes	0.4401416415065612	0.19911079824655376	2.2105362711747314	1062.651275406358	0.02728039159835239
TRANCE	fixed	Day7:AllocationPlacebo:srf14Yes	0.44293224575507606	0.19944793870738375	2.220791293335529	1065.316042778888	0.026574808579596078
HGF	fixed	(Intercept)	-0.9060382206338965	0.292783538817144	-3.094566806229351	585.4973232851949	0.002065075690898606
HGF	fixed	Day4	-0.08102925312289722	0.060346508272677124	-1.3427330833586033	1038.2847415719332	0.17965188372143134
HGF	fixed	Day7	-0.0014898757501005202	0.0608369905467305	-0.024489635938781475	1042.9210915825197	0.9804667353374107
HGF	fixed	AllocationPlacebo	0.05100361055025189	0.10571872424358397	0.48244633025211026	1231.371424463249	0.629574663079165
HGF	fixed	srf14Yes	0.31355337613583845	0.1269440710836988	2.470011978181332	1215.4056727155323	0.013647367079097495
HGF	fixed	DEXcorrectedYes	0.08844134697350194	0.08742432769344968	1.0116331381308232	572.6337501495265	0.312140751393166
HGF	fixed	cbmi	0.012275114327688564	0.006090004103855181	2.015616757945696	569.01986844524	0.04430966394763777
HGF	fixed	Age	0.0060876613617912535	0.002785122594613374	2.185778598602886	571.6273035544812	0.029236792634926637
HGF	fixed	GenderMale	-0.021578763323422137	0.0677703906546974	-0.3184099001785294	574.6950157794729	0.7502897074226511
HGF	fixed	Day4:AllocationPlacebo	0.08909989315190475	0.11312871596079926	0.787597493661814	1039.7898129205344	0.4311116758460287
HGF	fixed	Day7:AllocationPlacebo	0.07510791970468748	0.11479379932221896	0.6542855114836323	1048.464425229054	0.5130713665845215
HGF	fixed	Day4:srf14Yes	0.17393328379860695	0.1384987212732984	1.2558475789490202	1067.3201997175504	0.2094460770655626
HGF	fixed	Day7:srf14Yes	0.2813012970280725	0.13792213606225695	2.0395659830927744	1070.1586137934034	0.0416387848992487
HGF	fixed	AllocationPlacebo:srf14Yes	-0.22475920759414705	0.20202011813999454	-1.1125585395331514	1228.8366034231717	0.2661156718176493
HGF	fixed	Day4:AllocationPlacebo:srf14Yes	0.22188354137214558	0.2228500868561186	0.9956627996084334	1064.1644069720714	0.3196403502742777
HGF	fixed	Day7:AllocationPlacebo:srf14Yes	0.13861369297400397	0.22322249944955638	0.6209664944878361	1066.8710688674769	0.5347543076455414
IL-12B	fixed	(Intercept)	1.097148561552971	0.24419964662990146	4.492834353752209	582.9725063196641	8.477690848356243e-6
IL-12B	fixed	Day4	-0.7191561032230951	0.04737829423629907	-15.179020579261605	1033.8800425990964	3.9379998403400794e-47
IL-12B	fixed	Day7	-0.7875788701486675	0.04776972226428531	-16.486988678548276	1038.0823859274942	2.0259518578778913e-54
IL-12B	fixed	AllocationPlacebo	-0.04544435989111064	0.08624886982099844	-0.5268980333936689	1172.0847785230221	0.59836410217326
IL-12B	fixed	srf14Yes	0.05896194152785062	0.10361206499629912	0.5690644379103598	1156.7703382207317	0.5694228813897583
IL-12B	fixed	DEXcorrectedYes	-1.0899756754455958	0.07296406177423959	-14.938527940208758	571.7755697284674	7.669798643047506e-43
IL-12B	fixed	cbmi	0.01421394142631861	0.00508365746165772	2.796006916973437	568.4260808225197	0.005348802720796721
IL-12B	fixed	Age	1.0092361727255922e-4	0.0023245675737803176	0.04341608237631597	570.9750921274136	0.9653850363300764
IL-12B	fixed	GenderMale	-0.1639303263078389	0.05655454143852825	-2.898623561222265	573.9095381448349	0.0038913002110091987
IL-12B	fixed	Day4:AllocationPlacebo	0.04404404516396465	0.08882145143083878	0.4958717117819195	1035.0937472115643	0.620090192116669
IL-12B	fixed	Day7:AllocationPlacebo	0.12830696996258198	0.0901511672482081	1.4232424701648252	1042.9724240437242	0.15496492917573398
IL-12B	fixed	Day4:srf14Yes	-0.37161640133452545	0.10882726261637096	-3.4147362747192993	1060.99066734692	6.625908588073089e-4
IL-12B	fixed	Day7:srf14Yes	-0.5245798811050603	0.10838339798394347	-4.840039072983987	1063.860058857467	1.4899489476631268e-6
IL-12B	fixed	AllocationPlacebo:srf14Yes	0.1407508863259643	0.16482665498198687	0.8539327958899992	1169.6387319441205	0.3933170790036251
IL-12B	fixed	Day4:AllocationPlacebo:srf14Yes	0.10547255332414542	0.1750921074886498	0.6023832532313461	1058.226541435929	0.5470481059886463
IL-12B	fixed	Day7:AllocationPlacebo:srf14Yes	-0.02944448620982574	0.1753984310523803	-0.16787200451657722	1060.781646835092	0.8667159732511908
MMP-10	fixed	(Intercept)	-0.027825528304308577	0.3026376082714438	-0.09194339217534099	586.486132057042	0.9267744111507542
MMP-10	fixed	Day4	-0.3979120236622145	0.04683809572063634	-8.495478254187413	1030.7383947347362	6.818391520003452e-17
MMP-10	fixed	Day7	-0.5061403833107496	0.047243520109081685	-10.713435030711302	1033.5583170881093	1.8059223999355071e-25
MMP-10	fixed	AllocationPlacebo	-0.13235377811430624	0.09981333862765736	-1.3260129350851333	984.8619604913797	0.18514285915703318
MMP-10	fixed	srf14Yes	0.17172039472270798	0.1200859090099245	1.429979554957744	973.5023441796515	0.1530437377846591
MMP-10	fixed	DEXcorrectedYes	-0.5680403827350755	0.09058212919523481	-6.2709983501354705	579.7505869459357	7.015072652823392e-10
MMP-10	fixed	cbmi	-0.00940338934520573	0.006314842702024606	-1.4890932029377237	577.2782994185626	0.13700891896109033
MMP-10	fixed	Age	0.016157985621182414	0.002886161083733139	5.5984351366427125	579.4608146476904	3.342110123959942e-8
MMP-10	fixed	GenderMale	0.08263845935329749	0.07018022544915146	1.17751772417962	581.8391841021785	0.2394703528026051
MMP-10	fixed	Day4:AllocationPlacebo	0.0631622112430265	0.08781656965935768	0.71925163426485506	1031.1953913790692	0.4721488504202985
MMP-10	fixed	Day7:AllocationPlacebo	0.26093594169850665	0.08919671002230399	2.9253987241598773	1036.5200903483833	0.003515127203881247
MMP-10	fixed	Day4:srf14Yes	-0.1106903888162072	0.1078697910194562	-1.026148171513953	1050.7863616651764	0.3050579055242991
MMP-10	fixed	Day7:srf14Yes	-0.048327585412370144	0.10746316602605768	-0.4497130244669291	1053.4276833291503	0.653009896565221
MMP-10	fixed	AllocationPlacebo:srf14Yes	0.13396772367445683	0.19079308662479968	0.7021623584187218	983.1981584126262	0.48274410573996696
MMP-10	fixed	Day4:AllocationPlacebo:srf14Yes	0.18195490190418273	0.17351026148014048	1.0486694005991617	1049.1794370118116	0.2945718052676033
MMP-10	fixed	Day7:AllocationPlacebo:srf14Yes	-0.19696971347352618	0.17385748046884167	-1.1329378117200233	1051.1419181856115	0.25749871824232284
IL10	fixed	(Intercept)	0.5085984277805433	0.2729417229475369	1.863395681276266	581.1913109058257	0.06291075240612785
IL10	fixed	Day4	-0.7456556546609171	0.05493464753827295	-13.573503937408884	1033.3179307509665	9.71779247546478e-39
IL10	fixed	Day7	-0.9501087958969767	0.05538412566569375	-17.154893834236276	1037.7924732112883	2.891294804167539e-58
IL10	fixed	AllocationPlacebo	0.05775141063002477	0.09768210497813018	0.5912179169660052	1205.3549676247237	0.5544852693245355
IL10	fixed	srf14Yes	0.4213041654476216	0.11731508257235447	3.5912191016682007	1189.53809038782	3.4255692675179774e-4
IL10	fixed	DEXcorrectedYes	-0.09906961119296441	0.08152103055158981	-1.215264460258131	569.0402757398341	0.22476921550913628
IL10	fixed	cbmi	-0.0019934679473311515	0.0056792103542118305	-0.35101146515074066	565.5401744673525	0.7257104658161371
IL10	fixed	Age	0.0016171691794082204	0.0025971114256318505	0.622679937197835	568.121112392665	0.5337447202349537
IL10	fixed	GenderMale	-0.017075542533208123	0.06319143166734384	-0.2702192699652419	571.13047502915515	0.7870891826032047
IL10	fixed	Day4:AllocationPlacebo	-0.10831390688928973	0.10298512187559809	-1.0517432510312372	1034.7072505185943	0.29316292062741955
IL10	fixed	Day7:AllocationPlacebo	0.04318199785984096	0.10451142118640284	0.41317970198513604	1043.0862050374988	0.6795598804611748
IL10	fixed	Day4:srf14Yes	0.09323789705509447	0.12612070745126172	0.7392750876466933	1061.6775489878166	0.4599033891116956
IL10	fixed	Day7:srf14Yes	-0.048594560956951346	0.1255998304885937	-0.3868998928415309	1064.542040703934	0.698907648074153
IL10	fixed	AllocationPlacebo:srf14Yes	-0.11248479967775946	0.18666813656274067	-0.6025923960512265	1202.832761583741	0.5468934648609399
IL10	fixed	Day4:AllocationPlacebo:srf14Yes	-0.04228798663999637	0.20292605775744946	-0.20839111106441413	1058.6710103537046	0.8349636808989305
IL10	fixed	Day7:AllocationPlacebo:srf14Yes	-0.033191103586187654	0.20327153915910218	-0.16328455879014486	1061.3265008995588	0.8703254768266588
TNF	fixed	(Intercept)	-0.18481380771225375	0.30779765318812685	-0.6004393009432564	575.7941846005345	0.5484497528547381
TNF	fixed	Day4	-0.19516244481839562	0.05604540401975796	-3.4822203217518792	1024.8586066306395	5.182544480492566e-4
TNF	fixed	Day7	-0.32698789426583874	0.05651553811573673	-5.785805199203953	1028.652244314242	9.571396911268469e-9
TNF	fixed	AllocationPlacebo	0.021402700017714337	0.1064082736731307	0.2011375551816584	1107.5418515834099	0.8406279491072182
TNF	fixed	srf14Yes	0.15536094206174533	0.12788749336540137	1.2148251402335846	1093.0944119251083	0.22469513887464396
TNF	fixed	DEXcorrectedYes	-0.37302754491776147	0.09202003304134924	-4.053764518321151	566.147571240695	5.745432884543227e-5
TNF	fixed	cbmi	0.005917200773024798	0.006412522220626439	0.9227571569251805	563.0770180432535	0.35652899335089694
TNF	fixed	Age	0.00564769412931429	0.002931790457713712	1.9263635006570394	565.5312933630859	0.054559836998077024
TNF	fixed	GenderMale	0.15405633103900881	0.0713161890302871	2.160187373074338	568.3034278960216	0.031175522133773025
TNF	fixed	Day4:AllocationPlacebo	-0.013703553559284152	0.10507350676831853	-0.13041873237846488	1025.8139991695568	0.8962607167766083
TNF	fixed	Day7:AllocationPlacebo	0.041334458747750796	0.10667163947223463	0.38749248584024687	1032.9416752938134	0.6984714752299562
TNF	fixed	Day4:srf14Yes	-0.10454167246281587	0.12884082326336196	-0.8114017732494887	1050.0722351835122	0.4173188580313245
TNF	fixed	Day7:srf14Yes	0.021776461628400638	0.1283267748379252	0.16969538629723985	1052.9427444461899	0.8652822990066938
TNF	fixed	AllocationPlacebo:srf14Yes	-0.0054916094540057615	0.20336703199211262	-0.027003440037511824	1105.2554985906982	0.9784618649532171
TNF	fixed	Day4:AllocationPlacebo:srf14Yes	0.2825715687516287	0.20727528796647282	1.3632670422213342	1047.6691852158938	0.17309125396687677
TNF	fixed	Day7:AllocationPlacebo:srf14Yes	-0.0037054225883481544	0.20765391801556535	-0.0178442218849461	1050.072963752511	0.9857665162160193
CCL23	fixed	(Intercept)	-0.6068870900112574	0.3021769799072799	-2.008382935713617	571.5528913496196	0.04507254923295624
CCL23	fixed	Day4	-0.5012569902321504	0.05238940020657501	-9.567908551265326	1019.1819526798528	7.925698024165376e-21
CCL23	fixed	Day7	-0.6766387996169346	0.05283352116259779	-12.806997995354976	1022.6769250472894	6.181208477840523e-35
CCL23	fixed	AllocationPlacebo	0.008224053935112595	0.10287462683122721	0.07994249105374363	1060.4693750522927	0.9362980779551051
CCL23	fixed	srf14Yes	0.35616320348262914	0.1236814888597732	2.87968075712961	1046.8449821167894	0.004061870315905806
CCL23	fixed	DEXcorrectedYes	-0.06881475744937945	0.09037539301027989	-0.7614324558627592	562.9471291629457	0.4467176581803679
CCL23	fixed	cbmi	0.01142820380804207	0.006298735090213312	1.8143648914206112	560.0805390011133	0.0701564533583176
CCL23	fixed	Age	0.00924855475676635	0.0028794617081165956	3.2119040620323664	562.4501950850803	0.0013939448655045854
CCL23	fixed	GenderMale	0.11569748081452626	0.0700349909121362	1.6519953712805766	565.0934700682438	0.0990910015894377
CCL23	fixed	Day4:AllocationPlacebo	-0.09927136696060225	0.09822131951944031	-1.010690626498396	1019.9644661281809	0.31240422248370436
CCL23	fixed	Day7:AllocationPlacebo	0.03811650709089542	0.0997317318056522	0.3821903661030701	1026.5415048190391	0.7023992743805059
CCL23	fixed	Day4:srf14Yes	-0.028640665776422707	0.12050707565480491	-0.2376679180105947	1042.9221197430993	0.8121853496975079
CCL23	fixed	Day7:srf14Yes	-0.060402485203002856	0.12003446665735432	-0.5032095104435748	1045.762922900887	0.6149229464195356
CCL23	fixed	AllocationPlacebo:srf14Yes	-0.3282783919116201	0.196623740495079	-1.6695765785202124	1058.3478162683955	0.09529889069555408
CCL23	fixed	Day4:AllocationPlacebo:srf14Yes	0.5312565216472402	0.19385766570803648	2.7404462944857215	1040.7747191147582	0.006240581426896428
CCL23	fixed	Day7:AllocationPlacebo:srf14Yes	0.34376886678634566	0.1942226664793504	1.7699729543302036	1043.057504467087	0.07702374095791685
CD5	fixed	(Intercept)	0.22093133997239978	0.2857446963766199	0.7731773949750086	582.9842199461891	0.4397307754097932
CD5	fixed	Day4	0.13329714212679608	0.05558818187956093	2.3979403106869333	1033.9770634913168	0.016664029698075605
CD5	fixed	Day7	0.49074566874886616	0.056047122009149054	8.755947694669452	1038.1984479482462	8.08330677364502e-18
CD5	fixed	AllocationPlacebo	-0.07824798953926207	0.1010179407324969	-0.7745949776037172	1174.6157779589344	0.43873491466908565
CD5	fixed	srf14Yes	-0.20417875319837114	0.12135198399881669	-1.6825332925777472	1159.2645987140188	0.09273476249358181
CD5	fixed	DEXcorrectedYes	-0.44360230430762165	0.08537497000943584	-5.195929254892783	571.7186532683344	2.838399623343633e-7
CD5	fixed	cbmi	0.014736455811232242	0.005948320040520085	2.4774147508619553	568.3578468762302	0.013523406744467281
CD5	fixed	Age	-0.003370712701076399	0.002719962375074831	-1.2392497528513293	570.9097872404226	0.2157622228495424
CD5	fixed	GenderMale	-0.35906856770890827	0.06617459138145665	-5.4260791069958305	573.8501992084578	8.507210410579055e-8
CD5	fixed	Day4:AllocationPlacebo	0.033479064097955556	0.10421259371593333	0.32125737306965096	1035.2029617664132	0.748080204976362
CD5	fixed	Day7:AllocationPlacebo	0.1018768027929956	0.10577160887750926	0.9631772067585347	1043.1166310380636	0.3356818271888541
CD5	fixed	Day4:srf14Yes	-0.04880913717603479	0.12768064258946704	-0.38227515296090214	1061.1754525991687	0.7023338272901288
CD5	fixed	Day7:srf14Yes	-0.15567564418770719	0.12715940021357464	-1.2242558861258954	1064.0446188455978	0.22112670305482107
CD5	fixed	AllocationPlacebo:srf14Yes	0.05729422123559352	0.19305061030412948	0.2967834245399843	1172.163695609809	0.7666844404328604
CD5	fixed	Day4:AllocationPlacebo:srf14Yes	-0.02179217979709393	0.20542605094095528	-0.10608284439716734	1058.3944221135016	0.915536724661761
CD5	fixed	Day7:AllocationPlacebo:srf14Yes	-0.41440769974899017	0.20578474715121065	-2.0137921079470646	1060.9565639020045	0.04428344937114967
CCL3	fixed	(Intercept)	-1.3239049415257462	0.27145921590702493	-4.876993905335618	582.8837390078329	1.3912904568729928e-6
CCL3	fixed	Day4	0.48088163792955346	0.06280325945230417	7.656953510426608	1039.6225211301364	4.340200072766358e-14
CCL3	fixed	Day7	0.749284454840818	0.06329516701076322	11.83794103447746	1045.2027897042578	1.9802795178066472e-30
CCL3	fixed	AllocationPlacebo	0.013838423786944986	0.1027315969927444	0.13470464970891427	1339.9888396754507	0.8928656264899857
CCL3	fixed	srf14Yes	0.04786451566731874	0.12324372491318177	0.38837284170887065	1323.568365758841	0.6978025982600398
CCL3	fixed	DEXcorrectedYes	-0.2836780081720905	0.08093521420014776	-3.5050010181053253	566.2201565644282	4.927379572540653e-4
CCL3	fixed	cbmi	0.02144627367146327	0.005635697919236275	3.8054335024347035	562.1073310732719	1.5709154809205356e-4
CCL3	fixed	Age	0.007093342219008203	0.0025780634288677237	2.75142269176968	564.7315350837958	0.006124209356584339
CCL3	fixed	GenderMale	0.14245673349742452	0.06275267504369163	2.2701300525951895	567.991633125403	0.02357350492198143
CCL3	fixed	Day4:AllocationPlacebo	-0.23057780220138113	0.11772184294737112	-1.9586662630185254	1041.8176042079542	0.050418366432198866
CCL3	fixed	Day7:AllocationPlacebo	-0.07540015819072605	0.11938934810259817	-0.6315484537693458	1052.2180016507784	0.5278191516377521
CCL3	fixed	Day4:srf14Yes	-0.08659713040860487	0.14388244796459565	-0.6018602799273567	1072.5420563174932	0.5473943454426957
CCL3	fixed	Day7:srf14Yes	-0.0244692982506946	0.14326096748995812	-0.17080226861102119	1075.2154897979947	0.8644113803376108
CCL3	fixed	AllocationPlacebo:srf14Yes	0.06615216061732049	0.19628391709921278	0.3370228269078384	1337.5476549665943	0.7361525666042206
CCL3	fixed	Day4:AllocationPlacebo:srf14Yes	0.24634302016904594	0.231559763087158	1.0638420807000204	1068.5102656028507	0.28764059949432363
CCL3	fixed	Day7:AllocationPlacebo:srf14Yes	-0.06135486700344504	0.23190913267889576	-0.26456425538186007	1071.5170502650394	0.7913960385182617
Flt3L	fixed	(Intercept)	1.0392285671915593	0.2753201707186679	3.774618345175591	584.192931887929	1.766225069028052e-4
Flt3L	fixed	Day4	0.1396916310522728	0.05769989690195594	2.4210031309005244	1037.5657878505863	0.015648488668611463
Flt3L	fixed	Day7	0.36598453278761456	0.05816660165138231	6.2920047311878164	1042.3348951357505	4.6061067674190333e-10
Flt3L	fixed	AllocationPlacebo	-0.073896648844808	0.10004922507502514	-0.7386029106111937	1246.3690552239345	0.4602872133483965
Flt3L	fixed	srf14Yes	-0.10651245154014632	0.12012089531710388	-0.8867104366727122	1230.229471194009	0.3754081206419543
Flt3L	fixed	DEXcorrectedYes	-0.6594669768896095	0.08219397621515616	-8.023300578175547	570.8485437834562	5.876640419029449e-15
Flt3L	fixed	cbmi	-0.010256288696476611	0.005725343639138762	-1.7913839487928833	567.1661616518957	0.07376474935571815
Flt3L	fixed	Age	-0.0010461576977005532	0.0026184560236291216	-0.3995322771358222	569.7810299126677	0.689650762612457
Flt3L	fixed	GenderMale	-0.35216258215103924	0.06371781832065765	-5.526908978251478	572.8783038838483	4.954995128977908e-8
Flt3L	fixed	Day4:AllocationPlacebo	-0.12053942689879743	0.10816584976603959	-1.1143944891989628	1039.1612048326133	0.2653676582998947
Flt3L	fixed	Day7:AllocationPlacebo	0.08118053978988078	0.10974990289777849	0.7396866661968045	1048.0793586878033	0.4596557828790433
Flt3L	fixed	Day4:srf14Yes	-0.4880552502974942	0.1323926152477066	-3.6864235167825847	1067.1851628091881	2.3886872528817803e-4
Flt3L	fixed	Day7:srf14Yes	-0.23271921130981296	0.1318383971492365	-1.765185381056953	1070.0127938030726	0.07781781929417643
Flt3L	fixed	AllocationPlacebo:srf14Yes	0.15265271222223786	0.19118226561703847	0.798466906590698	1243.8184294171901	0.4247520161318662
Flt3L	fixed	Day4:AllocationPlacebo:srf14Yes	0.5064139302243035	0.2130307202390861	2.377187335497674	1063.90895489216	0.017621242648770463
Flt3L	fixed	Day7:AllocationPlacebo:srf14Yes	-0.3707736125531388	0.2133819552234228	-1.7376052823441335	1066.6619465377028	0.0825690093137519
CXCL6	fixed	(Intercept)	0.28985323385250894	0.3064178395226402	0.9459411185199375	578.6048288863933	0.34457347816898154
CXCL6	fixed	Day4	0.0843384268833505	0.05442115381898445	1.5497361037929631	1026.8777900630348	0.1215129905983042
CXCL6	fixed	Day7	0.397647138118114	0.05488017184142976	7.245734201909422	1030.5027722302814	8.417350322477383e-13
CXCL6	fixed	AllocationPlacebo	0.004472603176164296	0.1050950571390082	0.04255769298691591	1088.0289512399982	0.966061929386598
CXCL6	fixed	srf14Yes	-0.27532772441656217	0.12633068572145179	-2.179420802192398	1074.057758533195	0.029517107400531373
CXCL6	fixed	DEXcorrectedYes	-0.08670525184614868	0.09162644244631836	-0.9462907162083382	569.4676447353056	0.3444016743799905
CXCL6	fixed	cbmi	0.008640897099618985	0.006385524794062542	1.3532007749235517	566.4901623713805	0.17653124351256672
CXCL6	fixed	Age	-0.011363516457431215	0.0029192885237290748	-3.8925636726429333	568.9121669388111	1.1094465712813968e-4
CXCL6	fixed	GenderMale	0.13111999349134706	0.07100775445818384	1.846558794766043	571.629788973086	0.06532781889357239
CXCL6	fixed	Day4:AllocationPlacebo	0.03045078550745539	0.10202951704431518	0.2984507463093204	1027.7389617416516	0.7654194920752386
CXCL6	fixed	Day7:AllocationPlacebo	0.015647773343672042	0.10359023997950757	0.15105451388825353	1034.555044436414	0.8799621609618123
CXCL6	fixed	Day4:srf14Yes	0.1008974286829963	0.12514490336333753	0.8062448087882357	1051.237547865687	0.42028405354121057
CXCL6	fixed	Day7:srf14Yes	-0.057481555313235	0.12464993713850328	-0.4611438772677844	1054.0831513317078	0.6447905186097467
CXCL6	fixed	AllocationPlacebo:srf14Yes	0.31007829177142204	0.20086259536721404	1.5437333725801037	1085.8343207572645	0.12294431121626873
CXCL6	fixed	Day4:AllocationPlacebo:srf14Yes	0.03504196845135009	0.20132368312750906	0.17405785502720084	1048.9771716403072	0.8618535787957702
CXCL6	fixed	Day7:AllocationPlacebo:srf14Yes	0.05367417153276359	0.2016972610048423	0.26611254543250834	1051.3093163918936	0.7902047126370896
CXCL10	fixed	(Intercept)	-0.13432907890305795	0.2570650621445074	-0.522548952325329	570.156165313489	0.6014911493880462
CXCL10	fixed	Day4	-0.7873053692658196	0.048616279094834534	-16.194274508957033	1020.4425313561086	1.1412844676922584e-52
CXCL10	fixed	Day7	-1.2040219563694772	0.04902049490920153	-24.561603439533467	1024.5092444984693	4.0467982890256945e-105
CXCL10	fixed	AllocationPlacebo	0.16402052935057332	0.08999423741714836	1.822567022711604	1137.2439362633336	0.06863148157082576
CXCL10	fixed	srf14Yes	0.45140561871700785	0.10813137510008736	4.174603516316914	1122.0727118284472	3.216029894492689e-5
CXCL10	fixed	DEXcorrectedYes	-0.18455487553917438	0.07682691616784428	-2.402216368231885	559.691090319271	0.01662083449901328
CXCL10	fixed	cbmi	0.002740535792371564	0.005353199054569914	0.511943562052307	556.4805996414036	0.6088936081728173
CXCL10	fixed	Age	0.010642665134383536	0.00244767703374185	4.348067570872992	558.9745303742311	1.6322632006625423e-5
CXCL10	fixed	GenderMale	0.09950195714656586	0.05954574409542035	1.6710171089157408	561.8227247467629	0.09527519022888147
CXCL10	fixed	Day4:AllocationPlacebo	-0.21451385529349226	0.09114367756720324	-2.353579107396935	1021.5560943952049	0.018782338469548073
CXCL10	fixed	Day7:AllocationPlacebo	-0.10049895080113654	0.09251720575725063	-1.086273088108915	1029.187875829934	0.27761254267089797
CXCL10	fixed	Day4:srf14Yes	0.04196514330945167	0.11170853283662911	0.37566640832016496	1047.0100579747832	0.7072410099464785
CXCL10	fixed	Day7:srf14Yes	0.227336486649403	0.11125691691006524	2.04334699327657	1049.9107418468393	0.041267327858362846
CXCL10	fixed	AllocationPlacebo:srf14Yes	0.06206760487217578	0.1719893308668936	0.36088055322577706	1134.8250348531524	0.7182559077160193
CXCL10	fixed	Day4:AllocationPlacebo:srf14Yes	0.16651436334062975	0.17972172513082746	0.9265121577228157	1044.3726740460584	0.3543939330739946
CXCL10	fixed	Day7:AllocationPlacebo:srf14Yes	-0.20194239180787257	0.18004184542442558	-1.1216414235913839	1046.8893146841317	0.26227213322374526
4E-BP1	fixed	(Intercept)	-0.5826349765138026	0.3038618934793459	-1.9174335085008132	570.9736832318603	0.05568151185680635
4E-BP1	fixed	Day4	-0.26549973698396157	0.0596588211896941	-4.450301425496921	1022.4486160178827	9.51582604091856e-6
4E-BP1	fixed	Day7	-0.23238560035423655	0.060150199345533374	-3.863421948434374	1026.7779842890081	1.1881662832193179e-4
4E-BP1	fixed	AllocationPlacebo	-0.012403203340053645	0.10777393534596154	-0.1150853710615515	1173.3572956884166	0.9083971457709958
4E-BP1	fixed	srf14Yes	-0.033273405284594035	0.12945916176661623	-0.2570185441535454	1157.6397544069227	0.7972101305461952
4E-BP1	fixed	DEXcorrectedYes	-0.1610368657169843	0.09077965443552057	-1.7739312483433873	559.5757591519673	0.07661826138937926
4E-BP1	fixed	cbmi	0.009022028194680756	0.006324703835588827	1.4264744135392087	556.2081528961274	0.15429249826117772
4E-BP1	fixed	Age	0.008535356280500292	0.002892130726783774	2.9512346041121487	558.7455372133048	0.003297873305051467
4E-BP1	fixed	GenderMale	0.06262913477001676	0.07036501680418367	0.8900606809248007	561.6785884759314	0.3738143672613331
4E-BP1	fixed	Day4:AllocationPlacebo	0.11695102722208929	0.11184328798611068	1.045668714930957	1023.7292517637899	0.2959608447587204
4E-BP1	fixed	Day7:AllocationPlacebo	0.15817779315343763	0.11351232802981423	1.393485587855197	1031.8439409877656	0.16377307037620584
4E-BP1	fixed	Day4:srf14Yes	0.13744812787963978	0.13701347894399654	1.0031723078560826	1050.2331162040102	0.31600880342096965
4E-BP1	fixed	Day7:srf14Yes	0.07351536290297116	0.1364523708091557	0.5387620784236196	1053.132572405374	0.5901648942933382
4E-BP1	fixed	AllocationPlacebo:srf14Yes	0.1867658834683665	0.20595945194840692	0.9068089942050903	1170.8459803211283	0.3646943946970921
4E-BP1	fixed	Day4:AllocationPlacebo:srf14Yes	-0.11269672893797478	0.2204444976307768	-0.5112249575252764	1047.3627783587738	0.6093012939659077
4E-BP1	fixed	Day7:AllocationPlacebo:srf14Yes	-0.10745679997864543	0.22082685031348073	-0.4866111155690634	1049.977154460366	0.6266354987819474
SIRT2	fixed	(Intercept)	0.05078475776850178	0.2615244431770565	0.19418742336875808	592.0994518519218	0.8460957339692042
SIRT2	fixed	Day4	-0.15722851785118339	0.07424693490736074	-2.117643213788694	1055.4422748483871	0.034438628264323944
SIRT2	fixed	Day7	0.0766047316512889	0.07477909375081356	1.0244137473310242	1062.8257476352355	0.3058729912211802
SIRT2	fixed	AllocationPlacebo	-0.06857858739403129	0.10927679593052887	-0.6275676991630421	1508.2746100437332	0.5303821693306323
SIRT2	fixed	srf14Yes	-0.047049192605314684	0.13086216110786805	-0.35953244396241185	1496.0888824482297	0.7192475508485197
SIRT2	fixed	DEXcorrectedYes	0.02659846965675198	0.07767153959866982	0.34244808065073423	565.5963098669927	0.7321409303397981
SIRT2	fixed	cbmi	0.002804205861234248	0.00540379122313189	0.5189330500464833	560.5523259038453	0.6040122334823916
SIRT2	fixed	Age	-0.0019121792707637768	0.0024731543852668826	-0.7731742434500021	562.9189882115863	0.4397438048721536
SIRT2	fixed	GenderMale	-0.027839144389055135	0.06023709395964523	-0.4621594861084347	566.3700351334514	0.6441444337335729
SIRT2	fixed	Day4:AllocationPlacebo	0.10481433262915311	0.13913061302510527	0.7533520506392077	1059.2094021083362	0.4514058026949007
SIRT2	fixed	Day7:AllocationPlacebo	0.02918710242901466	0.14092898986812316	0.20710502825803986	1072.8725369976596	0.8359671355532965
SIRT2	fixed	Day4:srf14Yes	0.3189188777397829	0.16948037982422504	1.8817451204118527	1094.3382028031176	0.06013585644425984
SIRT2	fixed	Day7:srf14Yes	0.01792097854826999	0.16870864558425286	0.10622442309466754	1096.2574047817113	0.915423727856476
SIRT2	fixed	AllocationPlacebo:srf14Yes	0.17953988794767675	0.2087419755649601	0.8601043822726698	1507.1126537481948	0.3898683020655622
SIRT2	fixed	Day4:AllocationPlacebo:srf14Yes	-0.39985220538990407	0.272890550026282	-1.4652475336774926	1088.5581812922674	0.14314215635077918
SIRT2	fixed	Day7:AllocationPlacebo:srf14Yes	-0.2569841984087004	0.27321330769670815	-0.9405991259180407	1092.0012167897587	0.34711834697061095
DNER	fixed	(Intercept)	1.6884370879096064	0.2974441280039819	5.676484855290212	581.4218675852252	2.171932337909276e-8
DNER	fixed	Day4	0.18669615562055358	0.05126478390729424	3.6418012793766876	1028.760438022518	2.842304980255202e-4
DNER	fixed	Day7	0.5127677222086328	0.05169989476524036	9.918157948618965	1032.192003446393	3.293167520785658e-22
DNER	fixed	AllocationPlacebo	0.03891289474219448	0.10108307053287939	0.3849595638226804	1064.8560365003918	0.7003442489587021
DNER	fixed	srf14Yes	0.0020715167911102336	0.12153230836727762	0.017044988439205735	1051.4613308278235	0.9864039590553453
DNER	fixed	DEXcorrectedYes	-0.1471060133854875	0.08896386864986773	-1.653547846086235	572.86665902261	0.09876725131827317
DNER	fixed	cbmi	-0.016568670218566322	0.0062004523929970155	-2.6721711850057095	570.0010853419348	0.007751834891996365
DNER	fixed	Age	-0.016890505596763125	0.002834496303415756	-5.958909022533896	572.3789960328396	4.439582874859173e-9
DNER	fixed	GenderMale	-0.3420346606973799	0.06894037250920049	-4.961311467409513	575.0275568112465	9.23442855280622e-7
DNER	fixed	Day4:AllocationPlacebo	-0.044296253861036985	0.09611306949365013	-0.4608764873955408	1029.517376143927	0.6449845620607528
DNER	fixed	Day7:AllocationPlacebo	0.03841008589592415	0.097592919625786	0.39357451383978714	1035.9757942823942	0.6939761859577182
DNER	fixed	Day4:srf14Yes	-0.4129191342497128	0.11792828957759785	-3.501442577762551	1052.1212108502252	4.8215835765115175e-4
DNER	fixed	Day7:srf14Yes	-0.4533084201545739	0.1174667528177794	-3.859035933833719	1054.9311691151886	1.2074445019436975e-4
DNER	fixed	AllocationPlacebo:srf14Yes	-0.15034587930168217	0.19320071356066224	-0.7781849069334609	1062.7756889754328	0.43663322154207884
DNER	fixed	Day4:AllocationPlacebo:srf14Yes	0.2416669615659346	0.1897080519203949	1.2738887944900865	1050.0221956421653	0.20298472181380117
DNER	fixed	Day7:AllocationPlacebo:srf14Yes	-0.20723659597577643	0.19006648479850996	-1.090337395335472	1052.2699183522416	0.2758141606401227
EN-RAGE	fixed	(Intercept)	-0.3568765720883162	0.28744838040740395	-1.2415327287024922	587.0113065268955	0.21490487127543614
EN-RAGE	fixed	Day4	-0.07432600963013647	0.06016336521054354	-1.2354031289644507	1040.2550722751328	0.21695943778120677
EN-RAGE	fixed	Day7	0.24042133537306007	0.06065018255350422	3.9640661454063357	1045.002737352757	7.86947316350683e-5
EN-RAGE	fixed	AllocationPlacebo	0.12801143242714635	0.10440401018053208	1.2261160486631986	1247.1538897227638	0.22038646457868155
EN-RAGE	fixed	srf14Yes	0.3437499985196872	0.12535059052927378	2.742308568856797	1231.0936479909965	0.006189329849271531
EN-RAGE	fixed	DEXcorrectedYes	0.053437207849070766	0.08581604160439474	0.6226948580943891	573.6787103343454	0.5337325003981028
EN-RAGE	fixed	cbmi	-0.0070947502609439595	0.005977669731899738	-1.1868755851603743	569.9940956266402	0.2357711214728274
EN-RAGE	fixed	Age	0.0034705566996073352	0.002733847670047742	1.269476985726395	572.6138655049078	0.20478669083002413
EN-RAGE	fixed	GenderMale	0.1837775113808591	0.06652553242578546	2.762510943987973	575.7152018231757	0.005919141926668459
EN-RAGE	fixed	Day4:AllocationPlacebo	0.11191009817833977	0.11278405296242831	0.9922510784004217	1041.839662141125	0.32130545307910113
EN-RAGE	fixed	Day7:AllocationPlacebo	-0.057542470460288396	0.114436396248956	-0.5028336468679505	1050.717795131076	0.6151866124514155
EN-RAGE	fixed	Day4:srf14Yes	0.5259153057664067	0.1380476781194593	3.8096642618741243	1069.7571456366902	1.4707879180648716e-4
EN-RAGE	fixed	Day7:srf14Yes	0.17879711236184553	0.13747003497308652	1.300626077507363	1072.578467854037	0.19366584643028006
EN-RAGE	fixed	AllocationPlacebo:srf14Yes	-0.2957378557391027	0.1995040642057984	-1.4823650681824425	1244.6149180220712	0.13849632573866627
EN-RAGE	fixed	Day4:AllocationPlacebo:srf14Yes	-0.13346359485907652	0.22212972216506918	-0.6008362751198913	1066.498766463723	0.5480767063142256
EN-RAGE	fixed	Day7:AllocationPlacebo:srf14Yes	0.15805302758053824	0.22249635021254122	0.710362338211647	1069.2411568046614	0.4776343733618543
CD40	fixed	(Intercept)	-0.9729125581434604	0.2983119724876534	-3.261392930462178	585.3785589302253	0.0011731153611042597
CD40	fixed	Day4	-0.06821005827053599	0.05671589605124629	-1.2026620933380656	1035.585788764477	0.22938200584952442
CD40	fixed	Day7	0.23776361390159498	0.057186848143966615	4.157662497905644	1039.6385136115796	3.480032254505344e-5
CD40	fixed	AllocationPlacebo	-0.19459954847872957	0.10462263848099328	-1.8600137723928873	1155.2989066556609	0.06313756911186574
CD40	fixed	srf14Yes	0.013111146738529905	0.12570317929960764	0.10430242744521283	1140.3194578599152	0.9169476931807404
CD40	fixed	DEXcorrectedYes	-0.1202200302571843	0.0891496277126539	-1.3485197116546148	574.6647864718603	0.17802249422853628
CD40	fixed	cbmi	9.823865163188477e-4	0.006211733990296295	0.1581501264950318	571.3940427902739	0.8743943769695572
CD40	fixed	Age	0.015882307749271157	0.002840264261627641	5.591841563421865	573.9243180898535	3.478815131333902e-8
CD40	fixed	GenderMale	-0.00910669802332048	0.06909732716992716	-0.13179522850319367	576.8182689061413	0.8951922178067198
CD40	fixed	Day4:AllocationPlacebo	0.13386355892018423	0.10632817463320626	1.258966020830933	1036.708125926772	0.20832601068724044
CD40	fixed	Day7:AllocationPlacebo	0.034305291706581	0.10792838492146846	0.31785235859447386	1044.3111888555682	0.7506604769728302
CD40	fixed	Day4:srf14Yes	0.1371590731291566	0.13031053402461523	1.0525555294190392	1061.9809671797018	0.29278417625335096
CD40	fixed	Day7:srf14Yes	0.2773566540482565	0.12978274865122594	2.1370841420042352	1064.8429477962213	0.032818477456935245
CD40	fixed	AllocationPlacebo:srf14Yes	0.28265896728872764	0.1999446817191868	1.413685849797742	1152.9098801803757	0.15772411184679633
CD40	fixed	Day4:AllocationPlacebo:srf14Yes	0.00714193419585886	0.2096508914689363	0.03406584224764468	1059.3475171256987	0.972831064033899
CD40	fixed	Day7:AllocationPlacebo:srf14Yes	-0.22463312843349484	0.21002296100792814	-1.069564619770384	1061.843942538742	0.2850583961916403
IFN-gamma	fixed	(Intercept)	1.348865739762594	0.26133789768260307	5.161385898193771	581.7440470144923	3.369110969335791e-7
IFN-gamma	fixed	Day4	-0.7389737193620374	0.05637167829942325	-13.108953674164388	1036.1419254243588	1.9470074912954213e-36
IFN-gamma	fixed	Day7	-0.9772297040311013	0.05682366210318972	-17.197584032097183	1041.1479641126023	1.5527313463862221e-58
IFN-gamma	fixed	AllocationPlacebo	0.05516044443068232	0.09605250886679834	0.5742738537644712	1272.4127950334719	0.565884003696296
IFN-gamma	fixed	srf14Yes	0.24338357742600925	0.11529634784846722	2.1109391751583124	1256.0234256001054	0.03497472892585623
IFN-gamma	fixed	DEXcorrectedYes	-0.5267789211826529	0.07799228023301792	-6.754244389429222	567.5271386015975	3.562423505690915e-11
IFN-gamma	fixed	cbmi	-0.0021879975387350567	0.005432139631049721	-0.40278742582915567	563.7262330483297	0.6872573135553204
IFN-gamma	fixed	Age	-0.0041845936107348545	0.0024845301312145652	-1.684259554014429	566.3482988451417	0.0926824985682474
IFN-gamma	fixed	GenderMale	-0.11670971836433572	0.060463733734181825	-1.9302433236662075	569.4930986260321	0.05407291039156889
IFN-gamma	fixed	Day4:AllocationPlacebo	-0.1513506646838526	0.10567339312458304	-1.4322495020616837	1037.9025923972438	0.1523735176722022
IFN-gamma	fixed	Day7:AllocationPlacebo	-0.016720357687600825	0.10720694560006472	-0.15596338086131176	1047.2550219963448	0.8760919432938357
IFN-gamma	fixed	Day4:srf14Yes	-0.12635761927067812	0.12928955469234749	-0.9773227200863512	1066.7818266401227	0.3286309801255751
IFN-gamma	fixed	Day7:srf14Yes	0.04886084757925362	0.12874320705388345	0.379521752621897	1069.583075360321	0.7043757910695556
IFN-gamma	fixed	AllocationPlacebo:srf14Yes	-0.05966690185972614	0.18353848873646705	-0.32509204075118325	1269.8522537477893	0.7451649638085305
IFN-gamma	fixed	Day4:AllocationPlacebo:srf14Yes	0.26432180817424183	0.20804759438303233	1.270487212111687	1063.2888901156223	0.20418905098581344
IFN-gamma	fixed	Day7:AllocationPlacebo:srf14Yes	-0.16373850860660094	0.2083823797610712	-0.785759855484622	1066.1223590811946	0.4321827836682146
FGF-19	fixed	(Intercept)	0.3354060979495446	0.2734781823850122	1.226445543203692	578.1763043759779	0.2205302897382495
FGF-19	fixed	Day4	-0.3880302304625527	0.06678626507375407	-5.8100304012215584	1036.9002660722551	8.303729294234737e-9
FGF-19	fixed	Day7	-0.2559714426953807	0.06729885969116323	-3.8035034155116807	1042.9766852286791	1.5094775056986688e-4
FGF-19	fixed	AllocationPlacebo	0.07844799914613337	0.10602921426176372	0.7398715504244127	1387.3639780350675	0.45950311443173286
FGF-19	fixed	srf14Yes	0.02041062010453246	0.12714202097829533	0.1605340228783747	1371.1967419911693	0.8724840689776393
FGF-19	fixed	DEXcorrectedYes	-0.12544950744868033	0.08146758610578281	-1.539870191879609	559.4266200789905	0.12415741549422324
FGF-19	fixed	cbmi	-0.013962650448383922	0.00567158397214449	-2.4618608341091854	555.0904333471685	0.014124719641573082
FGF-19	fixed	Age	0.007887536313883213	0.0025948143000330687	3.039730555586461	557.6734840610264	0.00247897355146792
FGF-19	fixed	GenderMale	-0.21377332402767776	0.0631706285923805	-3.384062004623817	560.9897811980168	7.640991963800349e-4
FGF-19	fixed	Day4:AllocationPlacebo	0.04232875381114583	0.12517979258396822	0.3381436647033307	1039.4838136213534	0.7353232071694249
FGF-19	fixed	Day7:AllocationPlacebo	0.15125665269726626	0.12691612030256957	1.1917844032473461	1050.7891212165243	0.23361488692493487
FGF-19	fixed	Day4:srf14Yes	-0.07069639758864435	0.15286962864307865	-0.46246202215684656	1071.722554462653	0.6438439046501855
FGF-19	fixed	Day7:srf14Yes	-0.08669113536681904	0.1521988343587061	-0.5695913226411653	1074.266353864035	0.5690739969113638
FGF-19	fixed	AllocationPlacebo:srf14Yes	-0.17903014745681214	0.2025711283888193	-0.8837890615546057	1385.1101327778363	0.3769634645947876
FGF-19	fixed	Day4:AllocationPlacebo:srf14Yes	0.3387242222464671	0.24605117705918203	1.3766413406142521	1067.2207815522193	0.16891189217738917
FGF-19	fixed	Day7:AllocationPlacebo:srf14Yes	0.005532864790239652	0.2464023428103685	0.022454594900088876	1070.3732094025604	0.9820895160060785
MCP-2	fixed	(Intercept)	0.4794197437474376	0.29109447872380523	1.6469558125914103	575.9551017766078	0.1001125871302355
MCP-2	fixed	Day4	-0.7306364550427886	0.04306703635478214	-16.965097134241493	1019.2200175956755	4.7552049219046805e-57
MCP-2	fixed	Day7	-1.0010922005292096	0.0434424617442351	-23.044094656124233	1021.8398616071464	5.867635480149995e-95
MCP-2	fixed	AllocationPlacebo	0.11067040743042281	0.09493633284324315	1.1657329087395805	942.0109428639958	0.24401752135760874
MCP-2	fixed	srf14Yes	0.3453938834495599	0.11424774438137263	3.023200898361668	931.4116178425256	0.0025696667809860523
MCP-2	fixed	DEXcorrectedYes	-0.2625417746483875	0.08714909203703676	-3.0125589207149983	569.9152795110298	0.0027055294795558203
MCP-2	fixed	cbmi	0.007451484329695255	0.006076088213339866	1.2263621047067337	567.619413419959	0.2205709298207468
MCP-2	fixed	Age	-0.001643793408479674	0.0027768046189111414	-0.5919730172172679	569.691184438754	0.5541035072305684
MCP-2	fixed	GenderMale	0.15349993355919614	0.06751492234373536	2.273570467543302	571.9324681141567	0.02336166865982372
MCP-2	fixed	Day4:AllocationPlacebo	-0.06648976394538801	0.08074696460141448	-0.8234336024096599	1019.5837497016062	0.41045401910133017
MCP-2	fixed	Day7:AllocationPlacebo	-0.041322841786371196	0.08202541772052811	-0.5037809368696397	1024.5374802833962	0.6145236289438265
MCP-2	fixed	Day4:srf14Yes	-0.04526900564959076	0.0992279821220684	-0.456212095433944	1038.1644606021441	0.6483328879458468
MCP-2	fixed	Day7:srf14Yes	-0.07689368008077561	0.09885964919486893	-0.7778065237638593	1040.7438108214826	0.4368598568899539
MCP-2	fixed	AllocationPlacebo:srf14Yes	0.09510258946518801	0.18147740587525907	0.5240464453771069	940.5061598046201	0.6003697066082347
MCP-2	fixed	Day4:AllocationPlacebo:srf14Yes	0.07498423999875142	0.15960437317559295	0.4698131918744829	1036.7151722019528	0.6385872917192936
MCP-2	fixed	Day7:AllocationPlacebo:srf14Yes	-0.22651885410564998	0.15993055266177128	-1.4163576023194442	1038.5828638986068	0.1569706778254356
CASP-8	fixed	(Intercept)	0.15592151450234035	0.29514105562188764	0.5282949001242822	578.9755491731287	0.5974971008456638
CASP-8	fixed	Day4	-0.04498071002456159	0.06297232969883661	-0.7142932497444603	1033.07306561857	0.47520722382972624
CASP-8	fixed	Day7	0.2659011177831512	0.06347894271265216	4.188808231838331	1038.0037839431873	3.0424727713346134e-5
CASP-8	fixed	AllocationPlacebo	-0.01097022831397816	0.10800654865311315	-0.10157002932490201	1259.9445672794448	0.9191141305130441
CASP-8	fixed	srf14Yes	-0.06782297624342153	0.12965648472371177	-0.5230974477516276	1243.5454470852808	0.6009996319287557
CASP-8	fixed	DEXcorrectedYes	-0.15279029744764402	0.08809227963003771	-1.7344345961907153	565.1335499465381	0.08338626712308887
CASP-8	fixed	cbmi	0.007408674011638226	0.00613583013098027	1.2074444457370601	561.388377539903	0.2277694912733525
CASP-8	fixed	Age	-0.005925626685993594	0.0028063086703202303	-2.1115377466005603	564.0009724981464	0.03516535658480653
CASP-8	fixed	GenderMale	0.0715171674424405	0.06829246292532254	1.0472190396858896	567.1193525320168	0.29544467106795813
CASP-8	fixed	Day4:AllocationPlacebo	0.09766186041668708	0.11804796869589555	0.8273065728752579	1034.7751479392634	0.4082540588559682
CASP-8	fixed	Day7:AllocationPlacebo	-0.0833032157312516	0.11976710451286407	-0.6955433720308741	1043.9905816467942	0.4868696317955128
CASP-8	fixed	Day4:srf14Yes	0.20032380681046089	0.14445194897968028	1.3867850743823469	1063.4250996006147	0.16579792946383345
CASP-8	fixed	Day7:srf14Yes	-0.07230607017458872	0.14384368488649543	-0.5026711477229201	1066.2473632191466	0.615299302113171
CASP-8	fixed	AllocationPlacebo:srf14Yes	0.13365873775441903	0.20638322080496446	0.6476240521545534	1257.369723384831	0.5173463627905224
CASP-8	fixed	Day4:AllocationPlacebo:srf14Yes	-0.296601364656611	0.2324420243068431	-1.2760229805307157	1060.0035869375458	0.2022269201627063
CASP-8	fixed	Day7:AllocationPlacebo:srf14Yes	-0.1029908129300462	0.23281957409830686	-0.44236320476455665	1062.8162728463985	0.6583164053790973
CCL25	fixed	(Intercept)	-0.5378738443224583	0.3145325332728087	-1.7100737997615505	577.038234477942	0.08778978196904642
CCL25	fixed	Day4	-0.02949963221354482	0.05050879410002484	-0.5840494262271511	1022.4468067170237	0.5593158872720534
CCL25	fixed	Day7	-0.07904842783109707	0.05094325800260929	-1.5516955713167824	1025.4838078814316	0.12104362690069524
CCL25	fixed	AllocationPlacebo	0.03845947131796999	0.10475298631891446	0.3671443905272766	1003.1941490404914	0.7135887486369676
CCL25	fixed	srf14Yes	-0.08091417155649122	0.12600102793276366	-0.6421707257790661	991.07284961145	0.5209108468269357
CCL25	fixed	DEXcorrectedYes	-0.22153088926676814	0.09412109169600828	-2.353679555505659	569.7695271699937	0.01892732880231452
CCL25	fixed	cbmi	0.005583632232457314	0.00656101592535869	0.8510316536309973	567.1810774007789	0.39511091141724697
CCL25	fixed	Age	0.012069997892187464	0.002998889713385111	4.024822199467613	569.421625012504	6.47270866118863e-5
CCL25	fixed	GenderMale	-0.10854656106312996	0.07292707995242313	-1.4884259884523636	571.8800572767448	0.1371897913227707
CCL25	fixed	Day4:AllocationPlacebo	-0.19028920490630735	0.09469787405206928	-2.009434813728527	1022.9985157461027	0.0447532998056822
CCL25	fixed	Day7:AllocationPlacebo	-0.09771409868582681	0.09617643218021335	-1.0159879761679267	1028.7270740486802	0.3098739972537091
CCL25	fixed	Day4:srf14Yes	-0.36107205534496	0.11627969586653372	-3.1052029561497982	1043.7367784966245	0.0019527528010168244
CCL25	fixed	Day7:srf14Yes	-0.3319403689334208	0.11583573119871687	-2.8656129287428174	1046.4626430080261	0.004245338811353901
CCL25	fixed	AllocationPlacebo:srf14Yes	-0.16569675952969853	0.20022869397316906	-0.8275375334161753	1001.3773369652232	0.4081296192616203
CCL25	fixed	Day4:AllocationPlacebo:srf14Yes	0.23785713462254277	0.1870434621103268	1.2716677286600038	1041.9621279022167	0.20377496738956433
CCL25	fixed	Day7:AllocationPlacebo:srf14Yes	0.02740904414154882	0.18741090082809492	0.14625106661586415	1044.0348203268763	0.883751426643609
CX3CL1	fixed	(Intercept)	-0.920722115779126	0.32121119772817286	-2.866407280602631	571.9882413651651	0.004304409026962224
CX3CL1	fixed	Day4	-0.09925808117107432	0.04896629461320479	-2.0270694761597765	1016.0402071670378	0.04291601029111685
CX3CL1	fixed	Day7	-0.15741651435319712	0.049391176907170056	-3.1871383556836275	1018.8156664174196	0.0014806095405827913
CX3CL1	fixed	AllocationPlacebo	0.0037553038385221464	0.10553230356258005	0.035584401285197693	959.0202333316154	0.9716211514975173
CX3CL1	fixed	srf14Yes	0.16891645091188076	0.1269775782487164	1.3302856554801896	947.8439359876135	0.1837441491923032
CX3CL1	fixed	DEXcorrectedYes	-0.21558379531277813	0.09614977079647885	-2.2421665026025535	565.5480039937734	0.025337394010653685
CX3CL1	fixed	cbmi	0.005560140222859174	0.006703203610824487	0.8294750608321866	563.1559852588587	0.40718709332156355
CX3CL1	fixed	Age	0.013886858296528666	0.0030635706616747565	4.532899622735375	565.2837144322649	7.10495465276359e-6
CX3CL1	fixed	GenderMale	0.151539990112633	0.07449180745328345	2.034317534954019	567.5967059423996	0.04238396021082049
CX3CL1	fixed	Day4:AllocationPlacebo	-0.13064147791494635	0.0918070266135362	-1.4230008609785902	1016.4680797541805	0.15504273658167575
CX3CL1	fixed	Day7:AllocationPlacebo	-0.04640210822395034	0.09325357433591591	-0.4975906666783808	1021.7116084786593	0.6188796534531094
CX3CL1	fixed	Day4:srf14Yes	0.06359169148678714	0.11278790645136097	0.5638165782801424	1035.8933319994394	0.573001002967571
CX3CL1	fixed	Day7:srf14Yes	0.2456400055317798	0.11236494695588471	2.186091055854099	1038.5400532397443	0.029031610637627187
CX3CL1	fixed	AllocationPlacebo:srf14Yes	0.15481649373504777	0.20172745564369035	0.7674537570557523	957.3994088700556	0.443000998620411
CX3CL1	fixed	Day4:AllocationPlacebo:srf14Yes	0.2582119058059404	0.18141898895775413	1.4232904024510276	1034.3263091162132	0.15495354182795973
CX3CL1	fixed	Day7:AllocationPlacebo:srf14Yes	-0.12590663963539972	0.18178467527148642	-0.6926141570919792	1036.275120820191	0.4887069002685782
TNFRSF9	fixed	(Intercept)	-1.0355802964034608	0.2890499369131882	-3.5827037620647597	579.7978625485592	3.68635297121824e-4
TNFRSF9	fixed	Day4	0.0833185435748229	0.04878131383132257	1.708001220773269	1026.5593895823056	0.08793844402020959
TNFRSF9	fixed	Day7	0.41665766796530285	0.04919707667326144	8.469155001475034	1029.8703443578986	8.43293889464362e-17
TNFRSF9	fixed	AllocationPlacebo	-0.05824475372245867	0.09762139866092821	-0.5966392053525292	1045.733294667623	0.5508774277514596
TNFRSF9	fixed	srf14Yes	-0.25369616124742167	0.11738635421421016	-2.1612065810006267	1032.7062349497792	0.030908672906947838
TNFRSF9	fixed	DEXcorrectedYes	-0.6930039344890179	0.0864665564610505	-8.014704908494727	571.6496061025632	6.243882116124573e-15
TNFRSF9	fixed	cbmi	0.015774120301435324	0.0060267171596973665	2.6173652891697055	568.8688345430896	0.009096898868459715
TNFRSF9	fixed	Age	0.017716427670569076	0.002754952810339827	6.430755403169222	571.2070960887664	2.6847978073250254e-10
TNFRSF9	fixed	GenderMale	-0.05647003061361204	0.06700245475197286	-0.8428053990357615	573.7990726734381	0.3996884557726844
TNFRSF9	fixed	Day4:AllocationPlacebo	-0.013095851351935648	0.09145766136288386	-0.14319031513362443	1027.250835933576	0.8861679602599188
TNFRSF9	fixed	Day7:AllocationPlacebo	0.07473828675998467	0.09287197495938303	0.8047453151789977	1033.4864576961015	0.421151749704774
TNFRSF9	fixed	Day4:srf14Yes	-0.21952613278398259	0.112242227054192	-1.9558248134010432	1049.3020798130356	0.05075085289567321
TNFRSF9	fixed	Day7:srf14Yes	-0.037996948268492266	0.11180617198567049	-0.33984660769319697	1052.0917541485057	0.734039879764712
TNFRSF9	fixed	AllocationPlacebo:srf14Yes	-0.11292985680534243	0.18658832413289395	-0.6052353882813712	1043.7288016669181	0.5451541736982701
TNFRSF9	fixed	Day4:AllocationPlacebo:srf14Yes	0.3775416220342878	0.18055721875288008	2.0909804916247117	1047.3038092385734	0.036770356249178994
TNFRSF9	fixed	Day7:AllocationPlacebo:srf14Yes	-0.03048532034966182	0.18090251143454492	-0.1685179498499786	1049.4999013509307	0.866208293920675
TWEAK	fixed	(Intercept)	0.5817258926768233	0.2969203370695995	1.959198546041203	581.642007181777	0.050566829099089716
TWEAK	fixed	Day4	0.03664070371061684	0.05740044053974644	0.6383348867374162	1032.4670808080382	0.523397265393079
TWEAK	fixed	Day7	0.38699050838514815	0.057875101702977154	6.686649301650228	1036.6487170990238	3.725658223098056e-11
TWEAK	fixed	AllocationPlacebo	-0.02834404537162618	0.10473733871856489	-0.2706202555689163	1167.6211600347285	0.7867309431758778
TWEAK	fixed	srf14Yes	-0.08090554046121336	0.12582583214012913	-0.6429962678181286	1152.3310255872166	0.5203544433543477
TWEAK	fixed	DEXcorrectedYes	-0.12493566020155086	0.08871953242617331	-1.4082091821833516	570.5465740554166	0.1596137927447124
TWEAK	fixed	cbmi	-0.013830783064884774	0.0061814617522928305	-2.2374615615399795	567.2155574396476	0.025643725754807747
TWEAK	fixed	Age	-7.668245422359556e-4	0.0028265295083410714	-0.2712954313666498	569.7580387412653	0.7862620834128959
TWEAK	fixed	GenderMale	-0.19194969827600653	0.06876615850656274	-2.791339554872586	572.6815233057359	0.005424154309175685
TWEAK	fixed	Day4:AllocationPlacebo	0.15143266850593937	0.10761048911620259	1.4072296274242897	1033.6659710281772	0.159659922293739
TWEAK	fixed	Day7:AllocationPlacebo	0.13390899972921833	0.10922301743084381	1.2260144691022183	1041.5068637702132	0.2204703611595184
TWEAK	fixed	Day4:srf14Yes	-0.09218383127882673	0.1318543152191463	-0.6991339731704199	1059.4917652769157	0.4846217561752477
TWEAK	fixed	Day7:srf14Yes	-0.32899931118522674	0.13131719555848115	-2.5053787494167836	1062.364813540226	0.012380769818696413
TWEAK	fixed	AllocationPlacebo:srf14Yes	-0.4352462512774631	0.20016004041080135	-2.1744912240434164	1165.179255234948	0.02986893256774935
TWEAK	fixed	Day4:AllocationPlacebo:srf14Yes	0.17926466055816134	0.21213928685745204	0.8450328235458765	1056.746757149805	0.39828378997226355
TWEAK	fixed	Day7:AllocationPlacebo:srf14Yes	0.34504314418844123	0.2125113800461599	1.6236454918955112	1059.2955353036816	0.10474900589248858
CCL20	fixed	(Intercept)	-1.489762928408475	0.2922386349863404	-5.097761726399073	572.4157264175745	4.677483765426374e-7
CCL20	fixed	Day4	-0.3449964838675942	0.05376454985423788	-6.416802238704144	1021.8293243529512	2.1255479476427665e-10
CCL20	fixed	Day7	-0.4409521175045869	0.0542144925103282	-8.13347311921407	1025.701541257149	1.1968029518479435e-15
CCL20	fixed	AllocationPlacebo	0.09081460851029358	0.10136966003580578	0.895875634565767	1113.8148781967445	0.37051276033702074
CCL20	fixed	srf14Yes	0.4093722580190156	0.12182307462412927	3.360383566759298	1099.1381165297635	8.050903031538639e-4
CCL20	fixed	DEXcorrectedYes	-0.2650408798961747	0.08736068110693274	-3.0338692022301745	562.5666441713315	0.002525846542179956
CCL20	fixed	cbmi	0.022957867979629915	0.006087655697630986	3.771216560188182	559.4627283651007	1.7974581921243067e-4
CCL20	fixed	Age	0.018203445425118127	0.0027833256930678667	6.540177985801487	561.925032548244	1.3829194506266601e-10
CCL20	fixed	GenderMale	0.015747840482308498	0.06770650046754735	0.232589786409898	564.7143175830884	0.8161642295648817
CCL20	fixed	Day4:AllocationPlacebo	-0.050453459747481534	0.10079687638844655	-0.500545865658041	1022.8275652622831	0.6167984529020781
CCL20	fixed	Day7:AllocationPlacebo	0.13826619666179876	0.10232621510728966	1.3512294627219996	1030.100682922541	0.1769186241386834
CCL20	fixed	Day4:srf14Yes	0.019234569426502306	0.1235815387085394	0.1556427410397117	1047.4481357676887	0.8763446217453856
CCL20	fixed	Day7:srf14Yes	0.282617012425321	0.12308669298547742	2.2960809618848566	1050.3329604016726	0.02186747044335371
CCL20	fixed	AllocationPlacebo:srf14Yes	0.05488037625771435	0.1937350604564409	0.2832753974856997	1111.4862956417562	0.7770184861030833
CCL20	fixed	Day4:AllocationPlacebo:srf14Yes	0.019141716086777488	0.19881674523052836	0.09627818856295346	1044.9790318214946	0.9233180940603497
CCL20	fixed	Day7:AllocationPlacebo:srf14Yes	-0.3587663142108631	0.19917749654875538	-1.8012391983400744	1047.417372645411	0.07195270571630834
ST1A1	fixed	(Intercept)	0.6349112727121499	0.28479186033482673	2.2293870055334146	575.42028256693	0.02617336619002517
ST1A1	fixed	Day4	0.2747731627574016	0.05988865630399995	4.588066918092626	1029.0982720420723	5.024694854856727e-6
ST1A1	fixed	Day7	0.702299367731741	0.06037257547453674	11.632754809805137	1033.929046631521	1.7587315709764758e-29
ST1A1	fixed	AllocationPlacebo	-0.059712394823807545	0.10362802031242971	-0.5762186196723601	1243.2907621725062	0.5645717132743255
ST1A1	fixed	srf14Yes	-0.17128971107800975	0.12441437283074878	-1.376767869987412	1226.9065894859905	0.16883519496361804
ST1A1	fixed	DEXcorrectedYes	-0.020290497541692792	0.08501821952057668	-0.23866057953356631	562.061272187375	0.8114557757517065
ST1A1	fixed	cbmi	-0.006618305347742377	0.005922003475650438	-1.1175787678874103	558.3893425962717	0.26422754533243004
ST1A1	fixed	Age	-0.011877011660328533	0.0027084191309658502	-4.385219231593992	560.9880684570172	1.383969779476226e-5
ST1A1	fixed	GenderMale	0.0500636133516292	0.0659076149629487	0.759602868041477	564.07086196792	0.44780933707882087
ST1A1	fixed	Day4:AllocationPlacebo	0.05431127685620922	0.11226865412300908	0.48376171675401164	1030.7240463013857	0.6286577443062316
ST1A1	fixed	Day7:AllocationPlacebo	-0.160999802167015	0.11391106836282519	-1.4133815482636383	1039.7574914744496	0.15784286717624443
ST1A1	fixed	Day4:srf14Yes	0.1911125754868067	0.13740786284257533	1.3908416267689099	1059.0602041778259	0.16456560587521918
ST1A1	fixed	Day7:srf14Yes	0.17680917215731262	0.13683200367805254	1.292162413797002	1061.9077280747736	0.196582027276657
ST1A1	fixed	AllocationPlacebo:srf14Yes	0.12898062067398366	0.19802009306337878	0.651351176936887	1240.703864645031	0.5149404413767523
ST1A1	fixed	Day4:AllocationPlacebo:srf14Yes	-0.3567303853027684	0.22110188737867112	-1.6134208058197737	1055.7329332214208	0.10695195762570896
ST1A1	fixed	Day7:AllocationPlacebo:srf14Yes	-0.22845363002285965	0.22146540743456739	-1.031554465635257	1058.5171479597977	0.302516512626999
STAMBP	fixed	(Intercept)	-0.4602032719726588	0.2920371550063249	-1.5758380880086709	577.9507792411737	0.11561031334895687
STAMBP	fixed	Day4	-0.12229319039305624	0.06442976701662263	-1.8980852493460836	1033.1952494979794	0.05796334571763022
STAMBP	fixed	Day7	0.11264563158728907	0.06494265713175032	1.7345399243329833	1038.4002035557746	0.08311907167439679
STAMBP	fixed	AllocationPlacebo	-0.09230575809739917	0.10832241683691175	-0.8521390197226953	1291.6653015725117	0.3942949030010614
STAMBP	fixed	srf14Yes	0.026099334888557747	0.13000115116374358	0.20076233675565075	1275.0837534425395	0.8409164317637599
STAMBP	fixed	DEXcorrectedYes	-0.05010090819070104	0.08712857866870227	-0.575022672884459	563.0344265094787	0.5655056657781297
STAMBP	fixed	cbmi	0.01700663482165676	0.006068003527244971	2.8026738523301757	559.1464325793818	0.0052438758238009
STAMBP	fixed	Age	-7.344826889430527e-4	0.002775507805481833	-0.2646300210334106	561.7652957352981	0.7913915533513263
STAMBP	fixed	GenderMale	0.04487594638304331	0.06754932994004147	0.6643433239511978	564.939585376417	0.506741656099142
STAMBP	fixed	Day4:AllocationPlacebo	0.14594036655605636	0.12077647913080171	1.2083508942002026	1035.0957521864298	0.2271882982812856
STAMBP	fixed	Day7:AllocationPlacebo	0.10211918419149735	0.12251619197098676	0.8335158198165378	1044.8129375462574	0.404744385017737
STAMBP	fixed	Day4:srf14Yes	0.20861892514943794	0.1477200123381661	1.412259055813371	1064.6879024164232	0.15816591171640665
STAMBP	fixed	Day7:srf14Yes	0.021534955957751418	0.14709126434991215	0.14640540383501216	1067.4659500423454	0.8836290047859959
STAMBP	fixed	AllocationPlacebo:srf14Yes	0.2609450964055253	0.20697821198390648	1.260737030745125	1289.1064082774128	0.20763174062051729
STAMBP	fixed	Day4:AllocationPlacebo:srf14Yes	-0.5241086526207842	0.23771454141716253	-2.204781623775518	1061.012409519957	0.02768340347707664
STAMBP	fixed	Day7:AllocationPlacebo:srf14Yes	-0.39811226158398233	0.23808953997659915	-1.6721115157898627	1063.9135786325223	0.09479636870526174
ADA	fixed	(Intercept)	0.18393423058874836	0.299107528858057	0.6149434997205813	580.6917336688045	0.5388329262644718
ADA	fixed	Day4	-0.2096272754582599	0.061472956115159	-3.4100731233025345	1033.5116246859577	6.74555569408563e-4
ADA	fixed	Day7	-0.21391514555209665	0.06197300427918367	-3.4517472251050667	1038.1448894510715	5.794044471504829e-4
ADA	fixed	AllocationPlacebo	-0.12155822933632549	0.10788470585634743	-1.1267420008373092	1225.0099132023558	0.2600722427382074
ADA	fixed	srf14Yes	0.0059576862145247255	0.12954776812259866	0.04598833542918792	1208.9589349721762	0.9633271420825662
ADA	fixed	DEXcorrectedYes	-0.1400089964721576	0.08931555846695992	-1.5675767903746631	567.9568839231238	0.11753687986872309
ADA	fixed	cbmi	0.01080223342160307	0.006221805732898268	1.7361894416737322	564.3686437461494	0.08307606924211239
ADA	fixed	Age	-0.003729890731422024	0.002845379857631612	-1.3108586262807969	566.9645140231568	0.19043623265939788
ADA	fixed	GenderMale	-0.09013960928953757	0.06923608563165333	-1.301916601251755	570.0153603641124	0.19347075840541658
ADA	fixed	Day4:AllocationPlacebo	0.11578420885255937	0.11524066119397543	1.0047166308571331	1035.0077342527907	0.31526814723730373
ADA	fixed	Day7:AllocationPlacebo	0.17130475377249366	0.11693827547480914	1.464916025800262	1043.6779111617598	0.14324499088900364
ADA	fixed	Day4:srf14Yes	0.21121721388245054	0.14108980413040062	1.4970409462560135	1062.5753073813055	0.13467957445212372
ADA	fixed	Day7:srf14Yes	0.10030448515190421	0.1405029954797717	0.7138957059911588	1065.4286670212116	0.47544803037978933
ADA	fixed	AllocationPlacebo:srf14Yes	0.21299711388948864	0.20615985802907	1.033164826197419	1222.4595940062297	0.30173111617904436
ADA	fixed	Day4:AllocationPlacebo:srf14Yes	0.03008005559768434	0.22701823467656668	0.13250061450147146	1059.4253196450734	0.8946134976585759
ADA	fixed	Day7:AllocationPlacebo:srf14Yes	-0.24669149379962688	0.22739848221507167	-1.0848423058791925	1062.13658257019	0.27823767574559266
TNFB	fixed	(Intercept)	1.340545356399213	0.283444383455894	4.729482870870897	579.5858692588102	2.8302758164310226e-6
TNFB	fixed	Day4	0.12554728921754496	0.051184795650531495	2.452823882989192	1028.3420421821304	0.014339169313025896
TNFB	fixed	Day7	0.1595416514581617	0.051614953451681586	3.0909967129489666	1032.0701969689108	0.002048340106472249
TNFB	fixed	AllocationPlacebo	0.05326045515711449	0.09772811231599324	0.5449860218818368	1103.5860125404988	0.5858732457396801
TNFB	fixed	srf14Yes	-0.24631602693470972	0.11746188560627142	-2.0969868282240367	1089.3383611939578	0.03622483853796672
TNFB	fixed	DEXcorrectedYes	-0.6751126142943688	0.08474524965454754	-7.966377077728525	570.0915278502717	8.922263435220228e-15
TNFB	fixed	cbmi	0.012542095238137567	0.005905704559686982	2.1237254778627683	567.0453096249	0.034125387318893266
TNFB	fixed	Age	-0.015961909127725715	0.002700025432309309	-5.911762510352959	569.4946333867598	5.835105313062564e-9
TNFB	fixed	GenderMale	-0.2794869886157902	0.06567713288422873	-4.255468781020804	572.2548850065126	2.4373042570652615e-5
TNFB	fixed	Day4:AllocationPlacebo	-0.14447785825213183	0.09596124412534601	-1.5055855055756957	1029.2631777837262	0.13248042234546614
TNFB	fixed	Day7:AllocationPlacebo	-0.0796829423432624	0.09742360392644468	-0.8179018136449091	1036.2694574935474	0.4136012737587619
TNFB	fixed	Day4:srf14Yes	-0.20841939194006148	0.11767896491653448	-1.7710845102001531	1053.2096573272074	0.07683581652936179
TNFB	fixed	Day7:srf14Yes	-0.23824137183656	0.1172108097234051	-2.0325887381783616	1056.0651807987394	0.042343881948763436
TNFB	fixed	AllocationPlacebo:srf14Yes	-0.06976338086444446	0.18677922644330347	-0.3735071731096446	1101.3364995026343	0.7088428908101363
TNFB	fixed	Day4:AllocationPlacebo:srf14Yes	0.004524272076353647	0.18931659715205626	0.02389791568416909	1050.8608576739719	0.9809385738346389
TNFB	fixed	Day7:AllocationPlacebo:srf14Yes	-0.21363576407846263	0.18966426012684454	-1.1263891464611537	1053.2347152472485	0.2602574140016785
CSF-1	fixed	(Intercept)	-0.1253701999551567	0.24892479889626729	-0.5036468865739703	587.4853879800357	0.6146983341453256
CSF-1	fixed	Day4	-0.6784771470745632	0.06421754340882659	-10.56529276984625	1047.803575733845	7.297482761461843e-25
CSF-1	fixed	Day7	-0.9347036587950862	0.06469932276521755	-14.446884740771727	1054.3257963906688	2.677245504736727e-43
CSF-1	fixed	AllocationPlacebo	-0.05689119345113483	0.09905035247140895	-0.5743663907461265	1438.2138508254895	0.5658097121087379
CSF-1	fixed	srf14Yes	0.12279712849901639	0.11871722898959836	1.0343665325087354	1423.2222414709743	0.301140566519314
CSF-1	fixed	DEXcorrectedYes	-0.37231062584192115	0.07408051109728829	-5.025756711545549	566.13761402383	6.735832984087333e-7
CSF-1	fixed	cbmi	0.003198530130322379	0.005156151695498831	0.6203328216884313	561.5262872180754	0.5352903595077609
CSF-1	fixed	Age	0.013031530684073	0.0023593033328066703	5.523465551405148	564.0667199053529	5.0800549624004836e-8
CSF-1	fixed	GenderMale	-0.00899638082989134	0.057446787126557854	-0.15660372459249824	567.4594487114122	0.8756128658847782
CSF-1	fixed	Day4:AllocationPlacebo	0.061248505463981875	0.12035602922301024	0.508894368311979	1050.7836288026872	0.6109331020633781
CSF-1	fixed	Day7:AllocationPlacebo	0.35489463738706273	0.12198665358528138	2.909290704814313	1062.8936965074124	0.0036979387748187716
CSF-1	fixed	Day4:srf14Yes	-0.10735944929509744	0.14684874216457894	-0.7310886543023681	1084.05315915661	0.464882991162745
CSF-1	fixed	Day7:srf14Yes	0.2282098704510533	0.14619478456419008	1.5609987123094167	1086.391375010981	0.11881529329808116
CSF-1	fixed	AllocationPlacebo:srf14Yes	0.15559747940218252	0.18922576591594906	0.8222848439746643	1436.316374969292	0.41105128273044866
CSF-1	fixed	Day4:AllocationPlacebo:srf14Yes	0.14210337441689866	0.2363902277700159	0.6011389546743492	1079.1149385723484	0.5478736873618542
CSF-1	fixed	Day7:AllocationPlacebo:srf14Yes	-0.38569340606364827	0.2367072344913074	-1.6294111453438154	1082.3667341638425	0.10351698630152481
