Assay	term	contrast	null.value	estimate	std.error	df	statistic	p.value	adj.p.value
IL8	Day*srf14	Day1 No - Day4 No	0	-0.1796833149421519	0.060177002580472476	1044.732677769074	-2.985913342923122	0.0028932310955049733	0.00484616208497083
IL8	Day*srf14	Day1 No - Day7 No	0	-0.40776224845279346	0.06103418530822288	1054.8713581391362	-6.680882957535887	3.837351418295682e-11	6.427563625645268e-11
IL8	Day*srf14	Day1 No - Day1 Yes	0	-0.21007393494202625	0.10301406067949956	1295.5176206516865	-2.039274382121627	0.04162523338936912	0.10343369174362825
IL8	Day*srf14	Day1 No - Day4 Yes	0	-0.5945096467304853	0.10606017991455867	1337.462150657093	-5.6053991913781225	2.5204745930014444e-8	2.4124542533013823e-7
IL8	Day*srf14	Day1 No - Day7 Yes	0	-0.6166873418784228	0.10562263227218287	1331.6667403336924	-5.83859092139702	6.60590728537952e-9	3.404582985541753e-8
IL8	Day*srf14	Day4 No - Day7 No	0	-0.22807893351064157	0.06049694867234237	1047.100416040265	-3.7700898725643217	1.7231101938072085e-4	3.6077619682838426e-4
IL8	Day*srf14	Day4 No - Day1 Yes	0	-0.030390619999874385	0.10274880448859162	1290.7366382391695	-0.29577589881591965	0.7674488056684572	0.8034229684341662
IL8	Day*srf14	Day4 No - Day4 Yes	0	-0.41482633178833345	0.10580187503511358	1333.2612726839775	-3.920784311720947	9.274790209006332e-5	2.959099733349639e-4
IL8	Day*srf14	Day4 No - Day7 Yes	0	-0.4370040269362709	0.10536384047032657	1327.3842850157862	-4.147571168491562	3.5735922944942934e-5	1.8417744902393668e-4
IL8	Day*srf14	Day7 No - Day1 Yes	0	0.19768831351076718	0.10309560615014388	1296.8797793892493	1.9175241399023608	0.05539083405985435	0.07002237513226871
IL8	Day*srf14	Day7 No - Day4 Yes	0	-0.18674739827769188	0.10613851817645256	1338.619932302159	-1.7594686781591309	0.07872634707532317	0.10143587027012793
IL8	Day*srf14	Day7 No - Day7 Yes	0	-0.20892509342562932	0.10570217064538531	1332.864926166762	-1.976544967336018	0.04829895836382236	0.07892756610673408
IL8	Day*srf14	Day1 Yes - Day4 Yes	0	-0.3844357117884591	0.1019721996283406	1080.1842844858425	-3.770005091481962	1.7208429628847162e-4	5.012890370142435e-4
IL8	Day*srf14	Day1 Yes - Day7 Yes	0	-0.4066134069363965	0.10166740391060426	1081.0398782050067	-3.9994471314909354	6.780773044371964e-5	1.2278697134403285e-4
IL8	Day*srf14	Day4 Yes - Day7 Yes	0	-0.022177695147937427	0.10382533568198934	1066.3553128485053	-0.21360581212919313	0.8308952992394736	0.9126227057220448
VEGFA	Day*srf14	Day1 No - Day4 No	0	0.10078933839208212	0.04548090454648813	1025.182789582611	2.2160803395864894	0.026904971405699713	0.03755485592045585
VEGFA	Day*srf14	Day1 No - Day7 No	0	0.007632998549947666	0.04620013071157649	1030.207883834405	0.16521595139199563	0.8688064235965168	0.8802125859492662
VEGFA	Day*srf14	Day1 No - Day1 Yes	0	-0.0964337984497857	0.10412462943093949	930.042761676997	-0.9261382151064007	0.3546144107327919	0.4658659905705305
VEGFA	Day*srf14	Day1 No - Day4 Yes	0	-0.22342087611233466	0.10611435627011877	976.2881730833521	-2.1054726614333594	0.03550510868470863	0.06607895227431884
VEGFA	Day*srf14	Day1 No - Day7 Yes	0	-0.19149397617045474	0.10582938566316105	969.621466241814	-1.8094593951433409	0.07068922781534781	0.11551654301532446
VEGFA	Day*srf14	Day4 No - Day7 No	0	-0.09315633984213445	0.045737838520502255	1026.1498366812193	-2.0367455668106524	0.04193182433089062	0.056188644603393435
VEGFA	Day*srf14	Day4 No - Day1 Yes	0	-0.19722313684186782	0.10396371952527268	925.8657277236333	-1.8970380988910711	0.0581338723839094	0.07637194999454765
VEGFA	Day*srf14	Day4 No - Day4 Yes	0	-0.3242102145044168	0.10595621842896534	972.2445386213108	-3.0598507507303334	0.0022752046651301405	0.00544423973441855
VEGFA	Day*srf14	Day4 No - Day7 Yes	0	-0.29228331456253687	0.10567114330570462	965.5690359754931	-2.7659709682232427	0.0057836543672856525	0.013839458664576382
VEGFA	Day*srf14	Day7 No - Day1 Yes	0	-0.10406679699973335	0.10417549751064488	931.3083968391442	-0.9989565635537242	0.3180752106175332	0.34372643728023744
VEGFA	Day*srf14	Day7 No - Day4 Yes	0	-0.23105387466228233	0.10616393164980226	977.4907440640721	-2.176387696571453	0.0297650883496978	0.043353498248472885
VEGFA	Day*srf14	Day7 No - Day7 Yes	0	-0.19912697472040242	0.10587950041979519	970.8492829861042	-1.8806943169442243	0.0603126460960284	0.09397551833567216
VEGFA	Day*srf14	Day1 Yes - Day4 Yes	0	-0.12698707766254896	0.07754604367267878	1048.1908870447708	-1.6375700377257205	0.10181156095666755	0.15158610186881613
VEGFA	Day*srf14	Day1 Yes - Day7 Yes	0	-0.09506017772066906	0.07733137384472248	1049.2628302689382	-1.2292575832358175	0.2192508339410072	0.2577158925271488
VEGFA	Day*srf14	Day4 Yes - Day7 Yes	0	0.031926899941879916	0.07873871504311045	1036.8032629129991	0.40547905721346267	0.6852090656307583	0.8198037035225144
CD8A	Day*srf14	Day1 No - Day4 No	0	0.266635076121139	0.05173386272477854	1032.7838237875387	5.153975792212226	3.054508499328314e-7	6.821735648499901e-7
CD8A	Day*srf14	Day1 No - Day7 No	0	0.20522403675796033	0.052521771549875446	1039.8225321891002	3.907408884010635	9.932134807392913e-5	1.4158575150964364e-4
CD8A	Day*srf14	Day1 No - Day1 Yes	0	0.0901228759353147	0.10269213071374492	1079.4079788987476	0.8776025515190925	0.38035473243681395	0.49007244371666414
CD8A	Day*srf14	Day1 No - Day4 Yes	0	0.3880514034824824	0.10516046205570583	1130.7106178348643	3.6900884219862307	2.3485061746301398e-4	8.74166187223441e-4
CD8A	Day*srf14	Day1 No - Day7 Yes	0	0.4478590500776441	0.10480631445256697	1123.3954604897228	4.27320674729322	2.0900467440421304e-5	5.60132527403291e-5
CD8A	Day*srf14	Day4 No - Day7 No	0	-0.061411039363178696	0.05202011745752101	1034.2592663564258	-1.1805248116428455	0.23806297118246403	0.27500377705560497
CD8A	Day*srf14	Day4 No - Day1 Yes	0	-0.1765122001858243	0.1024860499252177	1074.331899873831	-1.7223046484338327	0.08530215531340833	0.10783480011317656
CD8A	Day*srf14	Day4 No - Day4 Yes	0	0.12141632736134336	0.10495881885559018	1125.9679382796626	1.1567996732927854	0.24759957578285632	0.3300237832236731
CD8A	Day*srf14	Day4 No - Day7 Yes	0	0.18122397395650505	0.10460445220882353	1118.6150848498562	1.732469030999988	0.08346571598217789	0.13639519440990044
CD8A	Day*srf14	Day7 No - Day1 Yes	0	-0.11510116082264563	0.10275646929569256	1080.904354787566	-1.1201354193226503	0.2629048821871516	0.2985530018057484
CD8A	Day*srf14	Day7 No - Day4 Yes	0	0.18282736672452207	0.10522274720430283	1132.0748241366982	1.737527023216191	0.08256613857965388	0.104376061978053
CD8A	Day*srf14	Day7 No - Day7 Yes	0	0.24263501331968373	0.1048694274796043	1124.7983827497942	2.3136868308628173	0.020864486849995534	0.0399405891128486
CD8A	Day*srf14	Day1 Yes - Day4 Yes	0	0.2979285275471677	0.08798795031183534	1061.7299924936253	3.3860150906037534	7.351241263971619e-4	0.0018943583257157635
CD8A	Day*srf14	Day1 Yes - Day7 Yes	0	0.3577361741423294	0.08773508952520816	1062.832941435368	4.07745835877382	4.8927413073878916e-5	9.36610478842825e-5
CD8A	Day*srf14	Day4 Yes - Day7 Yes	0	0.05980764659516168	0.08944726578561639	1048.5185122645396	0.6686358277122326	0.5038749849766252	0.6369740376119601
MCP-3	Day*srf14	Day1 No - Day4 No	0	0.45419664033860563	0.04810006894387939	1032.782845498128	9.442744060690188	2.3365823147654896e-20	1.1182215363520557e-19
MCP-3	Day*srf14	Day1 No - Day7 No	0	0.6599482851576332	0.04883263865926041	1039.8212958300655	13.514491603915888	1.8454601955292024e-38	9.51121793080435e-38
MCP-3	Day*srf14	Day1 No - Day1 Yes	0	-0.4651131620454878	0.0954804721587576	1079.3890223851242	-4.87129097217003	1.2743538212216642e-6	2.8460568673950498e-5
MCP-3	Day*srf14	Day1 No - Day4 Yes	0	-0.35175194603915294	0.09777540925664001	1130.6916171105481	-3.5975502297911905	3.351120523632288e-4	0.0011817109214913857
MCP-3	Day*srf14	Day1 No - Day7 Yes	0	-0.21546658319871026	0.09744613971588413	1123.376452245453	-2.211135134002525	0.027227291241727663	0.04800601350515141
MCP-3	Day*srf14	Day4 No - Day7 No	0	0.2057516448190275	0.04836621787395065	1034.2582191467231	4.25403626463508	2.289795427503404e-5	5.900626678566465e-5
MCP-3	Day*srf14	Day4 No - Day1 Yes	0	-0.9193098023840934	0.09528886878013272	1074.313007625515	-9.647609570277165	3.529249834776305e-21	2.9557467366251553e-20
MCP-3	Day*srf14	Day4 No - Day4 Yes	0	-0.8059485863777586	0.09758793162856995	1125.9489740720749	-8.258691140675925	4.0933980140447967e-16	1.371288334705007e-14
MCP-3	Day*srf14	Day4 No - Day7 Yes	0	-0.6696632235373159	0.09725845844330348	1118.5961174507083	-6.88539829086119	9.588069114395466e-12	3.212003153322481e-10
MCP-3	Day*srf14	Day7 No - Day1 Yes	0	-1.1250614472031208	0.0955402909703817	1080.8853842488115	-11.77577999581244	3.335480960590662e-30	3.192531776565348e-29
MCP-3	Day*srf14	Day7 No - Day4 Yes	0	-1.011700231196786	0.09783331893222141	1132.0558183748576	-10.341060103436625	5.1758468303702676e-24	1.1559391254493598e-22
MCP-3	Day*srf14	Day7 No - Day7 Yes	0	-0.8754148683563434	0.09750481909772998	1124.7793681846115	-8.978170273603677	1.1311486433226991e-18	3.789347955131042e-17
MCP-3	Day*srf14	Day1 Yes - Day4 Yes	0	0.11336121600633489	0.08180768991623637	1061.7283475150666	1.3857036682298016	0.16612840225827688	0.22261205902609102
MCP-3	Day*srf14	Day1 Yes - Day7 Yes	0	0.24964657884677754	0.0815725910077673	1062.831303320886	3.060422327678746	0.0022657035153032285	0.003530282221518984
MCP-3	Day*srf14	Day4 Yes - Day7 Yes	0	0.13628536284044265	0.08316449141833891	1048.5170224689298	1.6387446194421127	0.10156645882538316	0.21951460455808616
CDCP1	Day*srf14	Day1 No - Day4 No	0	0.4394732242157314	0.04342671651703442	1024.8940142256006	10.119881479948987	5.211085699719339e-23	2.909522849009964e-22
CDCP1	Day*srf14	Day1 No - Day7 No	0	0.3246043833255502	0.04411439298701605	1029.8424597694068	7.358242091670382	3.8019055410236366e-13	6.884531655367126e-13
CDCP1	Day*srf14	Day1 No - Day1 Yes	0	-0.15057876191954073	0.10008492074635357	924.3520036120779	-1.5045099780930467	0.13279170145088998	0.21753943342272258
CDCP1	Day*srf14	Day1 No - Day4 Yes	0	0.3506478701045974	0.10197619683563934	970.220012329004	3.4385266462697754	6.097563911226198e-4	0.001945413247867406
CDCP1	Day*srf14	Day1 No - Day7 Yes	0	0.08689474393424942	0.10170534888862276	963.6060004741535	0.8543773251238498	0.3931083079948382	0.5065049353010416
CDCP1	Day*srf14	Day4 No - Day7 No	0	-0.11486884089018112	0.043672223154585764	1025.8429180544426	-2.630249449028093	0.008660023641923977	0.013814799619259679
CDCP1	Day*srf14	Day4 No - Day1 Yes	0	-0.5900519861352721	0.09993216929882988	920.2231929588687	-5.904524942021659	4.9711320374925215e-9	1.5860278405333284e-8
CDCP1	Day*srf14	Day4 No - Day4 Yes	0	-0.08882535411113393	0.1018260482814902	966.2183265773912	-0.8723244750261068	0.38324810485797867	0.45048461448218546
CDCP1	Day*srf14	Day4 No - Day7 Yes	0	-0.3525784802814819	0.10155510328825279	959.5963271803869	-3.471794807600435	5.400438863486341e-4	0.0015731713211025427
CDCP1	Day*srf14	Day7 No - Day1 Yes	0	-0.4751831452450909	0.10013323460738342	925.6044208184488	-4.745508792442952	2.408251471877325e-6	4.360887800426507e-6
CDCP1	Day*srf14	Day7 No - Day4 Yes	0	0.026043486779047196	0.1020232964375999	971.4117166140767	0.2552699989945538	0.7985686059300263	0.8106681302622994
CDCP1	Day*srf14	Day7 No - Day7 Yes	0	-0.2377096393913008	0.1017529557089019	964.8223560797084	-2.336144810096211	0.019687693277850155	0.038796336753410605
CDCP1	Day*srf14	Day1 Yes - Day4 Yes	0	0.5012266320241381	0.07405079819976619	1047.644987026658	6.768686418098875	2.1597260940697674e-11	1.4470164830267443e-10
CDCP1	Day*srf14	Day1 Yes - Day7 Yes	0	0.23747350585379015	0.07384613974540559	1048.7121174289691	3.215787672483785	0.0013406264237052128	0.0021975087408666644
CDCP1	Day*srf14	Day4 Yes - Day7 Yes	0	-0.26375312617034796	0.07518609192038189	1036.3527071252702	-3.508004199096405	4.7085007886108865e-4	0.0035587467435842244
CD244	Day*srf14	Day1 No - Day4 No	0	0.08648944329699464	0.04752213698224392	1031.096875724778	1.8199821975453332	0.0690515484264075	0.08897026431864044
CD244	Day*srf14	Day1 No - Day7 No	0	-0.1727296668391445	0.048252194139905995	1037.689976300731	-3.5797266822378955	3.598679520111779e-4	4.727677016617435e-4
CD244	Day*srf14	Day1 No - Day1 Yes	0	0.26191395195941775	0.09693501990670843	1046.5546107423138	2.701953867771289	0.007004806924898129	0.026073447998231927
CD244	Day*srf14	Day1 No - Day4 Yes	0	0.5804752852139363	0.09916914056357153	1097.5520583287032	5.85338626426663	6.354814918649077e-9	7.096209992491469e-8
CD244	Day*srf14	Day1 No - Day7 Yes	0	0.5693638957659515	0.09884870176182604	1090.257955373121	5.7599531973401366	1.0936003170246486e-8	5.2336586600465323e-8
CD244	Day*srf14	Day4 No - Day7 No	0	-0.25921911013613913	0.04778637948162271	1032.4547099200258	-5.4245396480774914	7.237487209652026e-8	2.424558215233429e-7
CD244	Day*srf14	Day4 No - Day1 Yes	0	0.1754245086624231	0.0967497463092386	1041.6103448686051	1.8131779705315036	0.07009210353533654	0.09031097955514517
CD244	Day*srf14	Day4 No - Day4 Yes	0	0.4939858419169417	0.09898769781330434	1092.8933596329023	4.990376105610854	7.007350645704928e-7	5.216583258469224e-6
CD244	Day*srf14	Day4 No - Day7 Yes	0	0.48287445246895677	0.09866708021676497	1085.5689051487634	4.893977316528613	1.1377452926942783e-6	6.929903146410604e-6
CD244	Day*srf14	Day7 No - Day1 Yes	0	0.4346436187985622	0.09699301280776584	1048.0205636554952	4.481184842252493	8.239024648805719e-6	1.380036628674958e-5
CD244	Day*srf14	Day7 No - Day4 Yes	0	0.7532049520530809	0.09922535836720164	1098.9015508191255	7.590851415882096	6.763709156859885e-14	6.473835907280176e-13
CD244	Day*srf14	Day7 No - Day7 Yes	0	0.742093562605096	0.09890564128397109	1091.643730827606	7.503045862413933	1.289590426244393e-13	2.160063963959358e-12
CD244	Day*srf14	Day1 Yes - Day4 Yes	0	0.31856133325451863	0.08086857465086357	1058.8575900948886	3.9392475337898984	8.70896482607244e-5	2.652275651576607e-4
CD244	Day*srf14	Day1 Yes - Day7 Yes	0	0.30744994380653373	0.08063788559352118	1059.9685067787073	3.8127232819114947	1.4536779924009138e-4	2.5630638287068745e-4
CD244	Day*srf14	Day4 Yes - Day7 Yes	0	-0.011111389447984942	0.082189268826335	1045.9425857084123	-0.13519270345941614	0.8924855277035874	0.9395502947673724
IL7	Day*srf14	Day1 No - Day4 No	0	-0.0017263648012905558	0.05567413483517566	1037.0470867962524	-0.031008381295937366	0.9752688220420266	0.9808232162461031
IL7	Day*srf14	Day1 No - Day7 No	0	-0.040659811140825966	0.05650301222604065	1045.2054212167277	-0.7196043102651969	0.47192952537362853	0.49405122187551737
IL7	Day*srf14	Day1 No - Day1 Yes	0	0.07734141358407856	0.10401244990376107	1160.5570219898173	0.7435784240794228	0.45728206470155053	0.5576974856307598
IL7	Day*srf14	Day1 No - Day4 Yes	0	-0.18414772256929815	0.1067471642105807	1210.6532592962635	-1.7250830402016952	0.08476771562666068	0.12620970993302813
IL7	Day*srf14	Day1 No - Day7 Yes	0	-0.06216589709350784	0.10635454203151833	1203.5763163280537	-0.5845156765856308	0.5589829666175861	0.6347772671759029
IL7	Day*srf14	Day4 No - Day7 No	0	-0.03893344633953541	0.0559781609177999	1038.8301427608915	-0.6955113512340377	0.48689045196957115	0.5436943380326877
IL7	Day*srf14	Day4 No - Day1 Yes	0	0.07906777838536912	0.10378040769835671	1155.3395257637906	0.7618757734618256	0.446289645507729	0.49835677081696406
IL7	Day*srf14	Day4 No - Day4 Yes	0	-0.1824213577680076	0.10652056767708046	1205.8847955447734	-1.7125458655179358	0.08705319423411041	0.1325582730383045
IL7	Day*srf14	Day4 No - Day7 Yes	0	-0.06043953229221728	0.10612763830838204	1198.7513821006094	-0.5694985138234601	0.5691245760266204	0.6251040425210421
IL7	Day*srf14	Day7 No - Day1 Yes	0	0.11800122472490453	0.10408445293581962	1162.0742550508603	1.1337065373026098	0.25715149174618973	0.2970543094309433
IL7	Day*srf14	Day7 No - Day4 Yes	0	-0.14348791142847217	0.10681665354841222	1212.0021427903246	-1.3433103047310833	0.17942298076911373	0.20726447778501067
IL7	Day*srf14	Day7 No - Day7 Yes	0	-0.021506085952681872	0.1064250212735071	1204.9678685074728	-0.2020773469935447	0.8398903677040745	0.8587880252786382
IL7	Day*srf14	Day1 Yes - Day4 Yes	0	-0.2614891361533767	0.09456228395013755	1068.678855059102	-2.76525825339899	0.005785702337584326	0.012113814269317184
IL7	Day*srf14	Day1 Yes - Day7 Yes	0	-0.1395073106775864	0.09428599397883763	1069.7289199448185	-1.4796186028319183	0.13926947978870297	0.17605764426119053
IL7	Day*srf14	Day4 Yes - Day7 Yes	0	0.12198182547579031	0.09618817851088926	1054.9659614654618	1.268158180809932	0.20502125566341287	0.3614848455118069
OPG	Day*srf14	Day1 No - Day4 No	0	0.39661342213035566	0.0469451205683447	1035.6651210479135	8.448448258918603	9.891123330411001e-17	3.487922437565984e-16
OPG	Day*srf14	Day1 No - Day7 No	0	0.5408707663468674	0.047649299545040075	1043.4617474375545	11.351074863873164	3.0706557191002904e-28	1.0828101746301023e-27
OPG	Day*srf14	Day1 No - Day1 Yes	0	-0.3727060564759116	0.08934294868496034	1134.6148561730574	-4.171633709898491	3.2549406029134295e-5	2.726012754939997e-4
OPG	Day*srf14	Day1 No - Day4 Yes	0	-0.18672016375491315	0.0916299131966275	1185.4000554253535	-2.0377642763257087	0.04179517555647673	0.0756831557374038
OPG	Day*srf14	Day1 No - Day7 Yes	0	0.06533651198517558	0.09130163408509477	1178.202429686689	0.7156116387170111	0.474372975094001	0.5650344507250922
OPG	Day*srf14	Day4 No - Day7 No	0	0.14425734421651176	0.047202608236946754	1037.346938268544	3.0561307860864697	0.0022994803683737243	0.003950389350795885
OPG	Day*srf14	Day4 No - Day1 Yes	0	-0.7693194786062673	0.08914988612323609	1129.4125453767444	-8.629506015776629	2.0618552812422394e-17	1.2558573076657276e-16
OPG	Day*srf14	Day4 No - Day4 Yes	0	-0.5833335858852688	0.09144126711803796	1180.6110288951456	-6.37932526823219	2.5484640315125553e-10	2.84578483518902e-9
OPG	Day*srf14	Day4 No - Day7 Yes	0	-0.33127691014518007	0.09111274914093143	1173.3629071043624	-3.6359007193687836	2.890173480060986e-4	0.0010757867953560337
OPG	Day*srf14	Day7 No - Day1 Yes	0	-0.913576822822779	0.08940297056866003	1136.1341367562204	-10.218640577733005	1.640938191089787e-23	1.0994285880301573e-22
OPG	Day*srf14	Day7 No - Day4 Yes	0	-0.7275909301017806	0.09168789514923767	1186.7618907924789	-7.935517866535188	4.819785479490236e-15	5.382093785430763e-14
OPG	Day*srf14	Day7 No - Day7 Yes	0	-0.47553425436169183	0.09136042580221003	1179.6060321725872	-5.20503544271122	2.286194467536655e-7	1.0211668621663727e-6
OPG	Day*srf14	Day1 Yes - Day4 Yes	0	0.18598589272099844	0.07977051939028992	1066.473501720078	2.3315116178576316	0.019911931879111677	0.036056741510823845
OPG	Day*srf14	Day1 Yes - Day7 Yes	0	0.4380425684610872	0.07953861959467623	1067.545557574494	5.507294075423038	4.564529747670455e-8	1.223293972375682e-7
OPG	Day*srf14	Day4 Yes - Day7 Yes	0	0.2520566757400887	0.08112676696643215	1052.885869734879	3.1069483619923166	0.001940919369798697	0.011821963434228427
LAP TGF-beta-1	Day*srf14	Day1 No - Day4 No	0	-0.022195134798903865	0.056993586337968	1038.7229516127072	-0.3894321488612466	0.6970363199601262	0.7532489264085234
LAP TGF-beta-1	Day*srf14	Day1 No - Day7 No	0	-0.24916450576813132	0.05783427911932959	1047.3179894937648	-4.308249528865566	1.8002945213556444e-5	2.6804385095739595e-5
LAP TGF-beta-1	Day*srf14	Day1 No - Day1 Yes	0	0.11446066739068442	0.10424818651575384	1191.4375730688596	1.0979631513627077	0.27244241811396486	0.38837536199224776
LAP TGF-beta-1	Day*srf14	Day1 No - Day4 Yes	0	-0.07817372952824822	0.10707221101728696	1240.3430202670277	-0.7301028790339162	0.4654651684822865	0.5285790896324271
LAP TGF-beta-1	Day*srf14	Day1 No - Day7 Yes	0	-0.07524158381445151	0.10666669222728076	1233.4634976112125	-0.70538967922742	0.48070095061686946	0.5650344507250922
LAP TGF-beta-1	Day*srf14	Day4 No - Day7 No	0	-0.22696937096922745	0.05730311248961784	1040.6305557268618	-3.9608558960972613	7.976615929270009e-5	1.723978281487389e-4
LAP TGF-beta-1	Day*srf14	Day4 No - Day1 Yes	0	0.13665580218958828	0.10400712166030028	1186.2412242813166	1.3139081248293987	0.18913115464221392	0.22231205896540937
LAP TGF-beta-1	Day*srf14	Day4 No - Day4 Yes	0	-0.05597859472934435	0.10683696648112354	1235.635336015868	-0.5239627871616415	0.600398389092557	0.6488176140193761
LAP TGF-beta-1	Day*srf14	Day4 No - Day7 Yes	0	-0.05304644901554764	0.10643110265870069	1228.6924822825288	-0.498411156987211	0.6182834789247957	0.6681450498058276
LAP TGF-beta-1	Day*srf14	Day7 No - Day1 Yes	0	0.36362517315881576	0.10432282355609684	1192.9411929393907	3.4855764133270983	5.089093968125984e-4	7.25466586945619e-4
LAP TGF-beta-1	Day*srf14	Day7 No - Day4 Yes	0	0.1709907762398831	0.10714416293002105	1241.6665484527725	1.5958944618528788	0.11076682447344155	0.13743291184667747
LAP TGF-beta-1	Day*srf14	Day7 No - Day7 Yes	0	0.1739229219536798	0.10673969088333532	1234.8302594543552	1.6294118946229161	0.1034809044289712	0.15072218688567546
LAP TGF-beta-1	Day*srf14	Day1 Yes - Day4 Yes	0	-0.19263439691893264	0.09675319712739497	1071.2950020490832	-1.990987405463107	0.04673594759371339	0.07637337777509261
LAP TGF-beta-1	Day*srf14	Day1 Yes - Day7 Yes	0	-0.18970225120513592	0.0964688869556145	1072.3126345856278	-1.966460453642616	0.049503055473130914	0.06633409433399542
LAP TGF-beta-1	Day*srf14	Day4 Yes - Day7 Yes	0	0.0029321457137967055	0.09843865234706503	1057.4755075626217	0.029786528400031757	0.9762429232250966	0.9762429232250966
uPA	Day*srf14	Day1 No - Day4 No	0	0.5137579527525459	0.053920026278066364	1036.9770220580615	9.52814729917023	1.0920473738477927e-20	5.628244157523239e-20
uPA	Day*srf14	Day1 No - Day7 No	0	0.43029186618492166	0.05472309618372755	1045.117050835859	7.863076035395694	9.296761799737939e-15	1.946509501820131e-14
uPA	Day*srf14	Day1 No - Day1 Yes	0	-0.2902073945999894	0.1008275156870743	1159.251571174071	-2.878255926692369	0.004072195934703478	0.016049242801478413
uPA	Day*srf14	Day1 No - Day4 Yes	0	0.20655316699228513	0.10347502306483683	1209.3892787810066	1.9961644933662894	0.046139920341658286	0.07792116558904337
uPA	Day*srf14	Day1 No - Day7 Yes	0	0.22115927453734477	0.10309492441483915	1202.30527279458	2.145200414012931	0.03213667334236398	0.05382892784845967
uPA	Day*srf14	Day4 No - Day7 No	0	-0.0834660865676242	0.054214539977370434	1038.7549124086272	-1.539551688577706	0.123974219735994	0.15381986522799254
uPA	Day*srf14	Day4 No - Day1 Yes	0	-0.8039653473525352	0.10060293044496536	1154.0341332996031	-7.991470465090904	3.2113898847038793e-15	1.5368794448225706e-14
uPA	Day*srf14	Day4 No - Day4 Yes	0	-0.3072047857602608	0.10325570191905455	1204.6191200994258	-2.975184711843695	0.0029864913303879956	0.0068998247977929555
uPA	Day*srf14	Day4 No - Day7 Yes	0	-0.2925986782152011	0.10287530694740245	1197.4789408838435	-2.844207097868485	0.004527945436516278	0.011668167086407333
uPA	Day*srf14	Day7 No - Day1 Yes	0	-0.7204992607849111	0.1008972114307357	1160.7691094395748	-7.140923426605523	1.6318660258359552e-12	4.555625988792041e-12
uPA	Day*srf14	Day7 No - Day4 Yes	0	-0.22373869919263656	0.10354228885910367	1210.7389958413041	-2.1608436674322653	0.03090303020242344	0.044053255820475964
uPA	Day*srf14	Day7 No - Day7 Yes	0	-0.2091325916475769	0.10316314752912253	1203.6976221578882	-2.027202510359037	0.04286172539640777	0.07179339003898302
uPA	Day*srf14	Day1 Yes - Day4 Yes	0	0.4967605615922745	0.09158493397463997	1068.5681021697812	5.424042361921977	7.204399362258055e-8	3.2179650484752646e-7
uPA	Day*srf14	Day1 Yes - Day7 Yes	0	0.5113666691373342	0.0913174095837693	1069.619387845367	5.599881462562033	2.7260097590567718e-8	8.256471106528605e-8
uPA	Day*srf14	Day4 Yes - Day7 Yes	0	0.014606107545059652	0.09315875551993112	1054.8607327897773	0.1567872763385585	0.8754425029762929	0.9395502947673724
IL6	Day*srf14	Day1 No - Day4 No	0	0.5446894664629032	0.04832038772271867	1035.982630986338	11.27245645437584	6.989918010727596e-28	5.203605630208322e-27
IL6	Day*srf14	Day1 No - Day7 No	0	0.8523880819324422	0.049043956815621986	1043.8624770611946	17.380083852878094	1.2742063984607772e-59	1.2195975528124581e-58
IL6	Day*srf14	Day1 No - Day1 Yes	0	-0.4620608716058214	0.09156181496871056	1140.6099344302243	-5.046436353011586	5.234655097989714e-7	1.7536094578265544e-5
IL6	Day*srf14	Day1 No - Day4 Yes	0	-0.2313971172480354	0.09392046684564151	1191.261216660975	-2.4637560376306165	0.013889442847858091	0.02908102096270288
IL6	Day*srf14	Day1 No - Day7 Yes	0	-0.10808319624686655	0.09358188248773017	1184.0877893470183	-1.1549585600721133	0.24834041662732423	0.3466418315423067
IL6	Day*srf14	Day4 No - Day7 No	0	0.307698615469539	0.04858515392381256	1037.6875851514974	6.333181859463653	3.570673633901569e-10	1.8402702574723472e-9
IL6	Day*srf14	Day4 No - Day1 Yes	0	-1.0067503380687246	0.09136246472022283	1135.4015179022103	-11.01929924013842	6.729381731439822e-27	9.017371520129362e-26
IL6	Day*srf14	Day4 No - Day4 Yes	0	-0.7760865837109385	0.09372570463005815	1186.474498721588	-8.280402764366574	3.277074420397389e-16	1.371288334705007e-14
IL6	Day*srf14	Day4 No - Day7 Yes	0	-0.6527726627097696	0.09338686969320349	1179.2491845914733	-6.9899833333558785	4.590397902052356e-12	3.0755665943750786e-10
IL6	Day*srf14	Day7 No - Day1 Yes	0	-1.3144489535382635	0.09162376413898136	1142.1294878712201	-14.346157526822571	4.870809918842809e-43	1.0878142152082273e-41
IL6	Day*srf14	Day7 No - Day4 Yes	0	-1.0837851991804777	0.09398029718885695	1192.6207341516533	-11.532046945995186	3.02885344455255e-29	2.0293318078502082e-27
IL6	Day*srf14	Day7 No - Day7 Yes	0	-0.9604712781793088	0.09364255240034103	1185.4893149893119	-10.25678234477311	1.0433020366361556e-23	6.990123645462243e-22
IL6	Day*srf14	Day1 Yes - Day4 Yes	0	0.23066375435778597	0.08209924217964613	1066.9841009391746	2.809572271727639	0.005051362358067662	0.010917460580339784
IL6	Day*srf14	Day1 Yes - Day7 Yes	0	0.3539776753589548	0.08186028955422729	1068.0514987787938	4.324168376224309	1.6742853742419872e-5	3.39930666891555e-5
IL6	Day*srf14	Day4 Yes - Day7 Yes	0	0.12331392100116885	0.08349874076520424	1053.3646215559213	1.4768356968151606	0.14001857334097886	0.28417695321825837
MCP-1	Day*srf14	Day1 No - Day4 No	0	0.12301876898971706	0.057117321273425455	1042.0238020115191	2.153790938493348	0.03148537503966234	0.04305143117668116
MCP-1	Day*srf14	Day1 No - Day7 No	0	-0.008734285138577269	0.05794410855347957	1051.4715681787952	-0.15073637953228589	0.8802125859492662	0.8802125859492662
MCP-1	Day*srf14	Day1 No - Day1 Yes	0	-0.4145014030708404	0.10057143887074696	1250.03912942663	-4.121462392554132	4.012778507532953e-5	2.987290666718976e-4
MCP-1	Day*srf14	Day1 No - Day4 Yes	0	-0.6277654380931865	0.10343996968833422	1295.5819473865652	-6.068886524083976	1.6885264344575272e-9	2.2626254221730864e-8
MCP-1	Day*srf14	Day1 No - Day7 Yes	0	-0.5511521640475102	0.10302796127110155	1289.2347477945054	-5.349539651641186	1.0423867003453836e-7	3.8799949401744835e-7
MCP-1	Day*srf14	Day4 No - Day7 No	0	-0.13175305412829433	0.057424014715561474	1044.1817937873966	-2.294389460244239	0.021965888665528437	0.031993794360660986
MCP-1	Day*srf14	Day4 No - Day1 Yes	0	-0.5375201720605574	0.10032380159750584	1245.0080405254632	-5.357852907299724	1.002441916497753e-7	2.9201568871891066e-7
MCP-1	Day*srf14	Day4 No - Day4 Yes	0	-0.7507842070829036	0.10319860858122483	1291.1011125952068	-7.275138855113358	5.985996671500972e-13	1.0026544424764129e-11
MCP-1	Day*srf14	Day4 No - Day7 Yes	0	-0.6741709330372272	0.10278619157365854	1284.6790597260972	-6.558964027323685	7.833377973907187e-11	1.312090810629454e-9
MCP-1	Day*srf14	Day7 No - Day1 Yes	0	-0.40576711793226306	0.10064779954914352	1251.481909642995	-4.031554785598052	5.875537492178805e-5	8.74802248835511e-5
MCP-1	Day*srf14	Day7 No - Day4 Yes	0	-0.6190311529546092	0.10351343601042456	1296.8274667379242	-5.980200994316025	2.877572352781548e-9	1.2049834227272733e-8
MCP-1	Day*srf14	Day7 No - Day7 Yes	0	-0.5424178789089329	0.10310253182108632	1290.5228706774249	-5.2609559564472175	1.6763186825107327e-7	8.639488594478392e-7
MCP-1	Day*srf14	Day1 Yes - Day4 Yes	0	-0.21326403502234614	0.09686584249767906	1076.2694406691298	-2.2016433194957865	0.027902116962658843	0.049195837802582694
MCP-1	Day*srf14	Day1 Yes - Day7 Yes	0	-0.13665076097666984	0.09657833918051541	1077.2062837802882	-1.4149214216787753	0.15738053789353726	0.19364143657663757
MCP-1	Day*srf14	Day4 Yes - Day7 Yes	0	0.0766132740456763	0.09859439693299307	1062.3762665618262	0.7770550500729202	0.4372992766277731	0.5634432987319384
CXCL11	Day*srf14	Day1 No - Day4 No	0	0.6740783867556696	0.049944031118644615	1033.379689028676	13.496675611833608	2.360854293033411e-38	2.259674823331979e-37
CXCL11	Day*srf14	Day1 No - Day7 No	0	0.8438336355213399	0.05070232495783961	1040.5755013700327	16.642898254133534	2.5246677562967114e-55	2.1144092458984958e-54
CXCL11	Day*srf14	Day1 No - Day1 Yes	0	-0.14765381136607253	0.09823754325121017	1090.9304862149404	-1.503028338040748	0.13312114582584517	0.21753943342272258
CXCL11	Day*srf14	Day1 No - Day4 Yes	0	0.4760534787369664	0.1006317929543342	1142.2318089449009	4.73064689360146	2.5177148994220375e-6	1.5447020881874175e-5
CXCL11	Day*srf14	Day1 No - Day7 Yes	0	0.6022348807283101	0.10028823781072026	1134.9254110290763	6.005040011421305	2.5717011860279844e-9	1.566399813307954e-8
CXCL11	Day*srf14	Day4 No - Day7 No	0	0.16975524876567044	0.05021989280284325	1034.8972600373488	3.3802391700059458	7.512700276002488e-4	0.001398196995811574
CXCL11	Day*srf14	Day4 No - Day1 Yes	0	-0.8217321981217421	0.09803718033624029	1085.817932719022	-8.381842432671249	1.5982513910342414e-16	8.923570266607848e-16
CXCL11	Day*srf14	Day4 No - Day4 Yes	0	-0.19802490801870315	0.10043580258816313	1137.4695182605499	-1.9716565499128234	0.04889085359247382	0.08189217976739364
CXCL11	Day*srf14	Day4 No - Day7 Yes	0	-0.07184350602735948	0.10009202739919673	1130.1227791532874	-0.7177745110589702	0.47304467389860927	0.556034967565032
CXCL11	Day*srf14	Day7 No - Day1 Yes	0	-0.9914874468874125	0.09830004091082316	1092.4346187741214	-10.08633809000019	6.178815774380414e-23	3.449838807362397e-22
CXCL11	Day*srf14	Day7 No - Day4 Yes	0	-0.3677801567843736	0.10069226815007187	1143.5983365915833	-3.652516360404491	2.7143816089736947e-4	5.348928464742281e-4
CXCL11	Day*srf14	Day7 No - Day7 Yes	0	-0.24159875479302992	0.10034952588174276	1136.3314067463036	-2.4075724590641596	0.01621757432493446	0.03505088644421318
CXCL11	Day*srf14	Day1 Yes - Day4 Yes	0	0.6237072901030389	0.0849276901214681	1062.7275213193082	7.343980381557294	4.1193564246278864e-13	3.449961005625855e-12
CXCL11	Day*srf14	Day1 Yes - Day7 Yes	0	0.7498886920943826	0.08468301435498846	1063.8258190920426	8.855243259892397	3.4306593003832106e-18	2.089583392051592e-17
CXCL11	Day*srf14	Day4 Yes - Day7 Yes	0	0.12618140199134367	0.08634371697988875	1049.4250584162087	1.4613848743705804	0.14420920014060873	0.28417695321825837
AXIN1	Day*srf14	Day1 No - Day4 No	0	-0.17348764044886594	0.05935992291778019	1042.835218797524	-2.9226392475132554	0.0035457073896883588	0.005794204758759025
AXIN1	Day*srf14	Day1 No - Day7 No	0	-0.45548107775568886	0.0602150945720518	1052.4908609056963	-7.564234200623436	8.484154871811965e-14	1.6718775776805932e-13
AXIN1	Day*srf14	Day1 No - Day1 Yes	0	0.18333665656194906	0.10361381004685326	1263.9286731643958	1.769422980190052	0.07706440874867121	0.16135360581753033
AXIN1	Day*srf14	Day1 No - Day4 Yes	0	-0.023802207750090915	0.10660284817506029	1308.4637908073405	-0.2232792852870458	0.8233530002165319	0.8486869386847328
AXIN1	Day*srf14	Day1 No - Day7 Yes	0	-0.26063781595279334	0.10617351673585734	1302.272457069087	-2.4548288873318413	0.01422520661842063	0.028032024806887712
AXIN1	Day*srf14	Day4 No - Day7 No	0	-0.2819934373068229	0.0596777332481988	1045.0556737433844	-4.725270581810077	2.6118673915663405e-6	6.999804609397793e-6
AXIN1	Day*srf14	Day4 No - Day1 Yes	0	0.356824297010815	0.10335508477338536	1258.9622093919224	3.4524116330917054	5.740273433591674e-4	0.0011654494546989157
AXIN1	Day*srf14	Day4 No - Day4 Yes	0	0.14968543269877502	0.10635074979791913	1304.0586587595658	1.4074694629158484	0.159526533773851	0.2274101651669791
AXIN1	Day*srf14	Day4 No - Day7 Yes	0	-0.08715017550392738	0.1059209772248016	1297.7901668034342	-0.8227848513799494	0.4107815044596993	0.49147072854999735
AXIN1	Day*srf14	Day7 No - Day1 Yes	0	0.6388177343176379	0.10369351494247281	1265.3500217135286	6.160633426999189	9.71838396530008e-10	2.2452818126727772e-9
AXIN1	Day*srf14	Day7 No - Day4 Yes	0	0.4316788700055979	0.1066794967716782	1309.6850471120729	4.046502683917817	5.502926609912012e-5	1.2289869428803494e-4
AXIN1	Day*srf14	Day7 No - Day7 Yes	0	0.19484326180289552	0.10625132478579379	1303.5358116384386	1.8337960697968334	0.06691214684470011	0.10188895087715698
AXIN1	Day*srf14	Day1 Yes - Day4 Yes	0	-0.20713886431203996	0.10064454149301384	1077.457474584713	-2.058123185214355	0.039818404628731326	0.06669582775312498
AXIN1	Day*srf14	Day1 Yes - Day7 Yes	0	-0.44397447251474237	0.1003451601875084	1078.3713048396996	-4.424473205136316	1.0648432794346363e-5	2.301435474907117e-5
AXIN1	Day*srf14	Day4 Yes - Day7 Yes	0	-0.2368356082027024	0.10245061034320319	1063.5722569320887	-2.311705195404086	0.0209842997745236	0.06048709423651445
TRAIL	Day*srf14	Day1 No - Day4 No	0	-0.1870805789497122	0.054688585151419285	1038.5553424772543	-3.420834136259549	6.485910301982415e-4	0.0011744756492778968
TRAIL	Day*srf14	Day1 No - Day7 No	0	-0.41707296107057784	0.05549603302768078	1047.1068077896464	-7.515365303003669	1.2151855054691478e-13	2.3262122533266547e-13
TRAIL	Day*srf14	Day1 No - Day1 Yes	0	0.26755968312954503	0.10023801022365635	1188.3802668136696	2.669243758256491	0.007705805619471724	0.027173104026558186
TRAIL	Day*srf14	Day1 No - Day4 Yes	0	0.25187648701396814	0.10294562647735934	1237.4215452414467	2.4466943923000257	0.014555668901511588	0.029552418678826558
TRAIL	Day*srf14	Day1 No - Day7 Yes	0	0.1444877334385371	0.10255682986404173	1230.5198919375566	1.4088553013005827	0.1591305918925261	0.23718589931327086
TRAIL	Day*srf14	Day4 No - Day7 No	0	-0.22999238212086565	0.05498575876838157	1040.4504067173282	-4.182762723884026	3.1225706434235436e-5	7.748601226273237e-5
TRAIL	Day*srf14	Day4 No - Day1 Yes	0	0.45464026207925723	0.10000701909168176	1183.1798643762202	4.546083527021882	6.026360299753858e-6	1.6150645603340342e-5
TRAIL	Day*srf14	Day4 No - Day4 Yes	0	0.43895706596368034	0.10272019730867502	1232.7060608230677	4.273327714165218	2.074063094302058e-5	8.174248665778699e-5
TRAIL	Day*srf14	Day4 No - Day7 Yes	0	0.3315683123882493	0.10233107258958767	1225.7417380652657	3.2401528098708394	0.0012267440946726223	0.003287674173722628
TRAIL	Day*srf14	Day7 No - Day1 Yes	0	0.6846326442001228	0.10030954383586117	1189.8857881305726	6.825199457794396	1.395590096009471e-11	3.7401814573053825e-11
TRAIL	Day*srf14	Day7 No - Day4 Yes	0	0.668949448084546	0.10301459403568215	1238.7480669626389	6.493734740660489	1.209214411441128e-10	6.751447130546298e-10
TRAIL	Day*srf14	Day7 No - Day7 Yes	0	0.5615606945091149	0.10262679878649002	1231.889617452618	5.47187188092473	5.389639876546746e-8	3.61105871728632e-7
TRAIL	Day*srf14	Day1 Yes - Day4 Yes	0	-0.015683196115576836	0.09284498177885084	1071.0361654813921	-0.16891808060163044	0.865892972305144	0.9064817053819476
TRAIL	Day*srf14	Day1 Yes - Day7 Yes	0	-0.1230719496910079	0.09257230637889009	1072.0573149246557	-1.329468331352635	0.1839763310905951	0.22011453898339056
TRAIL	Day*srf14	Day4 Yes - Day7 Yes	0	-0.10738875357543107	0.09446028457389688	1057.225160957147	-1.1368667166296769	0.2558516161773418	0.3986525182298117
CXCL9	Day*srf14	Day1 No - Day4 No	0	0.18273643594368835	0.05091982636063818	1033.2563368224946	3.588708937250942	3.479105610175917e-4	6.75212048734446e-4
CXCL9	Day*srf14	Day1 No - Day7 No	0	0.059250335726447535	0.051693433640368915	1040.4196404898933	1.1461868859138276	0.25198137786325353	0.2723024567231933
CXCL9	Day*srf14	Day1 No - Day1 Yes	0	-0.4278102485368481	0.10034457718373332	1088.549157805384	-4.263411741259493	2.1878887219230134e-5	2.3144385146979123e-4
CXCL9	Day*srf14	Day1 No - Day4 Yes	0	-0.2893624702285949	0.10278326034106477	1139.8553668723268	-2.8152684519678206	0.004957583868753984	0.012775312277173729
CXCL9	Day*srf14	Day1 No - Day7 Yes	0	-0.4558946930762567	0.1024333369188235	1132.5464736030733	-4.450647677694467	9.406161900895533e-6	2.625886864000003e-5
CXCL9	Day*srf14	Day4 No - Day7 No	0	-0.12348610021724082	0.051201181516409594	1034.765162269578	-2.4117822393935278	0.01604801772962413	0.023893715286329262
CXCL9	Day*srf14	Day4 No - Day1 Yes	0	-0.6105466844805365	0.10014059404954175	1083.4437163493703	-6.096894973266143	1.5019125725696108e-9	5.031407118108197e-9
CXCL9	Day*srf14	Day4 No - Day4 Yes	0	-0.47209890617228323	0.10258371662737521	1135.0967048907262	-4.6020842458568145	4.6536669388642524e-6	2.3984283454146534e-5
CXCL9	Day*srf14	Day4 No - Day7 Yes	0	-0.638631129019945	0.10223357068241147	1127.7480192077694	-6.246784933335179	5.926698778964484e-10	7.941776363812409e-9
CXCL9	Day*srf14	Day7 No - Day1 Yes	0	-0.4870605842632957	0.1004082157590128	1090.0518135606671	-4.850804095874757	1.4083207616141505e-6	2.621041417448558e-6
CXCL9	Day*srf14	Day7 No - Day4 Yes	0	-0.3486128059550424	0.10284484534293363	1141.221536112193	-3.3896964382862507	7.236180989735242e-4	0.0013852117894636036
CXCL9	Day*srf14	Day7 No - Day7 Yes	0	-0.5151450288027042	0.1024957478322354	1133.951960111756	-5.026013661033932	5.815192754586543e-7	2.4351119659831146e-6
CXCL9	Day*srf14	Day1 Yes - Day4 Yes	0	0.13844777830825325	0.08659039114849701	1062.5217395603731	1.5988815441522157	0.11014422707515145	0.16042746117467713
CXCL9	Day*srf14	Day1 Yes - Day7 Yes	0	-0.028084444539408553	0.08634105271636712	1063.6210768278158	-0.3252733625065561	0.7450381611650398	0.8183206032468471
CXCL9	Day*srf14	Day4 Yes - Day7 Yes	0	-0.1665322228476618	0.08803257140527003	1049.2375340397011	-1.8917114448583792	0.058804616531720734	0.14071104670090318
CST5	Day*srf14	Day1 No - Day4 No	0	-0.11584008181139849	0.04133902252494432	1022.2514326256303	-2.8021969252296564	0.005171466514234696	0.008057866429156388
CST5	Day*srf14	Day1 No - Day7 No	0	-0.39032239546070235	0.0420016921410151	1026.4987740405013	-9.293015961124775	8.723438323521542e-20	2.2479629525997822e-19
CST5	Day*srf14	Day1 No - Day1 Yes	0	0.20773472100778645	0.10184634904398027	872.5062865804271	2.039687460157069	0.04168223398623825	0.10343369174362825
CST5	Day*srf14	Day1 No - Day4 Yes	0	0.2286818742200449	0.1035634905580499	914.3238108692856	2.208132161129342	0.027482584595793495	0.05260951908337612
CST5	Day*srf14	Day1 No - Day7 Yes	0	0.019557450448207954	0.10331777882174359	908.2831289331988	0.18929414347893453	0.8499045757085983	0.8897438526949389
CST5	Day*srf14	Day4 No - Day7 No	0	-0.2744823136493038	0.04157422610222816	1023.0387473711656	-6.602223044979134	6.494756038974715e-11	4.834985051236733e-10
CST5	Day*srf14	Day4 No - Day1 Yes	0	0.32357480281918494	0.10170932035135509	868.8570121218717	3.1813682531885474	0.001517845669040931	0.0027485313466416856
CST5	Day*srf14	Day4 No - Day4 Yes	0	0.3445219560314434	0.1034285498076536	910.7510419032676	3.3310140833662656	9.000953890888015e-4	0.0023194765795749887
CST5	Day*srf14	Day4 No - Day7 Yes	0	0.13539753225960643	0.10318276806716664	904.7084885329125	1.3122106994790996	0.18978187793124016	0.2764214308998498
CST5	Day*srf14	Day7 No - Day1 Yes	0	0.5980571164684888	0.10188990080299665	873.6248199325114	5.869640776516484	6.198299579928371e-9	1.2584426419854572e-8
CST5	Day*srf14	Day7 No - Day4 Yes	0	0.6190042696807473	0.10360606475599468	915.4013109767976	5.974594934558901	3.2998808827431648e-9	1.3005412890811298e-8
CST5	Day*srf14	Day7 No - Day7 Yes	0	0.4098798459089103	0.10336076535709166	909.3798274638393	3.9655264209088807	7.898538880518716e-5	2.0353927115182845e-4
CST5	Day*srf14	Day1 Yes - Day4 Yes	0	0.020947153212258467	0.07055420162974176	1042.534685670075	0.2968944829421513	0.7666062085031278	0.8152796185668184
CST5	Day*srf14	Day1 Yes - Day7 Yes	0	-0.1881772705595785	0.07036226080927485	1043.5439780727038	-2.674406256923083	0.007603183758120154	0.011074202430305442
CST5	Day*srf14	Day4 Yes - Day7 Yes	0	-0.20912442377183696	0.07160357077460579	1032.2111673408	-2.9205865225649186	0.0035697352921346044	0.017083733183787034
OSM	Day*srf14	Day1 No - Day4 No	0	-0.12047567041102605	0.05389989725442298	1035.1986770382905	-2.235174398243216	0.02561854854723612	0.036520058567336595
OSM	Day*srf14	Day1 No - Day7 No	0	-0.22261439672390604	0.05471042272484557	1042.872929788816	-4.068957716585335	5.078699078835035e-5	7.397235614824942e-5
OSM	Day*srf14	Day1 No - Day1 Yes	0	-0.046302383574507985	0.10324578070870138	1125.772504353839	-0.4484675621287224	0.6539020929074204	0.718220331554052
OSM	Day*srf14	Day1 No - Day4 Yes	0	-0.34060391323765454	0.10586361480848783	1176.7274466652534	-3.2173841206331635	0.0013289187591094612	0.004047161675469722
OSM	Day*srf14	Day1 No - Day7 Yes	0	-0.47151035626184545	0.10548786690362065	1169.4981972136025	-4.469806529433783	8.589382835699116e-6	2.5021245651819165e-5
OSM	Day*srf14	Day4 No - Day7 No	0	-0.10213872631287998	0.054195961693333954	1036.8466414974314	-1.884618763494383	0.05976084331140569	0.07699954811277272
OSM	Day*srf14	Day4 No - Day1 Yes	0	0.07417328683651807	0.1030251734761005	1120.581991266867	0.7199530399599335	0.47170404307677927	0.5181011620679379
OSM	Day*srf14	Day4 No - Day4 Yes	0	-0.22012824282662846	0.10564800841769102	1171.9376723486337	-2.083600496815115	0.03741278334500793	0.06427324318244952
OSM	Day*srf14	Day4 No - Day7 Yes	0	-0.3510346858508194	0.10527199392307279	1164.6599841895352	-3.334549605922131	8.812779443019176e-4	0.0024602342611761865
OSM	Day*srf14	Day7 No - Day1 Yes	0	0.17631201314939807	0.10331441125931771	1127.2905755431473	1.7065577880210476	0.08817968907123887	0.10741889395950917
OSM	Day*srf14	Day7 No - Day4 Yes	0	-0.11798951651374848	0.10592993493742243	1178.0919615865091	-1.113844887976663	0.26557293075261246	0.3015828196682209
OSM	Day*srf14	Day7 No - Day7 Yes	0	-0.2488959595379394	0.10555510656958397	1170.9040893899494	-2.357971751692206	0.01853880618664847	0.03763939437895295
OSM	Day*srf14	Day1 Yes - Day4 Yes	0	-0.29430152966314654	0.09160170495193716	1065.7191060910964	-3.2128389948371017	0.0013536844019829573	0.0032391733904592193
OSM	Day*srf14	Day1 Yes - Day7 Yes	0	-0.42520797268733745	0.09133588197834092	1066.7975675421828	-4.655431835520785	3.639740980646893e-6	8.128754856778061e-6
OSM	Day*srf14	Day4 Yes - Day7 Yes	0	-0.1309064430241909	0.09315306454233693	1052.1816392023786	-1.4052832686432504	0.16023224260620322	0.298210007072656
CXCL1	Day*srf14	Day1 No - Day4 No	0	0.29995204025860167	0.05422756397202789	1035.4640752063904	5.531357455284649	4.0235233569853863e-8	9.627716604215031e-8
CXCL1	Day*srf14	Day1 No - Day7 No	0	0.1282406278398709	0.05504185869092068	1043.207973263015	2.3298745879928755	0.020002822666783045	0.022715069808041766
CXCL1	Day*srf14	Day1 No - Day1 Yes	0	-0.020073291802886417	0.10348955652371075	1130.8086711544895	-0.1939644199585238	0.8462385779458819	0.8590603745814255
CXCL1	Day*srf14	Day1 No - Day4 Yes	0	0.09486324122107495	0.10612788571397924	1181.670995133796	0.8938578261771543	0.3715799759256351	0.44456889976817054
CXCL1	Day*srf14	Day1 No - Day7 Yes	0	0.08278568494268801	0.10574918134910818	1174.4591619985104	0.7828494167665362	0.4338733635311869	0.5484814218224437
CXCL1	Day*srf14	Day4 No - Day7 No	0	-0.17171141241873078	0.054525182077844236	1037.131281115571	-3.149213003517947	0.001683912562908818	0.0029690037293392314
CXCL1	Day*srf14	Day4 No - Day1 Yes	0	-0.3200253320614881	0.10326699995872335	1125.6110330364143	-3.099008707422553	0.001989853584043218	0.0035084260560762
CXCL1	Day*srf14	Day4 No - Day4 Yes	0	-0.20508879903752675	0.10591040054379133	1176.8812594570406	-1.9364368181454248	0.05305338541730511	0.08558800325777878
CXCL1	Day*srf14	Day4 No - Day7 Yes	0	-0.2171663553159137	0.10553142359147323	1169.619815170633	-2.0578359309980954	0.03982710144360074	0.07412266102003472
CXCL1	Day*srf14	Day7 No - Day1 Yes	0	-0.1483139196427573	0.10355876748718736	1132.327548581692	-1.4321715412565836	0.15237071534722274	0.17910241979410393
CXCL1	Day*srf14	Day7 No - Day4 Yes	0	-0.033377386618795954	0.10619475400013068	1183.0340918388843	-0.31430353535877	0.7533459305625815	0.7768855325399324
CXCL1	Day*srf14	Day7 No - Day7 Yes	0	-0.045454942897182896	0.10581698062926174	1175.8638629626405	-0.42956189665284367	0.6675930586016847	0.7338546609390331
CXCL1	Day*srf14	Day1 Yes - Day4 Yes	0	0.11493653302396137	0.0921508766025166	1066.1489717838192	1.247264673560604	0.2125743754843301	0.27389390687404075
CXCL1	Day*srf14	Day1 Yes - Day7 Yes	0	0.10285897674557443	0.09188318925272823	1067.2238528179664	1.119453706190551	0.26319851021773033	0.3040396583549643
CXCL1	Day*srf14	Day4 Yes - Day7 Yes	0	-0.012077556278386942	0.09371500071860345	1052.582466364014	-0.12887537945661473	0.8974808785837587	0.9395502947673724
CCL4	Day*srf14	Day1 No - Day4 No	0	-0.3643104868541819	0.04911176569579241	1030.924365754248	-7.417987964651691	2.479749791659695e-13	7.223618958313025e-13
CCL4	Day*srf14	Day1 No - Day7 No	0	-0.6835031909544114	0.04986690399074498	1037.471836983271	-13.70654956003015	2.0143700591256963e-39	1.1246899496785137e-38
CCL4	Day*srf14	Day1 No - Day1 Yes	0	0.03910860802344489	0.10046885827574203	1043.17860511163	0.3892609978318781	0.6971625309957232	0.7414268186779913
CCL4	Day*srf14	Day1 No - Day4 Yes	0	-0.48602004076743954	0.10277394497587573	1094.118788853986	-4.729019995111832	2.5505619548579864e-6	1.5447020881874175e-5
CCL4	Day*srf14	Day1 No - Day7 Yes	0	-0.7244380229773135	0.10244333936878221	1086.8307233418793	-7.071597113497387	2.7368062696901126e-12	2.619514572417679e-11
CCL4	Day*srf14	Day4 No - Day7 No	0	-0.31919270410022943	0.04938498146225082	1032.2703160938347	-6.463355754101392	1.5761572784172003e-10	9.600230695813856e-10
CCL4	Day*srf14	Day4 No - Day1 Yes	0	0.4034190948776268	0.10027783331294769	1038.2501498791814	4.023013676598236	6.162433760053419e-5	1.376276873078597e-4
CCL4	Day*srf14	Day4 No - Day4 Yes	0	-0.12170955391325762	0.10258685246648307	1089.4710401752632	-1.18640499232611	0.23572105535349155	0.3223124634425293
CCL4	Day*srf14	Day4 No - Day7 Yes	0	-0.3601275361231316	0.10225606439087817	1082.1533562587442	-3.5218208158934097	4.4645610625003424e-4	0.0014244075770834426
CCL4	Day*srf14	Day7 No - Day1 Yes	0	0.7226117989778562	0.10052866764300729	1044.640748960595	7.188116742419799	1.248958315505481e-12	3.638269875602923e-12
CCL4	Day*srf14	Day7 No - Day4 Yes	0	0.1974831501869718	0.10283193188816452	1095.466093446455	1.9204457852814218	0.05506099501726608	0.07528748298279239
CCL4	Day*srf14	Day7 No - Day7 Yes	0	-0.040934832022902164	0.10250206787310093	1088.2140387905963	-0.3993561580980014	0.6897091548033257	0.745330860835852
CCL4	Day*srf14	Day1 Yes - Day4 Yes	0	-0.5251286487908844	0.08357831445733951	1058.559761015365	-6.283072974137608	4.84072175825572e-10	2.4948335215625633e-9
CCL4	Day*srf14	Day1 Yes - Day7 Yes	0	-0.7635466310007584	0.08334008237203129	1059.6710463101901	-9.161817570473179	2.571589456032191e-19	1.7229649355415681e-18
CCL4	Day*srf14	Day4 Yes - Day7 Yes	0	-0.23841798220987398	0.0849410553592012	1045.6783864591823	-2.8068639034639387	0.005095571169026281	0.021668344274376812
CD6	Day*srf14	Day1 No - Day4 No	0	-0.12980731991428268	0.04959999983925302	1031.889750053469	-2.6170830712695743	0.008998178339520935	0.01310604236408484
CD6	Day*srf14	Day1 No - Day7 No	0	-0.42669391072354135	0.050358901135897555	1038.6924303433989	-8.47305840872249	8.091584468786825e-17	1.9362005693168473e-16
CD6	Day*srf14	Day1 No - Day1 Yes	0	0.17343732247955437	0.0998613389149195	1062.0346123628672	1.7367814648201405	0.08271570094297642	0.16793793827816425
CD6	Day*srf14	Day1 No - Day4 Yes	0	0.14381074195566834	0.10221001002904424	1113.2328349356144	1.4070123064737272	0.15970285653403168	0.22291857057875256
CD6	Day*srf14	Day1 No - Day7 Yes	0	0.23095490266933577	0.10187308774335192	1105.9203029964394	2.2670845439688514	0.023577467369920332	0.04269433280499087
CD6	Day*srf14	Day4 No - Day7 No	0	-0.29688659080925867	0.04987516731338726	1033.3025488495061	-5.952593380665608	3.611617344382316e-9	1.4234021298447953e-8
CD6	Day*srf14	Day4 No - Day1 Yes	0	0.303244642393837	0.09966594306852179	1057.0231977451035	3.0426104751284186	0.0024032633424670544	0.004128683178084427
CD6	Day*srf14	Day4 No - Day4 Yes	0	0.273618061869951	0.10201873429024584	1108.529433784162	2.6820374098300497	0.007426287389903751	0.015548789222610979
CD6	Day*srf14	Day4 No - Day7 Yes	0	0.36076222258361845	0.101681614532301	1101.1831329091333	3.54795922786037	4.0457757361193143e-4	0.0013553348715999703
CD6	Day*srf14	Day7 No - Day1 Yes	0	0.6001312332030957	0.09992242485286905	1063.5164137012844	6.005971473237964	2.6076679164073786e-9	5.4598046999779486e-9
CD6	Day*srf14	Day7 No - Day4 Yes	0	0.5705046526792097	0.10226918811184763	1114.5907494932735	5.578460758437547	3.044439865572904e-8	9.713212904446885e-8
CD6	Day*srf14	Day7 No - Day7 Yes	0	0.6576488133928771	0.10193303850117758	1107.3156973355306	6.451772880146996	1.6490579821546617e-10	1.6051826498107432e-9
CD6	Day*srf14	Day1 Yes - Day4 Yes	0	-0.029626580523886042	0.08438290563109321	1060.2166185795832	-0.3510969467371518	0.7255853729797961	0.7841003224136506
CD6	Day*srf14	Day1 Yes - Day7 Yes	0	0.0575175801897814	0.08414133859338044	1061.3247650370497	0.6835828993372637	0.49438779391411247	0.552066369870759
CD6	Day*srf14	Day4 Yes - Day7 Yes	0	0.08714416071366744	0.08577114858963761	1047.1550129376146	1.0160078551658305	0.30986033248342393	0.4613476061419868
SCF	Day*srf14	Day1 No - Day4 No	0	0.4005672260001656	0.045128679437490396	1027.1460690526287	8.876112285869297	3.0247116365090747e-18	1.1920922332124e-17
SCF	Day*srf14	Day1 No - Day7 No	0	0.33445712207538214	0.04583567406821214	1032.692235327489	7.296873644263348	5.863407558065448e-13	1.0338113326062763e-12
SCF	Day*srf14	Day1 No - Day1 Yes	0	0.13263962373986377	0.09903036164127141	968.7903431823232	1.3393834127390032	0.18076001531517383	0.2752482051390147
SCF	Day*srf14	Day1 No - Day4 Yes	0	0.75532013160515	0.10106066757913673	1017.2479281087153	7.47392778712537	1.6750245811853274e-13	5.611332346970847e-12
SCF	Day*srf14	Day1 No - Day7 Yes	0	0.7987861241532612	0.1007697296761181	1010.2768350564816	7.9268459558304185	5.919277535572655e-15	9.914789872084197e-14
SCF	Day*srf14	Day4 No - Day7 No	0	-0.0661101039247835	0.0453823423809398	1028.2388801614636	-1.4567362647316588	0.14549448642101048	0.17723873800377643
SCF	Day*srf14	Day4 No - Day1 Yes	0	-0.2679276022603019	0.09886475135868347	964.3100583073661	-2.7100417345738794	0.006846861626597396	0.010922374499572037
SCF	Day*srf14	Day4 No - Day4 Yes	0	0.35475290560498435	0.10089811330962584	1012.9471185127509	3.5159518247517156	4.575842570613105e-4	0.0012345920115286939
SCF	Day*srf14	Day4 No - Day7 Yes	0	0.3982188981530956	0.10060705132892478	1005.9610549344651	3.958160913106959	8.083875415623372e-5	3.466534922938194e-4
SCF	Day*srf14	Day7 No - Day1 Yes	0	-0.20181749833551837	0.09908253658764268	970.1377989520278	-2.0368624511041085	0.04193488783956561	0.05414229541960244
SCF	Day*srf14	Day7 No - Day4 Yes	0	0.42086300952976785	0.10111142079067219	1018.5154901986632	4.162368664575165	3.415779338247876e-5	8.476193172689174e-5
SCF	Day*srf14	Day7 No - Day7 Yes	0	0.4643290020778791	0.10082107138336284	1011.5736047491445	4.605475777105272	4.639224933999906e-6	1.635937213568388e-5
SCF	Day*srf14	Day1 Yes - Day4 Yes	0	0.6226805078652862	0.07689505522335412	1051.8387886719952	8.097796484528295	1.5387800792642968e-15	1.472832361581541e-14
SCF	Day*srf14	Day1 Yes - Day7 Yes	0	0.6661465004133974	0.07667989779597517	1052.9359642874026	8.68736813116048	1.3961003775417956e-17	7.794893774608358e-17
SCF	Day*srf14	Day4 Yes - Day7 Yes	0	0.0434659925481112	0.07810280587304724	1039.8558510273942	0.5565228042992886	0.5779732510853152	0.717114959679928
IL18	Day*srf14	Day1 No - Day4 No	0	0.3654579059234748	0.03185281973916474	1015.6053076240353	11.473329799877177	9.710172285555874e-29	8.132269289153044e-28
IL18	Day*srf14	Day1 No - Day7 No	0	0.6156960867655961	0.03237847361956974	1018.0972907526028	19.015599499831445	3.140582414281728e-69	7.0139673918958585e-68
IL18	Day*srf14	Day1 No - Day1 Yes	0	-0.05842561604138893	0.09984584619179006	745.7659171350379	-0.5851582040695154	0.5586183501451403	0.6323122047381955
IL18	Day*srf14	Day1 No - Day4 Yes	0	0.13909106047126704	0.10093766648140363	773.1990005554579	1.3779896575763682	0.16860513082325074	0.2305417094930163
IL18	Day*srf14	Day1 No - Day7 Yes	0	0.5333040178272103	0.10078180953251933	769.2386458812388	5.291669402454306	1.5820898162215499e-7	5.300000884342192e-7
IL18	Day*srf14	Day4 No - Day7 No	0	0.2502381808421212	0.032036680563288074	1016.0247735868754	7.810989666915669	1.4093026933115462e-14	2.36058201129684e-13
IL18	Day*srf14	Day4 No - Day1 Yes	0	-0.4238835219648638	0.09976148382670717	743.5451639562123	-4.2489696995804485	2.4204250205628752e-5	6.237249091450487e-5
IL18	Day*srf14	Day4 No - Day4 Yes	0	-0.22636684545220778	0.10085414271565636	770.9849208520143	-2.24449724480249	0.025083291614449298	0.04668279272689175
IL18	Day*srf14	Day4 No - Day7 Yes	0	0.16784611190373544	0.10069826500195904	767.0281917743972	1.6668222823945384	0.09595798591478331	0.1530758346735829
IL18	Day*srf14	Day7 No - Day1 Yes	0	-0.6741217028069849	0.09987301761385153	746.4657561949018	-6.749788070021126	2.974010069395906e-11	7.663795178827912e-11
IL18	Day*srf14	Day7 No - Day4 Yes	0	-0.476605026294329	0.1009644410207366	773.8897299880085	-4.72052359698046	2.792055791882828e-6	8.13337991548476e-6
IL18	Day*srf14	Day7 No - Day7 Yes	0	-0.08239206893838577	0.10080875487712652	769.9365501547148	-0.8173106496435907	0.4140037548746167	0.517427458763937
IL18	Day*srf14	Day1 Yes - Day4 Yes	0	0.19751667651265598	0.05449061910723494	1028.7113010475762	3.6247831232005745	3.033630084721626e-4	8.130128627053958e-4
IL18	Day*srf14	Day1 Yes - Day7 Yes	0	0.5917296338685992	0.05434911772471904	1029.4544697290512	10.887566507808627	3.324728826416451e-26	2.7844603921237775e-25
IL18	Day*srf14	Day4 Yes - Day7 Yes	0	0.3942129573559432	0.05523362459892099	1021.6473789384331	7.137191524520089	1.8042445702642969e-12	1.2088438620770788e-10
SLAMF1	Day*srf14	Day1 No - Day4 No	0	0.18532498714709225	0.05559932817920996	1037.5624441420614	3.333223497768631	8.887900264197088e-4	0.001567077151845276
SLAMF1	Day*srf14	Day1 No - Day7 No	0	0.04890222934004679	0.056424753085934524	1045.855310693981	0.8666804312917243	0.386315916835685	0.41084391155541106
SLAMF1	Day*srf14	Day1 No - Day1 Yes	0	0.16312864269445482	0.10318417283112613	1170.124949162085	1.580946362398382	0.11416055301056396	0.20672316355966988
SLAMF1	Day*srf14	Day1 No - Day4 Yes	0	0.26391349599594105	0.10592294193523337	1219.8952653687152	2.4915612347446983	0.012850331096552738	0.027773296240936562
SLAMF1	Day*srf14	Day1 No - Day7 Yes	0	0.1700749523483563	0.10552971371094774	1212.873275265802	1.6116309460878653	0.1073024446306954	0.16719218116875795
SLAMF1	Day*srf14	Day4 No - Day7 No	0	-0.13642275780704546	0.055902439097038834	1039.383599978678	-2.4403721914572385	0.014838309894829581	0.02259469915803595
SLAMF1	Day*srf14	Day4 No - Day1 Yes	0	-0.022196344452637445	0.10295135178201441	1164.909354877547	-0.21560032062167778	0.8293370481012581	0.8548551111197582
SLAMF1	Day*srf14	Day4 No - Day4 Yes	0	0.07858850884884878	0.10569563436435823	1215.141378262825	0.7435359967464249	0.4573009717704978	0.5282614673900577
SLAMF1	Day*srf14	Day4 No - Day7 Yes	0	-0.015250034798735972	0.10530209029130447	1208.0607543332483	-0.14482176713253028	0.8848757525271482	0.8995485757610051
SLAMF1	Day*srf14	Day7 No - Day1 Yes	0	0.11422641335440803	0.10325636749175222	1171.6392818684049	1.1062408656156926	0.2688493648442769	0.30021512407610923
SLAMF1	Day*srf14	Day7 No - Day4 Yes	0	0.21501126665589426	0.10599259210558172	1221.237450134885	2.0285499428272917	0.042720793054891	0.05963110697245202
SLAMF1	Day*srf14	Day7 No - Day7 Yes	0	0.1211727230083095	0.1056003628483315	1214.2583651176567	1.147465025118747	0.2514155097287802	0.33689678303656545
SLAMF1	Day*srf14	Day1 Yes - Day4 Yes	0	0.10078485330148623	0.09442011595857992	1069.4900685386003	1.0674087007656121	0.28602820269983137	0.3548868440905315
SLAMF1	Day*srf14	Day1 Yes - Day7 Yes	0	0.006946309653901472	0.09414374367756642	1070.5308153263047	0.07378408147536535	0.9411959774196642	0.9554565225320834
SLAMF1	Day*srf14	Day4 Yes - Day7 Yes	0	-0.09383854364758476	0.09605020815652197	1055.7392047536039	-0.9769738707350523	0.3288058953432559	0.46485770736843457
TGF-alpha	Day*srf14	Day1 No - Day4 No	0	-0.04996665779106303	0.05555571639005358	1037.097167704911	-0.8993972364652797	0.36864988631171325	0.4264605695335505
TGF-alpha	Day*srf14	Day1 No - Day7 No	0	-0.17726498547062391	0.05638260404960859	1045.268584400226	-3.1439659174779546	0.0017137343946531287	0.0022080808546492236
TGF-alpha	Day*srf14	Day1 No - Day1 Yes	0	0.10508767212439062	0.10372355772723682	1161.4894599196145	1.0131514424210266	0.31119883353405453	0.4170064369356331
TGF-alpha	Day*srf14	Day1 No - Day4 Yes	0	-0.15219006471770216	0.10645322102928247	1211.555635530844	-1.4296426472228463	0.15307741076911982	0.21821673450066018
TGF-alpha	Day*srf14	Day1 No - Day7 Yes	0	-0.4211160675780964	0.10606132164041635	1204.483801424206	-3.9704961343572722	7.596840282049606e-5	1.8851418477678651e-4
TGF-alpha	Day*srf14	Day4 No - Day7 No	0	-0.1272983276795609	0.05585904680472546	1038.8839180501245	-2.27892051442582	0.022873997110452682	0.032607612902134674
TGF-alpha	Day*srf14	Day4 No - Day1 Yes	0	0.15505432991545365	0.10349190183934562	1156.2719685125571	1.4982266936803454	0.1343473030201378	0.16365944186089515
TGF-alpha	Day*srf14	Day4 No - Day4 Yes	0	-0.10222340692663913	0.1062270065809129	1206.7884255248507	-0.9623109058314259	0.33608622927334275	0.42112172986060126
TGF-alpha	Day*srf14	Day4 No - Day7 Yes	0	-0.3711494097870333	0.1058347997788	1199.6599089137903	-3.5068749651603635	4.7015385954843136e-4	0.0014318322086247681
TGF-alpha	Day*srf14	Day7 No - Day1 Yes	0	0.28235265759501454	0.10379543601325669	1163.006461723226	2.7202800859081377	0.006619889010383654	0.009240261743660516
TGF-alpha	Day*srf14	Day7 No - Day4 Yes	0	0.025074920752921753	0.10652258762544994	1212.9039118229034	0.23539534019854166	0.8139416393741647	0.8139416393741647
TGF-alpha	Day*srf14	Day7 No - Day7 Yes	0	-0.24385108210747244	0.10613167705916046	1205.874771786992	-2.2976277098829194	0.021753568228872526	0.04048580753706831
TGF-alpha	Day*srf14	Day1 Yes - Day4 Yes	0	-0.25727773684209276	0.09435968130669439	1068.7579505666017	-2.726564283381488	0.0065044527094705144	0.013206010046500741
TGF-alpha	Day*srf14	Day1 Yes - Day7 Yes	0	-0.526203739702487	0.09408393449719485	1069.8071360589486	-5.592918095046036	2.8343109768680285e-8	8.256471106528605e-8
TGF-alpha	Day*srf14	Day4 Yes - Day7 Yes	0	-0.2689260028603942	0.09598274022223341	1055.0411617224943	-2.801816266526013	0.005174529975970582	0.021668344274376812
MCP-4	Day*srf14	Day1 No - Day4 No	0	-0.3204757010320138	0.04103476932078549	1022.5214452596294	-7.809857502225121	1.4134157923741941e-14	4.5094694328129055e-14
MCP-4	Day*srf14	Day1 No - Day7 No	0	-0.615758599159358	0.041691752447237725	1026.8403820878398	-14.769314385108197	6.624343405903253e-45	4.4383100819551796e-44
MCP-4	Day*srf14	Day1 No - Day1 Yes	0	0.25135675216865166	0.10035600785579957	877.7791224620224	2.504650768191411	0.012437522080247534	0.039681618065551656
MCP-4	Day*srf14	Day1 No - Day4 Yes	0	-0.3800052846561589	0.10206969543768038	920.0585995306402	-3.7229981242392824	2.0883406688979427e-4	8.230519106833069e-4
MCP-4	Day*srf14	Day1 No - Day7 Yes	0	-0.5330473083422557	0.10182445670836533	913.9519924858395	-5.234963441729451	2.047991416230537e-7	6.527930035428661e-7
MCP-4	Day*srf14	Day4 No - Day7 No	0	-0.29528289812734426	0.041268093442137534	1023.3248942913368	-7.155234795165999	1.5904248448657123e-12	1.331980807575034e-11
MCP-4	Day*srf14	Day4 No - Day1 Yes	0	0.5718324532006654	0.10021908371041587	874.0779162484891	5.7058240010753	1.584741969871579e-8	4.826259635517991e-8
MCP-4	Day*srf14	Day4 No - Day4 Yes	0	-0.05952958362414511	0.10193488388403013	916.4384828401072	-0.5839961881142777	0.5593665890498344	0.6143862535465394
MCP-4	Day*srf14	Day4 No - Day7 Yes	0	-0.2125716073102419	0.10168957352777602	910.3294873683602	-2.090397274133311	0.03685902712869533	0.07055870907493106
MCP-4	Day*srf14	Day7 No - Day1 Yes	0	0.8671153513280098	0.10039950432076437	878.9123482612978	8.63664972446159	2.6971114494435698e-17	1.2047097807514612e-16
MCP-4	Day*srf14	Day7 No - Day4 Yes	0	0.23575331450319917	0.10211220318478581	921.1489463781985	2.308767288828072	0.0211770837282339	0.032996851390503984
MCP-4	Day*srf14	Day7 No - Day7 Yes	0	0.08271129081710238	0.10186738110396211	915.0620904335238	0.8119506943315866	0.41703108616794926	0.517427458763937
MCP-4	Day*srf14	Day1 Yes - Day4 Yes	0	-0.6313620368248105	0.07002845094425364	1043.06649708469	-9.015793271329223	9.14575587792442e-19	1.2255312876418723e-17
MCP-4	Day*srf14	Day1 Yes - Day7 Yes	0	-0.7844040605109074	0.06983762009120983	1044.0828708180961	-11.231826907710404	1.0268030469312726e-27	1.1465967357399211e-26
MCP-4	Day*srf14	Day4 Yes - Day7 Yes	0	-0.1530420236860968	0.07107333997061117	1032.6358700352787	-2.1532971962395417	0.03152632046000044	0.08124090272384729
CCL11	Day*srf14	Day1 No - Day4 No	0	-0.36459479031320674	0.049147745881795914	1030.3477340392915	-7.418342057641567	2.4744491449871833e-13	7.223618958313025e-13
CCL11	Day*srf14	Day1 No - Day7 No	0	-0.6044591336028335	0.049905640770232636	1036.742614084804	-12.112040327981862	1.1223293360446514e-31	4.423297971470097e-31
CCL11	Day*srf14	Day1 No - Day1 Yes	0	0.25430165773589264	0.10154069628839192	1031.8758825987975	2.5044309033851313	0.012418202943671467	0.039681618065551656
CCL11	Day*srf14	Day1 No - Day4 Yes	0	0.07890806982567308	0.10383451992691003	1082.5892497998589	0.7599406236116575	0.4474555335526411	0.5168882887590854
CCL11	Day*srf14	Day1 No - Day7 Yes	0	-0.14577645767982267	0.10350557000309284	1075.3266652136274	-1.408392395457237	0.15930396222533116	0.23718589931327086
CCL11	Day*srf14	Day4 No - Day7 No	0	-0.23986434328962683	0.049421607929241315	1031.6541600567616	-4.853430581073955	1.4007615241894459e-6	4.2659555509405854e-06
CCL11	Day*srf14	Day4 No - Day1 Yes	0	0.6188964480490994	0.10135105179778038	1027.0033426327882	6.1064630023173905	1.4428095448121566e-9	5.031407118108197e-9
CCL11	Day*srf14	Day4 No - Day4 Yes	0	0.4435028601388798	0.10364872122709987	1077.9812604472688	4.278903346690997	2.045063545424921e-5	8.174248665778699e-5
CCL11	Day*srf14	Day4 No - Day7 Yes	0	0.21881833263338407	0.1033195963320248	1070.691476202989	2.1178783154571756	0.03441533459596627	0.06781845346852176
CCL11	Day*srf14	Day7 No - Day1 Yes	0	0.8587607913387262	0.10160012774607133	1033.3243666282406	8.452359365974642	9.611145501728378e-17	3.787922050681184e-16
CCL11	Day*srf14	Day7 No - Day4 Yes	0	0.6833672034285067	0.10389216816102954	1083.928317357347	6.577658504241718	7.42032886355165e-11	4.519654853254187e-10
CCL11	Day*srf14	Day7 No - Day7 Yes	0	0.45868267592301093	0.10356394586717456	1076.7008055451477	4.428980298909161	1.0433794889481379e-5	3.32887741712025e-5
CCL11	Day*srf14	Day1 Yes - Day4 Yes	0	-0.17539358791021953	0.08365518540512039	1057.5586334471639	-2.096625416115377	0.03626383589873871	0.06229941039014086
CCL11	Day*srf14	Day1 Yes - Day7 Yes	0	-0.40007811541571525	0.0834173675508062	1058.6705324184156	-4.796100945909658	1.8493452552472908e-6	4.425219003627446e-6
CCL11	Day*srf14	Day4 Yes - Day7 Yes	0	-0.22468452750549572	0.08501174724181301	1044.794226355429	-2.642982114770424	0.00834090146709383	0.027942019914764332
TNFSF14	Day*srf14	Day1 No - Day4 No	0	-0.17427350463766522	0.05371555142032086	1034.977116129652	-3.2443770943350434	0.0012147572704328603	0.002086890695359016
TNFSF14	Day*srf14	Day1 No - Day7 No	0	-0.4471802240853644	0.054524260741819035	1042.593193882796	-8.201490822641928	6.93183150917873e-16	1.4981700358547577e-15
TNFSF14	Day*srf14	Day1 No - Day1 Yes	0	0.1775908892500985	0.10321436710456017	1121.5582946241796	1.7206024144893706	0.08559881248669415	0.16868001284142672
TNFSF14	Day*srf14	Day1 No - Day4 Yes	0	-0.1064757885779274	0.10581938426173086	1172.5824825102156	-1.006203063085049	0.3145254877036743	0.39760769200275803
TNFSF14	Day*srf14	Day1 No - Day7 Yes	0	-0.4317578320191599	0.10544548844429888	1165.339871203083	-4.094606970759438	4.520666094565976e-5	1.1649408782150785e-4
TNFSF14	Day*srf14	Day4 No - Day7 No	0	-0.2729067194476992	0.05401080598738023	1036.60905855286	-5.052817014274228	5.142862157394481e-7	1.6408179264068107e-6
TNFSF14	Day*srf14	Day4 No - Day1 Yes	0	0.3518643938877637	0.10299502376391066	1116.3745624096027	3.4163242167342123	6.575744624116442e-4	0.001258785399473719
TNFSF14	Day*srf14	Day4 No - Day4 Yes	0	0.06779771605973782	0.1056049912139741	1167.7934607830198	0.6419934823191059	0.5210034125326655	0.5817871439948098
TNFSF14	Day*srf14	Day4 No - Day7 Yes	0	-0.2574843273814947	0.10523083331872432	1160.5033927008717	-2.4468524980850743	0.014558503024032818	0.02955817280636966
TNFSF14	Day*srf14	Day7 No - Day1 Yes	0	0.6247711133354629	0.1032826260107733	1123.0754536247266	6.049140474703787	1.9806495784540784e-9	4.2807587663362335e-9
TNFSF14	Day*srf14	Day7 No - Day4 Yes	0	0.340704435507437	0.10588535581288017	1173.9479648846639	3.2176728584595535	0.00132767770160936	0.0024709557224396423
TNFSF14	Day*srf14	Day7 No - Day7 Yes	0	0.015422392066204518	0.10551237147017302	1166.7465309684994	0.14616667080186163	0.883815064903561	0.883815064903561
TNFSF14	Day*srf14	Day1 Yes - Day4 Yes	0	-0.2840666778280259	0.09129478360421177	1065.3589670768276	-3.1115324075856714	0.001910718227516778	0.004414417973918073
TNFSF14	Day*srf14	Day1 Yes - Day7 Yes	0	-0.6093487212692584	0.09103007731562815	1066.440286457162	-6.693927317632243	3.505038100998621e-11	1.3813973692171035e-10
TNFSF14	Day*srf14	Day4 Yes - Day7 Yes	0	-0.3252820434412325	0.09283806750749757	1051.846750768028	-3.5037571566745815	4.780406073471346e-4	0.0035587467435842244
MMP-1	Day*srf14	Day1 No - Day4 No	0	-0.21301400292105604	0.04392974266218331	1024.194842839392	-4.848969969141842	1.4333767236206567e-6	3.097943241373677e-6
MMP-1	Day*srf14	Day1 No - Day7 No	0	-0.42369863897385	0.04462766569262511	1028.957724127159	-9.494080239197181	1.4966817912250007e-20	4.011107200483002e-20
MMP-1	Day*srf14	Day1 No - Day1 Yes	0	0.06280145411263299	0.10293713275850348	910.589855783171	0.6100952341461547	0.5419509427079992	0.6260467786454473
MMP-1	Day*srf14	Day1 No - Day4 Yes	0	-0.2813405729698519	0.10482853492266311	955.4899537664927	-2.6838167029369426	0.007404575937133364	0.017718092420997693
MMP-1	Day*srf14	Day1 No - Day7 Yes	0	-0.37048090485650687	0.10455772446900104	949.01178834222	-3.5433145349901523	4.1438419279250495e-4	9.573703764516494e-4
MMP-1	Day*srf14	Day4 No - Day7 No	0	-0.21068463605279397	0.044178523098792555	1025.1002074403154	-4.76893796521125	2.11988845353289e-6	5.918021932779318e-6
MMP-1	Day*srf14	Day4 No - Day1 Yes	0	0.27581545703368904	0.1027848498416364	906.5813894315484	2.6834252076901013	0.007420006836851901	0.01156140600160645
MMP-1	Day*srf14	Day4 No - Day4 Yes	0	-0.06832657004879583	0.10467877665264623	951.5940033763377	-0.6527261039314847	0.5140905214232181	0.5817871439948098
MMP-1	Day*srf14	Day4 No - Day7 Yes	0	-0.15746690193545082	0.1044078746155855	945.1096953681467	-1.508189899614573	0.13184012391448438	0.20542530935512684
MMP-1	Day*srf14	Day7 No - Day1 Yes	0	0.486500093086483	0.10298535916157486	911.8090741329775	4.723973359389927	2.677022489273841e-6	4.720013336351246e-6
MMP-1	Day*srf14	Day7 No - Day4 Yes	0	0.14235806600399814	0.10487558248932888	956.6539994553883	1.3573995264196326	0.17497442602109228	0.20567169374409094
MMP-1	Day*srf14	Day7 No - Day7 Yes	0	0.05321773411734315	0.10460526577588422	950.1990405057421	0.5087481373199858	0.6110468787754904	0.6939006928467434
MMP-1	Day*srf14	Day1 Yes - Day4 Yes	0	-0.34414202708248487	0.074926235683281	1046.3131680308668	-4.593077764338781	4.898577516514645e-6	1.8233594089248956e-5
MMP-1	Day*srf14	Day1 Yes - Day7 Yes	0	-0.43328235896913986	0.07471999180874976	1047.3674397148588	-5.798747409905393	8.838789374868294e-9	2.8199947053151225e-08
MMP-1	Day*srf14	Day4 Yes - Day7 Yes	0	-0.089140331886655	0.07606601113998189	1035.26018866577	-1.1718812456540262	0.24151435360726098	0.3986525182298117
LIF-R	Day*srf14	Day1 No - Day4 No	0	0.45952410364184015	0.05121917906585338	1033.5482544215172	8.971719422738543	1.3448335022097947e-18	6.006922976537083e-18
LIF-R	Day*srf14	Day1 No - Day7 No	0	0.5723180551587621	0.051996147955247624	1040.7884788628473	11.006931814474958	9.873761400763295e-27	3.307710069255704e-26
LIF-R	Day*srf14	Day1 No - Day1 Yes	0	-0.30302707908269144	0.100489887115513	1094.1811525361595	-3.0154982534149153	0.002624767057895966	0.01256138520564498
LIF-R	Day*srf14	Day1 No - Day4 Yes	0	0.26105436751435024	0.10294845265016063	1145.4719242353833	2.53577747692299	0.01135184317583164	0.02535244975935733
LIF-R	Day*srf14	Day1 No - Day7 Yes	0	0.6478759780492543	0.10259565842502594	1138.1695080550294	6.31484789897522	3.8698179313666775e-10	2.592778014015674e-9
LIF-R	Day*srf14	Day4 No - Day7 No	0	0.11279395151692198	0.05150194094805849	1035.07779694595	2.190091275019686	0.028740163155432086	0.04011647773779062
LIF-R	Day*srf14	Day4 No - Day1 Yes	0	-0.7625511827245316	0.10028400691187335	1089.0592521687602	-7.60391617972185	6.186244766879487e-14	2.763189329206171e-13
LIF-R	Day*srf14	Day4 No - Day4 Yes	0	-0.1984697361274899	0.10274708204200704	1140.7050384835536	-1.9316337961436965	0.05365218114666729	0.08558800325777878
LIF-R	Day*srf14	Day4 No - Day7 Yes	0	0.18835187440741424	0.10239405963999292	1133.3615304665213	1.8394804842159813	0.06610597033171453	0.11655526347960193
LIF-R	Day*srf14	Day7 No - Day1 Yes	0	-0.8753451342414535	0.10055408967948325	1095.6871941896368	-8.705216635460788	1.1469844781462991e-17	5.4891400025572884e-17
LIF-R	Day*srf14	Day7 No - Day4 Yes	0	-0.31126368764441187	0.10301056960553197	1146.838838950971	-3.021667473894796	0.002569604538966988	0.004530618529231268
LIF-R	Day*srf14	Day7 No - Day7 Yes	0	0.07555792289049226	0.10265861289283151	1139.5760927007782	0.7360115314374012	0.46187514721054657	0.5526006225554754
LIF-R	Day*srf14	Day1 Yes - Day4 Yes	0	0.5640814465970417	0.08709135180808292	1063.0081249135599	6.476893915254276	1.4285149942286008e-10	7.97587538444302e-10
LIF-R	Day*srf14	Day1 Yes - Day7 Yes	0	0.9509030571319458	0.08684026817097154	1064.1049380877307	10.95002442023559	1.62443530915068e-26	1.5548166530442223e-25
LIF-R	Day*srf14	Day4 Yes - Day7 Yes	0	0.3868216105349041	0.0885456054171046	1049.6811965744205	4.368614441255835	1.3743688482539402e-5	1.84165425666028e-4
FGF-21	Day*srf14	Day1 No - Day4 No	0	-0.04796710902161756	0.0565264728549184	1043.6757404419143	-0.8485777830987364	0.3963108543817756	0.45004791938269434
FGF-21	Day*srf14	Day1 No - Day7 No	0	0.14441252517599162	0.057336778204011896	1053.5459042811199	2.518671779257506	0.011927018728101951	0.01401947815408475
FGF-21	Day*srf14	Day1 No - Day1 Yes	0	-0.03196461700911274	0.0978057913187474	1278.080048809541	-0.32681722194691515	0.7438596459731168	0.7787280668781067
FGF-21	Day*srf14	Day1 No - Day4 Yes	0	-0.04433327775116824	0.10065921874737042	1321.5058473960137	-0.4404293844405224	0.6596981765489456	0.6906215285746774
FGF-21	Day*srf14	Day1 No - Day7 Yes	0	0.21505672490904898	0.10024935579779799	1315.4848099092496	2.1452180235733023	0.03211805757579135	0.05382892784845967
FGF-21	Day*srf14	Day4 No - Day7 No	0	0.19237963419760917	0.056828188985066766	1045.9612366721856	3.385285324650455	7.374569701254148e-4	0.001398196995811574
FGF-21	Day*srf14	Day4 No - Day1 Yes	0	0.01600249201250482	0.09755813761637873	1273.1899584130276	0.1640303146768785	0.8697333142367348	0.8829110917251702
FGF-21	Day*srf14	Day4 No - Day4 Yes	0	0.0036338312704493176	0.10041797494117274	1317.186669270585	0.03618705986232149	0.9711386870989915	0.9857269162014997
FGF-21	Day*srf14	Day4 No - Day7 Yes	0	0.26302383393066653	0.10000767548060169	1311.0863420333412	2.630036471367488	0.008637531123425591	0.018583015181724342
FGF-21	Day*srf14	Day7 No - Day1 Yes	0	-0.17637714218510436	0.097882013239315	1279.4766973046676	-1.8019361918299943	0.07179074810132868	0.08907370597757447
FGF-21	Day*srf14	Day7 No - Day4 Yes	0	-0.18874580292715987	0.10073248405144734	1322.70009542314	-1.873733232179217	0.06118753617743675	0.08038362595859337
FGF-21	Day*srf14	Day7 No - Day7 Yes	0	0.07064419973305737	0.10032373604355405	1316.7204924406342	0.7041623699339531	0.48145617455266343	0.5659221700882184
FGF-21	Day*srf14	Day1 Yes - Day4 Yes	0	-0.012368660742055504	0.09581634740464968	1078.674147806852	-0.129087165990793	0.8973127418087079	0.9176353373852838
FGF-21	Day*srf14	Day1 Yes - Day7 Yes	0	0.24702134191816172	0.09553070148960692	1079.562924987801	2.5857796296516877	0.00984598743825436	0.014035769326873237
FGF-21	Day*srf14	Day4 Yes - Day7 Yes	0	0.2593900026602172	0.09754555351854755	1064.8074574089044	2.659167879045314	0.007950940336030823	0.027942019914764332
CCL19	Day*srf14	Day1 No - Day4 No	0	0.36073543807590536	0.04052453940496815	1021.8417815912475	8.901654241421943	2.4614708870301894e-18	1.0307409339438919e-17
CCL19	Day*srf14	Day1 No - Day7 No	0	0.35557066357648953	0.04117536208941656	1025.9805277893938	8.635520018119841	2.205191268242235e-17	5.4721412952677677e-17
CCL19	Day*srf14	Day1 No - Day1 Yes	0	-0.17051018393586825	0.1009864921997436	864.5199896635818	-1.688445456632082	0.09168638688030258	0.17551394059943637
CCL19	Day*srf14	Day1 No - Day4 Yes	0	0.24689466450095665	0.10265569388788606	905.6164862421874	2.4050752096673675	0.016368863565508512	0.0322562899673256
CCL19	Day*srf14	Day1 No - Day7 Yes	0	0.3268607973233883	0.10241687380663497	899.6789031946861	3.1914740723340937	0.001464574911621204	0.0031653715831813116
CCL19	Day*srf14	Day4 No - Day7 No	0	-0.00516477449941585	0.04075532959031849	1022.60478635795	-0.12672635827837234	0.8991818956389841	0.9268490308894143
CCL19	Day*srf14	Day4 No - Day1 Yes	0	-0.5312456220117736	0.10085354274819712	860.9506617555331	-5.267495890929129	1.7484544341729268e-7	4.881101962066087e-7
CCL19	Day*srf14	Day4 No - Day4 Yes	0	-0.11384077357494873	0.10252473112206635	902.1169736690963	-1.1103737832719547	0.26713386453873306	0.3441917100787522
CCL19	Day*srf14	Day4 No - Day7 Yes	0	-0.033874640752517095	0.10228584556168627	896.1782563359446	-0.3311762303620795	0.7405887946418936	0.7854589232592292
CCL19	Day*srf14	Day7 No - Day1 Yes	0	-0.5260808475123577	0.10102878018850991	865.6158216575872	-5.207237447891005	2.3960759836404627e-7	4.721679144232677e-7
CCL19	Day*srf14	Day7 No - Day4 Yes	0	-0.10867599907553288	0.10269705116779142	906.6740079692061	-1.0582192754295618	0.2902373326435199	0.32409835478526394
CCL19	Day*srf14	Day7 No - Day7 Yes	0	-0.028709866253101242	0.1024586242183019	900.7547895109144	-0.2802093671678726	0.7793812187427182	0.8288657405676526
CCL19	Day*srf14	Day1 Yes - Day4 Yes	0	0.4174048484368249	0.06917383034605298	1041.723569173889	6.034143929123071	2.2182537166854144e-9	1.0615928501280197e-8
CCL19	Day*srf14	Day1 Yes - Day7 Yes	0	0.49737098125925655	0.06898612942332887	1042.7215935533113	7.209724410064697	1.0752087977008963e-12	5.171688186441754e-12
CCL19	Day*srf14	Day4 Yes - Day7 Yes	0	0.07996613282243163	0.0701976375143628	1031.5661623751482	1.1391570379568707	0.2549021186415426	0.3986525182298117
IL-10RB	Day*srf14	Day1 No - Day4 No	0	0.04035496697329259	0.04491793591258558	1026.35042073173	0.8984154359146657	0.36917482138725266	0.4264605695335505
IL-10RB	Day*srf14	Day1 No - Day7 No	0	-0.30311815900736216	0.04562432796174814	1031.685435504317	-6.643783537184356	4.939939733564575e-11	8.072584442654304e-11
IL-10RB	Day*srf14	Day1 No - Day1 Yes	0	0.13016400613599546	0.10021940938346424	953.0797946391147	1.2987903933653788	0.19433000878426007	0.289335790856565
IL-10RB	Day*srf14	Day1 No - Day4 Yes	0	0.13148132862188203	0.10221858880631979	1000.7157976687096	1.2862761084582008	0.19864422712771054	0.26618326435113215
IL-10RB	Day*srf14	Day1 No - Day7 Yes	0	-0.07596877797007745	0.10193217158514684	993.8566592082709	-0.7452875455186253	0.456274120428411	0.5558248376127916
IL-10RB	Day*srf14	Day4 No - Day7 No	0	-0.34347312598065477	0.04517093703976768	1027.391764329272	-7.603852133469519	6.470127998684902e-14	7.244677734525039e-13
IL-10RB	Day*srf14	Day4 No - Day1 Yes	0	0.08980903916270287	0.10005690066439515	948.7170726347792	0.8975796628353996	0.3696374044917695	0.41975773052455184
IL-10RB	Day*srf14	Day4 No - Day4 Yes	0	0.09112636164858942	0.10205899977889701	996.5131963318682	0.8928792350111964	0.3721374126606909	0.44523583300475517
IL-10RB	Day*srf14	Day4 No - Day7 Yes	0	-0.11632374494337006	0.10177246747178721	989.6417280035944	-1.1429785268360195	0.2533239310155317	0.3327981054517769
IL-10RB	Day*srf14	Day7 No - Day1 Yes	0	0.43328216514335766	0.10027067748049723	954.3958199275739	4.321125338238904	1.7150317637125525e-5	2.7358840040176435e-5
IL-10RB	Day*srf14	Day7 No - Day4 Yes	0	0.4345994876292442	0.10226849732159154	1001.9589123885792	4.249592973509829	2.341327869209406e-5	6.033421816808855e-5
IL-10RB	Day*srf14	Day7 No - Day7 Yes	0	0.22714938103728471	0.10198264473454963	995.1273971887307	2.2273336961257604	0.026147998892738153	0.046103050679301476
IL-10RB	Day*srf14	Day1 Yes - Day4 Yes	0	0.0013173224858865525	0.07655622990012792	1050.3736332308436	0.01720725390481058	0.9862745431043025	0.9862745431043025
IL-10RB	Day*srf14	Day1 Yes - Day7 Yes	0	-0.2061327841060729	0.07634292791394866	1051.4621325195549	-2.7000901031516538	0.007043368456912699	0.010486793035847796
IL-10RB	Day*srf14	Day4 Yes - Day7 Yes	0	-0.20745010659195948	0.0777486321801531	1038.6209683252523	-2.6682155142134487	0.007744297503846606	0.027942019914764332
IL-18R1	Day*srf14	Day1 No - Day4 No	0	0.6171104628259513	0.041154844124319835	1024.3346011641308	14.994843886707352	4.2352636803899495e-46	4.7293777764354437e-45
IL-18R1	Day*srf14	Day1 No - Day7 No	0	0.7892929339338655	0.04180825540150545	1029.134572856278	18.87887754114333	1.7115606405011243e-68	2.8668640728393833e-67
IL-18R1	Day*srf14	Day1 No - Day1 Yes	0	-0.32931230735782946	0.0961103497076187	913.3387458142822	-3.4263979723270612	6.38923089075495e-4	0.0035673205806715136
IL-18R1	Day*srf14	Day1 No - Day4 Yes	0	0.18318033128942968	0.09788643936246988	958.4384090322087	1.871355547126601	0.06160027252475008	0.10066385997946964
IL-18R1	Day*srf14	Day1 No - Day7 Yes	0	0.3588687240390281	0.09763212876977218	951.9321598193559	3.6757236430364224	2.504300536202262e-4	5.992433425912556e-4
IL-18R1	Day*srf14	Day4 No - Day7 No	0	0.17218247110791415	0.04138782984162371	1025.2486245383197	4.160219846432981	3.445719168007064e-5	8.245113723445474e-5
IL-18R1	Day*srf14	Day4 No - Day1 Yes	0	-0.9464227701837807	0.09596726086322299	909.3058261670876	-9.8619337643977	7.264139141213933e-22	6.952818892304764e-21
IL-18R1	Day*srf14	Day4 No - Day4 Yes	0	-0.4339301315365216	0.09774573606255225	954.5208582294107	-4.439376580670778	1.0074899273430754e-5	4.500121675465737e-5
IL-18R1	Day*srf14	Day4 No - Day7 Yes	0	-0.25824173878692325	0.0974913384536804	948.0081104584073	-2.6488685341992486	0.008210465927122882	0.018336707237241102
IL-18R1	Day*srf14	Day7 No - Day1 Yes	0	-1.118605241291695	0.09615565296882612	914.5647336318136	-11.633275909990951	2.8630086035809905e-29	2.3977697054990793e-28
IL-18R1	Day*srf14	Day7 No - Day4 Yes	0	-0.6061126026444358	0.09793062894514855	959.6081346088877	-6.189203614570091	8.946885105185773e-10	4.281723586053192e-9
IL-18R1	Day*srf14	Day7 No - Day7 Yes	0	-0.4304242098948374	0.09767678455558289	953.1253810961954	-4.40661731293893	1.1691137549092307e-5	3.560482799041748e-5
IL-18R1	Day*srf14	Day1 Yes - Day4 Yes	0	0.5124926386472591	0.07019007206021577	1046.5805374381534	7.301497542381689	5.624837645618779e-13	4.187379136182869e-12
IL-18R1	Day*srf14	Day1 Yes - Day7 Yes	0	0.6881810313968576	0.06999670759819973	1047.6375171686093	9.831620014861343	7.030265566820733e-22	5.233642144188768e-21
IL-18R1	Day*srf14	Day4 Yes - Day7 Yes	0	0.1756883927495984	0.07125948274519091	1035.478760476023	2.4654738707243156	0.01384449561131125	0.04216278208899335
PD-L1	Day*srf14	Day1 No - Day4 No	0	0.3845581697612091	0.044892632000055624	1027.6902198913658	8.566175620104712	3.866672270436951e-17	1.4392613451070874e-16
PD-L1	Day*srf14	Day1 No - Day7 No	0	0.5716115074480181	0.045594074512967535	1033.3807599800662	12.536969190710177	1.1497247760371935e-33	5.135437332966131e-33
PD-L1	Day*srf14	Day1 No - Day1 Yes	0	-0.4684548858391989	0.09743878107022245	979.5343547061145	-4.807684175580887	1.7664093270918622e-6	2.9587356228788692e-5
PD-L1	Day*srf14	Day1 No - Day4 Yes	0	-0.3485377039694697	0.09947256810579005	1028.4943534454999	-3.5038575016862583	4.783065258218565e-4	0.0016023268615032193
PD-L1	Day*srf14	Day1 No - Day7 Yes	0	-0.02152271721763581	0.09918109079427656	1021.4557243936072	-0.2170042398734923	0.8282483750909653	0.8826766927592025
PD-L1	Day*srf14	Day4 No - Day7 No	0	0.18705333768680907	0.045144606167670125	1028.8186120011442	4.143426060514966	3.702615097945279e-5	8.554317640080472e-5
PD-L1	Day*srf14	Day4 No - Day1 Yes	0	-0.853013055600408	0.09727249829415618	974.9780666641057	-8.769313737793185	7.887280185536708e-18	5.284477724309594e-17
PD-L1	Day*srf14	Day4 No - Day4 Yes	0	-0.7330958737306787	0.0993094078160085	1024.1312571001777	-7.3819378229391175	3.22378963248115e-13	7.1997968458745674e-12
PD-L1	Day*srf14	Day4 No - Day7 Yes	0	-0.4060808869788449	0.09901780117598902	1017.0757503681216	-4.101089724837438	4.44038916173278e-5	2.1250433845435446e-4
PD-L1	Day*srf14	Day7 No - Day1 Yes	0	-1.0400663932872172	0.09749111943165618	980.9019009173345	-10.668319323344429	3.2461173415630315e-25	2.416554020941368e-24
PD-L1	Day*srf14	Day7 No - Day4 Yes	0	-0.9201492114174878	0.09952345469880645	1029.7771238511975	-9.245551354725258	1.308405723446153e-19	2.1915795867723064e-18
PD-L1	Day*srf14	Day7 No - Day7 Yes	0	-0.593134224665654	0.09923257692244945	1022.7687631734414	-5.977212756746105	3.1318226798975e-9	2.3314679950348055e-8
PD-L1	Day*srf14	Day1 Yes - Day4 Yes	0	0.11991718186972922	0.07647906725454101	1052.8306234685522	1.5679739067765504	0.11718770714647091	0.16639725483047316
PD-L1	Day*srf14	Day1 Yes - Day7 Yes	0	0.4469321686215631	0.07626446667758176	1053.9325491036234	5.860293634662505	6.172981124834775e-9	2.0679486768196496e-8
PD-L1	Day*srf14	Day4 Yes - Day7 Yes	0	0.3270149867518339	0.0776870585288933	1040.6986499985364	4.209388190829889	2.7818232737676547e-5	0.00031063693223738807
CXCL5	Day*srf14	Day1 No - Day4 No	0	-0.005511594197056945	0.04745732293804282	1027.7978905358832	-0.11613790782620677	0.9075659332669812	0.9501080863888709
CXCL5	Day*srf14	Day1 No - Day7 No	0	-0.31533977469080465	0.04819844967789578	1033.5169933912036	-6.542529413252521	9.499751312303513e-11	1.5154365188674653e-10
CXCL5	Day*srf14	Day1 No - Day1 Yes	0	0.06608735364607458	0.10278614175564309	981.65984375031735	0.6429597659496379	0.520400355240166	0.6116986631770374
CXCL5	Day*srf14	Day1 No - Day4 Yes	0	0.01215618286603733	0.1049389990254889	1030.7135016741922	0.11584046902414882	0.9078015411819639	0.9078015411819639
CXCL5	Day*srf14	Day1 No - Day7 Yes	0	-0.07884217345672775	0.10463044850796883	1023.662381669182	-0.7535299196459336	0.45130481308158377	0.5558248376127916
CXCL5	Day*srf14	Day4 No - Day7 No	0	-0.3098281804937477	0.0477236160560617	1028.9333592180717	-6.492135468732871	1.3140978246551402e-10	8.804455425189439e-10
CXCL5	Day*srf14	Day4 No - Day1 Yes	0	0.07159894784313153	0.10261004269218858	977.088951821694	0.6977771957264974	0.4854825512940205	0.524634369946764
CXCL5	Day*srf14	Day4 No - Day4 Yes	0	0.017667777063094275	0.10476621798015946	1026.338558280282	0.16864001969070014	0.8661130278198016	0.8927626594450262
CXCL5	Day*srf14	Day4 No - Day7 Yes	0	-0.0733305792596708	0.10445752949654667	1019.2701739526178	-0.7020133408582585	0.4828311122293003	0.5577531813683296
CXCL5	Day*srf14	Day7 No - Day1 Yes	0	0.38142712833687925	0.10284155976594044	983.0312274502717	3.708881207217961	2.1983048213041127e-4	3.2018787614646857e-4
CXCL5	Day*srf14	Day7 No - Day4 Yes	0	0.327495957556842	0.10499287454059542	1031.99913457491	3.119220794647507	0.0018635833015815115	0.0033745967893503044
CXCL5	Day*srf14	Day7 No - Day7 Yes	0	0.23649760123407693	0.10468496072977317	1024.9784903099253	2.2591363609960764	0.024084309851592232	0.04361212865018053
CXCL5	Day*srf14	Day1 Yes - Day4 Yes	0	-0.05393117078003726	0.08084539659036619	1053.0259046273422	-0.6670901876244105	0.5048606738548376	0.5832011232461055
CXCL5	Day*srf14	Day1 Yes - Day7 Yes	0	-0.14492952710280232	0.08061841838947897	1054.1286579631608	-1.7977222823031245	0.07250711233872928	0.09525444169989924
CXCL5	Day*srf14	Day4 Yes - Day7 Yes	0	-0.09099835632276508	0.08212376352327731	1040.8652454278788	-1.108063639788894	0.26809031053457194	0.4082284274049164
TRANCE	Day*srf14	Day1 No - Day4 No	0	-0.3371970318661477	0.05053175596699716	1038.4626526111747	-6.672972775503284	4.070985496220624e-11	1.0910241129871274e-10
TRANCE	Day*srf14	Day1 No - Day7 No	0	-0.7497942036606252	0.051278216090946606	1046.9900114696943	-14.622080501607089	3.3733906558130545e-44	2.0547015812679514e-43
TRANCE	Day*srf14	Day1 No - Day1 Yes	0	0.3523820994176393	0.09272492596619973	1186.6864444875607	3.80029529002903	1.518581412398565e-4	9.249541330063987e-4
TRANCE	Day*srf14	Day1 No - Day4 Yes	0	0.10468517197029445	0.09522560342803267	1235.8012813553355	1.0993384993292366	0.2718345590818792	0.35024837420165206
TRANCE	Day*srf14	Day1 No - Day7 Yes	0	0.00358982183379028	0.094866525257946	1228.8876106775233	0.03784076442169043	0.9698207883453209	0.9887560004180826
TRANCE	Day*srf14	Day4 No - Day7 No	0	-0.4125971717944775	0.05080642617070209	1040.3507899013362	-8.120964273460446	1.3000508136871342e-15	4.3551702258519e-14
TRANCE	Day*srf14	Day4 No - Day1 Yes	0	0.689579131283787	0.09251165916818578	1181.483984388478	7.45396999128656	1.7458048455601586e-13	7.310557790783164e-13
TRANCE	Day*srf14	Day4 No - Day4 Yes	0	0.44188220383644217	0.09501746404590593	1231.0816451574615	4.6505367015789325	3.667888442722908e-6	2.3984283454146534e-5
TRANCE	Day*srf14	Day4 No - Day7 Yes	0	0.340786853699938	0.0946580842245482	1224.1056735048357	3.6001875221932695	3.3070447447747475e-4	0.001166168409999516
TRANCE	Day*srf14	Day7 No - Day1 Yes	0	1.1021763030782645	0.09279097864866019	1188.1929663149638	11.878054517039828	7.910515859542813e-31	8.833409376489474e-30
TRANCE	Day*srf14	Day7 No - Day4 Yes	0	0.8544793756309197	0.09528929047700732	1237.1294157834607	8.967213118635824	1.0981013373452096e-18	1.471455792042581e-17
TRANCE	Day*srf14	Day7 No - Day7 Yes	0	0.7533840254944155	0.0949311359881486	1230.258929823824	7.9361109255921	4.663199246568042e-15	1.0414478317335294e-13
TRANCE	Day*srf14	Day1 Yes - Day4 Yes	0	-0.2476969274473449	0.08579036983715237	1070.892759912488	-2.887234638544212	0.003964568404954137	0.008854202771064239
TRANCE	Day*srf14	Day1 Yes - Day7 Yes	0	-0.34879227758384906	0.08553849035716739	1071.9158286847887	-4.077606187898116	4.886729591686412e-5	9.36610478842825e-5
TRANCE	Day*srf14	Day4 Yes - Day7 Yes	0	-0.10109535013650417	0.08728187679432983	1057.0866547685434	-1.1582627900488927	0.2470184219279445	0.3986525182298117
HGF	Day*srf14	Day1 No - Day4 No	0	0.03647930654694484	0.05656785340233724	1039.3383994766507	0.6448769814100389	0.5191492223283183	0.5702130802622513
HGF	Day*srf14	Day1 No - Day7 No	0	-0.036064084102243224	0.057399389302550057	1048.0932217133409	-0.6283008328215962	0.5299437704514829	0.5462497326192207
HGF	Day*srf14	Day1 No - Day1 Yes	0	-0.20117377233876493	0.10270208296759445	1202.6004692717768	-1.9588090769516449	0.050365972909219445	0.1205185780327751
HGF	Day*srf14	Day1 No - Day4 Yes	0	-0.4495695202764998	0.10551305706481619	1250.9765471991618	-4.260795135528405	2.1897411354316025e-5	1.047947543385124e-4
HGF	Day*srf14	Day1 No - Day7 Yes	0	-0.5878459999560827	0.10510938925738215	1244.1826194559967	-5.592706837222884	2.7458687549239474e-8	1.149832541124403e-7
HGF	Day*srf14	Day4 No - Day7 No	0	-0.07254339064918806	0.05687443413453953	1041.2922013200068	-1.2755008775574412	0.20241648865494347	0.23792815333124936
HGF	Day*srf14	Day4 No - Day1 Yes	0	-0.23765307888570975	0.10246161372713918	1197.4226660466672	-2.3194352522945105	0.020539008078018096	0.029279011515472606
HGF	Day*srf14	Day4 No - Day4 Yes	0	-0.48604882682344464	0.10527845068220067	1246.3007030323918	-4.616793120281171	4.300314816609426e-6	2.3984283454146534e-5
HGF	Day*srf14	Day4 No - Day7 Yes	0	-0.6243253065030274	0.10487442905603575	1239.4410695943143	-5.953074663886298	3.4215311728203334e-9	3.820709809649372e-8
HGF	Day*srf14	Day7 No - Day1 Yes	0	-0.1651096882365217	0.10277647689084538	1204.0960955792389	-1.6064929761299158	0.10842782705465137	0.12972615022610073
HGF	Day*srf14	Day7 No - Day4 Yes	0	-0.4135054361742566	0.1055847466250133	1252.2882414272942	-3.9163368705408828	9.475449411322353e-5	1.9839222204956177e-4
HGF	Day*srf14	Day7 No - Day7 Yes	0	-0.5517819158538394	0.1051821289985752	1245.5376057070005	-5.245966411854184	1.8254670998414183e-7	8.736163977812501e-7
HGF	Day*srf14	Day1 Yes - Day4 Yes	0	-0.2483957479377349	0.09601231901253089	1072.2401528367473	-2.587123720085502	0.0098087916303202	0.019329089389160396
HGF	Day*srf14	Day1 Yes - Day7 Yes	0	-0.3866722276173177	0.09572962428556904	1073.2443672560646	-4.039211795753463	5.744928012642035e-5	1.0691949356861565e-4
HGF	Day*srf14	Day4 Yes - Day7 Yes	0	-0.1382764796795828	0.09769267179247611	1058.3935293626214	-1.415423256857146	0.15723860661912456	0.298210007072656
IL-12B	Day*srf14	Day1 No - Day4 No	0	0.6971340806411128	0.0444133119335061	1036.2497253434915	15.696511930585926	5.66313238399016e-50	1.2647662324244689e-48
IL-12B	Day*srf14	Day1 No - Day7 No	0	0.7234253851673764	0.045077414905295723	1044.1995247851569	16.048510915881913	5.674157691647663e-52	4.224095170448816e-51
IL-12B	Day*srf14	Day1 No - Day1 Yes	0	-0.12933738469083278	0.08385503279268504	1145.6374658854565	-1.5423926314666627	0.12325436984132115	0.21731691524653993
IL-12B	Day*srf14	Day1 No - Day4 Yes	0	0.8866768206227327	0.08602650915855412	1196.164716513542	10.307018491108508	6.3409883735478036e-24	4.248462210277029e-22
IL-12B	Day*srf14	Day1 No - Day7 Yes	0	1.1333901246865168	0.08571478258146885	1189.0132959262464	13.222808138249313	2.432759399283657e-37	1.6299487975200503e-35
IL-12B	Day*srf14	Day4 No - Day7 No	0	0.0262913045262637	0.04465646412604812	1037.974200194379	0.5887457737821203	0.5561599207234283	0.6108641752208148
IL-12B	Day*srf14	Day4 No - Day1 Yes	0	-0.8264714653319455	0.08367132045083382	1140.4251219743912	-9.877595583275026	3.9083800200382407e-22	4.364357689042702e-21
IL-12B	Day*srf14	Day4 No - Day4 Yes	0	0.18954273998161997	0.08584704618226151	1191.3810626357158	2.207912192799302	0.027440345268237864	0.04838166139399834
IL-12B	Day*srf14	Day4 No - Day7 Yes	0	0.4362560440454041	0.08553508561892298	1184.1765926847047	5.100316915435353	3.945546164719591e-7	2.643515930362126e-6
IL-12B	Day*srf14	Day7 No - Day1 Yes	0	-0.8527627698582092	0.0839121012395157	1147.1569045301324	-10.162571992138698	2.727118042566064e-23	1.6610628077447843e-22
IL-12B	Day*srf14	Day7 No - Day4 Yes	0	0.16325143545535625	0.08608161543354605	1197.521977595116	1.8964727210699752	0.05813804374446695	0.07790497861758572
IL-12B	Day*srf14	Day7 No - Day7 Yes	0	0.40996473951914036	0.08577066516439102	1190.4127524152873	4.779778013069944	1.9738555780817466e-6	7.779313160675119e-6
IL-12B	Day*srf14	Day1 Yes - Day4 Yes	0	1.0160142053135655	0.07545458010795492	1067.4118066093108	13.465242320080852	2.7571953324706885e-38	1.8473208727553614e-36
IL-12B	Day*srf14	Day1 Yes - Day7 Yes	0	1.2627275093773496	0.07523475069463147	1068.4751018743625	16.783833238214665	2.7194480047147566e-56	9.110150815794434e-55
IL-12B	Day*srf14	Day4 Yes - Day7 Yes	0	0.24671330406378408	0.0767436240201147	1053.76696513211	3.214772656541733	0.0013451357730182173	0.009012409679222056
MMP-10	Day*srf14	Day1 No - Day4 No	0	0.3663309180407013	0.04391024795810508	1026.6735560441196	8.34272032328806	2.3192686547768824e-16	7.769549993502556e-16
MMP-10	Day*srf14	Day1 No - Day7 No	0	0.3756724124614963	0.044599723200602515	1032.0943310930984	8.42320053807915	1.2153392402222526e-16	2.8078527274100316e-16
MMP-10	Day*srf14	Day1 No - Day1 Yes	0	-0.23870425655993638	0.09730362957580735	959.4598592242332	-2.4531896456541387	0.014336564284427233	0.04366135486621021
MMP-10	Day*srf14	Day1 No - Day4 Yes	0	0.1473395993448807	0.09926669860438082	1007.4419367412158	1.4842802411722225	0.1380473858459306	0.201069018514725
MMP-10	Day*srf14	Day1 No - Day7 Yes	0	0.2837805980506931	0.09898543048558148	1000.5354446727256	2.866892598825738	0.004232181218357315	0.008592610352422427
MMP-10	Day*srf14	Day4 No - Day7 No	0	0.009341494420795037	0.04415736667962588	1027.7357211945582	0.21155007925563604	0.8325000010909723	0.8715234386421117
MMP-10	Day*srf14	Day4 No - Day1 Yes	0	-0.6050351746006376	0.09714383124820115	955.0484879554605	-6.228240813920351	7.059728239741832e-10	2.627787733681682e-9
MMP-10	Day*srf14	Day4 No - Day4 Yes	0	-0.21899131869582056	0.09910980311683723	1003.1984411689065	-2.2095828243918416	0.02735937191467482	0.04838166139399834
MMP-10	Day*srf14	Day4 No - Day7 Yes	0	-0.08255031999000811	0.09882841918507164	996.2785686507845	-0.8352892889586725	0.40375510879961296	0.49147072854999735
MMP-10	Day*srf14	Day7 No - Day1 Yes	0	-0.6143766690214327	0.097354014383405435	960.7889396211759	-6.310748179339145	4.2336505881286003e-10	1.0130521050164864e-9
MMP-10	Day*srf14	Day7 No - Day4 Yes	0	-0.2283328131166156	0.09931573219578221	1008.6952946777819	-2.299059857571211	0.02170518500506603	0.03305107716680509
MMP-10	Day*srf14	Day7 No - Day7 Yes	0	-0.09189181441080316	0.09903502448985682	1001.8170735703218	-0.9278718805205599	0.35369752250992526	0.46466145114049007
MMP-10	Day*srf14	Day1 Yes - Day4 Yes	0	0.3860438559048171	0.07483071161191635	1050.9708244336375	5.158895961151623	2.968131562093837e-7	1.2429050916267944e-6
MMP-10	Day*srf14	Day1 Yes - Day7 Yes	0	0.5224848546106295	0.07462185444259305	1052.0630980683911	7.001767223737112	4.498714457130166e-12	1.883836678923257e-11
MMP-10	Day*srf14	Day4 Yes - Day7 Yes	0	0.13644099870581244	0.07600023398106075	1039.1228550114747	1.7952707716638547	0.07290106148245912	0.16842659032154347
IL10	Day*srf14	Day1 No - Day4 No	0	0.799812608105562	0.0514956715170977	1038.0964238927193	15.531647312143635	4.503028460150957e-49	7.542572670752853e-48
IL10	Day*srf14	Day1 No - Day7 No	0	0.9285177969670563	0.05225792084036771	1046.5284647805256	17.767982002257607	6.233126366026233e-62	6.960324442062627e-61
IL10	Day*srf14	Day1 No - Day1 Yes	0	-0.3650617656087419	0.09492505804018359	1179.9727590052091	-3.8457892272681495	1.265858427458967e-4	8.481251463975079e-4
IL10	Day*srf14	Day1 No - Day4 Yes	0	0.3626569387617238	0.09746876950919914	1229.367257688178	3.7207501498979743	2.0759931637856486e-4	8.230519106833069e-4
IL10	Day*srf14	Day1 No - Day7 Yes	0	0.6286461441083595	0.09710352585211211	1222.4076660340427	6.473978556306828	1.3790952482443758e-10	1.1549922704046648e-9
IL10	Day*srf14	Day4 No - Day7 No	0	0.1287051888614943	0.05177592006076686	1039.9572466091533	2.485811719240128	0.013081798794668325	0.020383267889366927
IL10	Day*srf14	Day4 No - Day1 Yes	0	-1.164874373714304	0.09470840373022744	1174.7634543647057	-12.299588292422236	8.607591230965312e-33	1.922362041582253e-31
IL10	Day*srf14	Day4 No - Day4 Yes	0	-0.43715566934383815	0.09725729257997587	1224.6323524500797	-4.494836919137551	7.621496501571295e-6	3.6474304686091193e-5
IL10	Day*srf14	Day4 No - Day7 Yes	0	-0.17116646399720242	0.0968917475952865	1217.611933023357	-1.7665742258273518	0.0775500728205644	0.1298963719744454
IL10	Day*srf14	Day7 No - Day1 Yes	0	-1.2935795625757982	0.09499219207743075	1181.482876905767	-13.617746198775642	2.4705945698102092e-39	4.1382459044321e-38
IL10	Day*srf14	Day7 No - Day4 Yes	0	-0.5658608582053325	0.09753351459846626	1230.7014633591516	-5.801706834157607	8.339596740025018e-9	2.940805166219348e-8
IL10	Day*srf14	Day7 No - Day7 Yes	0	-0.2998716528586967	0.09716920582138913	1223.78496325902	-3.0860770171354863	0.0020736977570221084	0.004962062490017188
IL10	Day*srf14	Day1 Yes - Day4 Yes	0	0.7277187043704657	0.08743673881950492	1070.3242873528086	8.322802453470853	2.595708821055625e-16	2.8985415168454475e-15
IL10	Day*srf14	Day1 Yes - Day7 Yes	0	0.9937079097171014	0.08718034000984833	1071.354759973251	11.398302755011592	1.7310618688410012e-28	2.319622904246942e-27
IL10	Day*srf14	Day4 Yes - Day7 Yes	0	0.2659892053466357	0.08895257814718903	1056.5389725941902	2.9902360435973625	0.0028522096781147545	0.014699849879514506
TNF	Day*srf14	Day1 No - Day4 No	0	0.2020142215980377	0.05253961235921967	1033.2551916321593	3.844988809906744	1.279273452043643e-4	2.6784787902163774e-4
TNF	Day*srf14	Day1 No - Day7 No	0	0.30632066489196336	0.05333783325533992	1040.4181934572744	5.743027907143117	1.2199639754226296e-8	1.9008741012399115e-8
TNF	Day*srf14	Day1 No - Day1 Yes	0	-0.15261513733474244	0.10353839453643927	1088.5270397704342	-1.4739955937894238	0.14077190447510318	0.21934226976353288
TNF	Day*srf14	Day1 No - Day4 Yes	0	0.012654972350296764	0.1060546308954654	1139.8332829535996	0.11932503317813967	0.9050388782403351	0.9078015411819639
TNF	Day*srf14	Day1 No - Day7 Yes	0	0.13378177722299434	0.10569357953958831	1132.5243681788484	1.2657512197596201	0.20586248564091816	0.2934635433604578
TNF	Day*srf14	Day4 No - Day7 No	0	0.10430644329392565	0.05282991856067649	1034.7639359456703	1.974382057283073	0.048603898811424684	0.06385218079147949
TNF	Day*srf14	Day4 No - Day1 Yes	0	-0.35462935893278014	0.10332792542261791	1083.421665417956	-3.4320766383562145	6.2159197116574e-4	0.0012249018255324877
TNF	Day*srf14	Day4 No - Day4 Yes	0	-0.18935924924774092	0.10584874224433549	1135.0746557144876	-1.7889607871828492	0.07388770629041433	0.11512735631297118
TNF	Day*srf14	Day4 No - Day7 Yes	0	-0.06823244437504336	0.10548746130459728	1127.7259536185295	-0.6468299031106715	0.5178736624468451	0.5880938200667564
TNF	Day*srf14	Day7 No - Day1 Yes	0	-0.45893580222670577	0.10360405671715259	1090.0296814995481	-4.4297088045465	1.0387033786291113e-5	1.69739332605245e-5
TNF	Day*srf14	Day7 No - Day4 Yes	0	-0.2936656925416666	0.10611817425818254	1141.1994485679272	-2.76734588202758	0.005742821473790906	0.009269116339379522
TNF	Day*srf14	Day7 No - Day7 Yes	0	-0.17253888766896902	0.10575797505918011	1133.9298496498786	-1.63145037121238	0.10307299803019586	0.15072218688567546
TNF	Day*srf14	Day1 Yes - Day4 Yes	0	0.16527010968503922	0.08934490886353838	1062.5198273459166	1.8497988501780864	0.06462007469354444	0.10068709312715066
TNF	Day*srf14	Day1 Yes - Day7 Yes	0	0.2863969145577368	0.08908763997778457	1063.6191740775512	3.2147772084786896	0.0013447441548587052	0.0021975087408666644
TNF	Day*srf14	Day4 Yes - Day7 Yes	0	0.12112680487269757	0.09083295111286692	1049.2357927309085	1.3335117200165412	0.18265335049026776	0.33075066169859296
CCL23	Day*srf14	Day1 No - Day4 No	0	0.5508926737124515	0.049113186871268345	1031.1092104298186	11.216797540676977	1.2457524610774192e-27	8.346541489218709e-27
CCL23	Day*srf14	Day1 No - Day7 No	0	0.657580546071487	0.04986763921499427	1037.705573177187	13.186518480180323	8.011380180667453e-37	3.834017657890852e-36
CCL23	Day*srf14	Day1 No - Day1 Yes	0	-0.19202400752681908	0.10015971255230574	1046.795897901412	-1.9171781011905327	0.055487263812117583	0.1239215558470626
CCL23	Day*srf14	Day1 No - Day4 Yes	0	0.12188107113843505	0.10246889941356045	1097.7972534808032	1.1894445225426677	0.2345219817937074	0.308097505493694
CCL23	Day*srf14	Day1 No - Day7 Yes	0	0.35407459035449784	0.10213769306253269	1090.5027467163115	3.4666397853505417	5.475360514476656e-4	0.0012228305148997865
CCL23	Day*srf14	Day4 No - Day7 No	0	0.10668787235903537	0.049386266640359666	1032.4678953758594	2.1602740927140145	0.03098099740376299	0.04236177196024735
CCL23	Day*srf14	Day4 No - Day1 Yes	0	-0.7429166812392707	0.09996820421104789	1041.850517859326	-7.431529725900267	2.2334442355388022e-13	8.802397869476457e-13
CCL23	Day*srf14	Day4 No - Day4 Yes	0	-0.4290116025740165	0.10228135207030022	1093.1377885589761	-4.19442639239993	2.9571493020980763e-5	1.0696886593248565e-4
CCL23	Day*srf14	Day4 No - Day7 Yes	0	-0.1968180833579537	0.10194996077298603	1085.8128776910262	-1.930536136215024	0.05380058550309029	0.09742268185694727
CCL23	Day*srf14	Day7 No - Day1 Yes	0	-0.849604553598306	0.1002196558444283	1048.2621182490009	-8.477424377880057	7.729714076684729e-17	3.2368177696117304e-16
CCL23	Day*srf14	Day7 No - Day4 Yes	0	-0.5356994749330519	0.10252700732010664	1099.1468975364737	-5.22495963683508	2.0830817118407932e-7	6.343930667878779e-7
CCL23	Day*srf14	Day7 No - Day7 Yes	0	-0.3035059557169891	0.10219654715484207	1091.8886930367364	-2.9698259301963996	0.00304481756049446	0.00680009255177096
CCL23	Day*srf14	Day1 Yes - Day4 Yes	0	0.31390507866525413	0.0835757361663403	1058.8788558664762	3.7559355509653027	1.821024348282042e-4	5.083692972287367e-4
CCL23	Day*srf14	Day1 Yes - Day7 Yes	0	0.546098597881317	0.08333731122766241	1059.9897429590023	6.552870375064954	8.791214575418974e-11	3.100059876595112e-10
CCL23	Day*srf14	Day4 Yes - Day7 Yes	0	0.23219351921606282	0.08494079952857579	1045.961470788994	2.733592343193665	0.006370471775564473	0.025107153468401158
CD5	Day*srf14	Day1 No - Day4 No	0	-0.15003667417577385	0.05210933959203768	1036.3823660584592	-2.879266468360683	0.004067991264112636	0.006489414635608253
CD5	Day*srf14	Day1 No - Day7 No	0	-0.541684070145364	0.05288795950613002	1044.3668865656302	-10.24210567402548	1.592324581167572e-23	4.638510736444666e-23
CD5	Day*srf14	Day1 No - Day1 Yes	0	0.17553164258057438	0.09821074422215399	1148.1287244930716	1.7872957177019198	0.07415341491577696	0.160267058043776
CD5	Day*srf14	Day1 No - Day4 Yes	0	0.08520019547938228	0.10076052662065262	1198.5905518084921	0.8455711610177216	0.39796078456693074	0.4677784660699011
CD5	Day*srf14	Day1 No - Day7 Yes	0	-0.0032729335025873108	0.1003944858482746	1191.4506142791508	-0.03260072976053356	0.9739984481730366	0.9887560004180826
CD5	Day*srf14	Day4 No - Day7 No	0	-0.3916473959695901	0.05239450547231029	1038.1165543089378	-7.474970751972645	1.6379093758191975e-13	1.5677132597126605e-12
CD5	Day*srf14	Day4 No - Day1 Yes	0	0.32556831675634823	0.09799492047214967	1142.914840835695	3.322297882254778	9.210513654246081e-4	0.0017141789300957984
CD5	Day*srf14	Day4 No - Day4 Yes	0	0.23523686965515614	0.10054970728327796	1193.8087988306524	2.3395082493122037	0.019473306838180677	0.038373869357591336
CD5	Day*srf14	Day4 No - Day7 Yes	0	0.14676374067318654	0.10018338983273786	1186.615237420149	1.4649508358443186	0.1431992234510813	0.21320773269383217
CD5	Day*srf14	Day7 No - Day1 Yes	0	0.7172157127259383	0.09827777548816073	1149.6479894672493	7.2978423571699524	5.440504464976719e-13	1.7357799959687629e-12
CD5	Day*srf14	Day7 No - Day4 Yes	0	0.6268842656247462	0.10082524720999463	1199.9465890306237	6.217532641592217	6.958452037818634e-10	3.5862791271834502e-9
CD5	Day*srf14	Day7 No - Day7 Yes	0	0.5384111366427766	0.10046011992860378	1192.8489345864823	5.3594514621864	1.0013014354736574e-7	5.625931092656106e-7
CD5	Day*srf14	Day1 Yes - Day4 Yes	0	-0.0903314471011921	0.08852583187796259	1067.6235935364473	-1.020396478462	0.30777162702876565	0.37492180019867816
CD5	Day*srf14	Day1 Yes - Day7 Yes	0	-0.1788045760831617	0.08826779564908095	1068.6847894901493	-2.0257056921872207	0.043043055617740585	0.058854790334461615
CD5	Day*srf14	Day4 Yes - Day7 Yes	0	-0.08847312898196959	0.09003981410231521	1053.966638794569	-0.9826000849072685	0.3260298021179966	0.46485770736843457
CCL3	Day*srf14	Day1 No - Day4 No	0	-0.3655927368288629	0.058864931920645736	1045.884260767441	-6.210705166901557	7.598702927543346e-10	1.9581272928669392e-09
CCL3	Day*srf14	Day1 No - Day7 No	0	-0.711584375745455	0.05969756798719747	1056.3138303736998	-11.919821857702123	7.999741594278114e-31	2.9776815934257424e-30
CCL3	Day*srf14	Day1 No - Day1 Yes	0	-0.08094059597597898	0.09964035483801476	1314.0415265821453	-0.8123274561553303	0.4167508954287442	0.5268360376174691
CCL3	Day*srf14	Day1 No - Day4 Yes	0	-0.48310771248076	0.10262778628163852	1354.2747166396805	-4.707377309639918	2.7666306057088076e-6	1.5447020881874175e-5
CCL3	Day*srf14	Day1 No - Day7 Yes	0	-0.7373782399690167	0.1021986699572192	1348.737844167493	-7.215145170457565	8.958968494734853e-13	1.0559118964063772e-11
CCL3	Day*srf14	Day4 No - Day7 No	0	-0.345991638916592	0.05917654175962634	1048.3421333136373	-5.846770166496068	6.689022458712285e-9	2.4898028040762393e-8
CCL3	Day*srf14	Day4 No - Day1 Yes	0	0.28465214085288393	0.09937929131180266	1309.3951176835235	2.8643003697801332	0.00424599578259843	0.006938578474002312
CCL3	Day*srf14	Day4 No - Day4 Yes	0	-0.11751497565189709	0.1023736515013668	1350.2146790580548	-1.1479025503972389	0.2512121334986168	0.3300237832236731
CCL3	Day*srf14	Day4 No - Day7 Yes	0	-0.3717855031401539	0.10194403494136034	1344.5942614875707	-3.6469569146837304	2.754997507893295e-4	0.0010757867953560337
CCL3	Day*srf14	Day7 No - Day1 Yes	0	0.6306437797694759	0.09972051443435444	1315.3620364442031	6.324112780070202	3.4822892308937146e-10	8.641236239625143e-10
CCL3	Day*srf14	Day7 No - Day4 Yes	0	0.22847666326469496	0.10270474773382235	1355.3898909877792	2.2245968984494557	0.026272461405724663	0.03911677587074561
CCL3	Day*srf14	Day7 No - Day7 Yes	0	-0.02579386422356186	0.10227681774481688	1349.8920645175574	-0.2521965856223467	0.8009275095788775	0.8384709865903873
CCL3	Day*srf14	Day1 Yes - Day4 Yes	0	-0.402167116504781	0.09971492430977315	1081.8050678381826	-4.033168748696169	5.8893087446023763e-05	1.9729184294417962e-4
CCL3	Day*srf14	Day1 Yes - Day7 Yes	0	-0.6564376439930378	0.09941607524122921	1082.6224812397618	-6.602932598176076	6.303297564376194e-11	2.346227426740028e-10
CCL3	Day*srf14	Day4 Yes - Day7 Yes	0	-0.2542705274882568	0.10154040261088809	1068.0348689813957	-2.504131566846787	0.012423443853992099	0.039636701819879556
Flt3L	Day*srf14	Day1 No - Day4 No	0	-0.07942191760287409	0.0540863187930868	1040.2293357748508	-1.4684289738170466	0.1422900508415881	0.17333515284338916
Flt3L	Day*srf14	Day1 No - Day7 No	0	-0.40657480268255497	0.054877372986867595	1049.2148515484596	-7.408787639667995	2.6161923585438987e-13	4.869024667290034e-13
Flt3L	Day*srf14	Day1 No - Day1 Yes	0	0.030186095429027393	0.09717241154232119	1218.576118838332	0.3106447082038356	0.7561238600734288	0.7793892096141496
Flt3L	Day*srf14	Day1 No - Day4 Yes	0	0.18561246301149575	0.09987044273606822	1266.1034385597527	1.8585324939634196	0.06332536022995083	0.101019027033493
Flt3L	Day*srf14	Day1 No - Day7 Yes	0	0.0417173103328548	0.09948296590057142	1259.445025739098	0.4193412405350812	0.6750382736756564	0.7537927389378163
Flt3L	Day*srf14	Day4 No - Day7 No	0	-0.3271528850796809	0.05437856304071187	1042.2504249350734	-6.016210557729334	2.468731439633958e-9	1.1027000430365013e-8
Flt3L	Day*srf14	Day4 No - Day1 Yes	0	0.10960801303190149	0.09694089290731403	1213.4352597750265	1.1306684903005648	0.25841807351246393	0.2985174297471566
Flt3L	Day*srf14	Day4 No - Day4 Yes	0	0.26503438061436985	0.09964464559751623	1261.482404024131	2.6597955065733725	0.00791788158480871	0.016075698975217684
Flt3L	Day*srf14	Day4 No - Day7 Yes	0	0.1211392279357289	0.09925681454622627	1254.7550161720612	1.2204625797185085	0.2225188765259316	0.3042605046374983
Flt3L	Day*srf14	Day7 No - Day1 Yes	0	0.43676089811158236	0.09724395643424492	1220.057399304011	4.491393749563391	7.746329240160575e-6	1.3307796386942525e-5
Flt3L	Day*srf14	Day7 No - Day4 Yes	0	0.5921872656940507	0.09993934886210569	1267.3957238596759	5.9254665198103185	4.007726663860657e-9	1.4917649248814667e-8
Flt3L	Day*srf14	Day7 No - Day7 Yes	0	0.4482921130154097	0.09955289089242442	1260.7805443610828	4.503054697827193	7.318226916086273e-6	2.4516060168889016e-5
Flt3L	Day*srf14	Day1 Yes - Day4 Yes	0	0.15542636758246836	0.09177543065347196	1073.5938515241683	1.6935509479582966	0.09064072473659089	0.1380211035761725
Flt3L	Day*srf14	Day1 Yes - Day7 Yes	0	0.011531214903827407	0.09150445920529586	1074.5772704576325	0.12601806517381212	0.8997411978212806	0.9274255423696276
Flt3L	Day*srf14	Day4 Yes - Day7 Yes	0	-0.14389515267864095	0.09339227331517953	1059.7190314290772	-1.5407607885614336	0.12367355090666404	0.2589414972108278
CXCL6	Day*srf14	Day1 No - Day4 No	0	-0.0995638196370782	0.05101745786792616	1032.146648560016	-1.9515637155976826	0.051260212622055865	0.06734184795446554
CXCL6	Day*srf14	Day1 No - Day7 No	0	-0.40547102478995	0.05179701745745672	1039.017182533075	-7.828076686519298	1.2159480511229852e-14	2.4687430128860608e-14
CXCL6	Day*srf14	Day1 No - Day1 Yes	0	0.12028857853085115	0.10229188434138059	1067.0361799456948	1.1759347215602154	0.23988325783842424	0.34939517989509616
CXCL6	Day*srf14	Day1 No - Day4 Yes	0	-0.09769365401489838	0.10471307838103473	1118.2775750070941	-0.9329651608503595	0.35103934456379726	0.42762974701408035
CXCL6	Day*srf14	Day1 No - Day7 Yes	0	-0.25453797671224565	0.10436573526955856	1110.9623322062457	-2.438903688598737	0.014887642833099075	0.02849920199478966
CXCL6	Day*srf14	Day4 No - Day7 No	0	-0.3059072051528718	0.05130027747285092	1033.5773760656662	-5.963071161062699	3.394338738543623e-9	1.421379346765142e-8
CXCL6	Day*srf14	Day4 No - Day1 Yes	0	0.21985239816792934	0.1020902484246758	1062.0049748106553	2.1535102672430146	0.031503152058357825	0.04397314974812446
CXCL6	Day*srf14	Day4 No - Day4 Yes	0	0.0018701656221798077	0.10451572037261886	1113.5616778611816	0.017893629929663247	0.9857269162014997	0.9857269162014997
CXCL6	Day*srf14	Day4 No - Day7 Yes	0	-0.15497415707516746	0.1041681704724378	1106.2115444056287	-1.4877304302485814	0.13710698367074148	0.2087765433168109
CXCL6	Day*srf14	Day7 No - Day1 Yes	0	0.5257596033208012	0.1023548962230713	1068.5225284173937	5.136633641589218	3.322859840666666e-7	6.360903123561903e-7
CXCL6	Day*srf14	Day7 No - Day4 Yes	0	0.30777737077505163	0.1047741097460253	1119.6376442091273	2.9375326740652876	0.0033760956567747396	0.005799959205228398
CXCL6	Day*srf14	Day7 No - Day7 Yes	0	0.15093304807770436	0.10442756770597504	1112.3602491311176	1.4453371977662983	0.14864484672554654	0.20748343188774204
CXCL6	Day*srf14	Day1 Yes - Day4 Yes	0	-0.21798223254574953	0.08678721767831261	1060.6535231824223	-2.511685918469321	0.012163249879906841	0.02263715949871551
CXCL6	Day*srf14	Day1 Yes - Day7 Yes	0	-0.37482655524309677	0.08653848868528959	1061.7603984249758	-4.331327724085993	1.6225188232798568e-5	3.3971487862422e-5
CXCL6	Day*srf14	Day4 Yes - Day7 Yes	0	-0.15684432269734727	0.08821836848512013	1047.5471935405185	-1.7779100360918865	0.07570865983015007	0.1690826736206685
CXCL10	Day*srf14	Day1 No - Day4 No	0	0.8945622969125657	0.04557442287995536	1035.0142118367448	19.62860394894905	3.5824023431127604e-73	2.4002095698855494e-71
CXCL10	Day*srf14	Day1 No - Day7 No	0	1.2542714317700454	0.04626042851510891	1042.6400318502124	27.11326877053016	5.925186683735488e-123	3.969875078102777e-121
CXCL10	Day*srf14	Day1 No - Day1 Yes	0	-0.48243942115309574	0.08752526714730258	1122.264491348046	-5.512001698220055	4.3994770022338996e-8	2.9476495914967128e-6
CXCL10	Day*srf14	Day1 No - Day4 Yes	0	0.28690055077970344	0.08973602084951249	1173.2776001598836	3.1971614972858706	0.0014249380814991758	0.004150903014019633
CXCL10	Day*srf14	Day1 No - Day7 Yes	0	0.645466719871483	0.08941871153790046	1166.0371508723204	7.218474844584396	9.455927430504871e-13	1.0559118964063772e-11
CXCL10	Day*srf14	Day4 No - Day7 No	0	0.3597091348574797	0.045824899916586614	1036.6488341810048	7.849643654699629	1.0360179929092356e-14	2.313773517497293e-13
CXCL10	Day*srf14	Day4 No - Day1 Yes	0	-1.3770017180656615	0.08733909477498017	1117.0795710565262	-15.76615514064302	1.0238710163026812e-50	6.859935809227964e-49
CXCL10	Day*srf14	Day4 No - Day4 Yes	0	-0.6076617461328623	0.08955405326772199	1168.4884025467313	-6.785418682460485	1.8356169499437456e-11	2.4597267129246193e-10
CXCL10	Day*srf14	Day4 No - Day7 Yes	0	-0.24909557704108276	0.0892365210884422	1161.2003319054488	-2.791408427881276	0.005333933073213845	0.013236056144641762
CXCL10	Day*srf14	Day7 No - Day1 Yes	0	-1.7367108529231412	0.0875832002902201	1123.781818251411	-19.829269165414015	2.851884033900091e-75	1.9107623027130607e-73
CXCL10	Day*srf14	Day7 No - Day4 Yes	0	-0.967370880990342	0.08979201114900671	1174.6429343411744	-10.773462679046398	7.101801621157735e-26	2.379103543087841e-24
CXCL10	Day*srf14	Day7 No - Day7 Yes	0	-0.6088047118985624	0.08947547587107703	1167.4436965594366	-6.8041517071758735	1.6205965533418865e-11	2.1715993814781279e-10
CXCL10	Day*srf14	Day1 Yes - Day4 Yes	0	0.7693399719327992	0.07745724143309356	1065.4193459899598	9.932447343833488	2.703528913023879e-22	6.037881239086663e-21
CXCL10	Day*srf14	Day1 Yes - Day7 Yes	0	1.1279061410245788	0.07723262443267796	1066.500195233217	14.604011572955812	3.594823594610551e-44	8.028439361296896e-43
CXCL10	Day*srf14	Day4 Yes - Day7 Yes	0	0.3585661690917795	0.07876701940872202	1051.9028377675202	4.552237367662471	5.926951373440099e-6	1.3236858067349554e-4
4E-BP1	Day*srf14	Day1 No - Day4 No	0	0.20702422337291693	0.055924940130548245	1036.8386378171767	3.7018228877786985	2.2532333980680293e-4	4.574746596077514e-4
4E-BP1	Day*srf14	Day1 No - Day7 No	0	0.15329670377751775	0.05675850054797678	1044.9425006252604	2.700858942669552	0.007027917985399103	0.008719824167069257
4E-BP1	Day*srf14	Day1 No - Day1 Yes	0	-0.06010953644958922	0.10476640218804946	1156.66998817167	-0.5737482169302347	0.5662497355864438	0.6323122047381955
4E-BP1	Day*srf14	Day1 No - Day4 Yes	0	0.06581492351267532	0.10751019200235916	1206.887584431443	0.6121738068445743	0.5405380814686205	0.6036008576399595
4E-BP1	Day*srf14	Day1 No - Day7 Yes	0	0.07340020441428008	0.10711627697161646	1199.789918991129	0.6852385696128103	0.4933257536705672	0.5698763016539311
4E-BP1	Day*srf14	Day4 No - Day7 No	0	-0.05372751959539918	0.056230540705967044	1038.606335724453	-0.9554864477712154	0.3395540923882828	0.3855953252544907
4E-BP1	Day*srf14	Day4 No - Day1 Yes	0	-0.26713375982250614	0.10453376709302657	1151.4528886797375	-2.5554781698891493	0.010731815149969261	0.01634162761472592
4E-BP1	Day*srf14	Day4 No - Day4 Yes	0	-0.1412092998602416	0.10728299618351175	1202.1142810540312	-1.3162318809468891	0.18834714159155566	0.2629012184715464
4E-BP1	Day*srf14	Day4 No - Day7 Yes	0	-0.13362401895863685	0.1068887762446551	1194.9610315141406	-1.2501220769221653	0.21149971501279005	0.29521835220535275
4E-BP1	Day*srf14	Day7 No - Day1 Yes	0	-0.21340624022710697	0.10483860962960419	1158.188066347843	-2.0355691570221435	0.04202088599730339	0.05414229541960244
4E-BP1	Day*srf14	Day7 No - Day4 Yes	0	-0.08748178026484243	0.10757988848514452	1208.238893103374	-0.8131796890356752	0.416275250653503	0.4498458353836242
4E-BP1	Day*srf14	Day7 No - Day7 Yes	0	-0.07989649936323766	0.10718696349337296	1201.183785143373	-0.745393812449752	0.456179509730555	0.5526006225554754
4E-BP1	Day*srf14	Day1 Yes - Day4 Yes	0	0.12592445996226453	0.09499443775206771	1068.3490261386298	1.3255982449301205	0.18525618847933326	0.2433757770218692
4E-BP1	Day*srf14	Day1 Yes - Day7 Yes	0	0.1335097408638693	0.09471709068362529	1069.4026902867154	1.4095633628551736	0.15895938823455322	0.19364143657663757
4E-BP1	Day*srf14	Day4 Yes - Day7 Yes	0	0.00758528090160477	0.09662504130102559	1054.6528239948857	0.07850222674651793	0.9374434502396568	0.9662878640931846
SIRT2	Day*srf14	Day1 No - Day4 No	0	0.10482135153660682	0.06957061039428535	1059.5016169686203	1.5066901230640495	0.13218818663046245	0.16401126859705525
SIRT2	Day*srf14	Day1 No - Day7 No	0	-0.09119828286579622	0.07046842545140178	1073.1950481290396	-1.294172280444817	0.19588433605353858	0.2151516477965096
SIRT2	Day*srf14	Day1 No - Day1 Yes	0	-0.04272075136852369	0.10567789771802336	1488.8149220368275	-0.4042543643564332	0.686083743671976	0.7414130778390707
SIRT2	Day*srf14	Day1 No - Day4 Yes	0	-0.05689217487674772	0.10922192968289096	1506.056357830413	-0.5208860074339043	0.6025227563433586	0.6582466261654577
SIRT2	Day*srf14	Day1 No - Day7 Yes	0	-0.023347913578239704	0.10871371911297696	1503.8493050705706	-0.2147651075571814	0.8299795767735785	0.8826766927592025
SIRT2	Day*srf14	Day4 No - Day7 No	0	-0.19601963440240305	0.06991771495471774	1063.0468270793283	-2.8035760969785026	0.005145884363097253	0.008409128105549168
SIRT2	Day*srf14	Day4 No - Day1 Yes	0	-0.14754210290513053	0.10535746143604043	1486.51992392703	-1.4003953862793024	0.16160363757409996	0.19334720924044102
SIRT2	Day*srf14	Day4 No - Day4 Yes	0	-0.16171352641335454	0.10891084983353601	1504.1481928841472	-1.4848247595214288	0.13779978188197395	0.20070837795852728
SIRT2	Day*srf14	Day4 No - Day7 Yes	0	-0.12816926511484653	0.10840170397732136	1501.8758447446373	-1.1823547085722999	0.2372521384026662	0.31791786545957273
SIRT2	Day*srf14	Day7 No - Day1 Yes	0	0.04847753149727253	0.10577526598347578	1489.4600078005128	0.4583068739798366	0.6467988445204447	0.6771175403573405
SIRT2	Day*srf14	Day7 No - Day4 Yes	0	0.034306107989048505	0.1093149070820473	1506.5670091665452	0.31382826830104465	0.7536949196282927	0.7768855325399324
SIRT2	Day*srf14	Day7 No - Day7 Yes	0	0.06785036928755653	0.10880812912089546	1504.3723800533799	0.6235781263380492	0.532999212280703	0.6157059866001224
SIRT2	Day*srf14	Day1 Yes - Day4 Yes	0	-0.014171423508224028	0.11739626450452152	1099.2216646527315	-0.12071443301910356	0.9039392875735631	0.9176353373852838
SIRT2	Day*srf14	Day1 Yes - Day7 Yes	0	0.019372837790283988	0.11703770390207703	1099.4672117084647	0.1655264683464128	0.8685600486138398	0.9237067183670995
SIRT2	Day*srf14	Day4 Yes - Day7 Yes	0	0.033544261298508016	0.11970371399573018	1087.3087136152892	0.2802274063084169	0.7793563459698075	0.8702812529996184
DNER	Day*srf14	Day1 No - Day4 No	0	-0.1645480286900351	0.04805899048739932	1030.8600054475503	-3.423876095216321	6.416372370022171e-4	0.0011744756492778968
DNER	Day*srf14	Day1 No - Day7 No	0	-0.5319727651565949	0.04879818233620296	1037.3904506305025	-10.901487303184421	2.8326364260547216e-26	8.62666547934847e-26
DNER	Day*srf14	Day1 No - Day1 Yes	0	0.07310142285973086	0.09842234183339871	1041.918411676934	0.7427320006617092	0.45781136880136997	0.5576974856307598
DNER	Day*srf14	Day1 No - Day4 Yes	0	0.2006390476364413	0.10067662898318291	1092.8359836348613	1.9929058974546732	0.04652009885913037	0.07792116558904337
DNER	Day*srf14	Day1 No - Day7 Yes	0	0.09805537584559813	0.10035331361553305	1085.5503572028094	0.9771015257280031	0.3287365838176777	0.4494969615466205
DNER	Day*srf14	Day4 No - Day7 No	0	-0.36742473646655976	0.048326398433522266	1032.2015291036485	-7.602981980376393	6.487771105544811e-14	7.244677734525039e-13
DNER	Day*srf14	Day4 No - Day1 Yes	0	0.23764945154976594	0.09823557556800071	1036.9959639154183	2.419179102638433	0.015726822051632557	0.022906458205638726
DNER	Day*srf14	Day4 No - Day4 Yes	0	0.3651870763264764	0.10049370115874781	1088.1924318744473	3.633930008703709	2.9216929889136473e-4	8.511018706835407e-4
DNER	Day*srf14	Day4 No - Day7 Yes	0	0.26260340453563324	0.10017020807334026	1080.877459486089	2.6215719183029598	0.008875469937539984	0.018583015181724342
DNER	Day*srf14	Day7 No - Day1 Yes	0	0.6050741880163257	0.09848082374777638	1043.379101591466	6.144081304254808	1.142468268538429e-9	2.5515124664024915e-9
DNER	Day*srf14	Day7 No - Day4 Yes	0	0.7326118127930361	0.10073333191005081	1094.182439374292	7.272784478599569	6.696876896474644e-13	4.985452800708902e-12
DNER	Day*srf14	Day7 No - Day7 Yes	0	0.630028141002193	0.10041074067129023	1086.9327212511646	6.274509447795884	5.056050953755739e-10	4.234442673770431e-9
DNER	Day*srf14	Day1 Yes - Day4 Yes	0	0.12753762477671043	0.08178840745330564	1058.4484493582488	1.5593606569430245	0.11920997360989122	0.16639725483047316
DNER	Day*srf14	Day1 Yes - Day7 Yes	0	0.024953952985867278	0.08155534583843968	1059.559850480823	0.3059756871769118	0.7596832642004452	0.8209480435714488
DNER	Day*srf14	Day4 Yes - Day7 Yes	0	-0.10258367179084316	0.08312115656022792	1045.579781557037	-1.2341463477654222	0.21742569149637872	0.3735261879553173
EN-RAGE	Day*srf14	Day1 No - Day4 No	0	0.018370960540966583	0.056395561099616215	1040.1591208551436	0.32575188867287647	0.7446776012166616	0.7919587187542274
EN-RAGE	Day*srf14	Day1 No - Day7 No	0	-0.21165010014291588	0.057220719710715566	1049.1264829713525	-3.698836736289438	2.2781996985684428e-4	3.0527875960817137e-4
EN-RAGE	Day*srf14	Day1 No - Day1 Yes	0	-0.19588107065013582	0.10140377511462383	1217.3252568317034	-1.9316940659134008	0.053629149475069623	0.12390182809757465
EN-RAGE	Day*srf14	Day1 No - Day4 Yes	0	-0.6366936184460377	0.10421618143740295	1264.9229006751818	-6.1093547054251385	1.329441006066346e-9	2.2268136851611294e-8
EN-RAGE	Day*srf14	Day1 No - Day7 Yes	0	-0.6653547969451663	0.10381228079238791	1258.2533268885345	-6.409210855079814	2.0634036410086313e-10	1.5360893771953144e-9
EN-RAGE	Day*srf14	Day4 No - Day7 No	0	-0.23002106068388245	0.05670035625763703	1042.1748899639085	-4.056783340808386	5.3465954719817706e-5	1.1940729887425955e-4
EN-RAGE	Day*srf14	Day4 No - Day1 Yes	0	-0.21425203119110242	0.10116249995031669	1212.1810567270643	-2.117899728618082	0.0343866577673813	0.04701849123294994
EN-RAGE	Day*srf14	Day4 No - Day4 Yes	0	-0.6550645789870042	0.1039808626781453	1260.2971796452387	-6.299857128658789	4.1084306178693164e-10	3.9323550199606316e-9
EN-RAGE	Day*srf14	Day4 No - Day7 Yes	0	-0.683725757486133	0.10357659401024205	1253.558880705353	-6.6011608512491105	6.007589128965032e-11	1.312090810629454e-9
EN-RAGE	Day*srf14	Day7 No - Day1 Yes	0	0.015769029492780046	0.10147834149855617	1218.8077853084417	0.1553930549111744	0.8765371896421533	0.8898180561518829
EN-RAGE	Day*srf14	Day7 No - Day4 Yes	0	-0.42504351830312176	0.10428800069017735	1266.216810862201	-4.0756704078147665	4.8738245710535916e-5	1.1662365937878237e-4
EN-RAGE	Day*srf14	Day7 No - Day7 Yes	0	-0.45370469680225045	0.1038851612364376	1259.5904811732653	-4.367367691422652	1.360718349290505e-5	3.798672058435993e-5
EN-RAGE	Day*srf14	Day1 Yes - Day4 Yes	0	-0.44081254779590184	0.0956958765667319	1073.487783452368	-4.6063901978943544	4.587857626918039e-6	1.8081556529618154e-5
EN-RAGE	Day*srf14	Day1 Yes - Day7 Yes	0	-0.46947372629503054	0.09541339044055952	1074.472898938728	-4.920417607290693	9.986852566566726e-7	2.4782189702221135e-6
EN-RAGE	Day*srf14	Day4 Yes - Day7 Yes	0	-0.02866117849912871	0.09738091973373925	1059.614716928609	-0.294320269078323	0.7685708313954343	0.8702812529996184
CD40	Day*srf14	Day1 No - Day4 No	0	0.0012782788104438725	0.053167118798544834	1035.2664834059551	0.02404265717853529	0.9808232162461031	0.9808232162461031
CD40	Day*srf14	Day1 No - Day7 No	0	-0.25491625975488547	0.05396633515266461	1042.9585339704395	-4.723616288446426	2.6334320429605994e-6	4.009998792690004e-6
CD40	Day*srf14	Day1 No - Day1 Yes	0	-0.1544406303828937	0.1017454594702485	1127.0604336622332	-1.517911769105076	0.12931707909311452	0.21753943342272258
CD40	Day*srf14	Day1 No - Day4 Yes	0	-0.29389239179953586	0.10432886035580982	1177.992712475036	-2.8169807548671235	0.004928695331164752	0.012775312277173729
CD40	Day*srf14	Day1 No - Day7 Yes	0	-0.5743969799692883	0.10395805106598778	1170.7677670219891	-5.5252765329804765	4.051595625884909e-8	1.596805334907582e-7
CD40	Day*srf14	Day4 No - Day7 No	0	-0.25619453856532937	0.05345909663282916	1036.9193587549053	-4.792346947516517	1.8887471696266931e-6	5.5020026245647145e-6
CD40	Day*srf14	Day4 No - Day1 Yes	0	-0.15571890919333758	0.10152769828979251	1121.8679967373016	-1.5337578987446956	0.1253711681074568	0.15555311598517788
CD40	Day*srf14	Day4 No - Day4 Yes	0	-0.29517067060997976	0.10411604211743378	1173.202850700394	-2.83501624348199	0.004660972801632607	0.01007371540998015
CD40	Day*srf14	Day4 No - Day7 Yes	0	-0.5756752587797321	0.10374496876814839	1165.9291665711232	-5.548946282554331	3.5549222621094056e-8	2.977247394516627e-7
CD40	Day*srf14	Day7 No - Day1 Yes	0	0.10047562937199175	0.10181319809642184	1128.5787405174049	0.9868625212699502	0.3239215613912595	0.3444880097335617
CD40	Day*srf14	Day7 No - Day4 Yes	0	-0.0389761320446504	0.10439431539633773	1179.3568918738042	-0.3733549273892525	0.7089513988893951	0.7539641861204678
CD40	Day*srf14	Day7 No - Day7 Yes	0	-0.31948072021440277	0.10402441461999079	1172.1733829650582	-3.0712090174358635	0.002181040197402101	0.005038954938825544
CD40	Day*srf14	Day1 Yes - Day4 Yes	0	-0.13945176141664214	0.09035443608881456	1065.8290903404773	-1.5433858862177725	0.12303401546615923	0.1682301844129116
CD40	Day*srf14	Day1 Yes - Day7 Yes	0	-0.41995634958639455	0.0900921645432501	1066.9066532513698	-4.661408144820276	3.537624639860549e-6	8.128754856778061e-6
CD40	Day*srf14	Day4 Yes - Day7 Yes	0	-0.2805045881697524	0.09188554132156826	1052.2840795276206	-3.0527609037866075	0.0023243979013002768	0.012977888282259879
IFN-gamma	Day*srf14	Day1 No - Day4 No	0	0.8146490517039637	0.052840098353417485	1041.8138649357843	15.417250858528645	1.8393053895232136e-48	2.464669221961106e-47
IFN-gamma	Day*srf14	Day1 No - Day7 No	0	0.9855898828749017	0.05360590755584367	1051.2077274150047	18.385844542379374	1.1240032819341886e-65	1.5061643977918127e-64
IFN-gamma	Day*srf14	Day1 No - Day1 Yes	0	-0.2135501264961462	0.09325371555161277	1246.4102190528645	-2.289990540676671	0.02218831211535452	0.06194237132203136
IFN-gamma	Day*srf14	Day1 No - Day4 Yes	0	0.5952956403913747	0.09590551708985333	1292.2030552376534	6.207105268340774	7.257002085981559e-10	1.620730465869215e-8
IFN-gamma	Day*srf14	Day1 No - Day7 Yes	0	0.8050481631028024	0.09552464154842664	1285.8169867572055	8.427649139041046	9.329896211974843e-17	2.0836768206743816e-15
IFN-gamma	Day*srf14	Day4 No - Day7 No	0	0.17094083117093806	0.05312403640657723	1043.9557502710306	3.2177681278332617	0.0013316773333100506	0.002411415711669551
IFN-gamma	Day*srf14	Day4 No - Day1 Yes	0	-1.0281991782001099	0.09302494695091792	1241.3639026517542	-11.052940226266522	3.7371492929526714e-27	6.259725065695725e-26
IFN-gamma	Day*srf14	Day4 No - Day4 Yes	0	-0.21935341131258898	0.09568253012832999	1287.7038446119354	-2.292512656368836	0.02203672802701809	0.04218459365172035
IFN-gamma	Day*srf14	Day4 No - Day7 Yes	0	-0.009600888601161274	0.09530128037026277	1281.2435568483177	-0.1007424933207621	0.9197706397415956	0.9197706397415956
IFN-gamma	Day*srf14	Day7 No - Day1 Yes	0	-1.1991400093710478	0.09332427535537756	1247.8581458895972	-12.849175681297702	1.4039837365999505e-35	1.8813382070439337e-34
IFN-gamma	Day*srf14	Day7 No - Day4 Yes	0	-0.390294242483527	0.09597341061380761	1293.4545480231463	-4.0666913886602645	5.056522731873665e-5	0.00011682311139156399
IFN-gamma	Day*srf14	Day7 No - Day7 Yes	0	-0.18054171977209932	0.0955935537494589	1287.1111917005007	-1.888639062894147	0.059164889549377334	0.09397551833567216
IFN-gamma	Day*srf14	Day1 Yes - Day4 Yes	0	0.8088457668875209	0.08961773027224233	1075.9598752454417	9.02551051483222	8.051567403940829e-19	1.2255312876418723e-17
IFN-gamma	Day*srf14	Day1 Yes - Day7 Yes	0	1.0185982895989485	0.08935189629072458	1076.902479287241	11.399850835674842	1.6739375730936175e-28	2.319622904246942e-27
IFN-gamma	Day*srf14	Day4 Yes - Day7 Yes	0	0.2097525227114277	0.09121459616297799	1062.0662632014667	2.29954997922319	0.021667018830990252	0.06048709423651445
FGF-19	Day*srf14	Day1 No - Day4 No	0	0.36686585355697976	0.06259432536519616	1049.2392558620827	5.861008189105995	6.155116188236819e-9	1.5273806837476552e-8
FGF-19	Day*srf14	Day1 No - Day7 No	0	0.18034311634674755	0.06346127791492298	1060.5052455138064	2.8417819853630726	0.004572165056857354	0.005779906769989486
FGF-19	Day*srf14	Day1 No - Day1 Yes	0	0.06910445362387362	0.10275939015515863	1364.9686686399257	0.6724879694160437	0.5013869166047874	0.5998736323664421
FGF-19	Day*srf14	Day1 No - Day4 Yes	0	0.3373045936462642	0.10595277254513212	1399.7703988512599	3.183537207604307	0.0014868906318876297	0.004150903014019633
FGF-19	Day*srf14	Day1 No - Day7 Yes	0	0.33337227294232036	0.10549413224400969	1395.042054882658	3.160102518036024	0.0016110200496272438	0.0033730732289070416
FGF-19	Day*srf14	Day4 No - Day7 No	0	-0.18652273721023221	0.06292131917299618	1051.9623342740888	-2.9643805893103687	0.0031012939352154357	0.005194667341485855
FGF-19	Day*srf14	Day4 No - Day1 Yes	0	-0.2977613999331062	0.10247760720766472	1360.7965640118039	-2.9056240484783236	0.0037244932917651443	0.006238526263706617
FGF-19	Day*srf14	Day4 No - Day4 Yes	0	-0.029561259910715582	0.10567871360315362	1396.1800441369114	-0.2797276660815961	0.7797278851621604	0.8162776297791366
FGF-19	Day*srf14	Day4 No - Day7 Yes	0	-0.0334935806146594	0.10521946600218444	1391.3657162920265	-0.3183211423441747	0.7502891207252338	0.7854589232592292
FGF-19	Day*srf14	Day7 No - Day1 Yes	0	-0.11123866272287394	0.10284563198208115	1366.1470022100375	-1.081608042840897	0.2796176129269906	0.3071209846903012
FGF-19	Day*srf14	Day7 No - Day4 Yes	0	0.15696147729951665	0.10603544191733334	1400.7477087298691	1.4802737128392027	0.1390250886504895	0.16633358820683564
FGF-19	Day*srf14	Day7 No - Day7 Yes	0	0.1530291565955728	0.10557809134424032	1396.0532271170077	1.4494404534802299	0.14743921014154274	0.20748343188774204
FGF-19	Day*srf14	Day1 Yes - Day4 Yes	0	0.26820014002239057	0.10592875056764241	1086.3864176894374	2.5318918479183545	0.011484926607531093	0.021985430934416662
FGF-19	Day*srf14	Day1 Yes - Day7 Yes	0	0.2642678193184468	0.10560911122257689	1087.08166030852	2.5023202663024793	0.012484201183529756	0.017425864152010282
FGF-19	Day*srf14	Day4 Yes - Day7 Yes	0	-0.003932320703943817	0.1079074091231227	1072.8860502499458	-0.03644161912419773	0.9709370078753414	0.9762429232250966
MCP-2	Day*srf14	Day1 No - Day4 No	0	0.7638813370154827	0.040375182770789296	1025.108621160841	18.91957595218954	1.0480920996416e-68	3.5111085337993604e-67
MCP-2	Day*srf14	Day1 No - Day7 No	0	1.0217536214223952	0.041013891458293955	1030.1140289349964	24.912379320586833	1.3389552949809556e-107	4.485500238186201e-106
MCP-2	Day*srf14	Day1 No - Day1 Yes	0	-0.3929451781821539	0.09259248298299128	928.5808385533659	-4.243812948123831	2.4180700899828935e-5	2.3144385146979123e-4
MCP-2	Day*srf14	Day1 No - Day4 Yes	0	0.37871304448354376	0.09435680776424697	974.7305754655573	4.0136271399703185	6.437628530925709e-5	2.8754740771468165e-4
MCP-2	Day*srf14	Day1 No - Day7 Yes	0	0.8189615503738419	0.09410412481128046	968.0772110097678	8.702716825816239	1.3755359743254232e-17	4.608045513990168e-16
MCP-2	Day*srf14	Day4 No - Day7 No	0	0.2578722844069125	0.04060331557239084	1026.0709995096302	6.351015447178376	3.208218210143933e-10	1.7912551673303627e-9
MCP-2	Day*srf14	Day4 No - Day1 Yes	0	-1.1568265151976365	0.09244984850003207	924.4161056165449	-12.513016883929616	2.6695114998539032e-33	8.942863524510576e-32
MCP-2	Day*srf14	Day4 No - Day4 Yes	0	-0.38516829253193885	0.09421662366811455	970.6976173482938	-4.088113939305704	4.708726238210486e-5	1.5774232898005128e-4
MCP-2	Day*srf14	Day4 No - Day7 Yes	0	0.05508021335835922	0.09396384859157647	964.0356672266951	0.5861851572062681	0.557888311258588	0.6229752809054232
MCP-2	Day*srf14	Day7 No - Day1 Yes	0	-1.414698799604549	0.09263757965209622	929.8431068556514	-15.271327304939328	3.788272534485441e-47	1.2690712990526227e-45
MCP-2	Day*srf14	Day7 No - Day4 Yes	0	-0.6430405769388514	0.0944007616337121	975.9303868560833	-6.811815559644922	1.683259832052127e-11	1.1277840874749252e-10
MCP-2	Day*srf14	Day7 No - Day7 Yes	0	-0.2027920710485533	0.09414855565047922	969.3021156662578	-2.1539583868010306	0.03148938379639022	0.05409714652200371
MCP-2	Day*srf14	Day1 Yes - Day4 Yes	0	0.7716582226656977	0.06884238117890956	1048.0509108415254	11.209057697471128	1.2759906805103942e-27	4.2745687797098204e-26
MCP-2	Day*srf14	Day1 Yes - Day7 Yes	0	1.2119067285559957	0.06865188545902197	1049.1216454844373	17.652927089371463	2.884586144802125e-61	1.9326727170174239e-59
MCP-2	Day*srf14	Day4 Yes - Day7 Yes	0	0.44024850589029807	0.0699003258416641	1036.687581213079	6.298232527378119	4.440469038409035e-10	1.4875571278670267e-8
CASP-8	Day*srf14	Day1 No - Day4 No	0	-0.0038502201837819494	0.05902774839178374	1041.2079975561032	-0.06522729205638943	0.9480055524902105	0.9771749541052938
CASP-8	Day*srf14	Day1 No - Day7 No	0	-0.22424950991752537	0.059886243056475205	1050.4460298947643	-3.744591386473331	1.9049607131516746e-4	2.604742199615555e-4
CASP-8	Day*srf14	Day1 No - Day1 Yes	0	9.936073662120126e-4	0.10487520494967545	1235.858567310052	0.00947418759933577	0.9924423341493684	0.9924423341493684
CASP-8	Day*srf14	Day1 No - Day4 Yes	0	-0.05487973729972531	0.1078310703655971	1282.3471045270014	-0.5089417837888252	0.610880585059763	0.6582466261654577
CASP-8	Day*srf14	Day1 No - Day7 Yes	0	-0.09945442591170155	0.10740653672789335	1275.8524082878066	-0.925962506021976	0.35464057775033897	0.4659003668484845
CASP-8	Day*srf14	Day4 No - Day7 No	0	-0.22039928973374343	0.0593456128764551	1043.3035313365954	-3.713826162560115	2.1496052318983462e-4	4.3643500162784607e-4
CASP-8	Day*srf14	Day4 No - Day1 Yes	0	0.004843827549993962	0.10462071919836073	1230.7718135023279	0.04629893186654617	0.9630795015758766	0.9630795015758766
CASP-8	Day*srf14	Day4 No - Day4 Yes	0	-0.05102951711594336	0.10758296286778819	1277.7977433183248	-0.4743271216526636	0.6353476978094577	0.6756872341783121
CASP-8	Day*srf14	Day4 No - Day7 Yes	0	-0.0956042057279196	0.10715802330258647	1271.2307400248715	-0.8921796313651486	0.37246550214372975	0.4621331230301832
CASP-8	Day*srf14	Day7 No - Day1 Yes	0	0.2252431172837374	0.10495375341505957	1237.3204054205787	2.1461177895465124	0.0320576073782296	0.04295719388682767
CASP-8	Day*srf14	Day7 No - Day4 Yes	0	0.16936977261780006	0.10790667740113892	1283.6151067165738	1.5695949193966416	0.11675583831056911	0.14222983939651146
CASP-8	Day*srf14	Day7 No - Day7 Yes	0	0.12479508400582383	0.10748327217751309	1277.1633844984178	1.1610651730040331	0.24583235681427615	0.3361381205419694
CASP-8	Day*srf14	Day1 Yes - Day4 Yes	0	-0.055873344665937325	0.10013043198602631	1075.0613870283644	-0.5580056288355445	0.5769567205177736	0.6442683379115138
CASP-8	Day*srf14	Day1 Yes - Day7 Yes	0	-0.10044803327791356	0.09983392882810259	1076.0201601942263	-1.0061512599676243	0.31456901566363843	0.3572224415163352
CASP-8	Day*srf14	Day4 Yes - Day7 Yes	0	-0.044574688611976235	0.10190698926289053	1061.170312517927	-0.43740560813730295	0.6619062204883883	0.8063221231404004
CCL25	Day*srf14	Day1 No - Day4 No	0	0.1246442346666985	0.047351156501482486	1028.03607626997	2.6323377056861554	0.008607058973962972	0.01281495447234487
CCL25	Day*srf14	Day1 No - Day7 No	0	0.12790547717401046	0.04808976600840254	1033.8183589572436	2.6597234253887203	0.007941459039635628	0.009501388493849768
CCL25	Day*srf14	Day1 No - Day1 Yes	0	0.1637625513213405	0.10207824072244596	986.3610294793451	1.6042846169989955	0.10897144968266008	0.20280797579828405
CCL25	Day*srf14	Day1 No - Day4 Yes	0	0.5305502740217276	0.10423256262512377	1035.615108984352	5.090062650861527	4.2493771533946843e-7	3.558853365968048e-6
CCL25	Day*srf14	Day1 No - Day7 Yes	0	0.6099038753579974	0.10392378386691185	1028.5373822163453	5.868761246598372	5.916861627411485e-9	3.303581075304745e-8
CCL25	Day*srf14	Day4 No - Day7 No	0	0.0032612425073119816	0.04761668516497408	1029.1872415960015	0.06848949052234507	0.9454092894198876	0.9597336725929161
CCL25	Day*srf14	Day4 No - Day1 Yes	0	0.039118316654641994	0.10190184271144699	981.75834952452	0.3838823284620318	0.7011487860265662	0.7456661692663481
CCL25	Day*srf14	Day4 No - Day4 Yes	0	0.4059060393550291	0.10405951293242369	1031.2145237908608	3.9007105445383425	1.021216960246488e-4	3.1100698334779404e-4
CCL25	Day*srf14	Day4 No - Day7 Yes	0	0.4852596406912989	0.10375059374221547	1024.1186668555874	4.6771745894486365	3.297708646617151e-6	1.8412206610279093e-5
CCL25	Day*srf14	Day7 No - Day1 Yes	0	0.03585707414733001	0.10213373056624364	987.7407388884192	0.351079647718079	0.7256034641129099	0.7479297245471532
CCL25	Day*srf14	Day7 No - Day4 Yes	0	0.40264479684771715	0.10428649629354941	1036.906901154733	3.8609485519039586	1.199380882220579e-4	2.4351066396599634e-4
CCL25	Day*srf14	Day7 No - Day7 Yes	0	0.48199839818398693	0.10397835922510036	1029.8601056481816	4.63556457109041	4.016322383856455e-6	1.4949644428799027e-5
CCL25	Day*srf14	Day1 Yes - Day4 Yes	0	0.3667877227003871	0.08065819545084481	1053.4567651444863	4.547432789069984	6.060184640022584e-6	2.1370124783237532e-5
CCL25	Day*srf14	Day1 Yes - Day7 Yes	0	0.4461413240366569	0.0804314669536741	1054.5612190953184	5.54685051677125	3.676686027430249e-8	1.0264081826576111e-7
CCL25	Day*srf14	Day4 Yes - Day7 Yes	0	0.07935360133626977	0.08193670348284159	1041.2335849121864	0.9684744194387471	0.33303238736843077	0.46485770736843457
CX3CL1	Day*srf14	Day1 No - Day4 No	0	0.1645788201285475	0.04590552538098947	1026.1361821437506	3.58516363253961	3.5272271202545685e-4	6.75212048734446e-4
CX3CL1	Day*srf14	Day1 No - Day7 No	0	0.1806175684651723	0.04662818841600115	1031.4143347717056	3.87357035735042	1.140112163736439e-4	1.5914065618821127e-4
CX3CL1	Day*srf14	Day1 No - Day1 Yes	0	-0.24632469777940463	0.1028952009916997	948.8505526916595	-2.393937670613764	0.016861897744630656	0.049119441256098
CX3CL1	Day*srf14	Day1 No - Day4 Yes	0	-0.2744435220406145	0.1049321606009317	996.2477964168141	-2.6154376357916878	0.009046022462594895	0.02089943120668476
CX3CL1	Day*srf14	Day1 No - Day7 Yes	0	-0.24839381502831231	0.10464034767470759	989.4214698965139	-2.373786216770676	0.01779682987329131	0.033121877819736606
CX3CL1	Day*srf14	Day4 No - Day7 No	0	0.016038748336624796	0.04616423156072105	1027.1637826828583	0.34742803669391964	0.7283409484091019	0.7745848181493623
CX3CL1	Day*srf14	Day4 No - Day1 Yes	0	-0.41090351790795215	0.10272977640567896	944.5207529120562	-3.9998482648818183	6.833450095897854e-5	1.476906956210181e-4
CX3CL1	Day*srf14	Day4 No - Day4 Yes	0	-0.43902234216916197	0.10476968603329184	992.0730587303789	-4.190356569644174	3.0334454518167574e-5	1.0696886593248565e-4
CX3CL1	Day*srf14	Day4 No - Day7 Yes	0	-0.4129726351568598	0.10447775775961703	985.2350819277481	-3.9527325625328733	8.27829235328524e-5	3.466534922938194e-4
CX3CL1	Day*srf14	Day7 No - Day1 Yes	0	-0.42694226624457693	0.1029474084663592	950.1577066616849	-4.147188089577715	3.666998891732879e-5	5.583839221502338e-5
CX3CL1	Day*srf14	Day7 No - Day4 Yes	0	-0.4550610905057868	0.10498299401738322	997.483884535551	-4.334617189813021	1.6081285399844763e-5	4.3097844871583966e-5
CX3CL1	Day*srf14	Day7 No - Day7 Yes	0	-0.4290113834934846	0.1046917522365325	990.684749031245	-4.097852737474574	4.5109914104070925e-5	1.2089456979891008e-4
CX3CL1	Day*srf14	Day1 Yes - Day4 Yes	0	-0.028118824261209846	0.07824503096893254	1049.976063712844	-0.35936881758503647	0.7193914574484948	0.7841003224136506
CX3CL1	Day*srf14	Day1 Yes - Day7 Yes	0	-0.0020691172489076606	0.07802727724891434	1051.0618695783448	-0.026517870696769058	0.9788493136021104	0.9788493136021104
CX3CL1	Day*srf14	Day4 Yes - Day7 Yes	0	0.026049707012302185	0.07946095469690387	1038.287941955097	0.32783027981058466	0.7431060835793969	0.8584156482727515
TNFRSF9	Day*srf14	Day1 No - Day4 No	0	-0.07677061789885509	0.04573110964439722	1029.9903419493796	-1.6787394510174694	0.093506154578942	0.1182058935243229
TNFRSF9	Day*srf14	Day1 No - Day7 No	0	-0.4540268113452952	0.046437583757130585	1036.290596506252	-9.777141156177802	1.1776790918502867e-21	3.287687464748717e-21
TNFRSF9	Day*srf14	Day1 No - Day1 Yes	0	0.31016108965009287	0.09507521716408401	1024.8579435795707	3.2622706410946862	0.0011417102855969209	0.005884199164230285
TNFRSF9	Day*srf14	Day1 No - Day4 Yes	0	0.2641457935180765	0.09720184940847011	1075.4032954921624	2.71749761064792	0.0066834340926525395	0.016584817933619263
TNFRSF9	Day*srf14	Day1 No - Day7 Yes	0	-0.09062611325187912	0.096896899712767	1068.1606179479688	-0.9352839308638721	0.34985338409413813	0.4659003668484845
TNFRSF9	Day*srf14	Day4 No - Day7 No	0	-0.3772561934464401	0.04598618852347191	1031.2724267269607	-8.203684748821573	6.891348035809002e-16	4.3551702258519e-14
TNFRSF9	Day*srf14	Day4 No - Day1 Yes	0	0.38693170754894796	0.09489965380379026	1020.0224005827986	4.0772720662284865	4.9112525849437446e-5	1.1930700927874307e-4
TNFRSF9	Day*srf14	Day4 No - Day4 Yes	0	0.3409164114169316	0.09702981229827397	1070.8223770838586	3.5135223220770473	4.606686610181693e-4	0.0012345920115286939
TNFRSF9	Day*srf14	Day4 No - Day7 Yes	0	-0.013855495353024043	0.09672470413292417	1063.5539718770585	-0.14324670700448042	0.8861224776153185	0.8995485757610051
TNFRSF9	Day*srf14	Day7 No - Day1 Yes	0	0.764187900995388	0.09513026734277391	1026.2972497524954	8.033067942948819	2.5945524531512834e-15	9.149211282165052e-15
TNFRSF9	Day*srf14	Day7 No - Day4 Yes	0	0.7181726048633716	0.09725526397973104	1076.7365436728294	7.384408570553528	3.060452362552349e-13	2.5631288536375925e-12
TNFRSF9	Day*srf14	Day7 No - Day7 Yes	0	0.3634006980934161	0.0969509828027586	1069.528336491426	3.7482930815950017	1.8756760070421944e-4	4.654455276734334e-4
TNFRSF9	Day*srf14	Day1 Yes - Day4 Yes	0	-0.0460152961320164	0.0778487215535847	1056.9337783655274	-0.5910860861130934	0.5545891229166643	0.629787648057907
TNFRSF9	Day*srf14	Day1 Yes - Day7 Yes	0	-0.400787202901972	0.07762778163710002	1058.0455735606588	-5.162935156070813	2.902910886524883e-7	7.480578053737199e-7
TNFRSF9	Day*srf14	Day4 Yes - Day7 Yes	0	-0.3547719067699556	0.07910680337361374	1044.2454219047177	-4.48472055044877	8.109152033556771e-6	1.3582829656207592e-4
TWEAK	Day*srf14	Day1 No - Day4 No	0	-0.11235703796358652	0.053808366324961054	1036.0736626047399	-2.088096064560604	0.037032904936512845	0.049624092614927215
TWEAK	Day*srf14	Day1 No - Day7 No	0	-0.4539450082497573	0.0546137184939557	1043.9773557699705	-8.311922732380822	2.905664515661897e-16	6.48931741831157e-16
TWEAK	Day*srf14	Day1 No - Day1 Yes	0	0.2985286660999449	0.1018351030219298	1142.3250551528208	2.931490785016026	0.0034405806532584	0.01440743148551955
TWEAK	Day*srf14	Day1 No - Day4 Yes	0	0.18872312913610445	0.10446311064211522	1192.9352266074652	1.8066007031195859	0.07107646268871323	0.11074704651497179
TWEAK	Day*srf14	Day1 No - Day7 Yes	0	0.0010613969411937124	0.10408585559513873	1185.7691312862091	0.010197321577700364	0.9918655708691786	0.9918655708691786
TWEAK	Day*srf14	Day4 No - Day7 No	0	-0.3415879702861708	0.05410311851746326	1037.7852639826792	-6.313646600166198	4.0329626298181967e-10	1.9300606871272797e-9
TWEAK	Day*srf14	Day4 No - Day1 Yes	0	0.4108857040635314	0.10161291202961588	1137.1151759747145	4.0436367372659845	5.6174948088564296e-5	1.297835007563382e-4
TWEAK	Day*srf14	Day4 No - Day4 Yes	0	0.301080167099691	0.10424604214584651	1188.1494380893125	2.8881688062407362	0.003945173547656301	0.00881088758976574
TWEAK	Day*srf14	Day4 No - Day7 Yes	0	0.11341843490478024	0.10386850654841943	1180.9310589198208	1.0919424826033193	0.27508110017281745	0.35443141753036095
TWEAK	Day*srf14	Day7 No - Day1 Yes	0	0.7524736743497022	0.10190414133402896	1143.8446047692762	7.384132425817595	2.9480689935450015e-13	9.876031128375754e-13
TWEAK	Day*srf14	Day7 No - Day4 Yes	0	0.6426681373858617	0.10452978340912543	1194.294006398171	6.148182043681121	1.066828399507179e-9	4.765166851132066e-9
TWEAK	Day*srf14	Day7 No - Day7 Yes	0	0.45500640519095104	0.104153465204706	1187.169984649561	4.368615142056669	1.3595507625999748e-5	3.798672058435993e-5
TWEAK	Day*srf14	Day1 Yes - Day4 Yes	0	-0.10980553696384046	0.09142104235807044	1067.1300585318247	-1.2010969699269358	0.2299801057464549	0.29072956764174485
TWEAK	Day*srf14	Day1 Yes - Day7 Yes	0	-0.2974672691587512	0.09115486868463867	1068.196076926545	-3.2633174009374675	0.0011360552082841204	0.0019516845885906681
TWEAK	Day*srf14	Day4 Yes - Day7 Yes	0	-0.18766173219491072	0.09298060784853014	1053.501789145278	-2.018288937200977	0.0438142251982045	0.10872418845480375
CCL20	Day*srf14	Day1 No - Day4 No	0	0.37022321374133493	0.050401212223891115	1033.7255183023915	7.34552201039804	4.1510780458927637e-13	1.1588426211450631e-12
CCL20	Day*srf14	Day1 No - Day7 No	0	0.37181901917368754	0.05116506286145357	1041.0124311057855	7.267049005304874	7.198102374777101e-13	1.2365970746411942e-12
CCL20	Day*srf14	Day1 No - Day1 Yes	0	-0.4368124461478728	0.09862299153398857	1097.595084878616	-4.42911373254515	1.040841332950191e-5	1.394727386153256e-4
CCL20	Day*srf14	Day1 No - Day4 Yes	0	-0.09539465987642888	0.10104554781058057	1148.869952596551	-0.9440758345459731	0.34532938880331543	0.42762974701408035
CCL20	Day*srf14	Day1 No - Day7 Yes	0	-0.16822728229407471	0.10069791025756253	1141.572432662696	-1.6706134403761437	0.09507216751423905	0.15166274341557184
CCL20	Day*srf14	Day4 No - Day7 No	0	0.0015958054323525726	0.050679310016877366	1035.267675328933	0.031488302264200775	0.9748861902697856	0.9748861902697856
CCL20	Day*srf14	Day4 No - Day1 Yes	0	-0.8070356598892078	0.0984199871729526	1092.4638199204107	-8.199916328692575	6.695580352130037e-16	3.450799104559327e-15
CCL20	Day*srf14	Day4 No - Day4 Yes	0	-0.46561787361776386	0.10084700719632322	1144.0986874705782	-4.617071805723747	4.3321278460122235e-6	2.3984283454146534e-5
CCL20	Day*srf14	Day4 No - Day7 Yes	0	-0.5384504960354097	0.10049914249827376	1136.7592856511064	-5.357762092792568	1.0194359040161193e-7	7.58913395212e-7
CCL20	Day*srf14	Day7 No - Day1 Yes	0	-0.8086314653215603	0.09868628070331949	1099.1029982323885	-8.193960290717092	6.973907788633594e-16	2.59584345465806e-15
CCL20	Day*srf14	Day7 No - Day4 Yes	0	-0.4672136790501164	0.10110677282498387	1150.23714673952	-4.620992896874126	4.250106146564784e-6	1.1864879659160021e-5
CCL20	Day*srf14	Day7 No - Day7 Yes	0	-0.5400463014677622	0.10075996339315436	1142.9795036978826	-5.359731020946887	1.0076294494309445e-7	5.625931092656106e-7
CCL20	Day*srf14	Day1 Yes - Day4 Yes	0	0.3414177862714439	0.08569567894847935	1063.3024574244519	3.9840723646837075	7.235954592160155e-5	2.3086140841653828e-4
CCL20	Day*srf14	Day1 Yes - Day7 Yes	0	0.26858516385379805	0.08544843972723686	1064.3976300120714	3.143242459559926	0.001717083395066571	0.0027391568445109585
CCL20	Day*srf14	Day4 Yes - Day7 Yes	0	-0.07283262241764583	0.08712884671267355	1049.9504014888025	-0.8359185868467576	0.40339089329892497	0.5299448990397642
ST1A1	Day*srf14	Day1 No - Day4 No	0	-0.3019288011855062	0.056137860632127695	1040.413852760428	-5.378345341017722	9.282663752476267e-8	2.1446154186755513e-7
ST1A1	Day*srf14	Day1 No - Day7 No	0	-0.6217994666482335	0.056958056278029856	1049.447051393627	-10.916795749016405	2.3526608909392672e-26	7.506108556806234e-26
ST1A1	Day*srf14	Day1 No - Day1 Yes	0	0.10679940074101792	0.1006436253399899	1221.856400418871	1.0611640864509089	0.2888250405373086	0.3949240350204016
ST1A1	Day*srf14	Day1 No - Day4 Yes	0	-0.2078767832799108	0.10344611002339583	1269.1961824917148	-2.0095176438524027	0.04469361897715927	0.07792116558904337
ST1A1	Day*srf14	Day1 No - Day7 Yes	0	-0.5775824230530984	0.1030436266835834	1262.567480957878	-5.605222192214602	2.5515953295254956e-8	1.1397125805213881e-7
ST1A1	Day*srf14	Day4 No - Day7 No	0	-0.31987066546272724	0.0564409975735237	1042.448936079042	-5.667346064286744	1.8760361812069164e-8	6.615496007413862e-8
ST1A1	Day*srf14	Day4 No - Day1 Yes	0	0.40872820192652415	0.10040299191619485	1216.7246687097338	4.070876715184788	4.985964566872845e-5	1.1930700927874307e-4
ST1A1	Day*srf14	Day4 No - Day4 Yes	0	0.0940520179055954	0.10321143951947123	1264.5877580927295	0.9112557517217085	0.36233430198299754	0.44138905877928797
ST1A1	Day*srf14	Day4 No - Day7 Yes	0	-0.2756536218675921	0.10280858507829475	1257.8894315489486	-2.6812315494631673	0.007431110115092324	0.01716842681762709
ST1A1	Day*srf14	Day7 No - Day1 Yes	0	0.7285988673892514	0.10071796998839153	1223.334306607639	7.234050363338614	8.247899261406565e-13	2.511860229610181e-12
ST1A1	Day*srf14	Day7 No - Day4 Yes	0	0.41392268336832266	0.1035177046206703	1270.4841216696984	3.998568987644178	6.739763542923201e-5	1.4566585721801755e-4
ST1A1	Day*srf14	Day7 No - Day7 Yes	0	0.04421704359513512	0.10311628183824677	1263.8986201332696	0.4288075831176315	0.6681363330937464	0.7338546609390331
ST1A1	Day*srf14	Day1 Yes - Day4 Yes	0	-0.31467618402092873	0.09525120041071172	1073.8720869574809	-3.303645336374585	9.85861261047477e-4	0.002446396462599295
ST1A1	Day*srf14	Day1 Yes - Day7 Yes	0	-0.6843818237941163	0.09496980891305475	1074.8510012521035	-7.206309369545754	1.0806512628385755e-12	5.171688186441754e-12
ST1A1	Day*srf14	Day4 Yes - Day7 Yes	0	-0.36970563977318754	0.09693154041014758	1059.993036654955	-3.8140902146901583	1.4457634997351747e-4	0.0013838022068893814
STAMBP	Day*srf14	Day1 No - Day4 No	0	0.04932300711502806	0.06039220259055887	1043.0897199084814	0.8167115124020785	0.41427979279853633	0.46261243529169893
STAMBP	Day*srf14	Day1 No - Day7 No	0	-0.16370522368303775	0.0612609396559091	1052.8104060131532	-2.6722610623104783	0.007650588755831517	0.009319808120740212
STAMBP	Day*srf14	Day1 No - Day1 Yes	0	-0.15657188309132042	0.1051331910223942	1268.2394297980047	-1.4892716711886864	0.13666446768350476	0.2180123651141624
STAMBP	Day*srf14	Day1 No - Day4 Yes	0	-0.053813474815338186	0.10817657478808002	1312.445451656107	-0.49745959252971184	0.6189483201257289	0.6582466261654577
STAMBP	Day*srf14	Day1 No - Day7 Yes	0	-0.1427559319401184	0.10773943366865332	1306.304769650658	-1.3250109739685136	0.18539922873058262	0.27003800706410946
STAMBP	Day*srf14	Day4 No - Day7 No	0	-0.21302823079806582	0.06071524212718452	1045.32983338732	-3.508645001395539	4.695623365734035e-4	9.253140161887658e-4
STAMBP	Day*srf14	Day4 No - Day1 Yes	0	-0.20589489020634846	0.10486954520418028	1263.2950934100547	-1.96334302590397	0.04982542206964543	0.06676606557332487
STAMBP	Day*srf14	Day4 No - Day4 Yes	0	-0.10313648193036624	0.1079197036502233	1308.0655552056808	-0.9556779572397653	0.33941154346973834	0.42112172986060126
STAMBP	Day*srf14	Day4 No - Day7 Yes	0	-0.19207893905514647	0.10748210842659064	1301.8470413489129	-1.7870782576463389	0.07415742937474518	0.12739866072071607
STAMBP	Day*srf14	Day7 No - Day1 Yes	0	0.00713334059171734	0.10521438827947448	1269.6535628447339	0.06779814727211537	0.9459569935203916	0.9459569935203916
STAMBP	Day*srf14	Day7 No - Day4 Yes	0	0.10989174886769956	0.10825464748442909	1313.6587256494704	1.0151226891529617	0.31023427147920496	0.34074911785420875
STAMBP	Day*srf14	Day7 No - Day7 Yes	0	0.02094929174291934	0.10781868958608297	1307.559955820781	0.19430111628460595	0.8459702935580615	0.8587880252786382
STAMBP	Day*srf14	Day1 Yes - Day4 Yes	0	0.10275840827598222	0.10238696048390661	1077.8273602153681	1.0036278818154192	0.31578326934467565	0.3778121258230941
STAMBP	Day*srf14	Day1 Yes - Day7 Yes	0	0.013815951151201999	0.10208219026908882	1078.7337329400978	0.13534144511185672	0.8923671674572143	0.9274255423696276
STAMBP	Day*srf14	Day4 Yes - Day7 Yes	0	-0.08894245712478022	0.10422748016085111	1063.9466604253003	-0.8533493948766488	0.39365764770677525	0.5275012479270789
ADA	Day*srf14	Day1 No - Day4 No	0	0.15173517103198023	0.05762388167260473	1039.186340761468	2.6331994066987234	0.008584033957134737	0.01281495447234487
ADA	Day*srf14	Day1 No - Day7 No	0	0.12826276866584982	0.05847166627385463	1047.9017164224297	2.193588396559891	0.028484082734782156	0.03180722572050674
ADA	Day*srf14	Day1 No - Day1 Yes	0	-0.11245624315926904	0.10481032499710424	1199.8518611907577	-1.0729500472627678	0.2835092729988295	0.3949240350204016
ADA	Day*srf14	Day1 No - Day4 Yes	0	-0.18697831380858154	0.10767179414990885	1248.363150961095	-1.7365579842410366	0.08271190901295948	0.1259476796333701
ADA	Day*srf14	Day1 No - Day7 Yes	0	0.03884778725449	0.10726088060993773	1241.5474507599247	0.36218038704868466	0.717278871519428	0.7878308916688801
ADA	Day*srf14	Day4 No - Day7 No	0	-0.0234724023661304	0.057936345752798275	1041.1287065364427	-0.4051412297607103	0.6854569326071773	0.7407357174948529
ADA	Day*srf14	Day4 No - Day1 Yes	0	-0.26419141419124925	0.10456566595901647	1194.668942423716	-2.526559858517963	0.011646869552203317	0.01734089466661383
ADA	Day*srf14	Day4 No - Day4 Yes	0	-0.33871348484056174	0.10743308595063267	1243.6789760497413	-3.1527855859619107	0.0016558732737060873	0.004109018864381772
ADA	Day*srf14	Day4 No - Day7 Yes	0	-0.11288738377749022	0.10702181485762234	1236.7981485223145	-1.0548072271776665	0.29171950590423795	0.3687774885959234
ADA	Day*srf14	Day7 No - Day1 Yes	0	-0.24071901182511887	0.10488602977259384	1201.3496095661092	-2.2950531386022344	0.021901800336381158	0.029947359643623217
ADA	Day*srf14	Day7 No - Day4 Yes	0	-0.31524108247443133	0.10774475389031264	1249.6778908089009	-2.92581375048066	0.0034976435720971187	0.005858552983262674
ADA	Day*srf14	Day7 No - Day7 Yes	0	-0.08941498141135981	0.10733490734962978	1242.9054757207723	-0.8330466166063004	0.4049784858138479	0.517427458763937
ADA	Day*srf14	Day1 Yes - Day4 Yes	0	-0.07452207064931249	0.09780927053569646	1072.0074025426038	-0.7619121402415011	0.44628003305724795	0.5245747756988705
ADA	Day*srf14	Day1 Yes - Day7 Yes	0	0.15130403041375906	0.09752142486596103	1073.0150052484023	1.5514952803624422	0.12107791590505959	0.15600423780074987
ADA	Day*srf14	Day4 Yes - Day7 Yes	0	0.22582610106307155	0.0995191171728799	1058.166894115701	2.269173074262477	0.023458447200144106	0.06286863849638621
TNFB	Day*srf14	Day1 No - Day4 No	0	-0.053308360091479046	0.04798320905949261	1032.8820788923988	-1.1109794683674445	0.26683573503481123	0.319249897273792
TNFB	Day*srf14	Day1 No - Day7 No	0	-0.11970018028653051	0.048713622752086586	1039.9467044467058	-2.4572218924408227	0.014164005341503399	0.016361868239322893
TNFB	Day*srf14	Day1 No - Day1 Yes	0	0.28119771736693194	0.09510209058084146	1081.3112567228281	2.9567984851805127	0.0031760301670131063	0.014186268079325208
TNFB	Day*srf14	Day1 No - Day4 Yes	0	0.43404661317733756	0.09739329732253016	1132.6175590361522	4.456637418691531	9.151615709564797e-6	4.716601942621857e-5
TNFB	Day*srf14	Day1 No - Day7 Yes	0	0.5065567909561928	0.0970645570666451	1125.303272041491	5.218761680521427	2.1434994146183665e-7	6.527930035428661e-7
TNFB	Day*srf14	Day4 No - Day7 No	0	-0.06639182019505147	0.04824863339851591	1034.3644476466316	-1.3760352473961186	0.16910856510275005	0.2023263189622188
TNFB	Day*srf14	Day4 No - Day1 Yes	0	0.334506077458411	0.09491072394143318	1076.228796110944	3.524428679574982	4.42233183764746e-4	9.259257285074369e-4
TNFB	Day*srf14	Day4 No - Day4 Yes	0	0.4873549732688166	0.0972060606617836	1127.8712840351382	5.013627442063593	6.198667685575041e-7	5.191384186669097e-6
TNFB	Day*srf14	Day4 No - Day7 Yes	0	0.5598651510476718	0.0968771158921787	1120.518865945829	5.779126947490723	9.72431180407093e-9	9.307555583896461e-8
TNFB	Day*srf14	Day7 No - Day1 Yes	0	0.40089789765346245	0.09516182655047466	1082.8090197101537	4.212801626299415	2.7320460883181197e-5	4.2569090213328844e-5
TNFB	Day*srf14	Day7 No - Day4 Yes	0	0.5537467934638681	0.09745112234062563	1133.982250763911	5.682302883370908	1.688443397913533e-8	5.656285383010335e-8
TNFB	Day*srf14	Day7 No - Day7 Yes	0	0.6262569712427233	0.09712315212961233	1126.7068078124616	6.448070902877759	1.677056499802269e-10	1.6051826498107432e-9
TNFB	Day*srf14	Day1 Yes - Day4 Yes	0	0.15284889581040562	0.08160634854777675	1061.8950856224842	1.8730025118195264	0.06134259819870234	0.09785604950745373
TNFB	Day*srf14	Day1 Yes - Day7 Yes	0	0.2253590735892608	0.08137172981929783	1062.99733219789	2.7695008338856213	0.005711947294372413	0.008697737925521629
TNFB	Day*srf14	Day4 Yes - Day7 Yes	0	0.07251017777885518	0.08296101100561722	1048.6681169242959	0.8740271713172056	0.3823035669620569	0.5227416119685268
CSF-1	Day*srf14	Day1 No - Day4 No	0	0.6478528943425722	0.060182414628385465	1052.8256378638262	10.764820560008035	1.0385914243341092e-25	6.325965948216847e-25
CSF-1	Day*srf14	Day1 No - Day7 No	0	0.7572563401015548	0.06099654643253275	1064.964792735873	12.414741233573663	3.7790028216079103e-33	1.5824574315483125e-32
CSF-1	Day*srf14	Day1 No - Day1 Yes	0	-0.20059586820010766	0.09592000452718137	1413.966709274289	-2.0912829309058645	0.036680799759742526	0.09830454335610997
CSF-1	Day*srf14	Day1 No - Day4 Yes	0	0.4835647882291127	0.09899715517560125	1442.5482828688407	4.884633173260029	1.1516931759492233e-6	8.573715865399774e-6
CSF-1	Day*srf14	Day1 No - Day7 Yes	0	0.521297304482218	0.09855535817690823	1438.7279575479215	5.2893857231636465	1.4170390810393027e-7	4.996927285770173e-7
CSF-1	Day*srf14	Day4 No - Day7 No	0	0.10940344575898259	0.060492098574456185	1055.8352350992534	1.8085576188818162	0.07080414732752624	0.08950712964045769
CSF-1	Day*srf14	Day4 No - Day1 Yes	0	-0.8484487625426799	0.09564590113224211	1410.4062794178049	-8.870727887958273	2.1513958850431375e-18	1.6015947144210024e-17
CSF-1	Day*srf14	Day4 No - Day4 Yes	0	-0.16428810611345954	0.09873077598620607	1439.528262375799	-1.6640009609203583	0.0963298811541352	0.14342448971837907
CSF-1	Day*srf14	Day4 No - Day7 Yes	0	-0.1265555898603542	0.09828831639926085	1435.624798377061	-1.2875954589176983	0.19809434510128643	0.2823898111018338
CSF-1	Day*srf14	Day7 No - Day1 Yes	0	-0.9578522083016625	0.0960036457944993	1414.967667411031	-9.977248263591926	1.0563768551957746e-22	5.444403792162838e-22
CSF-1	Day*srf14	Day7 No - Day4 Yes	0	-0.27369155187244215	0.09907721110562792	1443.363772884017	-2.7624067009784405	0.005810490839611043	0.009269116339379522
CSF-1	Day*srf14	Day7 No - Day7 Yes	0	-0.2359590356193368	0.09863666766946466	1439.5702695712396	-2.392204047383725	0.016875140827236852	0.03533232610702716
CSF-1	Day*srf14	Day1 Yes - Day4 Yes	0	0.6841606564292204	0.10174277521099298	1091.0646659497995	6.724415124419557	2.8379005856448635e-11	1.7285394476200532e-10
CSF-1	Day*srf14	Day1 Yes - Day7 Yes	0	0.7218931726823257	0.10143401934063609	1091.6138326933308	7.1168743718817	1.9965117167233145e-12	8.917752334697472e-12
CSF-1	Day*srf14	Day4 Yes - Day7 Yes	0	0.03773251625310533	0.10368072485023178	1078.0001188864665	0.3639299041129435	0.715981717524703	0.8415925451606159
