Assay	term	contrast	null.value	estimate	std.error	df	statistic	p.value	adj.p.value
IL8	Day*Allocation	Day1 Anakinra - Day4 Anakinra	0	-0.26459427622827353	0.057759333203016267	1053.7624445776644	-4.58097871902815	5.1806825890328035e-6	1.0554959139263915e-5
IL8	Day*Allocation	Day1 Anakinra - Day7 Anakinra	0	-0.4443085078849437	0.05805159551860113	1058.5577429396355	-7.6536829679827925	4.38334548335761e-14	8.157892982915552e-14
IL8	Day*Allocation	Day1 Anakinra - Day1 Placebo	0	-0.11131452395437944	0.09020339028649621	1315.7149944935395	-1.2340392484232785	0.21740865694320136	0.9499718020653924
IL8	Day*Allocation	Day1 Anakinra - Day4 Placebo	0	-0.30262599776437116	0.09036090633548585	1317.0246503577368	-3.3490810355620146	8.337225677299187e-4	0.002539064183541116
IL8	Day*Allocation	Day1 Anakinra - Day7 Placebo	0	-0.471651064416283	0.09134725967440561	1335.681755751835	-5.163275462202331	2.7941688429845123e-7	7.80038801999843e-7
IL8	Day*Allocation	Day4 Anakinra - Day7 Anakinra	0	-0.17971423165667016	0.058325429407200736	1052.5439035671227	-3.08123289418051	0.002115007021094519	0.0033739397717460185
IL8	Day*Allocation	Day4 Anakinra - Day1 Placebo	0	0.1532797522738941	0.0905050629161704	1320.4109456413773	1.6936041734578788	0.09057637959529116	0.14113063797405834
IL8	Day*Allocation	Day4 Anakinra - Day4 Placebo	0	-0.038031721536097615	0.09066135724185403	1321.6722709863982	-0.4194920823283261	0.6749247138566472	0.9466670979705284
IL8	Day*Allocation	Day4 Anakinra - Day7 Placebo	0	-0.20705678818800946	0.09164538238300074	1340.0559284796218	-2.259325923511192	0.024023208901648583	0.05961314801520204
IL8	Day*Allocation	Day7 Anakinra - Day1 Placebo	0	0.33299398393056423	0.09066958110956712	1323.6796209971208	3.672609709403719	2.4965463163413777e-4	4.1817150798718075e-4
IL8	Day*Allocation	Day7 Anakinra - Day4 Placebo	0	0.14168251012057254	0.09082243436582182	1324.7568134906735	1.5599946324923692	0.11899999419083519	0.162714277771142
IL8	Day*Allocation	Day7 Anakinra - Day7 Placebo	0	-0.027342556531339296	0.0918094050024048	1343.2186649063356	-0.2978186878634395	0.7658876068137753	0.8550056402374466
IL8	Day*Allocation	Day1 Placebo - Day4 Placebo	0	-0.1913114738099917	0.08504964723845124	1059.4775651669652	-2.249409374663451	0.024691152501827435	0.04241813378519072
IL8	Day*Allocation	Day1 Placebo - Day7 Placebo	0	-0.36033654046190355	0.08606753137559352	1067.6459652023561	-4.186672194528464	3.0638945835101254e-5	5.13202342737946e-5
IL8	Day*Allocation	Day4 Placebo - Day7 Placebo	0	-0.16902506665191186	0.08598096607184257	1057.7361536963533	-1.9658428414340061	0.04957803247272823	0.0914395029520197
VEGFA	Day*Allocation	Day1 Anakinra - Day4 Anakinra	0	0.11397968411592618	0.04376069589182667	1033.228023389676	2.6046131532660235	0.00932987215451707	0.015246376447625457
VEGFA	Day*Allocation	Day1 Anakinra - Day7 Anakinra	0	0.03770735509377133	0.04401485097197785	1035.8094226907344	0.8566961891516525	0.3918109601340849	0.41017709889037013
VEGFA	Day*Allocation	Day1 Anakinra - Day1 Placebo	0	0.02647781570278135	0.09056375363112833	947.969338835001	0.29236658863133147	0.7700703264268514	0.9663805461380576
VEGFA	Day*Allocation	Day1 Anakinra - Day4 Placebo	0	-0.005897007951826433	0.09068130194905677	950.5365473786866	-0.06503003182661926	0.9481637624965423	0.9773380321118205
VEGFA	Day*Allocation	Day1 Anakinra - Day7 Placebo	0	-0.049734441670989664	0.09129462393106916	968.4404620213278	-0.5447685693797372	0.5860381183342009	0.6436812119408437
VEGFA	Day*Allocation	Day4 Anakinra - Day7 Anakinra	0	-0.07627232902215486	0.04417291191904378	1031.2545208211936	-1.7266765016972407	0.08452524852913765	0.10685267266890985
VEGFA	Day*Allocation	Day4 Anakinra - Day1 Placebo	0	-0.08750186841314483	0.09076337838135803	953.2790593116424	-0.9640657936452145	0.33525743108373474	0.4679634975543797
VEGFA	Day*Allocation	Day4 Anakinra - Day4 Placebo	0	-0.11987669206775262	0.09088036440128039	955.8154537479132	-1.3190604247408113	0.18746482838276984	0.5981020715069324
VEGFA	Day*Allocation	Day4 Anakinra - Day7 Placebo	0	-0.16371412578691585	0.09149280468652381	973.6662519791832	-1.789366129367654	0.07386659287273009	0.14140176349922617
VEGFA	Day*Allocation	Day7 Anakinra - Day1 Placebo	0	-0.01122953939098998	0.09086407729142475	956.2930730813974	-0.12358612694622897	0.9016689471145221	0.9016689471145221
VEGFA	Day*Allocation	Day7 Anakinra - Day4 Placebo	0	-0.04360436304559776	0.0909799455157828	958.7562818767041	-0.47927444667499247	0.6318526954581971	0.6719703269158604
VEGFA	Day*Allocation	Day7 Anakinra - Day7 Placebo	0	-0.08744179676476099	0.09159312227997338	976.6642596298858	-0.9546764493678576	0.3399775686971762	0.5971979237601476
VEGFA	Day*Allocation	Day1 Placebo - Day4 Placebo	0	-0.03237482365460778	0.06449717010052287	1036.6473114711625	-0.501957273538507	0.6158041692591116	0.6763750711534505
VEGFA	Day*Allocation	Day1 Placebo - Day7 Placebo	0	-0.07621225737377102	0.06534867585713505	1040.7358880339762	-1.1662402699694463	0.24378449484108147	0.2768400195652959
VEGFA	Day*Allocation	Day4 Placebo - Day7 Placebo	0	-0.04383743371916323	0.0651715498684112	1034.1765078078927	-0.6726467884786539	0.5013222894668701	0.5816575727005437
CD8A	Day*Allocation	Day1 Anakinra - Day4 Anakinra	0	0.29345612436386553	0.04972797063177825	1041.7318118609926	5.901228637235697	4.8750263919912265e-9	1.1665241723693291e-8
CD8A	Day*Allocation	Day1 Anakinra - Day7 Anakinra	0	0.2851249312475177	0.05000214365024916	1045.2476113337639	5.702254152179672	1.5378207968024245e-8	2.4531903187086298e-8
CD8A	Day*Allocation	Day1 Anakinra - Day1 Placebo	0	0.05275648614423267	0.08930156078943946	1104.502466302219	0.5907677948499137	0.5547968788031732	0.9663805461380576
CD8A	Day*Allocation	Day1 Anakinra - Day4 Placebo	0	0.2918537859625278	0.08943962932997152	1106.8460991591678	3.26313724854321	0.0011355406105553899	0.0033078791698787444
CD8A	Day*Allocation	Day1 Anakinra - Day7 Placebo	0	0.2489013258072182	0.09021794536138084	1127.8354283392637	2.758889318640637	0.005893630643485819	0.00918309890961744
CD8A	Day*Allocation	Day4 Anakinra - Day7 Anakinra	0	-0.008331193116347835	0.050206151436301555	1039.808612757317	-0.16593968822561384	0.8682366720551417	0.8682366720551417
CD8A	Day*Allocation	Day4 Anakinra - Day1 Placebo	0	-0.24069963821963286	0.08954818329043204	1110.3330305427555	-2.687934354167416	0.007297082985513709	0.014815289697861165
CD8A	Day*Allocation	Day4 Anakinra - Day4 Placebo	0	-0.0016023384013377426	0.08968539664820761	1112.6276694452856	-0.01786621302042004	0.9857487860070939	0.9958326352395025
CD8A	Day*Allocation	Day4 Anakinra - Day7 Placebo	0	-0.044554798556647346	0.09046227984335367	1133.4657119619746	-0.49252349856536165	0.6224447011018441	0.719030947824544
CD8A	Day*Allocation	Day7 Anakinra - Day1 Placebo	0	-0.23236844510328503	0.08967690771522824	1113.930528087321	-2.5911737037273643	0.009689948516280437	0.012984531011815787
CD8A	Day*Allocation	Day7 Anakinra - Day4 Placebo	0	0.006728854715010092	0.08981217081947872	1116.095107522536	0.07492141269511235	0.9402906656121459	0.9402906656121459
CD8A	Day*Allocation	Day7 Anakinra - Day7 Placebo	0	-0.03622360544029951	0.09059049614769792	1137.0054089098085	-0.39986098962567634	0.6893340114004186	0.8102698028741764
CD8A	Day*Allocation	Day1 Placebo - Day4 Placebo	0	0.2390972998182951	0.07326426453266395	1046.1893764725799	3.2634914353326594	0.001136105262305662	0.00237872039295248
CD8A	Day*Allocation	Day1 Placebo - Day7 Placebo	0	0.19614483966298552	0.07419669359292931	1051.9330211852875	2.6435792508370946	0.00832546626090921	0.011383800805733
CD8A	Day*Allocation	Day4 Placebo - Day7 Placebo	0	-0.0429524601553096	0.07404849661575387	1043.710558672101	-0.5800585037964354	0.5620003639276219	0.6382038031042486
MCP-3	Day*Allocation	Day1 Anakinra - Day4 Anakinra	0	0.423262565206738	0.04685775282596903	1039.5578625520072	9.032924962892409	7.94988460281017e-19	2.663211341941407e-18
MCP-3	Day*Allocation	Day1 Anakinra - Day7 Anakinra	0	0.6376938361048712	0.04711972196931389	1042.8363953526919	13.533480450503529	1.4538013704847368e-38	5.411371767915409e-38
MCP-3	Day*Allocation	Day1 Anakinra - Day1 Placebo	0	-0.10455276149730343	0.0868672898637586	1064.3246964690138	-1.2035918429282468	0.2290150023208728	0.9499718020653924
MCP-3	Day*Allocation	Day1 Anakinra - Day4 Placebo	0	0.22313868500641618	0.08699691418602933	1066.7825521722405	2.5649034462218845	0.010456304684344763	0.02060507099562056
MCP-3	Day*Allocation	Day1 Anakinra - Day7 Placebo	0	0.3970525153168207	0.08771336691314659	1087.328012531366	4.526704757668012	6.65110045423111e-6	1.59151332297673e-5
MCP-3	Day*Allocation	Day4 Anakinra - Day7 Anakinra	0	0.21443127089813319	0.04730620908126985	1037.5842644253553	4.53283564805944	6.496586673783232e-6	1.3602228348233642e-5
MCP-3	Day*Allocation	Day4 Anakinra - Day1 Placebo	0	-0.5278153267040414	0.08709584963796528	1070.129745038507	-6.060166229482024	1.8815410285220747e-9	1.1460295355543545e-8
MCP-3	Day*Allocation	Day4 Anakinra - Day4 Placebo	0	-0.20012388020032182	0.08722471505780206	1072.5423382985325	-2.2943483400055107	0.021963021608935922	0.24525374129978444
MCP-3	Day*Allocation	Day4 Anakinra - Day7 Placebo	0	-0.026210049889917306	0.08793991987478174	1092.9643471228271	-0.2980449598684872	0.7657254956220101	0.8013789312796783
MCP-3	Day*Allocation	Day7 Anakinra - Day1 Placebo	0	-0.7422465976021746	0.08721413272003432	1073.6353968603612	-8.510622928337279	5.75377932747152e-17	3.2125267911715983e-16
MCP-3	Day*Allocation	Day7 Anakinra - Day4 Placebo	0	-0.414555151098455	0.08734132866504633	1075.9323979152011	-4.746380178028576	2.3501389604388313e-6	2.249418719277167e-5
MCP-3	Day*Allocation	Day7 Anakinra - Day7 Placebo	0	-0.2406413207880505	0.08805773332363712	1096.4242201287407	-2.732767602632076	0.006381438651954331	0.07125939828015669
MCP-3	Day*Allocation	Day1 Placebo - Day4 Placebo	0	0.3276914465037196	0.0690423456217548	1043.7615445447432	4.746238609837527	2.360808031509382e-6	7.532101814815647e-6
MCP-3	Day*Allocation	Day1 Placebo - Day7 Placebo	0	0.5016052768141241	0.06992975157290779	1049.075819461699	7.172988113523576	1.3842451122667887e-12	4.416401072470231e-12
MCP-3	Day*Allocation	Day4 Placebo - Day7 Placebo	0	0.17391383031040453	0.06977737944401298	1041.2407341576125	2.4924098854980237	0.012842500949847778	0.031868428282955594
CDCP1	Day*Allocation	Day1 Anakinra - Day4 Anakinra	0	0.49477027048318645	0.04182505470838801	1033.0754120244085	11.829518788028276	2.267903224861485e-30	1.688327956285772e-29
CDCP1	Day*Allocation	Day1 Anakinra - Day7 Anakinra	0	0.3897291806245612	0.04206818084432282	1035.6399155595798	9.264227090465118	1.1030807002076483e-19	2.6829407243133857e-19
CDCP1	Day*Allocation	Day1 Anakinra - Day1 Placebo	0	0.13622156285857434	0.086822192759322	945.203372232733	1.5689716940942888	0.11698922157423476	0.8633206739357308
CDCP1	Day*Allocation	Day1 Anakinra - Day4 Placebo	0	0.5394476782190338	0.08693441434403475	947.768687623241	6.205225885392412	8.152148990124163e-10	6.068822025981321e-9
CDCP1	Day*Allocation	Day1 Anakinra - Day7 Placebo	0	0.3562430710129547	0.08751913156492934	965.5871576486031	4.070459391483592	5.075764423766857e-5	1.0305339890678165e-4
CDCP1	Day*Allocation	Day4 Anakinra - Day7 Anakinra	0	-0.10504108985862526	0.042218871608457637	1031.1046806488073	-2.488012726460045	0.013002943001227396	0.01893906915396164
CDCP1	Day*Allocation	Day4 Anakinra - Day1 Placebo	0	-0.3585487076246121	0.08701260028915556	950.4938372488098	-4.120652715044746	4.107496042401234e-5	1.1008089393635307e-4
CDCP1	Day*Allocation	Day4 Anakinra - Day4 Placebo	0	0.04467740773584737	0.08712428811458287	953.028716879311	0.5128008354810221	0.6082094792486845	0.9102177669147989
CDCP1	Day*Allocation	Day4 Anakinra - Day7 Placebo	0	-0.1385271994702317	0.08770816924429584	970.79545937926	-1.5794104547364147	0.11456769395333129	0.18276274987793326
CDCP1	Day*Allocation	Day7 Anakinra - Day1 Placebo	0	-0.25350761776598685	0.08710858931844626	953.492478183935	-2.910248228670415	0.0036954084221950782	0.00526792264440575
CDCP1	Day*Allocation	Day7 Anakinra - Day4 Placebo	0	0.14971849759447264	0.08721921860172567	955.9551437677551	1.7165769195679357	0.08638044683511771	0.1258149986511497
CDCP1	Day*Allocation	Day7 Anakinra - Day7 Placebo	0	-0.033486109611606446	0.08780379565662198	973.7786612343621	-0.38137428298159215	0.703008736393426	0.8120962989372335
CDCP1	Day*Allocation	Day1 Placebo - Day4 Placebo	0	0.4032261153604595	0.06164471870419614	1036.4749696483402	6.541129943269771	9.57350867021004e-11	4.5816077207433764e-10
CDCP1	Day*Allocation	Day1 Placebo - Day7 Placebo	0	0.2200215081543804	0.06245906467830866	1040.534499188701	3.522651344325869	4.4579801269653535e-4	6.493144967536493e-4
CDCP1	Day*Allocation	Day4 Placebo - Day7 Placebo	0	-0.18320460720607906	0.06228896789750859	1034.0086078033355	-2.9412047331965314	0.0033422364662240907	0.010178629238046095
CD244	Day*Allocation	Day1 Anakinra - Day4 Anakinra	0	0.14045843120952872	0.04616018139758543	1039.0070606156942	3.0428483371791057	0.0024023916255112862	0.00412718561305785
CD244	Day*Allocation	Day1 Anakinra - Day7 Anakinra	0	-0.12090041012682162	0.04641914411588293	1042.2252735899128	-2.60453768438729	0.009330769873155694	0.010967747043884764
CD244	Day*Allocation	Day1 Anakinra - Day1 Placebo	0	0.08360952195832835	0.0863030176846473	1054.1328162415462	0.9687902486079799	0.33287207499486116	0.9499718020653924
CD244	Day*Allocation	Day1 Anakinra - Day4 Placebo	0	0.22191196126934684	0.08643053610834518	1056.6139312443224	2.5675180469917325	0.010379574646656186	0.02060507099562056
CD244	Day*Allocation	Day1 Anakinra - Day7 Placebo	0	0.10017664724750869	0.08713182871317564	1077.0066340039443	1.1497135860338081	0.25051709265454936	0.3085466788146251
CD244	Day*Allocation	Day4 Anakinra - Day7 Anakinra	0	-0.26135884133635034	0.04660140622834966	1037.0247079117566	-5.608389584976825	2.6183867487879042e-8	9.746217342710532e-8
CD244	Day*Allocation	Day4 Anakinra - Day1 Placebo	0	-0.05684890925120037	0.08652712741229264	1059.919377267206	-0.6570067786986769	0.5113191871035719	0.6010243076480583
CD244	Day*Allocation	Day4 Anakinra - Day4 Placebo	0	0.0814535300598181	0.08665391053425608	1062.3563103802808	0.9399867767954666	0.3474380170509682	0.8027016256005127
CD244	Day*Allocation	Day4 Anakinra - Day7 Placebo	0	-0.040281783962020035	0.08735399952099318	1082.632449054574	-0.46113268062030055	0.6447960401908415	0.7322260117421421
CD244	Day*Allocation	Day7 Anakinra - Day1 Placebo	0	0.20450993208514998	0.08664285441377	1063.394958216952	2.3603785155610892	0.018436064440219394	0.023754159951821143
CD244	Day*Allocation	Day7 Anakinra - Day4 Placebo	0	0.34281237139616844	0.08676803450907958	1065.7200332712907	3.95090626791017	8.297858577156925e-5	5.55956524669514e-4
CD244	Day*Allocation	Day7 Anakinra - Day7 Placebo	0	0.2210770573743303	0.08746926717465935	1086.0652195613584	2.527482674947783	0.011629314898516156	0.0973955122750728
CD244	Day*Allocation	Day1 Placebo - Day4 Placebo	0	0.1383024393110185	0.06801619588791816	1043.1451474229532	2.0333751028787748	0.04226737950096251	0.061563357099228
CD244	Day*Allocation	Day1 Placebo - Day7 Placebo	0	0.016567125289180334	0.06889255147223666	1048.3512582684862	0.2404777430235952	0.8100069322887082	0.8100069322887082
CD244	Day*Allocation	Day4 Placebo - Day7 Placebo	0	-0.12173531402183814	0.0687392636549443	1040.6184205914094	-1.770972040563631	0.07685802885896997	0.13011730791624276
IL7	Day*Allocation	Day1 Anakinra - Day4 Anakinra	0	0.023154503016489036	0.053528654781012146	1046.5286945922398	0.43256276682489087	0.6654215643181747	0.7056956443905207
IL7	Day*Allocation	Day1 Anakinra - Day7 Anakinra	0	-0.01094342385623159	0.05381438775691096	1050.5625077110612	-0.2033549820480158	0.8388969639255713	0.8647091782002042
IL7	Day*Allocation	Day1 Anakinra - Day1 Placebo	0	0.0460060487076241	0.09033545236997646	1191.9327656028388	0.5092801054363734	0.6106501677489727	0.9663805461380576
IL7	Day*Allocation	Day1 Anakinra - Day4 Placebo	0	-0.11530435461177214	0.09048399439528906	1193.9199880040728	-1.274306637128028	0.2028027392579476	0.2953865984844019
IL7	Day*Allocation	Day1 Anakinra - Day7 Placebo	0	-0.0811320235148946	0.09135811234044242	1214.947274081118	-0.8880658918669346	0.3746810839801695	0.4183938771111893
IL7	Day*Allocation	Day4 Anakinra - Day7 Anakinra	0	-0.034097926872720626	0.05404806970346449	1044.8033059110862	-0.6308814923418984	0.5282559900351806	0.5998839208874086
IL7	Day*Allocation	Day4 Anakinra - Day1 Placebo	0	0.022851545691135063	0.09060842234678922	1197.5545518599029	0.2522011210356851	0.8009288882025225	0.8009288882025225
IL7	Day*Allocation	Day4 Anakinra - Day4 Placebo	0	-0.13845885762826118	0.09075594170216666	1199.488362288315	-1.525617552210972	0.12736875315888627	0.5034250807939222
IL7	Day*Allocation	Day4 Anakinra - Day7 Placebo	0	-0.10428652653138364	0.09162826539473026	1220.3042153859124	-1.138147994858597	0.25528208939832225	0.3227150941450489
IL7	Day*Allocation	Day7 Anakinra - Day1 Placebo	0	0.056949472563855685	0.0907535217109156	1201.1928134326315	0.6275180454733357	0.5304389769355433	0.5467601762258677
IL7	Day*Allocation	Day7 Anakinra - Day4 Placebo	0	-0.10436093075554055	0.09089851025635672	1202.9680562411509	-1.1481038628819815	0.2511539443796677	0.3004877548828167
IL7	Day*Allocation	Day7 Anakinra - Day7 Placebo	0	-0.070188599658663	0.0917728222133181	1223.85905823408	-0.7648081203770283	0.4445332543402861	0.6474723487130255
IL7	Day*Allocation	Day1 Placebo - Day4 Placebo	0	-0.16131040331939625	0.07884655016017691	1051.517869516875	-2.0458777586551835	0.0410167646389685	0.06135002348170632
IL7	Day*Allocation	Day1 Placebo - Day7 Placebo	0	-0.1271380722225187	0.0798271585870556	1058.2207653272617	-1.5926668877217787	0.11153357622711832	0.14099527560786654
IL7	Day*Allocation	Day4 Placebo - Day7 Placebo	0	0.03417233109687754	0.07969951335741061	1049.2339945497858	0.4287646142032576	0.6681825443099656	0.7220682333672208
OPG	Day*Allocation	Day1 Anakinra - Day4 Anakinra	0	0.3977439536373328	0.04530969187295481	1043.2856096792543	8.778341612928617	6.673759057857009e-18	2.12924693750676e-17
OPG	Day*Allocation	Day1 Anakinra - Day7 Anakinra	0	0.6428961098052973	0.045556963302856086	1046.9701095612634	14.11191754664193	1.5838715302997324e-41	6.63246203313013e-41
OPG	Day*Allocation	Day1 Anakinra - Day1 Placebo	0	0.0419397015297943	0.0796561982090022	1133.0795966534004	0.5265089531357343	0.5986376791502426	0.9663805461380576
OPG	Day*Allocation	Day1 Anakinra - Day4 Placebo	0	0.3379524488452314	0.07978212803772816	1135.3217191078113	4.2359417723906425	2.460213109646708e-5	9.157459908129414e-5
OPG	Day*Allocation	Day1 Anakinra - Day7 Placebo	0	0.45710182877326655	0.08050203459522379	1156.4675215781474	5.6781400752371365	1.72101199024667e-8	6.782811961560405e-8
OPG	Day*Allocation	Day4 Anakinra - Day7 Anakinra	0	0.24515215616796454	0.045746758715316686	1041.4136594660192	5.358896740500306	1.030736850653639e-7	3.291077555483435e-7
OPG	Day*Allocation	Day4 Anakinra - Day1 Placebo	0	-0.35580425210753847	0.07988322549259853	1138.881987730035	-4.454054651818047	9.255780246875974e-6	2.9530346501937633e-5
OPG	Day*Allocation	Day4 Anakinra - Day4 Placebo	0	-0.059791504792101394	0.08000834601345615	1141.0730576616731	-0.7473158460499284	0.4550268952064519	0.8468556105231189
OPG	Day*Allocation	Day4 Anakinra - Day7 Placebo	0	0.059357875135933755	0.08072687720508427	1162.047512671962	0.7352925963571811	0.4623096863233128	0.5531205175653922
OPG	Day*Allocation	Day7 Anakinra - Day1 Placebo	0	-0.600956408275503	0.08000243560030358	1142.5177013951343	-7.511726408904763	1.1732875962824846e-13	4.624133467701557e-13
OPG	Day*Allocation	Day7 Anakinra - Day4 Placebo	0	-0.3049436609600659	0.08012566163099871	1144.5688221931123	-3.805817696263371	1.4881933235024863e-4	7.669919436512814e-4
OPG	Day*Allocation	Day7 Anakinra - Day7 Placebo	0	-0.18579428103203077	0.08084562195590353	1165.6167829788624	-2.298136578544358	0.021730395575900972	0.13016374346141096
OPG	Day*Allocation	Day1 Placebo - Day4 Placebo	0	0.2960127473154371	0.06675009999856459	1047.91970172692	4.434641256294786	1.0195134941573504e-5	2.7322961643416993e-5
OPG	Day*Allocation	Day1 Placebo - Day7 Placebo	0	0.41516212724347223	0.06759347194808683	1053.9724427131246	6.14204471642358	1.1527229120502317e-9	2.758301253834483e-9
OPG	Day*Allocation	Day4 Placebo - Day7 Placebo	0	0.11914937992803515	0.06746721055513301	1045.4888498548512	1.7660338844255075	0.0776819748753688	0.13011730791624276
LAP TGF-beta-1	Day*Allocation	Day1 Anakinra - Day4 Anakinra	0	0.04643738400014042	0.05479231713314572	1048.2345226871996	0.8475163386008525	0.3969008479378875	0.44320594686397435
LAP TGF-beta-1	Day*Allocation	Day1 Anakinra - Day7 Anakinra	0	-0.2558468979219007	0.05508128364069716	1052.450320083823	-4.644897159456658	3.8326461390036974e-6	5.4635593896435685e-6
LAP TGF-beta-1	Day*Allocation	Day1 Anakinra - Day1 Placebo	0	0.0978208305054592	0.09065169704477981	1222.240489190295	1.0790843822497664	0.28076301334169523	0.9499718020653924
LAP TGF-beta-1	Day*Allocation	Day1 Anakinra - Day4 Placebo	0	-0.07986599205795805	0.09080335752049846	1224.07615059267	-0.8795488871645374	0.37927637066633624	0.4794625817857458
LAP TGF-beta-1	Day*Allocation	Day1 Anakinra - Day7 Placebo	0	-0.10315056950602343	0.09170932293949184	1244.79905132202	-1.1247555450178202	0.2609094680454311	0.3085466788146251
LAP TGF-beta-1	Day*Allocation	Day4 Anakinra - Day7 Anakinra	0	-0.3022842819220411	0.0553254638900993	1046.606976292749	-5.463745998090691	5.8252786494790124e-8	2.054177207974178e-7
LAP TGF-beta-1	Day*Allocation	Day4 Anakinra - Day1 Placebo	0	0.05138344650531878	0.09093318693742944	1227.704352869976	0.5650681366823249	0.5721306576467677	0.6497076959717533
LAP TGF-beta-1	Day*Allocation	Day4 Anakinra - Day4 Placebo	0	-0.12630337605809847	0.09108376914951585	1229.4865095171244	-1.3866726996197194	0.1657929557489492	0.5728136218247585
LAP TGF-beta-1	Day*Allocation	Day4 Anakinra - Day7 Placebo	0	-0.14958795350616386	0.09198780837595116	1249.9790295105247	-1.6261715128031182	0.10416523427856259	0.1702212365039925
LAP TGF-beta-1	Day*Allocation	Day7 Anakinra - Day1 Placebo	0	0.3536677284273599	0.09108375553279963	1231.301336233559	3.8828847839942515	1.087051670453781e-4	1.8674990236000852e-4
LAP TGF-beta-1	Day*Allocation	Day7 Anakinra - Day4 Placebo	0	0.17598090586394263	0.0912315885515875	1232.91662485823	1.9289470747780861	0.053966745462612604	0.08608980823797725
LAP TGF-beta-1	Day*Allocation	Day7 Anakinra - Day7 Placebo	0	0.15269632841587727	0.09213783302441964	1253.4848776613899	1.657259818292097	0.09771719508020316	0.32735260351868056
LAP TGF-beta-1	Day*Allocation	Day1 Placebo - Day4 Placebo	0	-0.17768682256341725	0.08070155063783362	1053.4031563669685	-2.2017770558192478	0.02789723339159226	0.04672786593091704
LAP TGF-beta-1	Day*Allocation	Day1 Placebo - Day7 Placebo	0	-0.20097140001148261	0.08169658734447578	1060.4502286842455	-2.4599730116520226	0.014053398329530918	0.018462307609383756
LAP TGF-beta-1	Day*Allocation	Day4 Placebo - Day7 Placebo	0	-0.023284577448065384	0.08157745306578143	1051.2212492595909	-0.2854290808673501	0.7753716584492231	0.8117172049390304
uPA	Day*Allocation	Day1 Anakinra - Day4 Anakinra	0	0.4992237479365656	0.05172925644520795	1045.7826304293253	9.650704112968402	3.609610591133195e-21	1.5115244350370253e-20
uPA	Day*Allocation	Day1 Anakinra - Day7 Anakinra	0	0.4863730137228301	0.05200682000854676	1049.7364512428562	9.352100621474259	5.025920112797032e-20	1.2951409521438506e-19
uPA	Day*Allocation	Day1 Anakinra - Day1 Placebo	0	-0.025245983357052734	0.08808987916016515	1178.5185260407134	-0.28659346110749506	0.7744739958558032	0.9663805461380576
uPA	Day*Allocation	Day1 Anakinra - Day4 Placebo	0	0.5030810210369494	0.0882335371961859	1180.568753653653	5.701698436030696	1.4977157591436933e-8	8.36224632188562e-8
uPA	Day*Allocation	Day1 Anakinra - Day7 Placebo	0	0.4051183798007713	0.0890733394307632	1201.6769297034803	4.548144061845466	5.9597891045963785e-6	1.535791807722913e-5
uPA	Day*Allocation	Day4 Anakinra - Day7 Anakinra	0	-0.012850734213735504	0.05223056656492581	1044.018882102194	-0.2460385758550264	0.8057007325072566	0.8185829579912124
uPA	Day*Allocation	Day4 Anakinra - Day1 Placebo	0	-0.5244697312936183	0.08835271926902499	1184.196077497924	-5.936090429731558	3.829639635181725e-9	1.973737350439812e-8
uPA	Day*Allocation	Day4 Anakinra - Day4 Placebo	0	0.003857273100383793	0.08849540290374117	1186.1931881737598	0.043587270906935725	0.9652407342460856	0.9958326352395025
uPA	Day*Allocation	Day4 Anakinra - Day7 Placebo	0	-0.0941053681357943	0.08933350852679275	1207.0987782274096	-1.0534162341510451	0.29236107980153947	0.36274430271672486
uPA	Day*Allocation	Day7 Anakinra - Day1 Placebo	0	-0.5116189970798828	0.08849204629828973	1187.843142969234	-5.781525215896954	9.453407464401094e-9	2.4360703850572053e-8
uPA	Day*Allocation	Day7 Anakinra - Day4 Placebo	0	0.016708007314119297	0.08863234952608794	1189.6856715036345	0.18850913242688533	0.8505097072856567	0.863396218002106
uPA	Day*Allocation	Day7 Anakinra - Day7 Placebo	0	-0.0812546339220588	0.08947230809315211	1210.666115467658	-0.9081539937190659	0.36397760211661523	0.6096624835453305
uPA	Day*Allocation	Day1 Placebo - Day4 Placebo	0	0.5283270043940022	0.07619868648421561	1050.6917279352792	6.933544773156213	7.155421802863598e-12	4.3583023708351006e-11
uPA	Day*Allocation	Day1 Placebo - Day7 Placebo	0	0.430364363157824	0.07714988227213329	1057.2445264079163	5.578289304963367	3.084365622786694e-8	6.666209571829306e-8
uPA	Day*Allocation	Day4 Placebo - Day7 Placebo	0	-0.0979626412361781	0.0770217563311555	1048.3685321194757	-1.271882723823995	0.2036968529341176	0.29050022708344947
IL6	Day*Allocation	Day1 Anakinra - Day4 Anakinra	0	0.5105380215268024	0.04716725510292086	1041.99774718064	10.823992628207595	5.992014396522781e-26	4.014649645670263e-25
IL6	Day*Allocation	Day1 Anakinra - Day7 Anakinra	0	0.8714152948993766	0.0474268593080109	1045.5424753874086	18.37387732634839	1.4700366424116777e-65	1.2311556880197802e-64
IL6	Day*Allocation	Day1 Anakinra - Day1 Placebo	0	-0.12125983317433585	0.08438844275105367	1109.404893022978	-1.4369246453812754	0.15102135801602679	0.8633206739357308
IL6	Day*Allocation	Day1 Anakinra - Day4 Placebo	0	0.3019846215927454	0.08451943610799456	1111.7322534101527	3.5729606762506685	3.680872680639087e-4	0.001174373664775328
IL6	Day*Allocation	Day1 Anakinra - Day7 Placebo	0	0.4809454173269031	0.08525964518793204	1132.7580189749176	5.640950255736906	2.1349591842448042e-8	7.946792519133438e-8
IL6	Day*Allocation	Day4 Anakinra - Day7 Anakinra	0	0.36087727337257425	0.047621062684663956	1040.0824284820708	7.578102062993071	7.736558739814327e-14	1.03669887113512e-12
IL6	Day*Allocation	Day4 Anakinra - Day1 Placebo	0	-0.6317978547011383	0.08462279793432471	1115.2333712416194	-7.4660478041800635	1.661398248338988e-13	1.2368186959856911e-12
IL6	Day*Allocation	Day4 Anakinra - Day4 Placebo	0	-0.20855339993405697	0.08475297463618717	1117.5113466408895	-2.4607207101496877	0.01401620878533536	0.24525374129978444
IL6	Day*Allocation	Day4 Anakinra - Day7 Placebo	0	-0.029592604199899272	0.0854918121685818	1138.3823853742456	-0.3461454781370811	0.7292973496264398	0.7999446556074873
IL6	Day*Allocation	Day7 Anakinra - Day1 Placebo	0	-0.9926751280737125	0.08474524589079012	1118.8390666949633	-11.713637946758187	5.631587012483064e-30	6.288605497272755e-29
IL6	Day*Allocation	Day7 Anakinra - Day4 Placebo	0	-0.5694306733066312	0.08487355189889147	1120.985257044277	-6.709165111706237	3.099513443922237e-11	2.0144731356471365e-9
IL6	Day*Allocation	Day7 Anakinra - Day7 Placebo	0	-0.39046987757247353	0.08561377749823004	1141.9287951731567	-4.5608299152615475	5.6449270674604335e-6	3.7821011351984904e-4
IL6	Day*Allocation	Day1 Placebo - Day4 Placebo	0	0.4232444547670813	0.06949072244950072	1046.485817324274	6.090661312014065	1.5772734849690113e-9	6.2163131466425746e-9
IL6	Day*Allocation	Day1 Placebo - Day7 Placebo	0	0.602205250501239	0.0703740380812459	1052.2822404946924	8.557207557224455	4.040667499810586e-17	2.2560393540609104e-16
IL6	Day*Allocation	Day4 Placebo - Day7 Placebo	0	0.17896079573415768	0.0702350365318542	1044.0141572137654	2.5480273745282713	0.010975733398950228	0.028283620681910204
MCP-1	Day*Allocation	Day1 Anakinra - Day4 Anakinra	0	0.0553493827472564	0.0553158722883846	1049.6533154134527	1.0006058018699786	0.31724803309381394	0.37956461102295597
MCP-1	Day*Allocation	Day1 Anakinra - Day7 Anakinra	0	-0.0031619591542775766	0.05560461363296658	1054.0194286032238	-0.05686505035623394	0.9546634726940153	0.9546634726940153
MCP-1	Day*Allocation	Day1 Anakinra - Day1 Placebo	0	-0.1804237633961472	0.09009057310204688	1246.9947137361733	-2.00269303639326	0.04542640534332071	0.7288148468024105
MCP-1	Day*Allocation	Day1 Anakinra - Day4 Placebo	0	-0.15697394302748222	0.09024323610725651	1248.6983410085236	-1.739453833868662	0.08220137554455452	0.1311307657496465
MCP-1	Day*Allocation	Day1 Anakinra - Day7 Placebo	0	-0.22432680136886599	0.09116651194269469	1269.0438307331078	-2.4606272258159114	0.014001850539074899	0.019960084811021662
MCP-1	Day*Allocation	Day4 Anakinra - Day7 Anakinra	0	-0.058511341901533974	0.05585524916828026	1048.11763375752	-1.0475531444726254	0.29508603841817715	0.3594684468003249
MCP-1	Day*Allocation	Day4 Anakinra - Day1 Placebo	0	-0.2357731461434036	0.09037625651394492	1252.2966188758128	-2.608795221641252	0.009194364604141931	0.017600640813643126
MCP-1	Day*Allocation	Day4 Anakinra - Day4 Placebo	0	-0.2123233257747386	0.09052780690777552	1253.9472865256519	-2.3453934545331614	0.019162198160015746	0.24525374129978444
MCP-1	Day*Allocation	Day4 Anakinra - Day7 Placebo	0	-0.2796761841161224	0.0914490638056906	1274.0483421138176	-3.0582727966507512	0.002272588148186686	0.009516462870531747
MCP-1	Day*Allocation	Day7 Anakinra - Day1 Placebo	0	-0.17726180424186963	0.09052985135992633	1255.8370782560937	-1.9580481087626727	0.05044550974732719	0.06225736011125628
MCP-1	Day*Allocation	Day7 Anakinra - Day4 Placebo	0	-0.15381198387320463	0.09067849279835304	1257.3149443922077	-1.6962344556745683	0.09008902931971424	0.12842478647703945
MCP-1	Day*Allocation	Day7 Anakinra - Day7 Placebo	0	-0.22116484221458843	0.0916021231689375	1277.4922034815982	-2.4144073801292194	0.015900644313327196	0.1183714632214358
MCP-1	Day*Allocation	Day1 Placebo - Day4 Placebo	0	0.023449820368665004	0.08146732159988071	1054.967342039605	0.28784327148788136	0.7735232479936912	0.797323963316574
MCP-1	Day*Allocation	Day1 Placebo - Day7 Placebo	0	-0.04390303797271878	0.0824644125405246	1062.3015457122801	-0.5323876884606918	0.594568842864402	0.6128632687986912
MCP-1	Day*Allocation	Day4 Placebo - Day7 Placebo	0	-0.06735285834138378	0.08235378122273829	1052.8827591799202	-0.8178477944955286	0.41362914227698466	0.5132065283807031
CXCL11	Day*Allocation	Day1 Anakinra - Day4 Anakinra	0	0.6619684083838778	0.047961524513429346	1042.3057148503099	13.802071871141733	6.3799543639260484e-40	6.106527748329217e-39
CXCL11	Day*Allocation	Day1 Anakinra - Day7 Anakinra	0	0.7928598267314363	0.0482249686453733	1045.8839162244271	16.440857277934242	3.365245750520819e-54	2.505238503165499e-53
CXCL11	Day*Allocation	Day1 Anakinra - Day1 Placebo	0	-0.0824580629771837	0.08544429499833067	1115.0769540519457	-0.9650505394045873	0.33472874161682287	0.9499718020653924
CXCL11	Day*Allocation	Day1 Anakinra - Day4 Placebo	0	0.5834040412777197	0.08557752867529954	1117.3848856284958	6.817257407505729	1.5153790379611208e-11	1.4504342220485014e-10
CXCL11	Day*Allocation	Day1 Anakinra - Day7 Placebo	0	0.776973802338565	0.08633249392488825	1138.4478889461052	8.999784055984234	9.262789285243932e-19	1.0343448035189057e-17
CXCL11	Day*Allocation	Day4 Anakinra - Day7 Anakinra	0	0.13089141834755846	0.048423265725166746	1040.399983897304	2.7030687911561286	0.006982179633965989	0.010631955351720937
CXCL11	Day*Allocation	Day4 Anakinra - Day1 Placebo	0	-0.7444264713610615	0.08568309533260582	1120.901601266804	-8.688137006154324	1.2845017846746401e-17	1.4343603262200147e-16
CXCL11	Day*Allocation	Day4 Anakinra - Day4 Placebo	0	-0.0785643671061581	0.08581549219053397	1123.1597144704795	-0.9155033094924588	0.3601239767938309	0.8042768815062223
CXCL11	Day*Allocation	Day4 Anakinra - Day7 Placebo	0	0.11500539395468712	0.08656904811053776	1144.06400698675	1.328481674048671	0.18428396040771533	0.2519801091289169
CXCL11	Day*Allocation	Day7 Anakinra - Day1 Placebo	0	-0.87531788970862	0.08580801483476853	1124.5159415360458	-10.200887310982868	1.9840981364421065e-23	1.661682189270264e-22
CXCL11	Day*Allocation	Day7 Anakinra - Day4 Placebo	0	-0.20945578545371657	0.08593848488661607	1126.640287064104	-2.437275752883757	0.014952297757078915	0.03339346499080958
CXCL11	Day*Allocation	Day7 Anakinra - Day7 Placebo	0	-0.015886024392871345	0.08669347619660416	1147.6173429376083	-0.18324359674821314	0.8546392561456976	0.9105240637911188
CXCL11	Day*Allocation	Day1 Placebo - Day4 Placebo	0	0.6658621042549034	0.07065991903465484	1046.828961297546	9.423476751060731	2.7030434803296386e-20	2.5871987597440826e-19
CXCL11	Day*Allocation	Day1 Placebo - Day7 Placebo	0	0.8594318653157487	0.07155681134349862	1052.6865702205957	12.010482987987885	3.1019657019755885e-31	2.9690243147480633e-30
CXCL11	Day*Allocation	Day4 Placebo - Day7 Placebo	0	0.19356976106084522	0.07141730995449329	1044.3661350633108	2.7104039788699237	0.00683026531574651	0.018305111046200646
AXIN1	Day*Allocation	Day1 Anakinra - Day4 Anakinra	0	-0.1809686676988974	0.05692732740088523	1052.2221324735806	-3.17894192405181	0.0015212663998837596	0.0027547256430327537
AXIN1	Day*Allocation	Day1 Anakinra - Day7 Anakinra	0	-0.48332852859175063	0.05721882606318783	1056.8577036050415	-8.44701930895964	9.775504790260933e-17	2.1127703901531692e-16
AXIN1	Day*Allocation	Day1 Anakinra - Day1 Placebo	0	0.03546979650205321	0.09026154546501336	1290.5340607158325	0.3929668644528339	0.6944088560171935	0.9663805461380576
AXIN1	Day*Allocation	Day1 Anakinra - Day4 Placebo	0	-0.16259537939624766	0.09041757419770581	1291.9916091565433	-1.7982718607415729	0.07236729711393732	0.11825875382033658
AXIN1	Day*Allocation	Day1 Anakinra - Day7 Placebo	0	-0.3932157010608106	0.0913821317316548	1311.380076938583	-4.302982362191936	1.8102705669664278e-5	4.0429375995583554e-5
AXIN1	Day*Allocation	Day4 Anakinra - Day7 Anakinra	0	-0.3023598608928532	0.057484294374018155	1050.876080001016	-5.259869050937056	1.746311386295033e-7	5.087080994859443e-7
AXIN1	Day*Allocation	Day4 Anakinra - Day1 Placebo	0	0.21643846420095061	0.09055782086396073	1295.4788094312205	2.390058220659841	0.016987911614168953	0.03161639105970333
AXIN1	Day*Allocation	Day4 Anakinra - Day4 Placebo	0	0.018373288302649764	0.09071266543434946	1296.885787019186	0.2025438037199654	0.8395233867704026	0.9714683206720215
AXIN1	Day*Allocation	Day4 Anakinra - Day7 Placebo	0	-0.2122470333619132	0.09167500880437417	1316.0093994801477	-2.3152114859877284	0.020754549990058723	0.05348287882053594
AXIN1	Day*Allocation	Day7 Anakinra - Day1 Placebo	0	0.5187983250938039	0.09071855170294212	1298.8674110684694	5.71876772010877	1.3300362687057995e-8	3.182586785831734e-8
AXIN1	Day*Allocation	Day7 Anakinra - Day4 Placebo	0	0.320733149195503	0.09087015372255539	1300.0934121587645	3.5295763906679958	4.307532883969174e-4	0.001723346511353138
AXIN1	Day*Allocation	Day7 Anakinra - Day7 Placebo	0	0.09011282753094002	0.09183522387761259	1319.2943043726732	0.9812447090130909	0.3266519856030834	0.5971979237601476
AXIN1	Day*Allocation	Day1 Placebo - Day4 Placebo	0	-0.19806517589830086	0.08383058410503459	1057.7904024002928	-2.362683953748161	0.018323350662251235	0.03230696037817981
AXIN1	Day*Allocation	Day1 Placebo - Day7 Placebo	0	-0.42868549756286384	0.08484251914379407	1065.6458361931666	-5.05272004991168	5.122459518493833e-7	9.827010698240077e-7
AXIN1	Day*Allocation	Day4 Placebo - Day7 Placebo	0	-0.23062032166456295	0.08474654038166285	1055.9099601920739	-2.721294823670038	0.006609611748554378	0.018305111046200646
TRAIL	Day*Allocation	Day1 Anakinra - Day4 Anakinra	0	-0.25775477368968835	0.05266911194537857	1046.8572908147405	-4.89385076317591	1.1443222363635762e-6	2.4732125753664386e-6
TRAIL	Day*Allocation	Day1 Anakinra - Day7 Anakinra	0	-0.4225250290968806	0.052949610087188466	1050.9262608118706	-7.9797571389314825	3.8158618242408225e-15	7.747355824973791e-15
TRAIL	Day*Allocation	Day1 Anakinra - Day1 Placebo	0	-0.12930460883633532	0.08853844979662309	1197.8122276222527	-1.4604345245862558	0.14443292462377963	0.8633206739357308
TRAIL	Day*Allocation	Day1 Anakinra - Day4 Placebo	0	-0.18153922721878463	0.08868454722525489	1199.7710110970427	-2.0470220900793787	0.040873385327841606	0.07206623202540494
TRAIL	Day*Allocation	Day1 Anakinra - Day7 Placebo	0	-0.4062163559783446	0.08954678048359418	1220.7525390058488	-4.536359138593121	6.287298267231723e-6	1.5601814218686128e-5
TRAIL	Day*Allocation	Day4 Anakinra - Day7 Anakinra	0	-0.16477025540719226	0.05318046794259567	1045.1496600488563	-3.098322782436766	0.0019981661953793325	0.0032652959778150066
TRAIL	Day*Allocation	Day4 Anakinra - Day1 Placebo	0	0.12845016485335303	0.08880744493975441	1203.4068428686253	1.4463896010125235	0.14832835401772096	0.22084443820416233
TRAIL	Day*Allocation	Day4 Anakinra - Day4 Placebo	0	0.07621554647090373	0.08895253006788807	1205.3121331884383	0.8568114522738864	0.39171941043734193	0.8466193709452228
TRAIL	Day*Allocation	Day4 Anakinra - Day7 Placebo	0	-0.14846158228865627	0.08981298121224184	1226.078429493671	-1.6530080650348173	0.09858523258252191	0.16864358384073758
TRAIL	Day*Allocation	Day7 Anakinra - Day1 Placebo	0	0.2932204202605453	0.08895060551643189	1207.0394384610183	3.2964409692115986	0.0010076675800683617	0.0015700866945251217
TRAIL	Day*Allocation	Day7 Anakinra - Day4 Placebo	0	0.24098580187809598	0.08909317113849724	1208.784471125579	2.704873996498322	0.006929026066359061	0.01658016951593061
TRAIL	Day*Allocation	Day7 Anakinra - Day7 Placebo	0	0.016308673118535982	0.08995560967428616	1229.6260362965734	0.18129689941057475	0.856164418191649	0.9105240637911188
TRAIL	Day*Allocation	Day1 Placebo - Day4 Placebo	0	-0.052234618382449305	0.07757928933896237	1051.8814287668029	-0.6733062242195057	0.5009003963204746	0.5680095103390826
TRAIL	Day*Allocation	Day1 Placebo - Day7 Placebo	0	-0.2769117471420093	0.07854254927338777	1058.6505217969545	-3.5256271881136163	4.4055896226307545e-4	6.493144967536493e-4
TRAIL	Day*Allocation	Day4 Placebo - Day7 Placebo	0	-0.22467712875956	0.0784190909755635	1049.6158982387776	-2.8650820350566493	0.00425215475752601	0.012386711684967073
CXCL9	Day*Allocation	Day1 Anakinra - Day4 Anakinra	0	0.14412254511212547	0.04907771869644455	1041.1957648282353	2.9366186721830343	0.0033911249984454645	0.005680134372396153
CXCL9	Day*Allocation	Day1 Anakinra - Day7 Anakinra	0	-0.007279123786395285	0.04934924812074402	1044.65318650225	-0.147502222700238	0.882764088205589	0.8961393016632495
CXCL9	Day*Allocation	Day1 Anakinra - Day1 Placebo	0	-0.08924638983304477	0.08880704377836024	1094.609743452448	-1.0049471982850935	0.31514437230252257	0.9499718020653924
CXCL9	Day*Allocation	Day1 Anakinra - Day4 Placebo	0	0.0976479570435296	0.08894321844272911	1096.984712632263	1.097868491304995	0.2725028342199279	0.3803685394319826
CXCL9	Day*Allocation	Day1 Anakinra - Day7 Placebo	0	0.005361787552991405	0.08970714383261494	1117.8886200379209	0.05976990598425466	0.952349577135956	0.952349577135956
CXCL9	Day*Allocation	Day4 Anakinra - Day7 Anakinra	0	-0.15140166889852075	0.04954911367741118	1039.2578098547858	-3.055587833199585	0.002303504017161017	0.00358918067790205
CXCL9	Day*Allocation	Day4 Anakinra - Day1 Placebo	0	-0.23336893494517025	0.08904950826914908	1100.441064221911	-2.6206650601575547	0.008896763949126531	0.017531858370337577
CXCL9	Day*Allocation	Day4 Anakinra - Day4 Placebo	0	-0.04647458806859586	0.08918485067581994	1102.7678734389967	-0.5211040632621274	0.6023989030894628	0.9102177669147989
CXCL9	Day*Allocation	Day4 Anakinra - Day7 Placebo	0	-0.13876075755913406	0.08994738823658556	1123.5274188400388	-1.542688012176144	0.12318808596734102	0.19194422697236857
CXCL9	Day*Allocation	Day7 Anakinra - Day1 Placebo	0	-0.08196726604664949	0.08917579822758331	1104.0199921828844	-0.9191649267603177	0.3582100877310104	0.38095358536472534
CXCL9	Day*Allocation	Day7 Anakinra - Day4 Placebo	0	0.10492708082992488	0.0893092595493286	1106.2202547614654	1.1748734829894096	0.24029816457555486	0.2981477227141144
CXCL9	Day*Allocation	Day7 Anakinra - Day7 Placebo	0	0.01264091133938669	0.0900731784460998	1127.0515372629638	0.14034046047293722	0.8884160741289661	0.9300605776037614
CXCL9	Day*Allocation	Day1 Placebo - Day4 Placebo	0	0.18689434687657436	0.0723080021914402	1045.5914731057014	2.584697975498746	0.009880977242482247	0.017892580412062445
CXCL9	Day*Allocation	Day1 Placebo - Day7 Placebo	0	0.09460817738603618	0.07323053183307113	1051.2288950364411	1.2919225767975488	0.19666790485764615	0.23117104606074199
CXCL9	Day*Allocation	Day4 Placebo - Day7 Placebo	0	-0.0922861694905382	0.0730809899117935	1043.0995584721427	-1.2627930957411053	0.2069457619138075	0.29050022708344947
CST5	Day*Allocation	Day1 Anakinra - Day4 Anakinra	0	-0.05512514635879854	0.03986112472474663	1029.7301196147464	-1.3829300286796895	0.1669861173871803	0.21109565782907697
CST5	Day*Allocation	Day1 Anakinra - Day7 Anakinra	0	-0.2864743587145403	0.04009721716444108	1031.9235526977293	-7.1444947797671805	1.7046278598401728e-12	3.0867585570078802e-12
CST5	Day*Allocation	Day1 Anakinra - Day1 Placebo	0	0.10131083553412823	0.08900687343648013	885.3616797451323	1.1382360892210064	0.25532982120525993	0.9499718020653924
CST5	Day*Allocation	Day1 Anakinra - Day4 Placebo	0	-0.018792954368526592	0.08911052324756522	887.8291974242318	-0.21089489415651114	0.8330176827039091	0.8859076943041573
CST5	Day*Allocation	Day1 Anakinra - Day7 Placebo	0	-0.2893437222643581	0.08963444936146951	903.5662480979362	-3.2280414988384605	0.0012913154876825416	0.0021101984798714704
CST5	Day*Allocation	Day4 Anakinra - Day7 Anakinra	0	-0.23134921235574177	0.04023283983402108	1027.8536013023163	-5.750258080467682	1.1742887327256424e-8	4.9173340682886276e-8
CST5	Day*Allocation	Day4 Anakinra - Day1 Placebo	0	0.15643598189292676	0.08917933061864908	890.1526575107579	1.7541730892989351	0.07974493833842074	0.13031489923595582
CST5	Day*Allocation	Day4 Anakinra - Day4 Placebo	0	0.03633219199027195	0.08928255097478817	892.5979162845025	0.406934967623534	0.6841533120186023	0.9466670979705284
CST5	Day*Allocation	Day4 Anakinra - Day7 Placebo	0	-0.23421857590555958	0.08980581841301095	908.3092222682055	-2.6080556922092066	0.009255308119327024	0.02952884019023384
CST5	Day*Allocation	Day7 Anakinra - Day1 Placebo	0	0.38778519424866853	0.08926507188043313	892.7819001566907	4.344198532300414	1.5582257349837266e-5	2.9828892641117052e-5
CST5	Day*Allocation	Day7 Anakinra - Day4 Placebo	0	0.26768140434601373	0.08936748322647212	895.1750266360135	2.9952886070167644	0.002817384699109182	0.008207164123491966
CST5	Day*Allocation	Day7 Anakinra - Day7 Placebo	0	-0.002869363549817816	0.08989125730770524	910.9333035711218	-0.03192038509368877	0.9745425343144298	0.9893083302888909
CST5	Day*Allocation	Day1 Placebo - Day4 Placebo	0	-0.12010378990265483	0.058758737477646976	1032.6876620308014	-2.044015835914527	0.0412052396518923	0.06135002348170632
CST5	Day*Allocation	Day1 Placebo - Day7 Placebo	0	-0.39065455779848635	0.059545164115968684	1036.117043046555	-6.560642893479263	8.445825531934137e-11	2.2634812425583487e-10
CST5	Day*Allocation	Day4 Placebo - Day7 Placebo	0	-0.27055076789583155	0.059366201766000964	1030.357629635738	-4.557319819149623	5.801339006099311e-6	6.47816189014423e-5
OSM	Day*Allocation	Day1 Anakinra - Day4 Anakinra	0	-0.0658507569516835	0.05180098501098598	1044.3811543774125	-1.2712259610066845	0.20393132137183403	0.2530258987391274
OSM	Day*Allocation	Day1 Anakinra - Day7 Anakinra	0	-0.18518102001116776	0.052081610486360175	1048.1841043167099	-3.5555931984796327	3.9396020831476296e-4	4.980251690016815e-4
OSM	Day*Allocation	Day1 Anakinra - Day1 Placebo	0	-0.028203604685648077	0.08977422579232645	1153.1052257655606	-0.31416149163893775	0.7534552159042007	0.9663805461380576
OSM	Day*Allocation	Day1 Anakinra - Day4 Placebo	0	-0.28910734777146335	0.08991819713597445	1155.2671089158525	-3.2152262498576873	0.0013395246238532088	0.0037395062415902076
OSM	Day*Allocation	Day1 Anakinra - Day7 Placebo	0	-0.3921910858838218	0.09074937361108124	1176.440575457811	-4.321694688104515	1.679125956231357e-5	3.8793599678448594e-5
OSM	Day*Allocation	Day4 Anakinra - Day7 Anakinra	0	-0.11933026305948426	0.05230171750604328	1042.5528054863792	-2.2815744635096555	0.022715381142925577	0.03170688617866695
OSM	Day*Allocation	Day4 Anakinra - Day1 Placebo	0	0.03764715226603543	0.09003546920375723	1158.8647551989707	0.4181369031446598	0.6759244933433872	0.7304345331291442
OSM	Day*Allocation	Day4 Anakinra - Day4 Placebo	0	-0.22325659081977986	0.09017849239709327	1160.974481698137	-2.4757188203667075	0.013438640277639089	0.24525374129978444
OSM	Day*Allocation	Day4 Anakinra - Day7 Placebo	0	-0.3263403289321383	0.09100804066701208	1181.9626570994574	-3.585840619579757	3.497066148215687e-4	0.002266862443936605
OSM	Day*Allocation	Day7 Anakinra - Day1 Placebo	0	0.15697741532551968	0.09017322052066656	1162.513146199198	1.7408429511458166	0.08197567815771085	0.09807804351011834
OSM	Day*Allocation	Day7 Anakinra - Day4 Placebo	0	-0.10392632776029559	0.09031398249935442	1164.4762819517857	-1.1507224560830154	0.2500826723384747	0.3004877548828167
OSM	Day*Allocation	Day7 Anakinra - Day7 Placebo	0	-0.20701006587265405	0.09114526037392477	1185.538637688378	-2.2712104285334442	0.023312909276670624	0.13016374346141096
OSM	Day*Allocation	Day1 Placebo - Day4 Placebo	0	-0.26090374308581527	0.07630924064917795	1049.13722476167	-3.419032097112421	6.526040157858624e-4	0.0014104667437952508
OSM	Day*Allocation	Day1 Placebo - Day7 Placebo	0	-0.3639874811981737	0.0772683538011296	1055.4088928423307	-4.710692842440918	2.7982106814382183e-6	5.0670301528746115e-6
OSM	Day*Allocation	Day4 Placebo - Day7 Placebo	0	-0.10308373811235845	0.07713105388482806	1046.749019071619	-1.3364751668800336	0.18168443959499028	0.27050794339698553
CXCL1	Day*Allocation	Day1 Anakinra - Day4 Anakinra	0	0.2973547280758333	0.05210217890215361	1044.660518137212	5.707145734428054	1.495803590418165e-8	3.340628018600569e-8
CXCL1	Day*Allocation	Day1 Anakinra - Day7 Anakinra	0	0.20791658286740966	0.05238390179428065	1048.4936025793097	3.969093094361869	7.706050172706755e-5	9.92894926098755e-5
CXCL1	Day*Allocation	Day1 Anakinra - Day1 Placebo	0	-0.08011600137946392	0.08997489520657556	1158.1910233010478	-0.8904261704948212	0.37342201809797926	0.9499718020653924
CXCL1	Day*Allocation	Day1 Anakinra - Day4 Placebo	0	0.13065018642783116	0.09011969078015135	1160.3314111469629	1.4497407314296573	0.14740105596622882	0.22445160794857572
CXCL1	Day*Allocation	Day1 Anakinra - Day7 Placebo	0	-0.034988242041137096	0.09095771757364675	1181.5008958135281	-0.3846649077667079	0.7005549248432983	0.7333934369453279
CXCL1	Day*Allocation	Day4 Anakinra - Day7 Anakinra	0	-0.08943814520842364	0.05260608436000614	1042.8442616863802	-1.7001483059708418	0.08940120884351349	0.11092372208361859
CXCL1	Day*Allocation	Day4 Anakinra - Day1 Placebo	0	-0.37747072945529725	0.09023806870069724	1163.9366211248328	-4.183054168715611	3.092229392014237e-5	8.632473719373078e-5
CXCL1	Day*Allocation	Day4 Anakinra - Day4 Placebo	0	-0.16670454164800214	0.09038190492383147	1166.0246195326934	-1.844445984940137	0.0653716928689603	0.3719865853914684
CXCL1	Day*Allocation	Day4 Anakinra - Day7 Placebo	0	-0.3323429701169704	0.09121827980183321	1187.0053077413138	-3.643381248133242	2.806971490735669e-4	0.002089634331992109
CXCL1	Day*Allocation	Day7 Anakinra - Day1 Placebo	0	-0.2880325842468736	0.09037698472762401	1167.5863268087367	-3.187012546556397	0.0014756319248820863	0.002246984976524995
CXCL1	Day*Allocation	Day7 Anakinra - Day4 Placebo	0	-0.0772663964395785	0.0905185220762411	1169.5260931183461	-0.8535976357910404	0.39350276152947405	0.43941141704124603
CXCL1	Day*Allocation	Day7 Anakinra - Day7 Placebo	0	-0.24290482490854676	0.09135666155093046	1190.581111029892	-2.658862755981179	0.007945635880583047	0.07605108628558059
CXCL1	Day*Allocation	Day1 Placebo - Day4 Placebo	0	0.21076618780729509	0.07675195647091879	1049.4473626624056	2.74606925345485	0.0061345259535758945	0.011417034413599581
CXCL1	Day*Allocation	Day1 Placebo - Day7 Placebo	0	0.04512775933832683	0.07771533189161806	1055.7749783078457	0.5806802626959386	0.5615798889322857	0.5879039462259866
CXCL1	Day*Allocation	Day4 Placebo - Day7 Placebo	0	-0.16563842846896826	0.07757903945790053	1047.0711851594226	-2.13509254079969	0.03298505565702213	0.06906246028189009
CCL4	Day*Allocation	Day1 Anakinra - Day4 Anakinra	0	-0.44900289613909944	0.0471594686471648	1039.7877729639658	-9.520949005987013	1.1582181432861514e-20	4.5647420941277734e-20
CCL4	Day*Allocation	Day1 Anakinra - Day7 Anakinra	0	-0.7511543707012313	0.04742274231957081	1043.0914606397198	-15.839538878611805	8.460139337328112e-51	5.152993960008941e-50
CCL4	Day*Allocation	Day1 Anakinra - Day1 Placebo	0	-0.06384659190254251	0.0871222231422728	1068.5786935471065	-0.7328393330629247	0.46381714902608917	0.9499718020653924
CCL4	Day*Allocation	Day1 Anakinra - Day4 Placebo	0	-0.4306188547890053	0.0872527499250049	1071.0261345569659	-4.935304103986739	9.274354442326106e-7	4.438441054541779e-6
CCL4	Day*Allocation	Day1 Anakinra - Day7 Placebo	0	-0.7207294514806879	0.08797569923946981	1091.6306252606691	-8.192369685165703	7.108620618214676e-16	6.803965448862618e-15
CCL4	Day*Allocation	Day4 Anakinra - Day7 Anakinra	0	-0.3021514745621318	0.047611046270693215	1037.8183128176017	-6.346247315050498	3.2906003897469683e-10	1.601708348593785e-9
CCL4	Day*Allocation	Day4 Anakinra - Day1 Placebo	0	0.38515630423655695	0.08735268974767288	1074.3900253996494	4.409209439905286	1.1416837818539835e-5	3.325774494965952e-5
CCL4	Day*Allocation	Day4 Anakinra - Day4 Placebo	0	0.018384041350094124	0.08748244756593018	1076.7917677748508	0.21014548474125846	0.833593881529995	0.9714683206720215
CCL4	Day*Allocation	Day4 Anakinra - Day7 Placebo	0	-0.2717265553415884	0.08820412999261523	1097.2699060511356	-3.0806556945160994	0.0021168733087884215	0.009516462870531747
CCL4	Day*Allocation	Day7 Anakinra - Day1 Placebo	0	0.6873077787986888	0.0874720681434356	1077.9074346359546	7.857454309547707	9.444953179488946e-15	3.955074143910996e-14
CCL4	Day*Allocation	Day7 Anakinra - Day4 Placebo	0	0.32053551591222595	0.08760012794831473	1080.1920317639863	3.6590758874387292	2.6535124468320115e-4	0.0011852355595849651
CCL4	Day*Allocation	Day7 Anakinra - Day7 Placebo	0	0.030424919220543398	0.0883230344476206	1100.7402848906731	0.3444732103105753	0.7305562400469578	0.8296147132736641
CCL4	Day*Allocation	Day1 Placebo - Day4 Placebo	0	-0.3667722628864628	0.06948618850484577	1044.0186835527834	-5.278347694389442	1.5851831896771545e-7	5.589856510966808e-7
CCL4	Day*Allocation	Day1 Placebo - Day7 Placebo	0	-0.6568828595781453	0.07037838289823352	1049.3781844022778	-9.333588419159783	5.909973887056964e-20	3.959682504328166e-19
CCL4	Day*Allocation	Day4 Placebo - Day7 Placebo	0	-0.29011059669168254	0.07022638665064179	1041.5009112704824	-4.1310768007317265	3.900150620275027e-5	2.903445461760298e-4
CD6	Day*Allocation	Day1 Anakinra - Day4 Anakinra	0	-0.07002893105272721	0.04821098159264992	1040.7060927048926	-1.4525514465651033	0.14664975934562435	0.194189988683309
CD6	Day*Allocation	Day1 Anakinra - Day7 Anakinra	0	-0.3118721524001656	0.0484785569668091	1044.1101123202702	-6.433197931483176	1.8994023042563169e-10	3.348946168030874e-10
CD6	Day*Allocation	Day1 Anakinra - Day1 Placebo	0	0.07649175738022226	0.08785871157999253	1085.5625989096393	0.8706223435860311	0.38415287244564533	0.9499718020653924
CD6	Day*Allocation	Day1 Anakinra - Day4 Placebo	0	-0.05358084582907243	0.0879923831605117	1087.9644265329994	-0.6089259536400179	0.5427006410353796	0.6379112798135165
CD6	Day*Allocation	Day1 Anakinra - Day7 Placebo	0	-0.20442071610129214	0.08873894668156687	1108.7764325272742	-2.303618915320696	0.021428330711170934	0.02991037828434276
CD6	Day*Allocation	Day4 Anakinra - Day7 Anakinra	0	-0.24184322134743835	0.04867356430530864	1038.7559843474353	-4.968677038534888	7.878934263416161e-7	1.8853164130317243e-6
CD6	Day*Allocation	Day4 Anakinra - Day1 Placebo	0	0.14652068843294946	0.08809602597923685	1091.3905777403104	1.6631929397982446	0.09656092599041037	0.1470359554853976
CD6	Day*Allocation	Day4 Anakinra - Day4 Placebo	0	0.016448085223654783	0.0882288907501426	1093.7450585550862	0.18642516168807435	0.8521459327999521	0.9714683206720215
CD6	Day*Allocation	Day4 Anakinra - Day7 Placebo	0	-0.13439178504856492	0.08897411460056565	1114.4190040755973	-1.5104593695806279	0.13120972601118794	0.19535670317221315
CD6	Day*Allocation	Day7 Anakinra - Day1 Placebo	0	0.3883639097803878	0.08821939671215318	1094.9501819888324	4.402250800326392	1.1761799326808778e-5	2.3177663379299652e-5
CD6	Day*Allocation	Day7 Anakinra - Day4 Placebo	0	0.25829130657109317	0.08835045268310027	1097.1813605757957	2.9234859440680525	0.0035324336130511252	0.009861377169767723
CD6	Day*Allocation	Day7 Anakinra - Day7 Placebo	0	0.10745143629887344	0.0890969963222372	1117.9265215402038	1.2060051487061776	0.22807067888052224	0.5659531661109255
CD6	Day*Allocation	Day1 Placebo - Day4 Placebo	0	-0.1300726032092947	0.07103257842904405	1045.044868917102	-1.8311682623097651	0.06736001228034892	0.09026241645566756
CD6	Day*Allocation	Day1 Placebo - Day7 Placebo	0	-0.2809124734815144	0.07194086128074084	1050.5854533301763	-3.904769396425296	1.0033203123997629e-4	1.608609421620564e-4
CD6	Day*Allocation	Day4 Placebo - Day7 Placebo	0	-0.1508398702722197	0.07179101190400346	1042.5425529480829	-2.101096868141624	0.0358720644773809	0.07283116121165213
SCF	Day*Allocation	Day1 Anakinra - Day4 Anakinra	0	0.4452665114465818	0.04358440499893543	1035.3190308246105	10.216188828491697	2.0727185233452403e-23	1.0682472389548547e-22
SCF	Day*Allocation	Day1 Anakinra - Day7 Anakinra	0	0.42393162383499744	0.04383446642390953	1038.13157086199	9.671193889650354	3.046530629423656e-21	8.164702086855399e-21
SCF	Day*Allocation	Day1 Anakinra - Day1 Placebo	0	0.054197456680108294	0.08668905070080865	986.1140190174843	0.6251937960096122	0.5319885172103676	0.9663805461380576
SCF	Day*Allocation	Day1 Anakinra - Day4 Placebo	0	0.5121138422914202	0.086807693187989185	988.6849729591021	5.8994061872188635	5.005711526531326e-9	3.353826722775989e-8
SCF	Day*Allocation	Day1 Anakinra - Day7 Placebo	0	0.4686786715169864	0.08743862004815578	1007.664376756825	5.360087696476308	1.0311746625296775e-7	3.00385662562993e-7
SCF	Day*Allocation	Day4 Anakinra - Day7 Anakinra	0	-0.021334887611584363	0.043997261741249204	1033.3208312315057	-0.48491398708074707	0.6278401385821271	0.6784724078226211
SCF	Day*Allocation	Day4 Anakinra - Day1 Placebo	0	-0.3910690547664735	0.08689303847439926	991.6542198202038	-4.500579812060453	7.57978661868161e-6	2.5392285172583393e-5
SCF	Day*Allocation	Day4 Anakinra - Day4 Placebo	0	0.06684733084483845	0.08701106990827007	994.1892334921495	0.768262370699626	0.4425137673757311	0.8468556105231189
SCF	Day*Allocation	Day4 Anakinra - Day7 Placebo	0	0.023412160070404593	0.08764102454128703	1013.0948379381082	0.2671369965486346	0.7894180517083398	0.8013789312796783
SCF	Day*Allocation	Day7 Anakinra - Day1 Placebo	0	-0.36973416715488916	0.08699682291341272	994.8637017478859	-4.24997321480214	2.3388974913462385e-5	4.3529481088943886e-5
SCF	Day*Allocation	Day7 Anakinra - Day4 Placebo	0	0.08818221845642281	0.08711359901046943	997.311857629637	1.0122669647229814	0.31165594420098014	0.360016349335615
SCF	Day*Allocation	Day7 Anakinra - Day7 Placebo	0	0.044747047681988956	0.08774440541506909	1016.2797358147346	0.509970378969645	0.610182944180688	0.7570788381501128
SCF	Day*Allocation	Day1 Placebo - Day4 Placebo	0	0.457916385611312	0.0642314066851184	1039.0048007273767	7.1291663882772385	1.887791887213282e-12	1.264820564432899e-11
SCF	Day*Allocation	Day1 Placebo - Day7 Placebo	0	0.4144812148368781	0.06507218354494979	1043.4938719044849	6.36956057499696	2.837393075331446e-10	7.040938372118774e-10
SCF	Day*Allocation	Day4 Placebo - Day7 Placebo	0	-0.04343517077443385	0.06490725877952183	1036.4886227255047	-0.6691881862084985	0.5035244659198737	0.5816575727005437
IL18	Day*Allocation	Day1 Anakinra - Day4 Anakinra	0	0.3322584576989267	0.030785316736578344	1022.2006955423526	10.792757487018008	8.603324710796356e-26	5.240206869303235e-25
IL18	Day*Allocation	Day1 Anakinra - Day7 Anakinra	0	0.6263457575113963	0.030974922657862735	1023.5561639613582	20.221059611020642	9.230885485498024e-77	1.236938655056735e-75
IL18	Day*Allocation	Day1 Anakinra - Day1 Placebo	0	0.07535696936873508	0.08639793418029948	758.1280529137881	0.8722079999213457	0.383371057169553	0.9499718020653924
IL18	Day*Allocation	Day1 Anakinra - Day4 Placebo	0	0.3860386418245769	0.08646765755152762	759.9917806147785	4.464543769958492	9.240450499267058e-6	3.8694386465680807e-5
IL18	Day*Allocation	Day1 Anakinra - Day7 Placebo	0	0.6787789356964465	0.08679722000267454	770.0038180763615	7.820284286472895	1.7351372714382142e-14	1.1625419718636035e-13
IL18	Day*Allocation	Day4 Anakinra - Day7 Anakinra	0	0.2940872998124696	0.031065392668844453	1020.7735740353556	9.466717609122977	1.9323145299009418e-20	1.294650735033631e-18
IL18	Day*Allocation	Day4 Anakinra - Day1 Placebo	0	-0.2569014883301916	0.0865090874484148	761.3491310905889	-2.9696474197971567	0.003075089750716836	0.006646161719291226
IL18	Day*Allocation	Day4 Anakinra - Day4 Placebo	0	0.05378018412565025	0.08657862520563847	763.205376294444	0.6211716113291643	0.5346721891450469	0.9102177669147989
IL18	Day*Allocation	Day4 Anakinra - Day7 Placebo	0	0.3465204779975199	0.08690791376887201	773.2195889779174	3.9872143165129557	7.319180543134335e-5	9.80770192780001e-4
IL18	Day*Allocation	Day7 Anakinra - Day1 Placebo	0	-0.5509887881426613	0.0865626204157702	762.9949710717632	-6.365204582488364	3.363972174555386e-10	1.0732673128343374e-9
IL18	Day*Allocation	Day7 Anakinra - Day4 Placebo	0	-0.24030711568681937	0.08663184514520895	764.83289206019094	-2.773888923686502	0.0056740424280620405	0.014080031210376175
IL18	Day*Allocation	Day7 Anakinra - Day7 Placebo	0	0.052433178185050264	0.08696130813169746	774.8692568173165	0.6029483607312288	0.5467194686690129	0.7182393019769385
IL18	Day*Allocation	Day1 Placebo - Day4 Placebo	0	0.3106816724558419	0.04539486320973402	1024.0983097549415	6.843983007954574	1.32427203963897e-11	7.393852221317582e-11
IL18	Day*Allocation	Day1 Placebo - Day7 Placebo	0	0.6034219663277115	0.0460190346107438	1026.1588361309564	13.112442958263058	1.9816694024013006e-36	3.3192962490221785e-35
IL18	Day*Allocation	Day4 Placebo - Day7 Placebo	0	0.2927402938718696	0.04585144599701899	1022.3503684556631	6.384537881115068	2.603879538768142e-10	1.7445992909746552e-8
SLAMF1	Day*Allocation	Day1 Anakinra - Day4 Anakinra	0	0.17583331426507365	0.05349100878265132	1046.7676984731786	3.2871564449182995	0.00104568275705472	0.00194613179785184
SLAMF1	Day*Allocation	Day1 Anakinra - Day7 Anakinra	0	0.1890755442267228	0.05377606330684461	1050.827087520781	3.5159796496791405	4.5682814030896616e-4	5.668052851981617e-4
SLAMF1	Day*Allocation	Day1 Anakinra - Day1 Placebo	0	0.10877188410908654	0.09001551138365843	1196.2110069701603	1.208368229398663	0.22714447306777721	0.9499718020653924
SLAMF1	Day*Allocation	Day1 Anakinra - Day4 Placebo	0	0.24855808304371824	0.09016390571048861	1198.1775837602995	2.7567359808239087	0.005926766024970983	0.013692873230105373
SLAMF1	Day*Allocation	Day1 Anakinra - Day7 Placebo	0	0.009800734128143682	0.09103900192714418	1219.1722004367964	0.10765423522532595	0.9142876863176193	0.9281405300497044
SLAMF1	Day*Allocation	Day4 Anakinra - Day7 Anakinra	0	0.013242229961649143	0.05401026690854596	1045.0551739637442	0.24517986522954668	0.8063653019017913	0.8185829579912124
SLAMF1	Day*Allocation	Day4 Anakinra - Day1 Placebo	0	-0.0670614301559871	0.09028859225495302	1201.813187002181	-0.7427453289627325	0.4577810306054918	0.5591018242874566
SLAMF1	Day*Allocation	Day4 Anakinra - Day4 Placebo	0	0.07272476877864457	0.09043596014938383	1203.7262897948094	0.8041576454600186	0.421464718182323	0.8468556105231189
SLAMF1	Day*Allocation	Day4 Anakinra - Day7 Placebo	0	-0.16603258013692995	0.09130925105506711	1224.506704185262	-1.8183544188397562	0.06925419786624408	0.13647150755995158
SLAMF1	Day*Allocation	Day7 Anakinra - Day1 Placebo	0	-0.08030366011763625	0.09043387914054707	1205.447435835898	-0.8879820359451016	0.37472755668531865	0.39229291090494295
SLAMF1	Day*Allocation	Day7 Anakinra - Day4 Placebo	0	0.05948253881699543	0.09057869633746835	1207.2007376597728	0.6566945785505877	0.5115024822288528	0.5618142017923465
SLAMF1	Day*Allocation	Day7 Anakinra - Day7 Placebo	0	-0.1792748100985791	0.09145399702765569	1228.0563887096557	-1.9602730982262742	0.05018970429188994	0.23623868496552508
SLAMF1	Day*Allocation	Day1 Placebo - Day4 Placebo	0	0.13978619893463168	0.07879023217132579	1051.7823222856643	1.7741564541994612	0.07632652207329561	0.09834378805597704
SLAMF1	Day*Allocation	Day1 Placebo - Day7 Placebo	0	-0.09897114998094286	0.07976896797064086	1058.5333613773773	-1.2407224576024276	0.21498320805502702	0.24834267137391053
SLAMF1	Day*Allocation	Day4 Placebo - Day7 Placebo	0	-0.23875734891557454	0.07964299145513536	1049.5117282199235	-2.9978450652506163	0.002782978206696398	0.008879025707078984
TGF-alpha	Day*Allocation	Day1 Anakinra - Day4 Anakinra	0	0.04329297629834961	0.053579410199820696	1046.771902452887	0.8080151710683536	0.41926543069887134	0.45307715898103834
TGF-alpha	Day*Allocation	Day1 Anakinra - Day7 Anakinra	0	-0.13665198308566043	0.053864927395486324	1050.8317411495964	-2.536938035436976	0.011326396643035226	0.013083940949713106
TGF-alpha	Day*Allocation	Day1 Anakinra - Day1 Placebo	0	0.01006304408746847	0.09015978114193195	1196.286172675814	0.1116134484801705	0.9111486318255383	0.9663805461380576
TGF-alpha	Day*Allocation	Day1 Anakinra - Day4 Placebo	0	-0.2351858115040952	0.09030841991978168	1198.2523844272814	-2.6042512061777168	0.009321420618670553	0.01951672442034147
TGF-alpha	Day*Allocation	Day1 Anakinra - Day7 Placebo	0	-0.3913832715513882	0.09118499024751765	1219.2463971977704	-4.292189651926216	1.909387040917657e-5	4.126739733596226e-5
TGF-alpha	Day*Allocation	Day4 Anakinra - Day7 Anakinra	0	-0.17994495938401003	0.054099530124708785	1045.0596067039437	-3.3261834061997533	9.110771593033579e-4	0.0015651838377775634
TGF-alpha	Day*Allocation	Day4 Anakinra - Day1 Placebo	0	-0.03322993221088114	0.09043331859768423	1201.8880003593974	-0.3674523143257962	0.7133463474413733	0.7495784333121795
TGF-alpha	Day*Allocation	Day4 Anakinra - Day4 Placebo	0	-0.27847878780244484	0.09058092916837197	1203.800737164599	-3.0743644424844443	0.002156996389541726	0.14451875809929565
TGF-alpha	Day*Allocation	Day4 Anakinra - Day7 Placebo	0	-0.4346762478497378	0.09145569098473345	1224.5804992411638	-4.752861666337392	2.243044753067464e-6	1.5028399845552008e-4
TGF-alpha	Day*Allocation	Day7 Anakinra - Day1 Placebo	0	0.1467150271731289	0.09057885066259865	1205.5221734343631	1.619749269281794	0.10554769172980193	0.12406483062976718
TGF-alpha	Day*Allocation	Day7 Anakinra - Day4 Placebo	0	-0.09853382841843478	0.09072390593853283	1207.275087772064	-1.0860845043994614	0.277658414339856	0.32637041685562024
TGF-alpha	Day*Allocation	Day7 Anakinra - Day7 Placebo	0	-0.2547312884657278	0.09160068126564638	1228.1300880272502	-2.780888580151438	0.005503882636772974	0.07125939828015669
TGF-alpha	Day*Allocation	Day1 Placebo - Day4 Placebo	0	-0.24524885559156367	0.0789204288466035	1051.786973013018	-3.1075459063742588	0.0019370890583560358	0.003932877785147103
TGF-alpha	Day*Allocation	Day1 Placebo - Day7 Placebo	0	-0.4014463156388567	0.07990076127313363	1058.5388591720396	-5.024311523973449	5.927616534072427e-7	1.103195299396813e-6
TGF-alpha	Day*Allocation	Day4 Placebo - Day7 Placebo	0	-0.15619746004729299	0.07977460437504799	1049.516615509648	-1.9579847655897449	0.0504964419287273	0.0914395029520197
MCP-4	Day*Allocation	Day1 Anakinra - Day4 Anakinra	0	-0.368029006242816	0.03978582435070593	1030.5680804672234	-9.250254638403288	1.2547489123203996e-19	4.424640901340356e-19
MCP-4	Day*Allocation	Day1 Anakinra - Day7 Anakinra	0	-0.6506721879116552	0.040020386906618396	1032.8545755118353	-16.258518175496445	4.265780923238461e-53	2.8580732185697688e-52
MCP-4	Day*Allocation	Day1 Anakinra - Day1 Placebo	0	0.041331927029186186	0.08712641750120946	900.1958784216993	0.4743902964748026	0.635336662300104	0.9663805461380576
MCP-4	Day*Allocation	Day1 Anakinra - Day4 Placebo	0	-0.3851003061434414	0.08723081936327111	902.6980266116194	-4.414727603780705	1.1337186787356051e-5	4.46818538089915e-5
MCP-4	Day*Allocation	Day1 Anakinra - Day7 Placebo	0	-0.6096134191720499	0.08776255934381118	918.9913167466655	-6.946167291952825	7.0992926502982015e-12	3.856002768879248e-11
MCP-4	Day*Allocation	Day4 Anakinra - Day7 Anakinra	0	-0.28264318166883917	0.040157765427937406	1028.6619267800859	-7.0383194547026955	3.5497135188170307e-12	3.180065149183813e-11
MCP-4	Day*Allocation	Day4 Anakinra - Day1 Placebo	0	0.4093609332720022	0.08730097451323222	905.1253297759597	4.689076331100465	3.1669602260882264e-6	1.1167701849890061e-5
MCP-4	Day*Allocation	Day4 Anakinra - Day4 Placebo	0	-0.0170712999006254	0.08740492748657244	907.6032127236019	-0.1953127860354094	0.8451918028204632	0.9714683206720215
MCP-4	Day*Allocation	Day4 Anakinra - Day7 Placebo	0	-0.24158441292923397	0.08793597550576175	923.865067032526	-2.7472762033941938	0.006126208706991877	0.021602946493076616
MCP-4	Day*Allocation	Day7 Anakinra - Day1 Placebo	0	0.6920041149408414	0.08738806363087605	907.8524553691379	7.918748696204566	6.984197085661024e-15	3.1196080315952577e-14
MCP-4	Day*Allocation	Day7 Anakinra - Day4 Placebo	0	0.2655718817682138	0.08749116013766181	910.2734179701013	3.035413878960494	0.002470398098085338	0.0075234851168962565
MCP-4	Day*Allocation	Day7 Anakinra - Day7 Placebo	0	0.0410587687396052	0.08802275118564604	926.5848478494863	0.4664563216504041	0.6409985494517292	0.7808527784230156
MCP-4	Day*Allocation	Day1 Placebo - Day4 Placebo	0	-0.4264322331726276	0.05864559832119663	1033.6380430402892	-7.271342528336003	7.016227778145297e-13	5.876090764196686e-12
MCP-4	Day*Allocation	Day1 Placebo - Day7 Placebo	0	-0.6509453462012361	0.059427998154109686	1037.2240645002607	-10.953512930272254	1.6949921301145096e-26	1.2618274746408016e-25
MCP-4	Day*Allocation	Day4 Placebo - Day7 Placebo	0	-0.22451311302860857	0.059253591304384325	1031.2668413226797	-3.7890211898767436	1.5999586037834565e-4	7.656944746677971e-4
CCL11	Day*Allocation	Day1 Anakinra - Day4 Anakinra	0	-0.31668581665828205	0.04729214903484851	1038.4582295344856	-6.696371874006475	3.492822090860448e-11	9.000733849525001e-11
CCL11	Day*Allocation	Day1 Anakinra - Day7 Anakinra	0	-0.5089032948422815	0.047558370134820165	1041.6162631715117	-10.700604192272028	2.0018771175466255e-25	6.096625767073814e-25
CCL11	Day*Allocation	Day1 Anakinra - Day1 Placebo	0	0.007595387488917041	0.08918608361769594	1043.9795770227736	0.08516337057107859	0.9321478395198417	0.9663805461380576
CCL11	Day*Allocation	Day1 Anakinra - Day4 Placebo	0	-0.3219411071215999	0.0893165239107947	1046.4814382902682	-3.604496604045407	3.274879416488115e-4	0.0010970846045235186
CCL11	Day*Allocation	Day1 Anakinra - Day7 Placebo	0	-0.5938207706301962	0.09003031234274209	1066.7062456149745	-6.595787076352044	6.645042275719605e-11	2.968118883154757e-10
CCL11	Day*Allocation	Day4 Anakinra - Day7 Anakinra	0	-0.19221747818399942	0.04774361690973814	1036.4687878026546	-4.026035114754645	6.085758615418865e-5	1.1649880778087543e-4
CCL11	Day*Allocation	Day4 Anakinra - Day1 Placebo	0	0.3242812041471991	0.08941458006983398	1049.742914956344	3.6267150602723977	3.008453760795748e-4	0.00069505655852867285
CCL11	Day*Allocation	Day4 Anakinra - Day4 Placebo	0	-0.005255290463317845	0.08954427982554586	1052.201717739598	-0.05868929286780167	0.9532107314981332	0.9958326352395025
CCL11	Day*Allocation	Day4 Anakinra - Day7 Placebo	0	-0.27713495397191423	0.09025686145077057	1072.3167228612285	-3.070513969988574	0.002190692397085134	0.009516462870531747
CCL11	Day*Allocation	Day7 Anakinra - Day1 Placebo	0	0.5164986823311986	0.08953231469690348	1053.1859089230759	5.7688521075291925	1.048515110511974e-8	2.6018708297889724e-8
CCL11	Day*Allocation	Day7 Anakinra - Day4 Placebo	0	0.18696218772068157	0.08966041439839384	1055.5365875370717	2.0852255588507607	0.037288636085911174	0.0640599645578474
CCL11	Day*Allocation	Day7 Anakinra - Day7 Placebo	0	-0.0849174757879148	0.09037412923168862	1075.7198149474843	-0.9396215101582355	0.34762267203948893	0.5971979237601476
CCL11	Day*Allocation	Day1 Placebo - Day4 Placebo	0	-0.32953649461051693	0.06968584561654001	1042.5304474204802	-4.728887074483618	2.5675243939442506e-6	7.819278836102946e-6
CCL11	Day*Allocation	Day1 Placebo - Day7 Placebo	0	-0.6014161581191133	0.07058588302698475	1047.6290463330693	-8.520346170199414	5.473510138013035e-17	2.8209629172836413e-16
CCL11	Day*Allocation	Day4 Placebo - Day7 Placebo	0	-0.2718796635085964	0.07042558301886913	1039.9997447695393	-3.860524142707511	1.2012239220690176e-4	6.706833564885348e-4
TNFSF14	Day*Allocation	Day1 Anakinra - Day4 Anakinra	0	-0.09003796994044198	0.051572754705251994	1044.1788433348925	-1.7458437202942898	0.0811322125032175	0.11324704661907442
TNFSF14	Day*Allocation	Day1 Anakinra - Day7 Anakinra	0	-0.4203387659640012	0.05185252598812104	1047.959952138583	-8.106427950304623	1.4445577537204039e-15	3.0245427968520954e-15
TNFSF14	Day*Allocation	Day1 Anakinra - Day1 Placebo	0	0.06825069752822373	0.0896116094441735	1149.4165630650377	0.7616278510290874	0.44643838489349363	0.9499718020653924
TNFSF14	Day*Allocation	Day1 Anakinra - Day4 Placebo	0	-0.24562909827892293	0.08975495251420502	1151.5937593958188	-2.7366634530840908	0.006302055890568389	0.01407459148893607
TNFSF14	Day*Allocation	Day1 Anakinra - Day7 Placebo	0	-0.49387262318753616	0.09058100368205466	1172.7673048594327	-5.452275897947233	6.059419575134453e-8	1.933243388257183e-7
TNFSF14	Day*Allocation	Day4 Anakinra - Day7 Anakinra	0	-0.3303007960235592	0.052071091656687635	1042.3419832968511	-6.343266206156786	3.346853265718357e-10	1.601708348593785e-9
TNFSF14	Day*Allocation	Day4 Anakinra - Day1 Placebo	0	0.1582886674686657	0.08987140153722432	1155.1854239510192	1.7612796146625493	0.07845561173872594	0.13031489923595582
TNFSF14	Day*Allocation	Day4 Anakinra - Day4 Placebo	0	-0.15559112833848093	0.09001380475789922	1157.3106447753128	-1.7285251829645267	0.08416082357916843	0.40276965570030604
TNFSF14	Day*Allocation	Day4 Anakinra - Day7 Placebo	0	-0.40383465324709417	0.09083824512135516	1178.301452222764	-4.445645693700843	9.58927440632271e-6	2.1416046174120717e-4
TNFSF14	Day*Allocation	Day7 Anakinra - Day1 Placebo	0	0.48858946349222493	0.09000828234554051	1158.8323744278598	5.428272274061813	6.926332365913248e-8	1.5468808950539586e-7
TNFSF14	Day*Allocation	Day7 Anakinra - Day4 Placebo	0	0.17470966768507828	0.09014845186930412	1160.8122070503862	1.9380218302402992	0.052862800471239015	0.08608980823797725
TNFSF14	Day*Allocation	Day7 Anakinra - Day7 Placebo	0	-0.07353385722353493	0.0909745964384023	1181.8770812828095	-0.8082900073464325	0.41908631626796533	0.6239729597767484
TNFSF14	Day*Allocation	Day1 Placebo - Day4 Placebo	0	-0.31387979580714664	0.07597373118124019	1048.9125436504066	-4.1314253088132045	3.892236831633715e-5	1.0029994912286882e-4
TNFSF14	Day*Allocation	Day1 Placebo - Day7 Placebo	0	-0.5621233207157599	0.07692955818838983	1055.1437252985754	-7.306987508484031	5.381569579255182e-13	1.89771137794788e-12
TNFSF14	Day*Allocation	Day4 Placebo - Day7 Placebo	0	-0.24824352490861323	0.07679156812369482	1046.5159187837187	-3.232692481402983	0.0012645932532731172	0.004707097109405492
MMP-1	Day*Allocation	Day1 Anakinra - Day4 Anakinra	0	-0.1933617253413121	0.04221196367856962	1032.2393206487268	-4.580732770777943	5.198711217846406e-6	1.0554959139263915e-5
MMP-1	Day*Allocation	Day1 Anakinra - Day7 Anakinra	0	-0.41513838861581237	0.0424585113548042	1034.7112039371189	-9.777506920737562	1.1773809140280318e-21	3.2868550516615886e-21
MMP-1	Day*Allocation	Day1 Anakinra - Day1 Placebo	0	0.13079866216506766	0.08913684170493039	930.1003334171285	1.467391705419072	0.14260758109052563	0.8633206739357308
MMP-1	Day*Allocation	Day1 Anakinra - Day4 Placebo	0	-0.1621796636575471	0.08924935213114793	932.6513161057327	-1.8171522793715225	0.06951461252593347	0.11643697598093856
MMP-1	Day*Allocation	Day1 Anakinra - Day7 Placebo	0	-0.3037353971293065	0.08983113799327493	949.9860040161077	-3.381181669456811	7.511669928207623e-4	0.0012904663722818222
MMP-1	Day*Allocation	Day4 Anakinra - Day7 Anakinra	0	-0.22177666327450027	0.04260849571775274	1030.2861252465207	-5.204986928982275	2.3409780409341218e-7	6.535230364274424e-7
MMP-1	Day*Allocation	Day4 Anakinra - Day1 Placebo	0	0.32416038750637977	0.08932680353171084	935.2796431881965	3.6289263097979707	3.0001937350367526e-4	0.00069505655852867285
MMP-1	Day*Allocation	Day4 Anakinra - Day4 Placebo	0	0.031182061683765014	0.08943879574823858	937.8022626491627	0.34864134096281274	0.7274368415161565	0.9466670979705284
MMP-1	Day*Allocation	Day4 Anakinra - Day7 Placebo	0	-0.11037367178799434	0.09001977433658866	955.0925245588888	-1.2261047375580103	0.22046147686701364	0.2954183790017983
MMP-1	Day*Allocation	Day7 Anakinra - Day1 Placebo	0	0.5459370507808801	0.08942223798372353	938.1915993512844	6.105159780056617	1.501643859986254e-9	4.143214496762073e-9
MMP-1	Day*Allocation	Day7 Anakinra - Day4 Placebo	0	0.25295872495826527	0.08953321574959872	940.6472511214772	2.825305925185637	0.004823497573219659	0.012429782207912198
MMP-1	Day*Allocation	Day7 Anakinra - Day7 Placebo	0	0.11140299148650593	0.09011485333976872	957.9919987811394	1.2362333994649304	0.2166748316925276	0.5583543739768981
MMP-1	Day*Allocation	Day1 Placebo - Day4 Placebo	0	-0.29297832582261474	0.0622172580762478	1035.5301081131358	-4.708955921258491	2.828352281168033e-6	8.239113166880792e-6
MMP-1	Day*Allocation	Day1 Placebo - Day7 Placebo	0	-0.4345340592943741	0.06304190964329666	1039.430956278284	-6.892780719255683	9.473982705862257e-12	2.8047735126693297e-11
MMP-1	Day*Allocation	Day4 Placebo - Day7 Placebo	0	-0.14155573347175937	0.0628657835047052	1033.0908239881944	-2.2517135010520404	0.024549794802492583	0.054699796920106014
LIF-R	Day*Allocation	Day1 Anakinra - Day4 Anakinra	0	0.48913899237369957	0.04947073361941239	1042.7952009555552	9.887441656651735	4.267830340498744e-22	1.9062975520894388e-21
LIF-R	Day*Allocation	Day1 Anakinra - Day7 Anakinra	0	0.7100484067021192	0.049741593070363944	1046.426541623954	14.27474197896501	2.2681143407065678e-42	1.0130910721822669e-41
LIF-R	Day*Allocation	Day1 Anakinra - Day1 Placebo	0	-0.03351287351285206	0.08754586533826336	1124.0790570046129	-0.3828036125220034	0.7019377551609096	0.9663805461380576
LIF-R	Day*Allocation	Day1 Anakinra - Day4 Placebo	0	0.4579308739581439	0.08768333405836982	1126.354855898572	5.222553166754635	2.1007402985732104e-7	1.0826892308031161e-6
LIF-R	Day*Allocation	Day1 Anakinra - Day7 Placebo	0	0.6116062462783804	0.08846574335683632	1147.4660330769445	6.913481117898928	7.832303713901884e-12	3.856002768879248e-11
LIF-R	Day*Allocation	Day4 Anakinra - Day7 Anakinra	0	0.22090941432841965	0.049947475623459255	1040.9057239088133	4.422834418976387	1.0764963577020584e-5	2.1213310578246445e-5
LIF-R	Day*Allocation	Day4 Anakinra - Day1 Placebo	0	-0.5226518658865517	0.08779297430648965	1129.8944969670413	-5.95323111006523	3.504689083878543e-9	1.956784738498853e-8
LIF-R	Day*Allocation	Day4 Anakinra - Day4 Placebo	0	-0.031208118415555645	0.08792956953725684	1132.119832895524	-0.35492176954570875	0.7227143049614755	0.9466670979705284
LIF-R	Day*Allocation	Day4 Anakinra - Day7 Placebo	0	0.12246725390468086	0.08871050114429563	1153.0659754149149	1.3805271340478262	0.16769194851367802	0.2340700114670089
LIF-R	Day*Allocation	Day7 Anakinra - Day1 Placebo	0	-0.7435612802149713	0.08792248473598016	1133.5206870524196	-8.457009403769577	8.351045675854168e-17	4.304000463709456e-16
LIF-R	Day*Allocation	Day7 Anakinra - Day4 Placebo	0	-0.2521175327439753	0.08805705209879969	1135.6091419054185	-2.863115749787994	0.004272076092831252	0.011449163928787755
LIF-R	Day*Allocation	Day7 Anakinra - Day7 Placebo	0	-0.0984421604237388	0.08883950390455696	1156.6284365049664	-1.1080899385649234	0.268053344399446	0.5691628505181909
LIF-R	Day*Allocation	Day1 Placebo - Day4 Placebo	0	0.49144374747099595	0.07288175993833348	1047.374023426573	6.743027993380168	2.559224513395306e-11	1.3189849415191193e-10
LIF-R	Day*Allocation	Day1 Placebo - Day7 Placebo	0	0.6451191197912325	0.07380473724088335	1053.329022434084	8.740890407694259	8.981627054798151e-18	5.47062738792251e-17
LIF-R	Day*Allocation	Day4 Placebo - Day7 Placebo	0	0.1536753723202365	0.07366386189973162	1044.926436186078	2.0861704553233094	0.03720523872995197	0.07331620573255242
FGF-21	Day*Allocation	Day1 Anakinra - Day4 Anakinra	0	-0.058117789259110236	0.05421268690606478	1053.270865227703	-1.0720329977337573	0.28395077886936726	0.3459036760772292
FGF-21	Day*Allocation	Day1 Anakinra - Day7 Anakinra	0	0.2317762877736577	0.054488054954239674	1058.0153478870257	4.253708229598373	2.2886835023666e-5	3.066835893171244e-5
FGF-21	Day*Allocation	Day1 Anakinra - Day1 Placebo	0	-0.019266149959130757	0.08506893578070752	1307.761139363661	-0.22647691289797536	0.8208659066508953	0.9663805461380576
FGF-21	Day*Allocation	Day1 Anakinra - Day4 Placebo	0	-0.04856353912777036	0.0852170266017695	1309.1178147037626	-0.5698807041779835	0.5688563924539166	0.6571272119726278
FGF-21	Day*Allocation	Day1 Anakinra - Day7 Placebo	0	0.09402947292520118	0.08614058672235804	1328.0204125051116	1.0915815239135764	0.2752150761903249	0.3179208638750305
FGF-21	Day*Allocation	Day4 Anakinra - Day7 Anakinra	0	0.2898940770327679	0.05474373818670344	1052.0105381638127	5.295474635730659	1.4449530606386205e-7	4.4005388664903443e-7
FGF-21	Day*Allocation	Day4 Anakinra - Day1 Placebo	0	0.03885163929997948	0.08535178792126422	1312.539029276364	0.4551942056072633	0.649044812620795	0.7128852859933323
FGF-21	Day*Allocation	Day4 Anakinra - Day4 Placebo	0	0.009554250131339877	0.08549873783302395	1313.8465976875966	0.11174726520523606	0.9110408708072516	0.9958326352395025
FGF-21	Day*Allocation	Day4 Anakinra - Day7 Placebo	0	0.1521472621843114	0.08642013708097139	1332.478167691292	1.7605533539220952	0.07854341116341983	0.14617801522080912
FGF-21	Day*Allocation	Day7 Anakinra - Day1 Placebo	0	-0.25104243773278845	0.08550578685254179	1315.848213129307	-2.9359701486136998	0.0033828378479186755	0.0049271768654467665
FGF-21	Day*Allocation	Day7 Anakinra - Day4 Placebo	0	-0.28033982690142806	0.08564955222225623	1316.9725069089734	-3.2731032402126337	0.0010913358844341363	0.0036559752128543566
FGF-21	Day*Allocation	Day7 Anakinra - Day7 Placebo	0	-0.13774681484845652	0.08657366208262593	1335.6819515655266	-1.5910937753446415	0.11182510370448985	0.35677533086670576
FGF-21	Day*Allocation	Day1 Placebo - Day4 Placebo	0	-0.029297389168639602	0.07982911207336414	1058.939577553502	-0.3670013157820779	0.713691361014859	0.7590050982221516
FGF-21	Day*Allocation	Day1 Placebo - Day7 Placebo	0	0.11329562288433194	0.08078715773258946	1067.0080849555295	1.4023964459716176	0.1610877610847984	0.19272999986931236
FGF-21	Day*Allocation	Day4 Placebo - Day7 Placebo	0	0.14259301205297154	0.08070267256085678	1057.1524765766808	1.7668933075970203	0.0775346041968422	0.13011730791624276
CCL19	Day*Allocation	Day1 Anakinra - Day4 Anakinra	0	0.36352341460890225	0.03919311948736804	1029.7452828278836	9.275184505945386	1.0127386434869505e-19	3.769638284090316e-19
CCL19	Day*Allocation	Day1 Anakinra - Day7 Anakinra	0	0.3886799623640929	0.039425236163273	1031.940400465091	9.858659077004384	5.669897320211831e-22	1.6516657411051855e-21
CCL19	Day*Allocation	Day1 Anakinra - Day1 Placebo	0	-0.17304291043579687	0.08748376605118571	885.6290896352995	-1.9780002421769487	0.04823826248071787	0.7288148468024105
CCL19	Day*Allocation	Day1 Anakinra - Day4 Placebo	0	0.18931255073690634	0.08758569653266693	888.0972940263273	2.161455103189118	0.030926801074540072	0.05600258572957256
CCL19	Day*Allocation	Day1 Anakinra - Day7 Placebo	0	0.2174199245680678	0.08810100237801681	903.8445977904437	2.4678484773099356	0.013777015614234143	0.019960084811021662
CCL19	Day*Allocation	Day4 Anakinra - Day7 Anakinra	0	0.02515654775519066	0.03955862197017013	1027.8681922338194	0.6359308414271962	0.5249630642643242	0.5998839208874086
CCL19	Day*Allocation	Day4 Anakinra - Day1 Placebo	0	-0.5365663250446991	0.0876533774616874	890.4226482162709	-6.121456361213554	1.38868210293772e-9	9.304170089682725e-9
CCL19	Day*Allocation	Day4 Anakinra - Day4 Placebo	0	-0.1742108638719959	0.08775488532205096	892.8685577917062	-1.9851984676711825	0.04742798925743465	0.3375003763549358
CCL19	Day*Allocation	Day4 Anakinra - Day7 Placebo	0	-0.14610349004083445	0.08826954291486322	908.5900187877097	-1.6551970840242438	0.0982298627769623	0.16864358384073758
CCL19	Day*Allocation	Day7 Anakinra - Day1 Placebo	0	-0.5617228727998897	0.08773770922121413	893.0536903762406	-6.402297003032199	2.470105357586584e-10	8.274852947915056e-10
CCL19	Day*Allocation	Day7 Anakinra - Day4 Placebo	0	-0.19936741162718657	0.08783842076206619	895.4473826129304	-2.269706238995649	0.0234624338150303	0.04912447080021969
CCL19	Day*Allocation	Day7 Anakinra - Day7 Placebo	0	-0.1712600377960251	0.0883535771624184	911.2158624154631	-1.9383486588347365	0.05288925782810263	0.23623868496552508
CCL19	Day*Allocation	Day1 Placebo - Day4 Placebo	0	0.3623554611727032	0.0577740020263284	1032.7048695554577	6.271946696847707	5.234040770585066e-10	2.1917545726824966e-9
CCL19	Day*Allocation	Day1 Placebo - Day7 Placebo	0	0.39046283500386464	0.058547204405445155	1036.1370777065392	6.669196915020418	4.1770913945515687e-11	1.1661046809789795e-10
CCL19	Day*Allocation	Day4 Placebo - Day7 Placebo	0	0.028107373831161464	0.05837131636185973	1030.3740503449046	0.48152715379787187	0.6302441340488919	0.703772616354596
IL-10RB	Day*Allocation	Day1 Anakinra - Day4 Anakinra	0	0.07191831657684385	0.043301881561984175	1034.7034628377967	1.660858927663383	0.09704474089006807	0.13269382938029714
IL-10RB	Day*Allocation	Day1 Anakinra - Day7 Anakinra	0	-0.2195541172728115	0.043551225545856234	1037.4480311430762	-5.041284476406689	5.454092559897806e-7	8.1205378114034e-7
IL-10RB	Day*Allocation	Day1 Anakinra - Day1 Placebo	0	0.007237277319796898	0.08710576539938412	974.8411201951466	0.08308608835033632	0.9338001446656936	0.9663805461380576
IL-10RB	Day*Allocation	Day1 Anakinra - Day4 Placebo	0	-0.01862669205916502	0.08722322669206947	977.4152309183356	-0.21355197194119166	0.8309409921795619	0.8859076943041573
IL-10RB	Day*Allocation	Day1 Anakinra - Day7 Placebo	0	-0.3232840388753422	0.0878443795112025	996.0970905686523	-3.6801903624820396	2.4555432867207663e-4	4.329510531849772e-4
IL-10RB	Day*Allocation	Day4 Anakinra - Day7 Anakinra	0	-0.2914724338496553	0.04371140184223495	1032.7099736575874	-6.668109956794568	4.213438897146413e-11	2.823004061088097e-10
IL-10RB	Day*Allocation	Day4 Anakinra - Day1 Placebo	0	-0.06468103925704695	0.0873069874743557	980.3200427247923	-0.7408460780535513	0.4589641841165688	0.5591018242874566
IL-10RB	Day*Allocation	Day4 Anakinra - Day4 Placebo	0	-0.09054500863600887	0.08742385633136072	982.859704882866	-1.0357013798707084	0.3005962276614582	0.7834412173813715
IL-10RB	Day*Allocation	Day4 Anakinra - Day7 Placebo	0	-0.395202355452186	0.08804407068874373	1001.4741627690486	-4.488687907778802	7.997863303626772e-6	2.1416046174120717e-4
IL-10RB	Day*Allocation	Day7 Anakinra - Day1 Placebo	0	0.2267913945926084	0.08740910812847588	983.4750356460054	2.594596826903499	0.009611117570392793	0.012984531011815787
IL-10RB	Day*Allocation	Day7 Anakinra - Day4 Placebo	0	0.20092742521364648	0.08752477169508281	985.9319265103669	2.29566351699418	0.021904279339934198	0.04734150696050294
IL-10RB	Day*Allocation	Day7 Anakinra - Day7 Placebo	0	-0.10372992160253067	0.08814579687907916	1004.6072484138216	-1.176799408199012	0.23955432863345527	0.5691628505181909
IL-10RB	Day*Allocation	Day1 Placebo - Day4 Placebo	0	-0.025863969378961918	0.06381678529144433	1038.3115321631908	-0.40528474226402944	0.6853517103225673	0.7406220095421291
IL-10RB	Day*Allocation	Day1 Placebo - Day7 Placebo	0	-0.330521316195139	0.06465426554202862	1042.6822251122608	-5.1121347280680665	3.7879991154286916e-7	7.931123147928823e-7
IL-10RB	Day*Allocation	Day4 Placebo - Day7 Placebo	0	-0.3046573468161771	0.0644870526060678	1035.8057229663664	-4.724318053070872	2.6268371287373883e-6	3.5199617525081003e-5
IL-18R1	Day*Allocation	Day1 Anakinra - Day4 Anakinra	0	0.6347661550741031	0.03957070464917191	1031.7873735234252	16.041315430236764	7.182445005917376e-52	1.2030595384911605e-50
IL-18R1	Day*Allocation	Day1 Anakinra - Day7 Anakinra	0	0.8488222184468365	0.03980241634744507	1034.2091542457358	21.32589667514803	6.310835064680169e-84	1.4094198311119043e-82
IL-18R1	Day*Allocation	Day1 Anakinra - Day1 Placebo	0	-0.00562584941169177	0.08436025897130706	921.974174888857	-0.06668838479508765	0.9468442395039051	0.9663805461380576
IL-18R1	Day*Allocation	Day1 Anakinra - Day4 Placebo	0	0.5497990501200667	0.08446531881576366	924.5146105821333	6.509169181250498	1.2375422128301593e-10	1.0364416032452583e-9
IL-18R1	Day*Allocation	Day1 Anakinra - Day7 Placebo	0	0.6818025319002657	0.08500635430571285	941.5771345641066	8.020606664864879	3.110866820813776e-15	2.6053509624315375e-14
IL-18R1	Day*Allocation	Day4 Anakinra - Day7 Anakinra	0	0.21405606337273342	0.03994194770106086	1029.8453192200159	5.359179401435351	1.0315317711216735e-7	3.291077555483435e-7
IL-18R1	Day*Allocation	Day4 Anakinra - Day1 Placebo	0	-0.6403920044857948	0.08453717189396937	927.089488079285	-7.575271210740355	8.66407026179079e-14	7.256158844249787e-13
IL-18R1	Day*Allocation	Day4 Anakinra - Day4 Placebo	0	-0.08496710495403634	0.08464175646973753	929.6026773390946	-1.0038438295454695	0.3157151174521945	0.7834412173813715
IL-18R1	Day*Allocation	Day4 Anakinra - Day7 Placebo	0	0.0470363768261627	0.08518205373154328	946.6245016276898	0.5521864614159323	0.5809509508855917	0.6828721703392043
IL-18R1	Day*Allocation	Day7 Anakinra - Day1 Placebo	0	-0.8544480678585282	0.08462588462148542	929.9529217955604	-10.096769702087048	8.136775658318969e-23	5.45163969107371e-22
IL-18R1	Day*Allocation	Day7 Anakinra - Day4 Placebo	0	-0.2990231683267698	0.08472954527947454	932.4019213532367	-3.529148744283503	4.3726702526870664e-4	0.001723346511353138
IL-18R1	Day*Allocation	Day7 Anakinra - Day7 Placebo	0	-0.16701968654657073	0.08527043883189424	949.4769451603045	-1.9587056057708396	0.05043967566837757	0.23623868496552508
IL-18R1	Day*Allocation	Day1 Placebo - Day4 Placebo	0	0.5554248995317584	0.05832539657549984	1035.0188911060036	9.522865374996357	1.1482575220906147e-20	1.282220899667853e-19
IL-18R1	Day*Allocation	Day1 Placebo - Day7 Placebo	0	0.6874283813119575	0.05909984261687063	1038.8342886443172	11.631644872024149	1.7473326655095307e-29	1.4633911073642318e-28
IL-18R1	Day*Allocation	Day4 Placebo - Day7 Placebo	0	0.13200348178019905	0.058932477760554755	1032.5961795443072	2.2399106027161286	0.02530886126154159	0.054699796920106014
PD-L1	Day*Allocation	Day1 Anakinra - Day4 Anakinra	0	0.36401239264022034	0.04341390837767919	1034.8170283548316	8.38469527952875	1.6472266358520235e-16	5.016553845549344e-16
PD-L1	Day*Allocation	Day1 Anakinra - Day7 Anakinra	0	0.5877524633349304	0.04366373068055956	1037.5741415694777	13.46088513679423	3.474233279819667e-38	1.2251243670943035e-37
PD-L1	Day*Allocation	Day1 Anakinra - Day1 Placebo	0	-0.024256133719663963	0.08714724627535911	976.9183761079911	-0.278335056543518	0.7808140674253523	0.9663805461380576
PD-L1	Day*Allocation	Day1 Anakinra - Day4 Placebo	0	0.26004242280208945	0.08726509050677943	979.492169177201	2.97991351744358	0.0029544828029335517	0.007613474915251845
PD-L1	Day*Allocation	Day1 Anakinra - Day7 Placebo	0	0.4925534851287735	0.08788891323414616	998.2301572222415	5.60427324680366	2.7049053489038697e-8	9.53835044087154e-8
PD-L1	Day*Allocation	Day4 Anakinra - Day7 Anakinra	0	0.22374007069471002	0.04382461107128423	1032.8225100573643	5.105352112099271	3.9293358877901276e-7	9.750574240071798e-7
PD-L1	Day*Allocation	Day4 Anakinra - Day1 Placebo	0	-0.3882685263598843	0.08734926007456276	982.409023137178	-4.445012196193212	9.789134023287259e-6	2.9812362707283924e-5
PD-L1	Day*Allocation	Day4 Anakinra - Day4 Placebo	0	-0.10396996983813092	0.08746650760935833	984.9480909638814	-1.1886832192098045	0.23485085901473832	0.7152276160903394
PD-L1	Day*Allocation	Day4 Anakinra - Day7 Placebo	0	0.12854109248855317	0.08808938436341927	1003.6175155749879	1.4592120653068408	0.14481965306039282	0.21093297293578955
PD-L1	Day*Allocation	Day7 Anakinra - Day1 Placebo	0	-0.6120085970545943	0.08745183008517271	985.5742676138	-6.998236588743032	4.78490023801933e-12	1.6873069260383952e-11
PD-L1	Day*Allocation	Day7 Anakinra - Day4 Placebo	0	-0.3277100405328409	0.08756786148158935	988.0298135851289	-3.742355185889062	1.9281267218768016e-4	9.227463597553264e-4
PD-L1	Day*Allocation	Day7 Anakinra - Day7 Placebo	0	-0.09519897820615687	0.08819155765977829	1006.7603681011695	-1.079456818003051	0.2806426716702928	0.5691628505181909
PD-L1	Day*Allocation	Day1 Placebo - Day4 Placebo	0	0.2842985565217534	0.06398156483414139	1038.4394796969045	4.443444877578987	9.802915024841554e-6	2.7322961643416993e-5
PD-L1	Day*Allocation	Day1 Placebo - Day7 Placebo	0	0.5168096188484375	0.06482081460616117	1042.8319826605327	7.972896082662237	4.049810009648483e-15	1.808915137642989e-14
PD-L1	Day*Allocation	Day4 Placebo - Day7 Placebo	0	0.23251106232668406	0.06465379022489985	1035.9315705378756	3.5962479773867613	3.380678675748187e-4	0.0014156591954695532
CXCL5	Day*Allocation	Day1 Anakinra - Day4 Anakinra	0	-0.006509473468278994	0.045734911932952246	1036.393547841117	-0.14233051279997946	0.8868466098956785	0.9002836797425827
CXCL5	Day*Allocation	Day1 Anakinra - Day7 Anakinra	0	-0.24369510528535263	0.04599563391288724	1039.3245733749995	-5.29822256057815	1.4273056983552628e-7	2.1733973134046046e-7
CXCL5	Day*Allocation	Day1 Anakinra - Day1 Placebo	0	0.023380278448580694	0.08925306753843401	1005.8616483183439	0.2619549007490719	0.7934098455606896	0.9663805461380576
CXCL5	Day*Allocation	Day1 Anakinra - Day4 Placebo	0	-0.021179256992384498	0.08937823209394619	1008.4187618641943	-0.23696213827683243	0.8127342907441317	0.8859076943041573
CXCL5	Day*Allocation	Day1 Anakinra - Day7 Placebo	0	-0.29438082503318597	0.0900503911261771	1027.8770663468472	-3.269067700335743	0.0011148063864475626	0.0018673006972996673
CXCL5	Day*Allocation	Day4 Anakinra - Day7 Anakinra	0	-0.23718563181707364	0.046169329088738796	1034.3922052657801	-5.13729864605994	3.32998469493145e-7	8.590413640620153e-7
CXCL5	Day*Allocation	Day4 Anakinra - Day1 Placebo	0	0.029889751916859688	0.0894696454450986	1011.4952640549798	0.33407701313850613	0.73839069550155	0.7495784333121795
CXCL5	Day*Allocation	Day4 Anakinra - Day4 Placebo	0	-0.014669783524105504	0.08959414237112852	1014.0138927014282	-0.1637359668374124	0.8699716304525565	0.9714683206720215
CXCL5	Day*Allocation	Day4 Anakinra - Day7 Placebo	0	-0.28787135156490695	0.09026523071771084	1033.386666089455	-3.189172057457823	0.0014697164280470735	0.007574692359934918
CXCL5	Day*Allocation	Day7 Anakinra - Day1 Placebo	0	0.2670753837339333	0.08958031697759909	1014.7933023356574	2.981406995922101	0.0029377572002296007	0.004373994053675183
CXCL5	Day*Allocation	Day7 Anakinra - Day4 Placebo	0	0.22251584829296814	0.08970341865231755	1017.2178503531012	2.4805726653007474	0.013277977424776871	0.03067670646413967
CXCL5	Day*Allocation	Day7 Anakinra - Day7 Placebo	0	-0.05068571974783334	0.09037546785666846	1036.655169536529	-0.5608349361822246	0.5750312627273747	0.7397945685532198
CXCL5	Day*Allocation	Day1 Placebo - Day4 Placebo	0	-0.04455953544096519	0.06739744374161831	1040.2134447156322	-0.6611457789377466	0.508665233139477	0.5680095103390826
CXCL5	Day*Allocation	Day1 Placebo - Day7 Placebo	0	-0.31776110348176667	0.06827569519283311	1044.9100754894707	-4.654088143435294	3.6720492551897644e-6	6.474402634150374e-6
CXCL5	Day*Allocation	Day4 Placebo - Day7 Placebo	0	-0.2732015680408015	0.06810881627600658	1037.6851050214557	-4.011251156291864	6.472985150859159e-5	3.9426364100687605e-4
TRANCE	Day*Allocation	Day1 Anakinra - Day4 Anakinra	0	-0.36542252451345925	0.04923465523848573	1046.595525997939	-7.422059172414309	2.382898996745172e-13	6.652259699246938e-13
TRANCE	Day*Allocation	Day1 Anakinra - Day7 Anakinra	0	-0.7193771317475254	0.04949734427403141	1050.6364932575473	-14.53365109378088	9.614942378460158e-44	4.955393379667928e-43
TRANCE	Day*Allocation	Day1 Anakinra - Day1 Placebo	0	0.12737942413748238	0.08302261613053612	1193.1300364909728	1.5342737927844172	0.12522742178622495	0.8633206739357308
TRANCE	Day*Allocation	Day1 Anakinra - Day4 Placebo	0	-0.16772519947324024	0.0831592314894869	1195.1115073777028	-2.0169161795878825	0.04392753345653904	0.07546524978431066
TRANCE	Day*Allocation	Day1 Anakinra - Day7 Placebo	0	-0.4846019700402468	0.08396364064464255	1216.1299877989152	-5.771569292608653	9.95773806007469e-9	4.1698028126562766e-8
TRANCE	Day*Allocation	Day4 Anakinra - Day7 Anakinra	0	-0.35395460723406613	0.049712457253111145	1044.8737064625059	-7.120038452975781	2.00410548863958e-12	2.237917795647531e-11
TRANCE	Day*Allocation	Day4 Anakinra - Day1 Placebo	0	0.4928019486509416	0.08327376734284003	1198.7464247424807	5.91785341741613	4.25198139972952e-9	2.034876812727699e-8
TRANCE	Day*Allocation	Day4 Anakinra - Day4 Placebo	0	0.197697325040219	0.08340944091023672	1200.6744647156152	2.3702032154007147	0.017935596779814333	0.24525374129978444
TRANCE	Day*Allocation	Day4 Anakinra - Day7 Placebo	0	-0.11917944552678754	0.08421219657249586	1221.4807344234873	-1.4152278455792253	0.1572565938893344	0.22417429341671075
TRANCE	Day*Allocation	Day7 Anakinra - Day1 Placebo	0	0.8467565558850078	0.08340730185621106	1202.3836225175132	10.152067469401693	2.732386868814744e-23	2.034110224562087e-22
TRANCE	Day*Allocation	Day7 Anakinra - Day4 Placebo	0	0.5516519322742851	0.08354064205643523	1204.1527478104802	6.60339588845416	6.013352643722796e-11	2.0144731356471365e-9
TRANCE	Day*Allocation	Day7 Anakinra - Day7 Placebo	0	0.23477516170727858	0.0843452323753132	1225.0341912395465	2.783502458830078	0.005460218935511279	0.07125939828015669
TRANCE	Day*Allocation	Day1 Placebo - Day4 Placebo	0	-0.29510462361072265	0.07252135886093919	1051.5918270492853	-4.069209792064021	5.070265629289408e-5	1.2581770265273715e-4
TRANCE	Day*Allocation	Day1 Placebo - Day7 Placebo	0	-0.6119813941777291	0.07342299997643652	1058.3081821161907	-8.335009389076053	2.384874239454324e-16	1.141332671738855e-15
TRANCE	Day*Allocation	Day4 Placebo - Day7 Placebo	0	-0.3168767705670065	0.07330600073969527	1049.3116324457033	-4.322658000294067	1.6882523260559033e-5	1.6158986549392218e-4
HGF	Day*Allocation	Day1 Anakinra - Day4 Anakinra	0	0.049959726781806865	0.05453483043778692	1047.787241615256	0.9161067593086347	0.35982169571973144	0.40861107819020354
HGF	Day*Allocation	Day1 Anakinra - Day7 Anakinra	0	-0.05256616760778954	0.054823360183273225	1051.9554493399285	-0.9588279053319981	0.3378657632493197	0.35931755774134
HGF	Day*Allocation	Day1 Anakinra - Day1 Placebo	0	-0.008299684784847352	0.09068696243006578	1214.3469747693525	-0.091520154192481	0.9270943869979116	0.9663805461380576
HGF	Day*Allocation	Day1 Anakinra - Day4 Placebo	0	-0.13279221117715556	0.09083802729688424	1216.2232573727676	-1.4618570562211048	0.14403870784197598	0.22443240524214864
HGF	Day*Allocation	Day1 Anakinra - Day7 Placebo	0	-0.20774926708641495	0.09173690577642657	1237.04192086062	-2.26462038727057	0.0237084341354955	0.03241765483833058
HGF	Day*Allocation	Day4 Anakinra - Day7 Anakinra	0	-0.1025258943895964	0.05506510039821036	1046.132692676565	-1.861903340739728	0.06289695848561136	0.08104031189492233
HGF	Day*Allocation	Day4 Anakinra - Day1 Placebo	0	-0.05825941156665422	0.09096661837713386	1219.8562409762076	-0.6404482502044816	0.5220015036288473	0.603001736950565
HGF	Day*Allocation	Day4 Anakinra - Day4 Placebo	0	-0.18275193795896244	0.09111661796053752	1221.678964169306	-2.005692727073255	0.045109215680741464	0.3375003763549358
HGF	Day*Allocation	Day4 Anakinra - Day7 Placebo	0	-0.2577089938682218	0.09201360256832607	1242.2720194540623	-2.8007706108111154	0.005177112177904605	0.020403912701153444
HGF	Day*Allocation	Day7 Anakinra - Day1 Placebo	0	0.04426648282294218	0.09111596228999477	1223.4668849530153	0.48582577311816394	0.627177693345043	0.6366803856684528
HGF	Day*Allocation	Day7 Anakinra - Day4 Placebo	0	-0.08022604356936604	0.09126326704604776	1225.1247998262315	-0.8790617097773545	0.3795401968902744	0.4310032744347184
HGF	Day*Allocation	Day7 Anakinra - Day7 Placebo	0	-0.1551830994786254	0.09216240160547219	1245.7934416429684	-1.6838005170799644	0.09247074536599176	0.32608104944849725
HGF	Day*Allocation	Day1 Placebo - Day4 Placebo	0	-0.12449252639230822	0.08032396757880537	1052.909310007357	-1.5498801932333501	0.12147077996926871	0.15355740109322646
HGF	Day*Allocation	Day1 Placebo - Day7 Placebo	0	-0.1994495823015676	0.08131662057764377	1059.866015161469	-2.4527529659342715	0.014337055429685702	0.018472744495941194
HGF	Day*Allocation	Day4 Placebo - Day7 Placebo	0	-0.07495705590925937	0.0811950429304784	1050.6990600897632	-0.9231728096189299	0.35612910106273055	0.4588586494462105
IL-12B	Day*Allocation	Day1 Anakinra - Day4 Anakinra	0	0.7891638238379153	0.043398665512033544	1046.119537897977	18.184057378886376	2.0338085215505668e-64	6.813258547194399e-63
IL-12B	Day*Allocation	Day1 Anakinra - Day7 Anakinra	0	0.8891816594128089	0.04363098663409967	1050.1095104067133	20.379590928568906	4.692603434877832e-78	7.860110753420368e-77
IL-12B	Day*Allocation	Day1 Anakinra - Day1 Placebo	0	-0.011689287724161996	0.07360125191851853	1184.5869202525223	-0.15881914260239502	0.873838438013273	0.9663805461380576
IL-12B	Day*Allocation	Day1 Anakinra - Day4 Placebo	0	0.747598483407723	0.07372173690916838	1186.6089763645055	10.140814836319302	3.120644930649513e-23	2.090832103535174e-21
IL-12B	Day*Allocation	Day1 Anakinra - Day7 Placebo	0	0.8169733741954442	0.07442818340569383	1207.6845856669847	10.976666859411013	8.697096229235042e-27	1.4567636183968696e-25
IL-12B	Day*Allocation	Day4 Anakinra - Day7 Anakinra	0	0.10001783557489363	0.043819490032138794	1044.3727737571141	2.282496567201876	0.02266039051095861	0.03170688617866695
IL-12B	Day*Allocation	Day4 Anakinra - Day1 Placebo	0	-0.8008531115620773	0.07382213131816505	1190.240315957101	-10.848414930076874	3.2627350293797477e-26	7.2867748989481025e-25
IL-12B	Day*Allocation	Day4 Anakinra - Day4 Placebo	0	-0.04156534043019239	0.07394179350769098	1192.209102970362	-0.5621359512447992	0.5741290640874155	0.9102177669147989
IL-12B	Day*Allocation	Day4 Anakinra - Day7 Placebo	0	0.027809550357528974	0.07464680245631439	1213.078095081289	0.3725484473873343	0.7095496252133133	0.7923304148215332
IL-12B	Day*Allocation	Day7 Anakinra - Day1 Placebo	0	-0.9008709471369709	0.07393936305216608	1193.8841039204121	-12.183915440296445	2.85519545634341e-32	3.8259619115001694e-31
IL-12B	Day*Allocation	Day7 Anakinra - Day4 Placebo	0	-0.14158317600508602	0.074057003443913	1195.6964842268937	-1.9118134601856245	0.0561389333107796	0.086827021059583
IL-12B	Day*Allocation	Day7 Anakinra - Day7 Placebo	0	-0.07220828521736466	0.07476359276914889	1216.6404678217905	-0.9658214987116207	0.33432544622685145	0.5971979237601476
IL-12B	Day*Allocation	Day1 Placebo - Day4 Placebo	0	0.7592877711318848	0.06392649716813736	1051.064916182873	11.877512530286639	1.276351989910607e-30	2.850519444133689e-29
IL-12B	Day*Allocation	Day1 Placebo - Day7 Placebo	0	0.8286626619196062	0.06472316811840334	1057.6854600520448	12.803184485710997	5.381215334455306e-35	7.21082854817011e-34
IL-12B	Day*Allocation	Day4 Placebo - Day7 Placebo	0	0.06937489078772135	0.06461748440445934	1048.7590748371451	1.0736241348159585	0.2832381362406098	0.3720971593749187
MMP-10	Day*Allocation	Day1 Anakinra - Day4 Anakinra	0	0.4191230709505823	0.042261836827865475	1035.012108336406	9.917294240136581	3.300183479272916e-22	1.579373522223467e-21
MMP-10	Day*Allocation	Day1 Anakinra - Day7 Anakinra	0	0.5153259668796366	0.04250475039099886	1037.7907657887592	12.123961725199687	9.836839516137525e-32	3.138420226577211e-31
MMP-10	Day*Allocation	Day1 Anakinra - Day1 Placebo	0	0.0713968276610706	0.08453012256713927	980.4892975005832	0.8446317773213051	0.3985225018524977	0.9499718020653924
MMP-10	Day*Allocation	Day1 Anakinra - Day4 Placebo	0	0.3903668740976123	0.08464496884604772	983.0622647044022	4.611814256882906	4.518324434387924e-6	2.0181849140266062e-5
MMP-10	Day*Allocation	Day1 Anakinra - Day7 Placebo	0	0.3924245661631057	0.08525400273602068	1001.8953721686578	4.603004592971473	4.6988393102344395e-6	1.2592889351428299e-5
MMP-10	Day*Allocation	Day4 Anakinra - Day7 Anakinra	0	0.09620289592905429	0.04266184547380343	1033.015991460427	2.2550101820636854	0.024341383224981486	0.03328311583823999
MMP-10	Day*Allocation	Day4 Anakinra - Day1 Placebo	0	-0.34772624328951174	0.08472722464225522	985.999643014114	-4.104067432371595	4.395052348078741e-5	1.1325711820049063e-4
MMP-10	Day*Allocation	Day4 Anakinra - Day4 Placebo	0	-0.028756196852970053	0.08484148551452783	988.5374111839508	-0.3389402799653477	0.7347267029024996	0.9466670979705284
MMP-10	Day*Allocation	Day4 Anakinra - Day7 Placebo	0	-0.026698504787476582	0.08544959003748452	1007.2999398950865	-0.3124474298327779	0.7547651782068944	0.8013789312796783
MMP-10	Day*Allocation	Day7 Anakinra - Day1 Placebo	0	-0.443929139218566	0.08482738047008899	989.1822887000767	-5.233323683443225	2.0326943974691833e-7	4.393242730014041e-7
MMP-10	Day*Allocation	Day7 Anakinra - Day4 Placebo	0	-0.12495909278202434	0.08494044452812666	991.635242070094	-1.471137730397045	0.14157112054165857	0.1897053015258225
MMP-10	Day*Allocation	Day7 Anakinra - Day7 Placebo	0	-0.12290140071653087	0.08554935765301364	1010.4593513134909	-1.4366139511533953	0.15113725291887256	0.44026938893758527
MMP-10	Day*Allocation	Day1 Placebo - Day4 Placebo	0	0.3189700464365417	0.06228315286256796	1038.6592150096878	5.121289333896936	3.6153154824898045e-7	1.2111306866340845e-6
MMP-10	Day*Allocation	Day1 Placebo - Day7 Placebo	0	0.32102773850203514	0.0630994662238113	1043.0892138899198	5.087645866343188	4.297338181157794e-7	8.724898731441581e-7
MMP-10	Day*Allocation	Day4 Placebo - Day7 Placebo	0	0.0020576920654934716	0.06293791266329736	1036.1478962440622	0.03269399918776505	0.973924905883768	0.973924905883768
IL10	Day*Allocation	Day1 Anakinra - Day4 Anakinra	0	0.7298598970763766	0.04944380580616481	1046.367288612521	14.761402063944182	6.165670368013222e-45	6.884998577614765e-44
IL10	Day*Allocation	Day1 Anakinra - Day7 Anakinra	0	0.9599146280274548	0.04970803167043317	1050.3838157441476	19.31105690106055	2.4126039578835897e-71	2.694074419636675e-70
IL10	Day*Allocation	Day1 Anakinra - Day1 Placebo	0	-0.06632658383912553	0.08360329808173966	1189.0381688221705	-0.7933488912635654	0.4277328595394032	0.9499718020653924
IL10	Day*Allocation	Day1 Anakinra - Day4 Placebo	0	0.7776319550825699	0.08374052988139967	1191.0392112954635	9.28620772025108	7.340698231859313e-20	1.6394226051152466e-18
IL10	Day*Allocation	Day1 Anakinra - Day7 Placebo	0	0.8691631701191744	0.08454693793463025	1212.0867079456946	10.280244221159037	7.961556034879197e-24	1.0668485086738124e-22
IL10	Day*Allocation	Day4 Anakinra - Day7 Anakinra	0	0.2300547309510782	0.049923452013560125	1044.6333698501699	4.608149510346182	4.564038174143439e-6	1.0193018588920346e-5
IL10	Day*Allocation	Day4 Anakinra - Day1 Placebo	0	-0.796186480915502	0.08385524496514572	1194.6727205695072	-9.4947725839503	1.1559396782960616e-20	1.5489591689167226e-19
IL10	Day*Allocation	Day4 Anakinra - Day4 Placebo	0	0.047772058006193344	0.08399153496437631	1196.6204019144457	0.5687722938562215	0.5696174074954373	0.9102177669147989
IL10	Day*Allocation	Day4 Anakinra - Day7 Placebo	0	0.13930327304279783	0.08479629338904643	1217.4583543768317	1.642799083253235	0.10068273662133587	0.16864358384073758
IL10	Day*Allocation	Day7 Anakinra - Day1 Placebo	0	-1.0262412118665802	0.08398908910480125	1198.313364767096	-12.218744396501794	1.9229375939394922e-32	3.2209204698486495e-31
IL10	Day*Allocation	Day7 Anakinra - Day4 Placebo	0	-0.18228267294488487	0.0841230549429567	1200.1033235822438	-2.166857504978743	0.0304419592337163	0.05665512376205236
IL10	Day*Allocation	Day7 Anakinra - Day7 Placebo	0	-0.09075145790828038	0.08492963565702692	1221.0163639999794	-1.0685487722420457	0.2854842456425986	0.5691628505181909
IL10	Day*Allocation	Day1 Placebo - Day4 Placebo	0	0.8439585389216955	0.07283019643058468	1051.339221113404	11.588030518715987	2.624760256906159e-29	4.396473430317816e-28
IL10	Day*Allocation	Day1 Placebo - Day7 Placebo	0	0.9354897539582999	0.07373670998087561	1058.0096202851669	12.68689305775819	1.95692725386775e-34	2.1852354334856542e-33
IL10	Day*Allocation	Day4 Placebo - Day7 Placebo	0	0.0915312150366045	0.07361781948054562	1049.046564474092	1.2433296134340506	0.21402418524107214	0.2926453145133027
TNF	Day*Allocation	Day1 Anakinra - Day4 Anakinra	0	0.21535382449679003	0.05043862419157458	1042.2022228378548	4.269621306061782	2.1366795372214087e-5	4.090215114109554e-5
TNF	Day*Allocation	Day1 Anakinra - Day7 Anakinra	0	0.32263182469098745	0.05071586264173092	1045.7691789887947	6.361556481255903	2.980929037791318e-10	5.1210832187697e-10
TNF	Day*Allocation	Day1 Anakinra - Day1 Placebo	0	-0.035592087305578265	0.08998570355922826	1113.17153030286	-0.39553046648295287	0.6925272289407175	0.9663805461380576
TNF	Day*Allocation	Day1 Anakinra - Day4 Placebo	0	0.12330298221036462	0.09012580704061653	1115.4860599604365	1.3681206999322215	0.1715498125680834	0.2554186098235909
TNF	Day*Allocation	Day1 Anakinra - Day7 Placebo	0	0.24558557516530866	0.09091895849476585	1136.5371447538096	2.701148134901335	0.007012813248637071	0.010441299725748528
TNF	Day*Allocation	Day4 Anakinra - Day7 Anakinra	0	0.10727800019419742	0.050924110531392446	1040.2932147621827	2.1066249184276926	0.03538909815988703	0.04649156032769472
TNF	Day*Allocation	Day4 Anakinra - Day1 Placebo	0	-0.2509459118023683	0.09023666241104922	1118.9976342141924	-2.7809751058749343	0.005510535752327588	0.011537684231435887
TNF	Day*Allocation	Day4 Anakinra - Day4 Placebo	0	-0.0920508422864254	0.09037588811010826	1121.262488777052	-1.0185331974196092	0.3086443466345607	0.7834412173813715
TNF	Day*Allocation	Day4 Anakinra - Day7 Placebo	0	0.030231750668518624	0.09116756263279942	1142.156201382375	0.331606437591018	0.7402472932487196	0.7999446556074873
TNF	Day*Allocation	Day7 Anakinra - Day1 Placebo	0	-0.3582239119965657	0.09036788959347167	1122.6091714248182	-3.9640619428877804	7.834217986964631e-5	1.381296329280606e-4
TNF	Day*Allocation	Day7 Anakinra - Day4 Placebo	0	-0.19932884248062283	0.09050509767378512	1124.7409226158795	-2.202404589397605	0.027839064924215843	0.05485933382124887
TNF	Day*Allocation	Day7 Anakinra - Day7 Placebo	0	-0.07704624952567879	0.09129827323635473	1145.7073115876926	-0.8438960211900172	0.39890367399396753	0.6239729597767484
TNF	Day*Allocation	Day1 Placebo - Day4 Placebo	0	0.1588950695159429	0.07430968625930032	1046.7136664115392	2.138282066775059	0.032724877648695555	0.05338499353420927
TNF	Day*Allocation	Day1 Placebo - Day7 Placebo	0	0.28117766247088694	0.07525336015177508	1052.5507062174927	3.7364133894326113	1.9669141764511397e-4	2.995073859596054e-4
TNF	Day*Allocation	Day4 Placebo - Day7 Placebo	0	0.12228259295494402	0.07510600339538147	1044.247806448691	1.6281334038134108	0.10379824500221033	0.16962152232068517
CCL23	Day*Allocation	Day1 Anakinra - Day4 Anakinra	0	0.5077997333742096	0.04736457982694207	1039.6758771159368	10.721085993575338	1.6487505178462975e-25	9.205523724641827e-25
CCL23	Day*Allocation	Day1 Anakinra - Day7 Anakinra	0	0.6885777923535203	0.04762918551462552	1042.9673238247203	14.457055792862096	2.587738554361406e-43	1.2384177367301014e-42
CCL23	Day*Allocation	Day1 Anakinra - Day1 Placebo	0	0.059973515345729436	0.08764947282449194	1066.5083480535325	0.6842427388675748	0.49397054880897184	0.9663805461380576
CCL23	Day*Allocation	Day1 Anakinra - Day4 Placebo	0	0.5126018546258754	0.08778053469454569	1068.9609091286036	5.839584554931245	6.936730677360174e-9	4.2250995943921056e-8
CCL23	Day*Allocation	Day1 Anakinra - Day7 Placebo	0	0.611853100369883	0.08850571016671595	1089.5370207058288	6.913148306672541	8.057319218553652e-12	3.856002768879248e-11
CCL23	Day*Allocation	Day4 Anakinra - Day7 Anakinra	0	0.18077805897931076	0.047818007456221015	1037.7043675419445	3.780543535713384	1.6540919219039006e-4	2.995247534258414e-4
CCL23	Day*Allocation	Day4 Anakinra - Day1 Placebo	0	-0.44782621802848016	0.08788072994495577	1072.316727514182	-5.095840900604453	4.1009743342083223e-7	1.717283002449735e-6
CCL23	Day*Allocation	Day4 Anakinra - Day4 Placebo	0	0.004802121251665764	0.08801102203061617	1074.7238011195336	0.054562725677645946	0.9564969759204567	0.9958326352395025
CCL23	Day*Allocation	Day4 Anakinra - Day7 Placebo	0	0.10405336699567345	0.08873493045190597	1095.1749738746023	1.1726314143230214	0.2411986433680482	0.31077517510883135
CCL23	Day*Allocation	Day7 Anakinra - Day1 Placebo	0	-0.6286042770077909	0.08800046484012108	1075.828473452724	-7.143192688241326	1.6774229981048636e-12	6.2437411596125484e-12
CCL23	Day*Allocation	Day7 Anakinra - Day4 Placebo	0	-0.175975937727645	0.08812906022626352	1078.1191571871595	-1.996798074050063	0.04609818549320313	0.07721446070111525
CCL23	Day*Allocation	Day7 Anakinra - Day7 Placebo	0	-0.07672469198363731	0.08885418996342613	1098.6402993964152	-0.863489859231382	0.38805665879391693	0.6239729597767484
CCL23	Day*Allocation	Day1 Placebo - Day4 Placebo	0	0.4526283392801459	0.06978875701718144	1043.8935468880013	6.4856913724471745	1.3608541272469447e-10	6.078481768369686e-10
CCL23	Day*Allocation	Day1 Placebo - Day7 Placebo	0	0.5518795850241536	0.07068528456773206	1049.2310309707161	7.807559782762585	1.406457337266171e-14	5.889540099802091e-14
CCL23	Day*Allocation	Day4 Placebo - Day7 Placebo	0	0.09925124574400769	0.07053196398723821	1041.3742542437758	1.4071810868894257	0.1596720834987053	0.24313703623666488
CD5	Day*Allocation	Day1 Anakinra - Day4 Anakinra	0	-0.12502721415648668	0.050331953560051206	1045.335493241436	-2.4840524818357457	0.013145405547486567	0.020970051706704764
CD5	Day*Allocation	Day1 Anakinra - Day7 Anakinra	0	-0.460629352452958	0.05060285274552591	1049.2412628197874	-9.102833683495936	4.3259630108565776e-19	9.994466266461748e-19
CD5	Day*Allocation	Day1 Anakinra - Day1 Placebo	0	0.07872190893684407	0.08618420131561244	1170.4388913701775	0.9134146135271249	0.36121263503030976	0.9499718020653924
CD5	Day*Allocation	Day1 Anakinra - Day4 Placebo	0	-0.06534584186771071	0.08632402720617702	1172.5257480534679	-0.7569832407336391	0.4492119838067915	0.5374500520545541
CD5	Day*Allocation	Day1 Anakinra - Day7 Placebo	0	-0.34429429911115206	0.08713818125482228	1193.6670522444288	-3.951130195204741	8.234237427185337e-5	1.53248307672616e-4
CD5	Day*Allocation	Day4 Anakinra - Day7 Anakinra	0	-0.33560213829647134	0.05081933612799923	1043.550069925156	-6.603827674001614	6.369796454294063e-11	3.8797851130700205e-10
CD5	Day*Allocation	Day4 Anakinra - Day1 Placebo	0	0.20374912309333076	0.08643935700693506	1176.1458605603784	2.35713371950446	0.018579763518871313	0.033644436642280486
CD5	Day*Allocation	Day4 Anakinra - Day4 Placebo	0	0.05968137228877597	0.08657824317134478	1178.1798498699081	0.6893345268124937	0.49074850968150263	0.8652671091752809
CD5	Day*Allocation	Day4 Anakinra - Day7 Placebo	0	-0.21926708495466538	0.0873907682977543	1199.1240010221259	-2.509041735479283	0.012236975568450915	0.03564684187331354
CD5	Day*Allocation	Day7 Anakinra - Day1 Placebo	0	0.539351261389802	0.08657438411542723	1179.7955017955726	6.229917393009692	6.480851500006938e-10	1.8879002195672383e-9
CD5	Day*Allocation	Day7 Anakinra - Day4 Placebo	0	0.3952835105852473	0.08671099220402646	1181.6773906547342	4.558632078101075	5.683878193233322e-6	4.231331543851473e-5
CD5	Day*Allocation	Day7 Anakinra - Day7 Placebo	0	0.11633505334180594	0.08752528078701415	1202.696200082003	1.3291594416577548	0.18404745266656744	0.5137991386941674
CD5	Day*Allocation	Day1 Placebo - Day4 Placebo	0	-0.14406775080455478	0.07414193896615871	1050.1961362693028	-1.9431343826914609	0.05226685578145366	0.07450807100760415
CD5	Day*Allocation	Day1 Placebo - Day7 Placebo	0	-0.4230162080479961	0.07506949790759085	1056.6591187784052	-5.6349945029434085	2.2444763782934977e-8	5.012663911522145e-8
CD5	Day*Allocation	Day4 Placebo - Day7 Placebo	0	-0.27894845724344136	0.07494204681290162	1047.8509365414627	-3.722188932734342	2.0800671068205804e-4	9.29096641046526e-4
CCL3	Day*Allocation	Day1 Anakinra - Day4 Anakinra	0	-0.46439155088901113	0.056474053944841375	1055.5851173556744	-8.223095712990354	5.779368400083784e-16	1.6835551426331025e-15
CCL3	Day*Allocation	Day1 Anakinra - Day7 Anakinra	0	-0.7446439745303558	0.056755713050920954	1060.5674422064537	-13.12015891443853	1.4972526038900162e-36	5.0157962230315543e-36
CCL3	Day*Allocation	Day1 Anakinra - Day1 Placebo	0	-0.040072369661585845	0.08669975453338415	1344.4803771567808	-0.4621970370879861	0.6440148104950983	0.9663805461380576
CCL3	Day*Allocation	Day1 Anakinra - Day4 Placebo	0	-0.3341396345615134	0.0868527403741257	1345.618645938585	-3.8471973724971487	1.2507034674470624e-4	4.410375385208062e-4
CCL3	Day*Allocation	Day1 Anakinra - Day7 Placebo	0	-0.6870806265860309	0.08782508907565084	1363.2734023000771	-7.823284141439274	1.024827593612591e-14	7.629272085782623e-14
CCL3	Day*Allocation	Day4 Anakinra - Day7 Anakinra	0	-0.2802524236413447	0.05702854987002646	1054.5301818719565	-4.914247763270622	1.0327147422282137e-6	2.3859271630789764e-6
CCL3	Day*Allocation	Day4 Anakinra - Day1 Placebo	0	0.4243191812274253	0.08699567079734082	1348.8541220342063	4.877474675905314	1.2022097661945348e-6	4.738120843237284e-6
CCL3	Day*Allocation	Day4 Anakinra - Day4 Placebo	0	0.13025191632749775	0.08714744202300245	1349.9473978333292	1.4946154850204085	0.13524852916851643	0.5034250807939222
CCL3	Day*Allocation	Day4 Anakinra - Day7 Placebo	0	-0.22268907569701973	0.08811742107386727	1367.3225087509575	-2.5271855778705032	0.011610035098744916	0.03535783416435952
CCL3	Day*Allocation	Day7 Anakinra - Day1 Placebo	0	0.7045716048687699	0.08715802514200002	1351.9554113313843	8.08384085941443	1.3808149243329378e-15	6.608185709307631e-15
CCL3	Day*Allocation	Day7 Anakinra - Day4 Placebo	0	0.4105043399688424	0.08730625761197329	1352.8626299859814	4.701889087873872	2.841113586019208e-6	2.3794326282910866e-5
CCL3	Day*Allocation	Day7 Anakinra - Day7 Placebo	0	0.05756334794432493	0.0882793289008496	1370.3173710253109	0.6520591928035255	0.514472340926599	0.7021636354160987
CCL3	Day*Allocation	Day1 Placebo - Day4 Placebo	0	-0.2940672648999275	0.08314995786189884	1061.4685460056955	-3.5365894639217332	4.228313750024654e-4	9.443234041721728e-4
CCL3	Day*Allocation	Day1 Placebo - Day7 Placebo	0	-0.6470082569244451	0.08413477180937974	1070.0072394238136	-7.690140984637621	3.320073082015838e-14	1.3084993911474186e-13
CCL3	Day*Allocation	Day4 Placebo - Day7 Placebo	0	-0.35294099202451745	0.08406258845360974	1059.9070522710572	-4.198550134097872	2.9117101637377326e-5	2.4385572621303512e-4
Flt3L	Day*Allocation	Day1 Anakinra - Day4 Anakinra	0	-0.04857115828827096	0.05263296134287162	1049.9225479195468	-0.9228277689309463	0.3563089841074699	0.40861107819020354
Flt3L	Day*Allocation	Day1 Anakinra - Day7 Anakinra	0	-0.3215648826880666	0.05290715537966479	1054.3170707134793	-6.0779091293133884	1.6991385678041105e-9	2.776641074216473e-9
Flt3L	Day*Allocation	Day1 Anakinra - Day1 Placebo	0	0.032076255829868956	0.08547217518974996	1251.6394471407664	0.37528301764473665	0.7075135793862921	0.9663805461380576
Flt3L	Day*Allocation	Day1 Anakinra - Day4 Placebo	0	0.012580193567659513	0.08561734231297502	1253.317586443768	0.14693510949770544	0.883206870672017	0.9246071927347678
Flt3L	Day*Allocation	Day1 Anakinra - Day7 Placebo	0	-0.2337283241395403	0.0864973277945609	1273.5790243513916	-2.702145026892236	0.006980885680756156	0.010441299725748528
Flt3L	Day*Allocation	Day4 Anakinra - Day7 Anakinra	0	-0.27299372439979563	0.05314637289468562	1048.4053496436684	-5.136638862274902	3.333593353076477e-7	8.590413640620153e-7
Flt3L	Day*Allocation	Day4 Anakinra - Day1 Placebo	0	0.08064741411813992	0.08574425158706879	1256.9076494515818	0.940557677341748	0.3471123011073902	0.47462294233051316
Flt3L	Day*Allocation	Day4 Anakinra - Day4 Placebo	0	0.06115135185593047	0.08588835595285875	1258.532995939001	0.7119865222416693	0.47660507986698997	0.8630416311104954
Flt3L	Day*Allocation	Day4 Anakinra - Day7 Placebo	0	-0.18515716585126937	0.08676640708249171	1278.5475376244362	-2.1339729519424986	0.03303483038013582	0.07904762983818214
Flt3L	Day*Allocation	Day7 Anakinra - Day1 Placebo	0	0.35364113851793555	0.08589067116050023	1260.4351448252826	4.1173404950707795	4.082096380653066e-5	7.391904256858254e-5
Flt3L	Day*Allocation	Day7 Anakinra - Day4 Placebo	0	0.3341450762557261	0.08603198354281179	1261.886672418093	3.8839634109964076	1.0809491266551357e-4	6.468869300557647e-4
Flt3L	Day*Allocation	Day7 Anakinra - Day7 Placebo	0	0.08783655854852628	0.08691232001409609	1281.977512485985	1.0106341486946877	0.31238227222329723	0.5971979237601476
Flt3L	Day*Allocation	Day1 Placebo - Day4 Placebo	0	-0.019496062262209443	0.07751505323038703	1055.263766346777	-0.25151324097351846	0.8014662961483615	0.8014662961483615
Flt3L	Day*Allocation	Day1 Placebo - Day7 Placebo	0	-0.26580457996940926	0.0784624249691178	1062.6525288409198	-3.3876671549984323	7.307356489954147e-4	0.0010199851767227664
Flt3L	Day*Allocation	Day4 Placebo - Day7 Placebo	0	-0.24630851770719983	0.07835889668794882	1053.1989092848016	-3.143338256638327	0.0017170217862975037	0.006054761035891197
CXCL6	Day*Allocation	Day1 Anakinra - Day4 Anakinra	0	-0.10431865630306802	0.04898540144689463	1040.8986815626024	-2.1295866364627125	0.03343988009657749	0.050919817419788446
CXCL6	Day*Allocation	Day1 Anakinra - Day7 Anakinra	0	-0.3864942583747361	0.049256939140714294	1044.3237126256925	-7.846493613227211	1.0540721065996865e-14	2.0177951754908286e-14
CXCL6	Day*Allocation	Day1 Anakinra - Day1 Placebo	0	-0.07311038819537823	0.08902033033757327	1089.1218473168638	-0.821277430876036	0.41166799279336586	0.9499718020653924
CXCL6	Day*Allocation	Day1 Anakinra - Day4 Placebo	0	-0.2267860317915803	0.08915619054657355	1091.513316781595	-2.5436936055843646	0.011105720320062816	0.02125952175554882
CXCL6	Day*Allocation	Day1 Anakinra - Day7 Placebo	0	-0.48574085054790095	0.08991630345730274	1112.3630380567067	-5.402144348366787	8.050019481541502e-8	2.451596842105821e-7
CXCL6	Day*Allocation	Day4 Anakinra - Day7 Anakinra	0	-0.2821756020716681	0.049455610406644	1038.9532015893492	-5.705633794659621	1.5108800971142788e-8	5.954645088626864e-8
CXCL6	Day*Allocation	Day4 Anakinra - Day1 Placebo	0	0.0312082681076898	0.08926180723390668	1094.9516000854749	0.34962621836582236	0.7266864638651973	0.7495784333121795
CXCL6	Day*Allocation	Day4 Anakinra - Day4 Placebo	0	-0.12246737548851228	0.08939684335301991	1097.2953972458108	-1.3699295287742979	0.17098914084321148	0.5728136218247585
CXCL6	Day*Allocation	Day4 Anakinra - Day7 Placebo	0	-0.3814221942448329	0.09015558561483171	1118.0045833060824	-4.23071062811758	2.5202129215998992e-5	4.221356643679831e-4
CXCL6	Day*Allocation	Day7 Anakinra - Day1 Placebo	0	0.31338387017935787	0.08938743669882826	1098.5190710878271	3.5059050997875394	4.734185837735433e-4	7.736352466543268e-4
CXCL6	Day*Allocation	Day7 Anakinra - Day4 Placebo	0	0.1597082265831558	0.0895206193666148	1100.7382863048151	1.7840384451441393	0.07469281497068045	0.11120930228967978
CXCL6	Day*Allocation	Day7 Anakinra - Day7 Placebo	0	-0.09924659217316484	0.09028071740781303	1121.518898235663	-1.0993110713204843	0.2718683262184776	0.5691628505181909
CXCL6	Day*Allocation	Day1 Placebo - Day4 Placebo	0	-0.15367564359620206	0.07217295701889219	1045.259897847099	-2.1292690495690167	0.033465219827414766	0.05338499353420927
CXCL6	Day*Allocation	Day1 Placebo - Day7 Placebo	0	-0.4126304623525227	0.07309501372362134	1050.8385459529866	-5.645124630699361	2.1227684099925676e-8	4.904327016189725e-8
CXCL6	Day*Allocation	Day4 Placebo - Day7 Placebo	0	-0.25895481875632065	0.0729439358465612	1042.7614942174243	-3.550052732293422	4.023337562187067e-4	0.0015856683333325499
CXCL10	Day*Allocation	Day1 Anakinra - Day4 Anakinra	0	0.7819164944750105	0.04391299743424523	1041.9130836989402	17.80603785122713	3.988428605501515e-62	8.907490552286717e-61
CXCL10	Day*Allocation	Day1 Anakinra - Day7 Anakinra	0	1.1612444753589262	0.044154824109379875	1045.4486045186	26.299379485292555	2.081949898435568e-117	1.3949064319518306e-115
CXCL10	Day*Allocation	Day1 Anakinra - Day1 Placebo	0	-0.22860338014955012	0.07865896653525443	1107.844580771906	-2.906259644882209	0.0037305686169256218	0.24994809733401666
CXCL10	Day*Allocation	Day1 Anakinra - Day4 Placebo	0	0.7185355196281005	0.07878091238755121	1110.1771729733618	9.120680350760217	3.415154363412076e-19	5.720383558715228e-18
CXCL10	Day*Allocation	Day1 Anakinra - Day7 Placebo	0	1.0736528032580979	0.07946946943102395	1131.1917681062791	13.510255082173185	1.1395254440188771e-38	7.634820474926476e-37
CXCL10	Day*Allocation	Day4 Anakinra - Day7 Anakinra	0	0.3793279808839156	0.04433542103341088	1039.9952160164648	8.55586734133091	4.142899976673608e-17	1.3878714921856586e-15
CXCL10	Day*Allocation	Day4 Anakinra - Day1 Placebo	0	-1.0105198746245607	0.07887702529312661	1113.6738460801657	-12.811333475992761	3.757063942580768e-35	2.5172328415291144e-33
CXCL10	Day*Allocation	Day4 Anakinra - Day4 Placebo	0	-0.06338097484691002	0.07899821246163337	1115.9571761133966	-0.8023089747466363	0.42254507150048104	0.8468556105231189
CXCL10	Day*Allocation	Day4 Anakinra - Day7 Placebo	0	0.2917363087830872	0.07968549628728781	1136.8181397579792	3.66109671616148	2.6267792971987016e-4	0.002089634331992109
CXCL10	Day*Allocation	Day7 Anakinra - Day1 Placebo	0	-1.3898478555084763	0.07899092110919109	1117.2770051035104	-17.59503289735355	2.338511835758229e-61	1.5668029299580133e-59
CXCL10	Day*Allocation	Day7 Anakinra - Day4 Placebo	0	-0.44270895573082564	0.07911037283872678	1119.4290981281704	-5.596092394019245	2.7555562177969025e-8	4.6155566648098116e-7
CXCL10	Day*Allocation	Day7 Anakinra - Day7 Placebo	0	-0.08759167210082838	0.07979894296377633	1140.362485879763	-1.0976545408701648	0.27258708086512456	0.5691628505181909
CXCL10	Day*Allocation	Day1 Placebo - Day4 Placebo	0	0.9471388997776506	0.0646965277608525	1046.3914551509906	14.639717656544144	2.7335950412847513e-44	1.8315086776607833e-42
CXCL10	Day*Allocation	Day1 Placebo - Day7 Placebo	0	1.3022561834076478	0.06551922584311828	1052.1710699802309	19.87593972074425	6.845563415342732e-75	4.5865274882796305e-73
CXCL10	Day*Allocation	Day4 Placebo - Day7 Placebo	0	0.3551172836299973	0.06538935104792291	1043.917468924685	5.430812172607998	6.977836702853487e-8	1.210370236674675e-6
4E-BP1	Day*Allocation	Day1 Anakinra - Day4 Anakinra	0	0.23955412725746678	0.053626334425034	1046.0796377426648	4.4670986713132015	8.791160626939e-6	1.7323757706026855e-5
4E-BP1	Day*Allocation	Day1 Anakinra - Day7 Anakinra	0	0.21827520554726337	0.05391348572008968	1050.0653312359946	4.0486197958060774	5.530568484337499e-5	7.265648793149263e-5
4E-BP1	Day*Allocation	Day1 Anakinra - Day1 Placebo	0	-0.041902798713921566	0.09099066566789173	1183.8691433562622	-0.46051755316158755	0.6452293508820075	0.9663805461380576
4E-BP1	Day*Allocation	Day1 Anakinra - Day4 Placebo	0	0.10178279060479169	0.09113955102390603	1185.8945605354404	1.1167795919698345	0.2643147910958932	0.3767891702856349
4E-BP1	Day*Allocation	Day1 Anakinra - Day7 Placebo	0	0.044082282038290635	0.09201221003072378	1206.9743676012422	0.47909165559191685	0.6319602104293375	0.6720846682343747
4E-BP1	Day*Allocation	Day4 Anakinra - Day7 Anakinra	0	-0.021278921710203402	0.05414629792369527	1044.3308330000991	-0.3929894106553758	0.6944075071176881	0.7269578590138297
4E-BP1	Day*Allocation	Day4 Anakinra - Day1 Placebo	0	-0.2814569259713883	0.09126354610480271	1189.5254885033166	-3.0840016412267897	0.0020894302613695243	0.004666394250391938
4E-BP1	Day*Allocation	Day4 Anakinra - Day4 Placebo	0	-0.1377713366526751	0.09141141552437869	1191.497652983217	-1.5071568016133892	0.1320355453728476	0.5034250807939222
4E-BP1	Day*Allocation	Day4 Anakinra - Day7 Placebo	0	-0.19547184521917615	0.09228230026980846	1212.3713172859452	-2.1181943303067805	0.03436162631650058	0.07938720562777721
4E-BP1	Day*Allocation	Day7 Anakinra - Day1 Placebo	0	-0.2601780042611849	0.09140835585063863	1193.1697246348065	-2.8463262667837075	0.004498396570014823	0.006279011878979023
4E-BP1	Day*Allocation	Day7 Anakinra - Day4 Placebo	0	-0.11649241494247169	0.09155373062121945	1194.9856963966356	-1.2723939718462132	0.203480698718528	0.2621770541181034
4E-BP1	Day*Allocation	Day7 Anakinra - Day7 Placebo	0	-0.17419292350897275	0.09242656439470229	1215.9343362907066	-1.8846629716224437	0.05971368914534802	0.23880285103951343
4E-BP1	Day*Allocation	Day1 Placebo - Day4 Placebo	0	0.14368558931871325	0.07899206016946493	1051.0207295354387	1.8189877439638695	0.0691977574262103	0.09090685779521746
4E-BP1	Day*Allocation	Day1 Placebo - Day7 Placebo	0	0.0859850807522122	0.0799766775811116	1057.6332471699811	1.0751269414137257	0.28256310190551687	0.3078151213134629
4E-BP1	Day*Allocation	Day4 Placebo - Day7 Placebo	0	-0.05770050856650105	0.07984582303690219	1048.7127982480786	-0.7226490550399076	0.47005664203682596	0.562389196722631
SIRT2	Day*Allocation	Day1 Anakinra - Day4 Anakinra	0	0.09671948486998419	0.06677972401384864	1069.180531033657	1.4483360974946033	0.1478162600425188	0.194189988683309
SIRT2	Day*Allocation	Day1 Anakinra - Day7 Anakinra	0	-0.07988491410175644	0.06707437707254425	1075.468437833322	-1.1909900261221502	0.23392028879112725	0.25278482820976655
SIRT2	Day*Allocation	Day1 Anakinra - Day1 Placebo	0	0.017350424149620673	0.09226944558129932	1513.267693007484	0.18804084104236957	0.85086984682179	0.9663805461380576
SIRT2	Day*Allocation	Day1 Anakinra - Day4 Placebo	0	0.09720419194017219	0.0924389747848415	1513.5134925800614	1.0515498702405783	0.2931739770112267	0.40087053999494265
SIRT2	Day*Allocation	Day1 Anakinra - Day7 Placebo	0	-0.014097636593438191	0.09362283493919375	1521.2077629062544	-0.1505790398527703	0.8803277599658363	0.907414767964785
SIRT2	Day*Allocation	Day4 Anakinra - Day7 Anakinra	0	-0.17660439897174063	0.06743795179596349	1069.7091013892168	-2.618768723968146	0.008949549984538967	0.013324885532535797
SIRT2	Day*Allocation	Day4 Anakinra - Day1 Placebo	0	-0.07936906072036351	0.09261834197422339	1514.9361412115093	-0.8569475443908585	0.39160941019687856	0.5045736631382859
SIRT2	Day*Allocation	Day4 Anakinra - Day4 Placebo	0	4.8470707018800213e-4	0.0927863875931009	1515.1706543747287	0.0052239028025706045	0.9958326352395025	0.9958326352395025
SIRT2	Day*Allocation	Day4 Anakinra - Day7 Placebo	0	-0.11081712146342237	0.09396667069620801	1522.6731583729597	-1.1793236968210938	0.2384535374991418	0.31077517510883135
SIRT2	Day*Allocation	Day7 Anakinra - Day1 Placebo	0	0.09723533825137712	0.09281714288405529	1516.298542549607	1.0476010705569867	0.2949893995327213	0.318778867236973
SIRT2	Day*Allocation	Day7 Anakinra - Day4 Placebo	0	0.17708910604192862	0.09297952882197857	1516.393677496468	1.9046031775552315	0.05702073024808436	0.086827021059583
SIRT2	Day*Allocation	Day7 Anakinra - Day7 Placebo	0	0.06578727750831825	0.0941655147641563	1523.9918008466757	0.6986345019520872	0.48488707077086035	0.6833046222593092
SIRT2	Day*Allocation	Day1 Placebo - Day4 Placebo	0	0.07985376779055152	0.09825927091035158	1076.127657561778	0.8126843100984067	0.4165788268109669	0.48122036890232384
SIRT2	Day*Allocation	Day1 Placebo - Day7 Placebo	0	-0.031448060743058864	0.09932385264503758	1087.3750403750944	-0.31662143488782674	0.7515916420808387	0.7629793942335787
SIRT2	Day*Allocation	Day4 Placebo - Day7 Placebo	0	-0.11130182853361038	0.09934576512916772	1076.3571087579523	-1.12034799257822	0.26281541272582964	0.35217265305261175
DNER	Day*Allocation	Day1 Anakinra - Day4 Anakinra	0	-0.10939567328259152	0.04686856121511404	1039.6173266242322	-2.334094976385021	0.019780505919004987	0.03082078829240312
DNER	Day*Allocation	Day1 Anakinra - Day7 Anakinra	0	-0.4255471232162183	0.047130492591523444	1042.9023668208038	-9.029125303323356	8.171121685903977e-19	1.8248838431852218e-18
DNER	Day*Allocation	Day1 Anakinra - Day1 Placebo	0	0.00111442643233458	0.08680872648964123	1065.4249844112192	0.012837723549228233	0.989759663352784	0.989759663352784
DNER	Day*Allocation	Day1 Anakinra - Day4 Placebo	0	-0.0878523323441503	0.08693839854812167	1067.8801858771185	-1.010512429620184	0.31247875252093577	0.41872152837805393
DNER	Day*Allocation	Day1 Anakinra - Day7 Placebo	0	-0.3523052384082034	0.08765550249550794	1088.4411827500305	-4.019202769686454	6.241476196620155e-5	1.2299379563927954e-4
DNER	Day*Allocation	Day4 Anakinra - Day7 Anakinra	0	-0.31615144993362676	0.04731718117232388	1037.64477149206	-6.6815360108252975	3.8507036232847335e-11	2.823004061088097e-10
DNER	Day*Allocation	Day4 Anakinra - Day1 Placebo	0	0.1105100997149261	0.08703745147764139	1071.2317391611143	1.2696844615597975	0.20447279722251308	0.2978190742153995
DNER	Day*Allocation	Day4 Anakinra - Day4 Placebo	0	0.02154334093844122	0.08716636312429354	1073.6415645047066	0.24715199953589692	0.8048378435746955	0.9714683206720215
DNER	Day*Allocation	Day4 Anakinra - Day7 Placebo	0	-0.24290956512561188	0.08788221605967898	1094.0783609170212	-2.7640355013425815	0.005804983714053106	0.021602946493076616
DNER	Day*Allocation	Day7 Anakinra - Day1 Placebo	0	0.42666154964855285	0.08715584791936681	1074.7404771401066	4.8953863663088155	1.1313823491935876e-6	2.368831793624074e-6
DNER	Day*Allocation	Day7 Anakinra - Day4 Placebo	0	0.337694790872068	0.0872830851363767	1077.0343082363563	3.8689602956223643	1.158603456816295e-4	6.468869300557647e-4
DNER	Day*Allocation	Day7 Anakinra - Day7 Placebo	0	0.0732418848080149	0.08800014242308977	1097.5409970242943	0.8322927985261697	0.4054247501089694	0.6239729597767484
DNER	Day*Allocation	Day1 Placebo - Day4 Placebo	0	-0.08896675877648488	0.06905808644540808	1043.8280595889541	-1.2882887921722976	0.19793094146280804	0.24111587414560254
DNER	Day*Allocation	Day1 Placebo - Day7 Placebo	0	-0.353419664840538	0.0699454594211216	1049.154027439299	-5.052789241295841	5.133513051319443e-7	9.827010698240077e-7
DNER	Day*Allocation	Day4 Placebo - Day7 Placebo	0	-0.2644529060640531	0.06979340100251345	1041.3080029377534	-3.7890818081000153	1.5987136476369181e-4	7.656944746677971e-4
EN-RAGE	Day*Allocation	Day1 Anakinra - Day4 Anakinra	0	-0.022980244208822723	0.05463040090389675	1048.4791762975265	-0.42064937889159	0.6740973319551242	0.7056956443905207
EN-RAGE	Day*Allocation	Day1 Anakinra - Day7 Anakinra	0	-0.27396822138784166	0.0549180073228583	1052.7209642601915	-4.988677389134055	7.107980088223584e-7	1.0352927519803916e-6
EN-RAGE	Day*Allocation	Day1 Anakinra - Day1 Placebo	0	-0.0654496976653424	0.09013474480862146	1226.5406964262347	-0.7261317242791159	0.4678965592262381	0.9499718020653924
EN-RAGE	Day*Allocation	Day1 Anakinra - Day4 Placebo	0	-0.21920180606792508	0.09028588841613364	1228.3539122199202	-2.4278634226603546	0.015330960123363253	0.02853262022959272
EN-RAGE	Day*Allocation	Day1 Anakinra - Day7 Placebo	0	-0.3494124313717233	0.0911906983600498	1249.0196851175133	-3.8316674579257217	1.3360605392384104e-4	2.419352868350635e-4
EN-RAGE	Day*Allocation	Day4 Anakinra - Day7 Anakinra	0	-0.25098797717901894	0.05516217193596242	1046.8668000019584	-4.550001719845079	5.992173268624158e-6	1.2950826096703825e-5
EN-RAGE	Day*Allocation	Day4 Anakinra - Day1 Placebo	0	-0.042469453456519674	0.0904156739328357	1231.9785571557645	-0.469713398233006	0.6386429191769063	0.7128852859933323
EN-RAGE	Day*Allocation	Day4 Anakinra - Day4 Placebo	0	-0.19622156185910236	0.09056573821639938	1233.7383219104042	-2.1666202442942284	0.030454749215518884	0.2914954567771093
EN-RAGE	Day*Allocation	Day4 Anakinra - Day7 Placebo	0	-0.32643218716290057	0.09146861494310884	1254.1711691241544	-3.5687890033749072	3.7217144601944265e-4	0.002266862443936605
EN-RAGE	Day*Allocation	Day7 Anakinra - Day1 Placebo	0	0.20851852372249927	0.09056607608218328	1235.5672202789956	2.302391057919758	0.021478711746867107	0.02715233371773766
EN-RAGE	Day*Allocation	Day7 Anakinra - Day4 Placebo	0	0.05476641531991658	0.09071337657568428	1237.1590275774356	0.6037303139545653	0.5461336341595855	0.5901766691724553
EN-RAGE	Day*Allocation	Day7 Anakinra - Day7 Placebo	0	-0.07544420998388163	0.09161847681662387	1257.6676871199045	-0.8234606446785254	0.41040220629105995	0.6239729597767484
EN-RAGE	Day*Allocation	Day1 Placebo - Day4 Placebo	0	-0.1537521084025827	0.08046216009386588	1053.673132493516	-1.910862301275754	0.05629343039249023	0.07857624658951762
EN-RAGE	Day*Allocation	Day1 Placebo - Day7 Placebo	0	-0.28396273370638087	0.08145299541739916	1060.7696668565623	-3.4862159734118707	5.099527787858966e-4	7.269539612479802e-4
EN-RAGE	Day*Allocation	Day4 Placebo - Day7 Placebo	0	-0.1302106253037982	0.08133585743263984	1051.5072060235768	-1.6009006287495664	0.10969930003138324	0.17499650243101614
CD40	Day*Allocation	Day1 Anakinra - Day4 Anakinra	0	0.04248629682459737	0.05112292144768969	1044.2280755402173	0.8310615986230454	0.40612881252772504	0.44607590884192755
CD40	Day*Allocation	Day1 Anakinra - Day7 Anakinra	0	-0.2916045012065408	0.05140016033743651	1048.0145007565843	-5.6732216260063915	1.812210429713335e-8	2.823676716064964e-8
CD40	Day*Allocation	Day1 Anakinra - Day1 Placebo	0	0.10704089402831002	0.08877360235365878	1150.3146162532514	1.205773914658521	0.228152632029834	0.9499718020653924
CD40	Day*Allocation	Day1 Anakinra - Day4 Placebo	0	0.0028530557382030197	0.08891569392865095	1152.488106074019	0.03208720094444082	0.9744080661863963	0.989171824764978
CD40	Day*Allocation	Day1 Anakinra - Day7 Placebo	0	-0.1782911683315932	0.08973489430523139	1173.661849103639	-1.9868655299814526	0.04716949331693221	0.061967765730087415
CD40	Day*Allocation	Day4 Anakinra - Day7 Anakinra	0	-0.33409079803113817	0.051616957579331615	1042.3932676131512	-6.47250077685544	1.4810382572147674e-10	8.269130269449117e-10
CD40	Day*Allocation	Day4 Anakinra - Day1 Placebo	0	0.06455459720371265	0.08903120133549104	1156.081265091071	0.7250783571981171	0.46855069171930985	0.5605874347356028
CD40	Day*Allocation	Day4 Anakinra - Day4 Placebo	0	-0.03963324108639435	0.08917236026050315	1158.2027343591856	-0.4444565667053335	0.6567955596680872	0.9466670979705284
CD40	Day*Allocation	Day4 Anakinra - Day7 Placebo	0	-0.22077746515619057	0.08998996141426223	1179.1931170106996	-2.4533565931855175	0.014296918674375814	0.038315742047327184
CD40	Day*Allocation	Day7 Anakinra - Day1 Placebo	0	0.3986453952348508	0.08916695203041916	1159.7286038319628	4.470775171263605	8.557831991267321e-6	1.7374992224694256e-5
CD40	Day*Allocation	Day7 Anakinra - Day4 Placebo	0	0.29445755694474385	0.08930589250801567	1161.7043912089355	3.2971794881095304	0.0010061649392901556	0.0035480553122337064
CD40	Day*Allocation	Day7 Anakinra - Day7 Placebo	0	0.1133133328749476	0.09012518728411091	1182.7688687079228	1.2572881820232817	0.2088975043130149	0.5583543739768981
CD40	Day*Allocation	Day1 Placebo - Day4 Placebo	0	-0.104187838290107	0.07531089589959342	1048.967226076255	-1.3834364476159349	0.16682542345324458	0.20698709946976643
CD40	Day*Allocation	Day1 Placebo - Day7 Placebo	0	-0.2853320623599032	0.07625815943161184	1055.2082577139167	-3.7416594432204784	1.9265752099823942e-4	2.995073859596054e-4
CD40	Day*Allocation	Day4 Placebo - Day7 Placebo	0	-0.18114422406979622	0.07612168541365892	1046.5726274235585	-2.3796664916892727	0.01750670205101451	0.041891037050641865
IFN-gamma	Day*Allocation	Day1 Anakinra - Day4 Anakinra	0	0.7638844165258232	0.05076214016784531	1051.1119764431567	15.048309901829098	1.708436891049394e-46	2.289305434006188e-45
IFN-gamma	Day*Allocation	Day1 Anakinra - Day7 Anakinra	0	0.9676512902336177	0.05102426139253217	1055.6315467485103	18.964533024582728	3.011321073841693e-69	2.882264456391335e-68
IFN-gamma	Day*Allocation	Day1 Anakinra - Day1 Placebo	0	-0.06215912993272371	0.08140445546990731	1271.9383880621174	-0.7635838797017935	0.44525686718475055	0.9499718020653924
IFN-gamma	Day*Allocation	Day1 Anakinra - Day4 Placebo	0	0.7917526194478791	0.08154403583155757	1273.5028541915522	9.709509854078997	1.5014460928461249e-21	5.0298444110345185e-20
IFN-gamma	Day*Allocation	Day1 Anakinra - Day7 Placebo	0	0.968570924289555	0.08239882970471271	1293.3468076579434	11.75466845537199	2.207294908919131e-30	7.394437944879088e-29
IFN-gamma	Day*Allocation	Day4 Anakinra - Day7 Anakinra	0	0.20376687370779456	0.05125809876842853	1049.6803660578494	3.975310801681567	7.50982284747213e-5	1.3976614743906464e-4
IFN-gamma	Day*Allocation	Day4 Anakinra - Day1 Placebo	0	-0.8260435464585469	0.08166784251303343	1277.0469811167334	-10.114673303959488	3.4587800275299415e-23	5.793456546112652e-22
IFN-gamma	Day*Allocation	Day4 Anakinra - Day4 Placebo	0	0.027868202922055968	0.08180638123884529	1278.559628462079	0.34066050227415406	0.7334151416911172	0.9466670979705284
IFN-gamma	Day*Allocation	Day4 Anakinra - Day7 Placebo	0	0.20468650776373187	0.08265925301117547	1298.1466791109412	2.4762685399063358	0.013403075461660792	0.037416918997136374
IFN-gamma	Day*Allocation	Day7 Anakinra - Day1 Placebo	0	-1.0298104201663414	0.08181018188011246	1280.5088410662863	-12.587802599870296	2.426673723500783e-34	5.4195713158184154e-33
IFN-gamma	Day*Allocation	Day7 Anakinra - Day4 Placebo	0	-0.1758986707857386	0.08194592509521906	1281.8436158037084	-2.14652126486276	0.032018626373166735	0.05665512376205236
IFN-gamma	Day*Allocation	Day7 Anakinra - Day7 Placebo	0	9.196340559373128e-4	0.08280111746136502	1301.507426723201	0.011106541603939268	0.9911401462651772	0.9911401462651772
IFN-gamma	Day*Allocation	Day1 Placebo - Day4 Placebo	0	0.8539117493806029	0.07475566873512121	1056.5717987115413	11.422702302433203	1.4147829298785006e-28	1.895809126037191e-27
IFN-gamma	Day*Allocation	Day1 Placebo - Day7 Placebo	0	1.0307300542222788	0.0756635299222969	1064.2018132820622	13.622547815054267	4.521153194945526e-39	1.0097242135378341e-37
IFN-gamma	Day*Allocation	Day4 Placebo - Day7 Placebo	0	0.1768183048416759	0.07557106999260418	1054.5988010093597	2.3397618276276932	0.019481849672018634	0.04500979062156029
FGF-19	Day*Allocation	Day1 Anakinra - Day4 Anakinra	0	0.4014988452004491	0.06007938567477663	1059.0353739795157	6.6828054363580485	3.7823904636076594e-11	9.385931891174562e-11
FGF-19	Day*Allocation	Day1 Anakinra - Day7 Anakinra	0	0.27291503765652103	0.06037059756977995	1064.365147579625	4.520661524694526	6.8553913066611635e-6	9.568983698881207e-6
FGF-19	Day*Allocation	Day1 Anakinra - Day1 Placebo	0	-0.024324496096603546	0.08949169900987274	1395.4479056902392	-0.2718072890081131	0.7858104071055791	0.9663805461380576
FGF-19	Day*Allocation	Day1 Anakinra - Day4 Placebo	0	0.24112136874301593	0.0896521158247451	1396.2843275865664	2.6895223445073837	0.007240661732922692	0.015649172132445818
FGF-19	Day*Allocation	Day1 Anakinra - Day7 Placebo	0	0.10167075533463334	0.09069960299153314	1411.7023389632138	1.1209614152790102	0.2624949357079646	0.3085466788146251
FGF-19	Day*Allocation	Day4 Anakinra - Day7 Anakinra	0	-0.12858380754392806	0.060670812452642726	1058.3255240975961	-2.119368479601218	0.03429168547998971	0.045950858543186215
FGF-19	Day*Allocation	Day4 Anakinra - Day1 Placebo	0	-0.4258233412970526	0.08980761689230904	1399.1510926629446	-4.741505854761406	2.3378912364927323e-6	8.702150713611837e-6
FGF-19	Day*Allocation	Day4 Anakinra - Day4 Placebo	0	-0.16037747645743317	0.08996671159305007	1399.950423235294	-1.7826313045971365	0.07486298590887809	0.3858323119919102
FGF-19	Day*Allocation	Day4 Anakinra - Day7 Placebo	0	-0.29982808986581577	0.0910114938445387	1415.08960443306	-3.2943980721596238	0.0010107146591074876	0.005643156846683472
FGF-19	Day*Allocation	Day7 Anakinra - Day1 Placebo	0	-0.29723953375312456	0.08998283718097727	1401.8711186031906	-3.303291417176632	9.79663242527568e-4	0.001562796124984454
FGF-19	Day*Allocation	Day7 Anakinra - Day4 Placebo	0	-0.031793668913505116	0.09013781936972638	1402.486319880482	-0.35272285413400306	0.7243492248844259	0.7466368933424081
FGF-19	Day*Allocation	Day7 Anakinra - Day7 Placebo	0	-0.1712442823218877	0.09118633445539483	1417.7089773352113	-1.877959930560148	0.0605917681742049	0.23880285103951343
FGF-19	Day*Allocation	Day1 Placebo - Day4 Placebo	0	0.26544586483961946	0.08844381406817718	1065.2210416826229	3.001293732481954	0.0027509751907060388	0.005421039346391312
FGF-19	Day*Allocation	Day1 Placebo - Day7 Placebo	0	0.12599525143123688	0.08946990157520887	1074.4588799640724	1.4082417574286097	0.15934877045515672	0.19272999986931236
FGF-19	Day*Allocation	Day4 Placebo - Day7 Placebo	0	-0.13945061340838258	0.08941800005911733	1064.0432855289478	-1.5595362602181546	0.11916686825822773	0.1856786086814246
MCP-2	Day*Allocation	Day1 Anakinra - Day4 Anakinra	0	0.7400176507311214	0.038911711299700655	1032.9115186238162	19.017864442698368	2.235079100353401e-69	1.4975029972367785e-67
MCP-2	Day*Allocation	Day1 Anakinra - Day7 Anakinra	0	1.0160741045312953	0.03913811484584577	1035.4578737563243	25.961242858357657	7.490666517214213e-115	2.5093732832667616e-113
MCP-2	Day*Allocation	Day1 Anakinra - Day1 Placebo	0	-0.17724465777749426	0.08104144324081544	942.2360027062933	-2.1870866397431996	0.0289814120799483	0.7288148468024105
MCP-2	Day*Allocation	Day1 Anakinra - Day4 Placebo	0	0.617439762451697	0.08114571821119	944.7990369429008	7.609024555611758	6.670514746105874e-14	8.938489759781871e-13
MCP-2	Day*Allocation	Day1 Anakinra - Day7 Placebo	0	0.9594190049372475	0.08168822169488815	962.5247469786021	11.744887880173863	7.332703819660938e-30	1.6376371863909427e-28
MCP-2	Day*Allocation	Day4 Anakinra - Day7 Anakinra	0	0.27605645380017396	0.03927793038718891	1030.943910816472	7.028284104556944	3.797092715443359e-12	3.180065149183813e-11
MCP-2	Day*Allocation	Day4 Anakinra - Day1 Placebo	0	-0.9172623085086156	0.08121819711275502	947.5054303278996	-11.293802880593159	7.729396955240046e-28	2.589347980005415e-26
MCP-2	Day*Allocation	Day4 Anakinra - Day4 Placebo	0	-0.1225778882794244	0.08132197917926454	950.038435244877	-1.507315605406211	0.1320622158533347	0.5034250807939222
MCP-2	Day*Allocation	Day4 Anakinra - Day7 Placebo	0	0.21940135420612622	0.08186371141198565	967.7138901977135	2.6800807149088492	0.007485487864877152	0.02507638434733846
MCP-2	Day*Allocation	Day7 Anakinra - Day1 Placebo	0	-1.1933187623087895	0.0813072428460476	950.4874044811527	-14.67666004329155	4.147728101081965e-44	1.3894889138624583e-42
MCP-2	Day*Allocation	Day7 Anakinra - Day4 Placebo	0	-0.39863434207959836	0.08141004988506381	952.9492341368825	-4.896623238069472	1.1447906544331852e-6	1.3180294730885996e-5
MCP-2	Day*Allocation	Day7 Anakinra - Day7 Placebo	0	-0.056655099594047756	0.08195242164070482	970.6810249253641	-0.6913169673305641	0.4895316696783111	0.6833046222593092
MCP-2	Day*Allocation	Day1 Placebo - Day4 Placebo	0	0.7946844202291913	0.05735124098176396	1036.2898447405946	13.856446811358067	3.51074100277335e-40	1.1760982359290722e-38
MCP-2	Day*Allocation	Day1 Placebo - Day7 Placebo	0	1.1366636627147417	0.05810936628913113	1040.3182082697579	19.560765076306556	8.410377723339645e-73	2.817476537318781e-71
MCP-2	Day*Allocation	Day4 Placebo - Day7 Placebo	0	0.3419792424855506	0.05795031276287959	1033.8284250226661	5.901249297563885	4.885421274985593e-9	1.6366161271201737e-7
CASP-8	Day*Allocation	Day1 Anakinra - Day4 Anakinra	0	0.007033030006657949	0.05669747729335238	1050.863083328884	0.1240448489492592	0.9013034869041401	0.9013034869041401
CASP-8	Day*Allocation	Day1 Anakinra - Day7 Anakinra	0	-0.25148010269105636	0.056990792750318875	1055.3565506209397	-4.412644403681317	1.1259563700391087e-5	1.5395729957677607e-5
CASP-8	Day*Allocation	Day1 Anakinra - Day1 Placebo	0	-0.024266603436758027	0.09115876760385866	1267.7216447072285	-0.26620153030382615	0.7901272925471153	0.9663805461380576
CASP-8	Day*Allocation	Day1 Anakinra - Day4 Placebo	0	-0.046781725205077195	0.09131477350624426	1269.310009161709	-0.5123127770982007	0.6085212535128739	0.6795153997560426
CASP-8	Day*Allocation	Day1 Anakinra - Day7 Placebo	0	-0.15309544086016277	0.092268130126966455	1289.2474658459903	-1.6592450789833315	0.09730963196370986	0.1253797181070877
CASP-8	Day*Allocation	Day4 Anakinra - Day7 Anakinra	0	-0.2585131326977143	0.05725124501546712	1049.4130375973673	-4.515415038186049	7.034505752160273e-6	1.4282178345295099e-5
CASP-8	Day*Allocation	Day4 Anakinra - Day1 Placebo	0	-0.03129963344341598	0.09145273351204361	1272.865044972553	-0.3422492936123562	0.7322197935882033	0.7495784333121795
CASP-8	Day*Allocation	Day4 Anakinra - Day4 Placebo	0	-0.05381475521173514	0.09160757974906517	1274.4013552108809	-0.5874487172256542	0.5570064475511793	0.9102177669147989
CASP-8	Day*Allocation	Day4 Anakinra - Day7 Placebo	0	-0.16012847086682072	0.09255880268669965	1294.0838807851414	-1.7300188228324023	0.08386533569433044	0.15186425652757132
CASP-8	Day*Allocation	Day7 Anakinra - Day1 Placebo	0	0.22721349925429835	0.09161145976697482	1276.34175547127	2.4801864289931	0.013259553738354968	0.017419413734701624
CASP-8	Day*Allocation	Day7 Anakinra - Day4 Placebo	0	0.20469837748597916	0.09176320764709853	1277.7009804742902	2.230723867818624	0.025872471832098544	0.052528957962139466
CASP-8	Day*Allocation	Day7 Anakinra - Day7 Placebo	0	0.09838466183089359	0.09271699506410902	1297.4601627548386	1.0611286718563913	0.28882890921818644	0.5691628505181909
CASP-8	Day*Allocation	Day1 Placebo - Day4 Placebo	0	-0.022515121768319164	0.08349740519791989	1056.298293344138	-0.2696505563849554	0.7874817685819252	0.7994133105301362
CASP-8	Day*Allocation	Day1 Placebo - Day7 Placebo	0	-0.12882883742340473	0.08451278890070575	1063.8777985364213	-1.5243709159186072	0.12771327477741967	0.15845906314976144
CASP-8	Day*Allocation	Day4 Placebo - Day7 Placebo	0	-0.10631371565508557	0.08440779336643547	1054.3054426805463	-1.2595248781537385	0.208119565671725	0.29050022708344947
CCL25	Day*Allocation	Day1 Anakinra - Day4 Anakinra	0	0.09673120147339535	0.045775745566836036	1036.3360448642657	2.1131540355177942	0.03482615058184863	0.05185226864408574
CCL25	Day*Allocation	Day1 Anakinra - Day7 Anakinra	0	0.1425487347306861	0.04603679058311038	1039.2607351976912	3.096409044269547	0.0020112873447020395	0.0024063616445542256
CCL25	Day*Allocation	Day1 Anakinra - Day1 Placebo	0	0.016773751390846806	0.08942174665991864	1004.8028908990152	0.18758022536329272	0.8512436001044469	0.9663805461380576
CCL25	Day*Allocation	Day1 Anakinra - Day4 Placebo	0	0.2725872700278919	0.08954699003851872	1007.361009608893	3.0440695986614204	0.002394605281462344	0.006417542154319083
CCL25	Day*Allocation	Day1 Anakinra - Day7 Placebo	0	0.283535400654459	0.09021922005138577	1026.7950268256172	3.14273832663336	0.0017217233657770155	0.002746558702549049
CCL25	Day*Allocation	Day4 Anakinra - Day7 Anakinra	0	0.04581753325729075	0.04621048776866905	1034.3347076212608	0.9914964214758901	0.32167512396229303	0.3848613090263149
CCL25	Day*Allocation	Day4 Anakinra - Day1 Placebo	0	-0.07995745008254855	0.0896383869498741	1010.4319499618382	-0.8920000995473163	0.3726052465010756	0.48950101010925623
CCL25	Day*Allocation	Day4 Anakinra - Day4 Placebo	0	0.17585606855449656	0.0897629634986407	1012.9517176301615	1.9591161176085679	0.050373190500736686	0.3375003763549358
CCL25	Day*Allocation	Day4 Anakinra - Day7 Placebo	0	0.18680419918106364	0.09043412456904644	1032.3008487257277	2.065638386740159	0.03911175910342274	0.08734959533097746
CCL25	Day*Allocation	Day7 Anakinra - Day1 Placebo	0	-0.1257749833398393	0.08974906460990051	1013.7254675744946	-1.4014071777408215	0.16139842089786954	0.18328295254503832
CCL25	Day*Allocation	Day7 Anakinra - Day4 Placebo	0	0.13003853529720583	0.08987224886007186	1016.1515434415854	1.4469264644714916	0.14822592224983747	0.19472817236743353
CCL25	Day*Allocation	Day7 Anakinra - Day7 Placebo	0	0.14098666592377287	0.09054436799809708	1035.565104917119	1.5571003370053442	0.11975220523350628	0.3646998977565873
CCL25	Day*Allocation	Day1 Placebo - Day4 Placebo	0	0.2558135186370451	0.0674577910447909	1040.1488125001404	3.792201236876983	1.5791282988350246e-4	3.778628429355237e-4
CCL25	Day*Allocation	Day1 Placebo - Day7 Placebo	0	0.2667616492636122	0.06833704273199824	1044.8343065520412	3.9036171101197406	1.0083820254934879e-4	1.608609421620564e-4
CCL25	Day*Allocation	Day4 Placebo - Day7 Placebo	0	0.010948130626567062	0.06816968382417686	1037.6209331211367	0.16060116480523018	0.8724387978955729	0.8856575675606573
CX3CL1	Day*Allocation	Day1 Anakinra - Day4 Anakinra	0	0.08791384408741117	0.04427859457330007	1034.1149470423547	1.9854705176307264	0.047355935337181486	0.06897494929546
CX3CL1	Day*Allocation	Day1 Anakinra - Day7 Anakinra	0	0.11000745412301595	0.044534441501203906	1036.7944716568115	2.4701657956133145	0.013665093983863567	0.015517988083370493
CX3CL1	Day*Allocation	Day1 Anakinra - Day1 Placebo	0	-0.06648860296353856	0.09006431707248906	964.0957942667176	-0.7382346874403614	0.46055150613809204	0.9499718020653924
CX3CL1	Day*Allocation	Day1 Anakinra - Day4 Placebo	0	0.0717295511966844	0.09018398858256323	966.6696170253646	0.7953690264100058	0.426594121056187	0.5196692020139005
CX3CL1	Day*Allocation	Day1 Anakinra - Day7 Placebo	0	0.10223302485415299	0.09081344745205845	985.0518667811498	1.1257476477602404	0.26054654638189517	0.3085466788146251
CX3CL1	Day*Allocation	Day4 Anakinra - Day7 Anakinra	0	0.022093610035604783	0.044696696179746115	1032.1279546160058	0.4943007408591486	0.6211989868922807	0.6784724078226211
CX3CL1	Day*Allocation	Day4 Anakinra - Day1 Placebo	0	-0.15440244705094974	0.0902686134436719	969.5109555413668	-1.7104776639479202	0.08749749843877247	0.13957934274756562
CX3CL1	Day*Allocation	Day4 Anakinra - Day4 Placebo	0	-0.016184292890726773	0.09038769369965476	972.0517720931252	-0.17905416355134404	0.8579324855547898	0.9714683206720215
CX3CL1	Day*Allocation	Day4 Anakinra - Day7 Placebo	0	0.014319180766741824	0.09101621983464261	990.3725007138166	0.1573255930949096	0.8750203188169089	0.8750203188169089
CX3CL1	Day*Allocation	Day7 Anakinra - Day1 Placebo	0	-0.17649605708655453	0.09037204497469165	972.6114206400194	-1.9529939500205133	0.05110678815103127	0.06225736011125628
CX3CL1	Day*Allocation	Day7 Anakinra - Day4 Placebo	0	-0.038277902926331556	0.09048993344096189	975.0733282746695	-0.42300730557289123	0.6723832049205076	0.7039011676511564
CX3CL1	Day*Allocation	Day7 Anakinra - Day7 Placebo	0	-0.007774429268862959	0.09111925472559806	993.4535017560119	-0.08532147560112664	0.9320230098858566	0.9607006409592675
CX3CL1	Day*Allocation	Day1 Placebo - Day4 Placebo	0	0.13821815416022296	0.06525792833922059	1037.6481455469088	2.1180285319776635	0.03440990892806056	0.05361543949255949
CX3CL1	Day*Allocation	Day1 Placebo - Day7 Placebo	0	0.16872162781769157	0.06611638896299016	1041.906031615586	2.5518881243217404	0.010855908463205464	0.014546917340695324
CX3CL1	Day*Allocation	Day4 Placebo - Day7 Placebo	0	0.030503473657468597	0.06594212010088595	1035.15457750916	0.4625795108013031	0.6437630154034553	0.7070839677382215
TNFRSF9	Day*Allocation	Day1 Anakinra - Day4 Anakinra	0	-0.04309498499275153	0.04402011904433502	1038.2240588098266	-0.978983835762649	0.3278160262652623	0.3853276098205715
TNFRSF9	Day*Allocation	Day1 Anakinra - Day7 Anakinra	0	-0.40998197524568586	0.04426828035159661	1041.3563935756306	-9.261303398041283	1.1212289594145492e-19	2.6829407243133857e-19
TNFRSF9	Day*Allocation	Day1 Anakinra - Day1 Placebo	0	0.11869224962573316	0.08332663838027282	1039.6489917501503	1.4244214327243636	0.1546245983168473	0.8633206739357308
TNFRSF9	Day*Allocation	Day1 Anakinra - Day4 Placebo	0	-5.696992017803146e-4	0.08344796495370775	1042.158950388391	-0.006826999341402175	0.9945541915157903	0.9945541915157903
TNFRSF9	Day*Allocation	Day1 Anakinra - Day7 Placebo	0	-0.3561667510781773	0.08411046815597877	1062.3074290312459	-4.2345115761058825	2.488796342589721e-5	5.2109173422972284e-5
TNFRSF9	Day*Allocation	Day4 Anakinra - Day7 Anakinra	0	-0.3668869902529343	0.04444011897703462	1036.2320911996553	-8.255760756233146	4.559656846686011e-16	1.0183233624265424e-14
TNFRSF9	Day*Allocation	Day4 Anakinra - Day1 Placebo	0	0.16178723461848468	0.08353887381199189	1045.4009690805988	1.9366700463618214	0.05305490219519574	0.09114560120713114
TNFRSF9	Day*Allocation	Day4 Anakinra - Day4 Placebo	0	0.042525285790971215	0.08365951623181629	1047.8683617633264	0.5083137903061237	0.6113402912114321	0.9102177669147989
TNFRSF9	Day*Allocation	Day4 Anakinra - Day7 Placebo	0	-0.3130717660854258	0.08432090660018016	1067.909888675299	-3.71286053137333	2.1551778668615668e-4	0.002062813101138928
TNFRSF9	Day*Allocation	Day7 Anakinra - Day1 Placebo	0	0.528674224871419	0.08364812759938582	1048.8292770449953	6.320215885804248	3.8556618453566186e-10	1.1742242892676974e-9
TNFRSF9	Day*Allocation	Day7 Anakinra - Day4 Placebo	0	0.40941227604390557	0.08376729740863512	1051.1901409311604	4.8874953437581174	1.1803249012733729e-6	1.3180294730885996e-5
TNFRSF9	Day*Allocation	Day7 Anakinra - Day7 Placebo	0	0.05381522416750853	0.08442972744970338	1071.2995187737301	0.6373966349656573	0.5240027129970886	0.7021636354160987
TNFRSF9	Day*Allocation	Day1 Placebo - Day4 Placebo	0	-0.11926194882751348	0.06486513020823138	1042.2680181162093	-1.8386141898529504	0.06625634080820877	0.09026241645566756
TNFRSF9	Day*Allocation	Day1 Placebo - Day7 Placebo	0	-0.4748590007039105	0.06570376247735457	1047.3208269888257	-7.227272576172106	9.482349097969265e-13	3.176586947819704e-12
TNFRSF9	Day*Allocation	Day4 Placebo - Day7 Placebo	0	-0.355597051876397	0.06555326049169226	1039.736204596971	-5.4245517188494805	7.226090965221941e-8	1.210370236674675e-6
TWEAK	Day*Allocation	Day1 Anakinra - Day4 Anakinra	0	-0.019683762658899893	0.05175150201756014	1044.6638911077061	-0.3803515239465102	0.703761814252275	0.7254160239215757
TWEAK	Day*Allocation	Day1 Anakinra - Day7 Anakinra	0	-0.32301217697281903	0.05203132234201996	1048.4973392066527	-6.208033208334545	7.717473885323593e-10	1.2926768757917018e-9
TWEAK	Day*Allocation	Day1 Anakinra - Day1 Placebo	0	0.17208914510278617	0.08936548545133305	1158.2523713093208	1.9256779531120327	0.05438916767182168	0.7288148468024105
TWEAK	Day*Allocation	Day1 Anakinra - Day4 Placebo	0	-0.048365038845766366	0.08950930628404605	1160.3924971949891	-0.5403353109707526	0.5890694990577897	0.668943329438507
TWEAK	Day*Allocation	Day1 Anakinra - Day7 Placebo	0	-0.35969984189318244	0.09034171671541227	1181.5619063209847	-3.98154756153552	7.264565957643601e-5	1.3906454833203467e-4
TWEAK	Day*Allocation	Day4 Anakinra - Day7 Anakinra	0	-0.30332841431391916	0.052252019025945826	1042.847783059625	-5.8051041848411815	8.5301344203535e-9	3.810126707757897e-8
TWEAK	Day*Allocation	Day4 Anakinra - Day1 Placebo	0	0.19177290776168607	0.08962689251549102	1163.9977935355646	2.1396804282658826	0.032588066022064786	0.057457905881008964
TWEAK	Day*Allocation	Day4 Anakinra - Day4 Placebo	0	-0.028681276186866472	0.08976976038698604	1166.0855272964684	-0.3194981925230181	0.7494059905246877	0.9473622899085674
TWEAK	Day*Allocation	Day4 Anakinra - Day7 Placebo	0	-0.34001607923428256	0.09060052985053411	1187.0660977950174	-3.7529149089438585	1.8324084435845527e-4	0.002046189428669417
TWEAK	Day*Allocation	Day7 Anakinra - Day1 Placebo	0	0.4951013220756052	0.0897648778943345	1167.6475103042076	5.515534958543663	4.2788626341673914e-8	9.885648154800524e-8
TWEAK	Day*Allocation	Day7 Anakinra - Day4 Placebo	0	0.27464713812705266	0.08990546206991312	1169.5869922889297	3.054843741456765	0.002302740018762885	0.0073468372027196815
TWEAK	Day*Allocation	Day7 Anakinra - Day7 Placebo	0	-0.036687664920363405	0.09073798455339871	1190.6418942433786	-0.4043253230820104	0.6860461231511487	0.8102698028741764
TWEAK	Day*Allocation	Day1 Placebo - Day4 Placebo	0	-0.22045418394855254	0.07623536100199396	1049.4511063708733	-2.8917575918973677	0.0039099759655317244	0.007484811134017873
TWEAK	Day*Allocation	Day1 Placebo - Day7 Placebo	0	-0.5317889869959687	0.07719223657676708	1055.7793978025463	-6.8891511708837285	9.628326983790236e-12	2.8047735126693297e-11
TWEAK	Day*Allocation	Day4 Placebo - Day7 Placebo	0	-0.31133480304741606	0.07705688311744331	1047.0750769393321	-4.04032437404595	5.72789832576646e-5	3.8376918782635284e-4
CCL20	Day*Allocation	Day1 Anakinra - Day4 Anakinra	0	0.3430368381415875	0.04854395880537116	1041.5612445910199	7.066519636705692	2.9042071321418533e-12	7.783275114140168e-12
CCL20	Day*Allocation	Day1 Anakinra - Day7 Anakinra	0	0.3857150838800083	0.048811900611582665	1045.0584780334157	7.902070582117044	6.924500212257386e-15	1.3645338653566026e-14
CCL20	Day*Allocation	Day1 Anakinra - Day1 Placebo	0	-0.14876002285497644	0.08738524461085882	1101.3561299482014	-1.7023471584639926	0.08897249646225261	0.8633206739357308
CCL20	Day*Allocation	Day1 Anakinra - Day4 Placebo	0	0.24143897272796602	0.08752000023311714	1103.7099485704941	2.7586719845163654	0.00589958375351245	0.013692873230105373
CCL20	Day*Allocation	Day1 Anakinra - Day7 Placebo	0	0.18155214144152362	0.08827846980921424	1124.6738288329573	2.0565845990975	0.039956487487624016	0.053541693233416184
CCL20	Day*Allocation	Day4 Anakinra - Day7 Anakinra	0	0.04267824573842083	0.04901058757764798	1039.6331862725192	0.8707964512934118	0.38406632925891393	0.4514463870236357
CCL20	Day*Allocation	Day4 Anakinra - Day1 Placebo	0	-0.49179686099656394	0.0876257051898438	1107.1874352004002	-5.612472503714187	2.5197365655374343e-8	1.1254823326067207e-7
CCL20	Day*Allocation	Day4 Anakinra - Day4 Placebo	0	-0.10159786541362145	0.08775962966006633	1109.4925186901564	-1.1576833882179884	0.24724242172998037	0.7202279241699429
CCL20	Day*Allocation	Day4 Anakinra - Day7 Placebo	0	-0.16148469670006385	0.08851670877442352	1130.3073176245764	-1.8243414032890937	0.06836437163443101	0.13647150755995158
CCL20	Day*Allocation	Day7 Anakinra - Day1 Placebo	0	-0.5344751067349848	0.08775113010297594	1110.779319391592	-6.090805965778199	1.5459755584933107e-9	4.143214496762073e-9
CCL20	Day*Allocation	Day7 Anakinra - Day4 Placebo	0	-0.14427611115204228	0.08788316451273206	1112.9554563708077	-1.6416808833862633	0.10093867213866237	0.14089356319354954
CCL20	Day*Allocation	Day7 Anakinra - Day7 Placebo	0	-0.20416294243848468	0.08864163816344765	1133.8423535900286	-2.303239726481877	0.021445642732846833	0.13016374346141096
CCL20	Day*Allocation	Day1 Placebo - Day4 Placebo	0	0.39019899558294246	0.07152041132491031	1045.9991799210497	5.4557711337859365	6.086078319544307e-8	2.2653735967192698e-7
CCL20	Day*Allocation	Day1 Placebo - Day7 Placebo	0	0.33031216429650007	0.07243136273964786	1051.7090012622307	4.560347228089526	5.706975701471865e-6	9.804291589708074e-6
CCL20	Day*Allocation	Day4 Placebo - Day7 Placebo	0	-0.05988683128644241	0.0722856614233326	1043.5160014630508	-0.8284745564645541	0.40759124191168306	0.5132065283807031
ST1A1	Day*Allocation	Day1 Anakinra - Day4 Anakinra	0	-0.3114230588982192	0.05388315416678777	1049.929664864173	-5.77959964879288	9.864418106854124e-9	2.2790207350318147e-8
ST1A1	Day*Allocation	Day1 Anakinra - Day7 Anakinra	0	-0.736564359791688	0.054163846437748416	1054.3249381310795	-13.598819290617332	6.33849898841529e-39	2.4981143071989674e-38
ST1A1	Day*Allocation	Day1 Anakinra - Day1 Placebo	0	0.038204567538365826	0.08749570243288106	1251.7619857775653	0.4366450748557963	0.6624440726737029	0.9663805461380576
ST1A1	Day*Allocation	Day1 Anakinra - Day4 Placebo	0	-0.24313454743870522	0.08764431519507192	1253.4394498420859	-2.774105164693856	0.005617530380988165	0.013692873230105373
ST1A1	Day*Allocation	Day1 Anakinra - Day7 Placebo	0	-0.48760341249429967	0.0885452430132679	1273.6986129186425	-5.506827875792668	4.4149707811988955e-8	1.47901521170163e-7
ST1A1	Day*Allocation	Day4 Anakinra - Day7 Anakinra	0	-0.4251413008934688	0.05440876604650969	1048.4129596761638	-7.813838316605997	1.342666542512578e-14	2.2489664587085682e-13
ST1A1	Day*Allocation	Day4 Anakinra - Day1 Placebo	0	0.349627626436585	0.0877742481154887	1257.029284733311	3.983259713903371	7.187660342124907e-5	1.7836046034161806e-4
ST1A1	Day*Allocation	Day4 Anakinra - Day4 Placebo	0	0.06828851145951398	0.08792177276634175	1258.6539606631977	0.7766962529406165	0.43748393380920214	0.8468556105231189
ST1A1	Day*Allocation	Day4 Anakinra - Day7 Placebo	0	-0.17618035359608047	0.08882071992532303	1278.6661633811177	-1.9835501642432756	0.04751960641850427	0.10270366548515439
ST1A1	Day*Allocation	Day7 Anakinra - Day1 Placebo	0	0.7747689273300539	0.08792415296878266	1260.5564278393479	8.811787218526113	4.0022768613221135e-18	2.4377504518961964e-17
ST1A1	Day*Allocation	Day7 Anakinra - Day4 Placebo	0	0.4934298123529828	0.08806881866536949	1262.0072584692243	5.602775418480886	2.5872323387403415e-8	4.6155566648098116e-7
ST1A1	Day*Allocation	Day7 Anakinra - Day7 Placebo	0	0.24896094729738832	0.08897010618194101	1282.0957621163964	2.798253907759435	0.0052148926596896706	0.07125939828015669
ST1A1	Day*Allocation	Day1 Placebo - Day4 Placebo	0	-0.28133911497707104	0.07935624513758659	1055.2716003578041	-3.5452674769237102	4.094109256721276e-4	9.443234041721728e-4
ST1A1	Day*Allocation	Day1 Placebo - Day7 Placebo	0	-0.5258079800326655	0.08032608300993321	1062.6618053460973	-6.545918340965829	9.183498159035447e-11	2.366516833289904e-10
ST1A1	Day*Allocation	Day4 Placebo - Day7 Placebo	0	-0.24446886505559445	0.0802201426144584	1053.2072701158934	-3.047474824752217	0.002365251760927034	0.007923593399105564
STAMBP	Day*Allocation	Day1 Anakinra - Day4 Anakinra	0	0.08323248024749277	0.05805899530836418	1052.7928192168995	1.4335845772980853	0.15198775887452923	0.19583038162679728
STAMBP	Day*Allocation	Day1 Anakinra - Day7 Anakinra	0	-0.11645751709740285	0.05835499148696493	1057.487739798935	-1.9956736198550658	0.046225622558823516	0.05077240510559305
STAMBP	Day*Allocation	Day1 Anakinra - Day1 Placebo	0	0.006575118536930746	0.09153340311466858	1299.9511430402256	0.07183299553162859	0.9427458636826362	0.9663805461380576
STAMBP	Day*Allocation	Day1 Anakinra - Day4 Placebo	0	0.0814505689990489	0.0916922490521616	1301.3537332486862	0.8883037534908055	0.3745415358107145	0.4794625817857458
STAMBP	Day*Allocation	Day1 Anakinra - Day7 Placebo	0	-0.09024621116356574	0.0926789391086012	1320.4843173513523	-0.973751016482992	0.33035851965754914	0.3751528952043355
STAMBP	Day*Allocation	Day4 Anakinra - Day7 Anakinra	0	-0.19968999734489562	0.05862741624009183	1051.4928332821721	-3.4060855850635186	6.839348092225961e-4	0.0012058850583661564
STAMBP	Day*Allocation	Day4 Anakinra - Day1 Placebo	0	-0.07665736171056203	0.09183599223731481	1304.80647745936	-0.8347202425000272	0.4040280415181905	0.5107524298437502
STAMBP	Day*Allocation	Day4 Anakinra - Day4 Placebo	0	-0.0017819112484438737	0.09199362261690401	1306.1592602009275	-0.01936994323904844	0.9845489460966574	0.9958326352395025
STAMBP	Day*Allocation	Day4 Anakinra - Day7 Placebo	0	-0.1734786914110585	0.0929780239614415	1325.021462687559	-1.8658031653049658	0.06228973343125202	0.13041912937168393
STAMBP	Day*Allocation	Day7 Anakinra - Day1 Placebo	0	0.12303263563433359	0.09200046958001935	1308.1530638187176	1.3373044311184015	0.18135576036390275	0.20251393240635807
STAMBP	Day*Allocation	Day7 Anakinra - Day4 Placebo	0	0.19790808609645175	0.09215473662562589	1309.3235414255453	2.1475628203512063	0.031931607873987446	0.05665512376205236
STAMBP	Day*Allocation	Day7 Anakinra - Day7 Placebo	0	0.026211305933837102	0.09314198506172189	1328.2633334847762	0.28141236110082685	0.7784379709624514	0.8550056402374466
STAMBP	Day*Allocation	Day1 Placebo - Day4 Placebo	0	0.07487545046211816	0.0854947828707409	1058.4159887767107	0.8757897025754419	0.3813430771396039	0.44824537137462217
STAMBP	Day*Allocation	Day1 Placebo - Day7 Placebo	0	-0.09682132970049649	0.08652355957687256	1066.3873608339804	-1.119016949533552	0.2633849013738652	0.29411313986748283
STAMBP	Day*Allocation	Day4 Placebo - Day7 Placebo	0	-0.17169678016261464	0.08642970635621304	1056.5856368309558	-1.986548229783175	0.04723047067092596	0.09041261528434398
ADA	Day*Allocation	Day1 Anakinra - Day4 Anakinra	0	0.16997224661316868	0.05541294273808495	1048.575483695456	3.067374483549091	0.0022148643826929624	0.003905155622116539
ADA	Day*Allocation	Day1 Anakinra - Day7 Anakinra	0	0.19470659418250288	0.055704466531314306	1052.8274949090628	3.495349768282018	4.931571123160724e-4	6.007550277304882e-4
ADA	Day*Allocation	Day1 Anakinra - Day1 Placebo	0	0.05562065089129169	0.09132712274101568	1228.229988576691	0.6090266420526577	0.5426194069176646	0.9663805461380576
ADA	Day*Allocation	Day1 Anakinra - Day4 Placebo	0	0.0836447374730916	0.09148040306738328	1230.0343277529557	0.9143459655668545	0.3607142810648002	0.4738795457125806
ADA	Day*Allocation	Day1 Anakinra - Day7 Placebo	0	0.14402631680257522	0.09239877577343539	1250.6766961016488	1.5587470244814945	0.11930925981200668	0.15082491334725373
ADA	Day*Allocation	Day4 Anakinra - Day7 Anakinra	0	0.02473434756933421	0.05595241004684461	1046.96915632077	0.4420604500972533	0.6585367589795854	0.700348616692575
ADA	Day*Allocation	Day4 Anakinra - Day1 Placebo	0	-0.11435159572187699	0.09161218245017098	1233.657389321315	-1.2482138582832503	0.2121895948656967	0.3024830394893974
ADA	Day*Allocation	Day4 Anakinra - Day4 Placebo	0	-0.08632750914007707	0.09176436631397285	1235.4083032219423	-0.9407519782211158	0.34701588171891606	0.8027016256005127
ADA	Day*Allocation	Day4 Anakinra - Day7 Placebo	0	-0.02594592981059346	0.09268077303978481	1255.816757295221	-0.27994943244005666	0.7795624051402098	0.8013789312796783
ADA	Day*Allocation	Day7 Anakinra - Day1 Placebo	0	-0.1390859432912112	0.09176484925479107	1237.2426132098253	-1.5156777831676054	0.12985627876899247	0.15000639099176716
ADA	Day*Allocation	Day7 Anakinra - Day4 Placebo	0	-0.11106185670941128	0.09191422066519245	1238.8251481705468	-1.2083207136572063	0.2271545224768452	0.2871576038858232
ADA	Day*Allocation	Day7 Anakinra - Day7 Placebo	0	-0.05068027737992767	0.0928328926838881	1259.309445900612	-0.5459301753366955	0.5852106288555321	0.7397945685532198
ADA	Day*Allocation	Day1 Placebo - Day4 Placebo	0	0.028024086581799917	0.08161435998759019	1053.7793793626472	0.34337200691227743	0.7313871081593001	0.7656708788542673
ADA	Day*Allocation	Day1 Placebo - Day7 Placebo	0	0.08840566591128353	0.08261888387015842	1060.8953904935572	1.0700418811057706	0.284843843603503	0.3078151213134629
ADA	Day*Allocation	Day4 Placebo - Day7 Placebo	0	0.06038157932948361	0.0825007242251096	1051.619835877502	0.7318915063669964	0.46439785748812623	0.562389196722631
TNFB	Day*Allocation	Day1 Anakinra - Day4 Anakinra	0	-0.08703913300133435	0.04636910682998027	1040.9701664123634	-1.8770931542951048	0.06078482448791759	0.08665070724873358
TNFB	Day*Allocation	Day1 Anakinra - Day7 Anakinra	0	-0.11345046376097899	0.04662602367425778	1044.4029937413252	-2.4332004923596986	0.015132956010899402	0.016898467545504333
TNFB	Day*Allocation	Day1 Anakinra - Day1 Placebo	0	-0.010174138913328672	0.0841786537743867	1090.4426526517298	-0.12086364484513043	0.9038213045649628	0.9663805461380576
TNFB	Day*Allocation	Day1 Anakinra - Day4 Placebo	0	0.06816937120375247	0.08430727160021831	1092.8302092955644	0.8085823430155453	0.4189314111162923	0.5196692020139005
TNFB	Day*Allocation	Day1 Anakinra - Day7 Placebo	0	0.04344189045725974	0.08502733098270347	1113.693412471724	0.5109167835233688	0.6095105906822358	0.6586646705759645
TNFB	Day*Allocation	Day4 Anakinra - Day7 Anakinra	0	-0.026411330759644636	0.04681427052615317	1039.0264544476856	-0.5641726435722144	0.57275839999933	0.6395802133325852
TNFB	Day*Allocation	Day4 Anakinra - Day1 Placebo	0	0.07686499408800568	0.08440735548441257	1096.2729122459823	0.9106433159394535	0.3626835199463593	0.4859959167281215
TNFB	Day*Allocation	Day4 Anakinra - Day4 Placebo	0	0.15520850420508683	0.08453519172438131	1098.6126776278663	1.8360223835669398	0.06662446305518838	0.3719865853914684
TNFB	Day*Allocation	Day4 Anakinra - Day7 Placebo	0	0.1304810234585941	0.08525395034306091	1119.3344257288393	1.5304982693885736	0.12617599006608018	0.19213162123698574
TNFB	Day*Allocation	Day7 Anakinra - Day1 Placebo	0	0.10327632484765031	0.08452637191024617	1099.8432154255117	1.2218237044092424	0.22203610830187095	0.24387572551189107
TNFB	Day*Allocation	Day7 Anakinra - Day4 Placebo	0	0.18161983496473147	0.08465244820675288	1102.0579250443718	2.145476460658858	0.03213275676056701	0.05665512376205236
TNFB	Day*Allocation	Day7 Anakinra - Day7 Placebo	0	0.15689235421823874	0.08537249540736569	1122.8511753758557	1.8377388814700446	0.0663649721243129	0.2470251740182758
TNFB	Day*Allocation	Day1 Placebo - Day4 Placebo	0	0.07834351011708114	0.0683180017985836	1045.3396959410782	1.146747680765824	0.2517483283456651	0.30119889284213497
TNFB	Day*Allocation	Day1 Placebo - Day7 Placebo	0	0.05361602937058842	0.06919052459461332	1050.932479983558	0.7749042182397701	0.4385705708696329	0.46641632140103817
TNFB	Day*Allocation	Day4 Placebo - Day7 Placebo	0	-0.024727480746492725	0.06904792973483866	1042.8428034365984	-0.35812052354722934	0.7203255958152506	0.766060554279711
CSF-1	Day*Allocation	Day1 Anakinra - Day4 Anakinra	0	0.6992660504032476	0.05783823711706072	1062.2814995275417	12.090030492941546	1.2774633500649678e-31	1.0698755556794106e-30
CSF-1	Day*Allocation	Day1 Anakinra - Day7 Anakinra	0	0.8897737485471082	0.058110751052963934	1067.9291676829846	15.311689014931865	5.4124946485157956e-48	3.0219761787546523e-47
CSF-1	Day*Allocation	Day1 Anakinra - Day1 Placebo	0	-0.005058015474171591	0.08393658040168472	1438.6819542397227	-0.06025996591672049	0.9519569558971911	0.9663805461380576
CSF-1	Day*Allocation	Day1 Anakinra - Day4 Placebo	0	0.6083496232678846	0.08408867609650411	1439.2754374192034	7.2346200642963385	7.561887446862953e-13	8.444107648996963e-12
CSF-1	Day*Allocation	Day1 Anakinra - Day7 Placebo	0	0.626478434093233	0.08510567688820501	1452.3011948326675	7.361182673115641	3.039816330355075e-13	1.8515244921253637e-12
CSF-1	Day*Allocation	Day4 Anakinra - Day7 Anakinra	0	0.1905076981438606	0.05840842954051268	1061.9348490074267	3.261647328006354	0.001142910139047137	0.0019143744829039546
CSF-1	Day*Allocation	Day4 Anakinra - Day1 Placebo	0	-0.7043240658774192	0.08424086044835237	1441.7165409755396	-8.36083655994037	1.448923753380913e-16	1.3868270210931595e-15
CSF-1	Day*Allocation	Day4 Anakinra - Day4 Placebo	0	-0.09091642713536303	0.08439166798998952	1442.281450605534	-1.0773152054080442	0.2815196269648422	0.7834412173813715
CSF-1	Day*Allocation	Day4 Anakinra - Day7 Placebo	0	-0.0727876163100146	0.08540590240930339	1455.0440273757854	-0.8522551048191458	0.39421277068792104	0.48022282974710384
CSF-1	Day*Allocation	Day7 Anakinra - Day1 Placebo	0	-0.8948317640212798	0.08441123534923063	1444.0212845332298	-10.600860896291051	2.4512090384957807e-25	2.346157222560247e-24
CSF-1	Day*Allocation	Day7 Anakinra - Day4 Placebo	0	-0.2814241252792236	0.08455777398349595	1444.4104772438513	-3.3281874867490266	8.961247760326796e-4	0.003335575555232752
CSF-1	Day*Allocation	Day7 Anakinra - Day7 Placebo	0	-0.2632953144538752	0.08557601952280398	1457.2611399220943	-3.0767417779196102	0.0021317456810738015	0.07125939828015669
CSF-1	Day*Allocation	Day1 Placebo - Day4 Placebo	0	0.6134076387420562	0.08513134885603199	1068.7317235803473	7.2054260502721155	1.091168232793861e-12	8.12314128857652e-12
CSF-1	Day*Allocation	Day1 Placebo - Day7 Placebo	0	0.6315364495674046	0.08609887932471352	1078.6224846603748	7.335013585782302	4.347948896207312e-13	1.618403200254944e-12
CSF-1	Day*Allocation	Day4 Placebo - Day7 Placebo	0	0.018128810825348438	0.08607122506315024	1067.962510548672	0.21062568601814807	0.8332195465534816	0.8588570710628194
