Assay	term	contrast	null.value	estimate	std.error	df	statistic	p.value	adj.p.value
IL8	Day*srf14	Day1 No - Day4 No	0	-0.20336718692082667	0.0542417597766393	1047.546745160414	-3.7492733967014895	1.870484048592072e-4	3.481178645990801e-4
IL8	Day*srf14	Day1 No - Day7 No	0	-0.4188171754089968	0.05480830278801647	1054.7788117101525	-7.641491418350741	4.80859431648544e-14	8.054395480113112e-14
IL8	Day*srf14	Day1 No - Day1 Yes	0	-0.1956249804980708	0.0995809578274062	1294.5783686777552	-1.9644818122469578	0.049687883593690224	0.10738994196055629
IL8	Day*srf14	Day1 No - Day4 Yes	0	-0.5796866451619785	0.10243461411024392	1335.3243733327504	-5.659089461088791	1.860013290643973e-8	1.7802984353306597e-7
IL8	Day*srf14	Day1 No - Day7 Yes	0	-0.6152000109408671	0.10184839078562463	1326.900502593834	-6.040350821406393	1.9938478096805487e-9	1.1132316937383063e-8
IL8	Day*srf14	Day4 No - Day7 No	0	-0.21544998848817015	0.05472163369637538	1051.1530048950904	-3.937199493779752	8.786551378668846e-5	1.591078222623818e-4
IL8	Day*srf14	Day4 No - Day1 Yes	0	0.00774220642275586	0.099587638362844	1294.5297137845882	0.07774264507154399	0.9380447849349149	0.9522575847066561
IL8	Day*srf14	Day4 No - Day4 Yes	0	-0.37631945824115187	0.10244079416656088	1335.263887879194	-3.673531246051112	2.4868081535518364e-4	6.664645851518922e-4
IL8	Day*srf14	Day4 No - Day7 Yes	0	-0.41183282402004034	0.10185404906415259	1326.7960772171814	-4.043362318965328	5.572218222580775e-5	2.488924139419413e-4
IL8	Day*srf14	Day7 No - Day1 Yes	0	0.223192194910926	0.09981419205079234	1298.4693754030068	2.2360767574750335	0.025516077157181138	0.032256173010021434
IL8	Day*srf14	Day7 No - Day4 Yes	0	-0.1608694697529817	0.10265975596239636	1338.662474531838	-1.567015898731604	0.11734731342040025	0.1403976785565503
IL8	Day*srf14	Day7 No - Day7 Yes	0	-0.1963828355318702	0.1020751606495838	1330.344653828458	-1.9239042513588336	0.05457973213635803	0.08504283844502297
IL8	Day*srf14	Day1 Yes - Day4 Yes	0	-0.3840616646639077	0.10059070802125893	1084.8746215636008	-3.8180630419933	1.4211744728620008e-4	3.8087475872701623e-4
IL8	Day*srf14	Day1 Yes - Day7 Yes	0	-0.4195750304427962	0.10016433506868465	1086.2609971045886	-4.188866527742488	3.0308192942731e-5	5.8018540776085064e-5
IL8	Day*srf14	Day4 Yes - Day7 Yes	0	-0.035513365778888514	0.10201065363214971	1067.7244956249176	-0.3481338910634733	0.7278082569336216	0.8554939160447834
VEGFA	Day*srf14	Day1 No - Day4 No	0	0.11604461378902504	0.04103756768993862	1029.0158944972384	2.8277653945235226	0.0047783283208851	0.007276090852256856
VEGFA	Day*srf14	Day1 No - Day7 No	0	0.027201616170357195	0.04151160810468363	1032.5708853642666	0.6552773407804483	0.5124351619975893	0.5364555602162263
VEGFA	Day*srf14	Day1 No - Day1 Yes	0	-0.06612392266472984	0.10086248130641053	929.3655431093766	-0.6555849291854294	0.5122534741781155	0.6128746923202453
VEGFA	Day*srf14	Day1 No - Day4 Yes	0	-0.16933830812584205	0.10273469464952555	974.1674867907083	-1.6483069201065086	0.09961215057387544	0.15168213837385577
VEGFA	Day*srf14	Day1 No - Day7 Yes	0	-0.15033071473036352	0.10235523210906863	964.8837962366467	-1.4687154885269835	0.1422359045279211	0.22162338612490032
VEGFA	Day*srf14	Day4 No - Day7 No	0	-0.08884299761866785	0.04142063895467819	1030.359539600367	-2.14489684033794	0.032194385736856235	0.042294585183713096
VEGFA	Day*srf14	Day4 No - Day1 Yes	0	-0.1821685364537549	0.10086882878334223	929.4437182811461	-1.8059943656631285	0.07124262226251986	0.09179337868440059
VEGFA	Day*srf14	Day4 No - Day4 Yes	0	-0.2853829219148671	0.10274079888646927	974.2338814808284	-2.7776981005396033	0.0055796764469307905	0.012461277398145433
VEGFA	Day*srf14	Day4 No - Day7 Yes	0	-0.26637532851938855	0.10236129234157242	964.9433205798741	-2.6023052506069666	0.009401887025374452	0.019685200959377758
VEGFA	Day*srf14	Day7 No - Day1 Yes	0	-0.09332553883508704	0.1010097666443477	933.1070841717715	-0.9239258928662157	0.3557637566139248	0.3844543821473058
VEGFA	Day*srf14	Day7 No - Day4 Yes	0	-0.19653992429619924	0.10287873470514879	977.7449457347551	-1.9104037861612908	0.05637353350475977	0.071264655562620835
VEGFA	Day*srf14	Day7 No - Day7 Yes	0	-0.17753233090072074	0.10249995871997351	968.4964062274762	-1.7320234380360404	0.08358778285159439	0.1211030842326413
VEGFA	Day*srf14	Day1 Yes - Day4 Yes	0	-0.10321438546111221	0.07658596672996258	1052.1972293600872	-1.3476931854244238	0.1780471827741007	0.22940694703586054
VEGFA	Day*srf14	Day1 Yes - Day7 Yes	0	-0.08420679206563368	0.0762871880133741	1053.8039240398646	-1.1038130288780754	0.26992623679521466	0.30652640449626073
VEGFA	Day*srf14	Day4 Yes - Day7 Yes	0	0.019007593395478525	0.07741486708001963	1039.0516014618827	0.24552898057464062	0.8060953582440478	0.8950654610257152
CD8A	Day*srf14	Day1 No - Day4 No	0	0.26437034149647987	0.0466933671654783	1036.4540516659752	5.661839304918155	1.9382150558872867e-8	4.328680291481607e-8
CD8A	Day*srf14	Day1 No - Day7 No	0	0.22517236149191916	0.04721314190043729	1041.4821089973946	4.769272969944701	2.1120121254615606e-6	3.144551386798324e-6
CD8A	Day*srf14	Day1 No - Day1 Yes	0	0.09998829357996805	0.09920503337539971	1081.3924088472831	1.0078953675828566	0.31373016144105526	0.42039841633101405
CD8A	Day*srf14	Day1 No - Day4 Yes	0	0.42064216172903346	0.10152808597192885	1131.0723108428867	4.143111314492183	3.681515361584822e-5	1.6444101948412203e-4
CD8A	Day*srf14	Day1 No - Day7 Yes	0	0.46831363425691463	0.1010543189886799	1120.7461916069497	4.634276287680243	4.002059212945625e-6	1.1172415302806536e-5
CD8A	Day*srf14	Day4 No - Day7 No	0	-0.039197980004560706	0.04712134269974663	1038.6212130642566	-0.8318519328773598	0.40568373661819335	0.43144143418125325
CD8A	Day*srf14	Day4 No - Day1 Yes	0	-0.16438204791651181	0.09921183821032903	1081.4192604816005	-1.6568793692545236	0.09783393498161291	0.12138654895866786
CD8A	Day*srf14	Day4 No - Day4 Yes	0	0.15627182023255357	0.10153453409160591	1131.082934888108	1.5391001852784678	0.12405953117768954	0.17630033988357063
CD8A	Day*srf14	Day4 No - Day7 Yes	0	0.2039432927604348	0.10106059793122915	1120.7372024610322	2.0180297458680823	0.04382606735229106	0.07936071655685138
CD8A	Day*srf14	Day7 No - Day1 Yes	0	-0.1251840679119511	0.09939091349825012	1085.7729086358377	-1.2595121979048427	0.20811606420179554	0.23239627169200502
CD8A	Day*srf14	Day7 No - Day4 Yes	0	0.19546980023711427	0.1017087674428921	1135.0940598434388	1.9218579199366224	0.05487375538821763	0.07070272328866503
CD8A	Day*srf14	Day7 No - Day7 Yes	0	0.2431412727649955	0.10123608041654183	1124.8412462954038	2.4017254694628276	0.01647937078938311	0.029055732707596538
CD8A	Day*srf14	Day1 Yes - Day4 Yes	0	0.3206538681490654	0.08691710099354974	1066.2325030982377	3.6891919367267163	2.363275374850856e-4	6.089978850577206e-4
CD8A	Day*srf14	Day1 Yes - Day7 Yes	0	0.3683253406769466	0.08656396664527433	1067.9184892478122	4.254949893716015	2.2744613078807862e-5	4.4820266949415495e-5
CD8A	Day*srf14	Day4 Yes - Day7 Yes	0	0.04767147252788123	0.08798147935425434	1050.5829065763064	0.5418353144067256	0.5880468544440953	0.7576757547645074
MCP-3	Day*srf14	Day1 No - Day4 No	0	0.46768230092075325	0.04341626695993151	1036.2945775386336	10.772052358909002	1.012277065284462e-25	5.217120259542997e-25
MCP-3	Day*srf14	Day1 No - Day7 No	0	0.6978686377174096	0.04389996771512676	1041.290855735238	15.89679159324171	4.139540602427444e-51	2.3112435030219896e-50
MCP-3	Day*srf14	Day1 No - Day1 Yes	0	-0.4423165684838653	0.09248321973175558	1078.149021470326	-4.782668356127624	1.9699044945065257e-6	4.399453371064574e-5
MCP-3	Day*srf14	Day1 No - Day4 Yes	0	-0.3211043096538986	0.09464036457840613	1127.823305205088	-3.3928896098860144	7.156042083239187e-4	0.002455445162928591
MCP-3	Day*srf14	Day1 No - Day7 Yes	0	-0.20361957237569767	0.09420048705695203	1117.4984029467605	-2.161555409502211	0.030864268268310884	0.05105151291227772
MCP-3	Day*srf14	Day4 No - Day7 No	0	0.23018633679665634	0.04381437920268353	1038.4426940218157	5.25367107752055	1.8086395257484387e-7	4.847153929005816e-7
MCP-3	Day*srf14	Day4 No - Day1 Yes	0	-0.9099988694046186	0.09248955886946517	1078.1771561518428	-9.83893620564179	6.209765265862924e-22	5.200678410160199e-21
MCP-3	Day*srf14	Day4 No - Day4 Yes	0	-0.7887866105746518	0.0946463733546557	1127.835242839539	-8.334039463075223	2.2484841159664617e-16	7.532421788487646e-15
MCP-3	Day*srf14	Day4 No - Day7 Yes	0	-0.6713018732964509	0.09420634148889474	1117.491063264421	-7.125867141073358	1.850868699422342e-12	4.1336067620432306e-11
MCP-3	Day*srf14	Day7 No - Day1 Yes	0	-1.140185206201275	0.09265576555234632	1082.523843100477	-12.305604507224343	1.1503105735691025e-32	1.1010115489875695e-31
MCP-3	Day*srf14	Day7 No - Day4 Yes	0	-1.0189729473713083	0.09480810438327325	1131.843632134269	-10.747740965814343	1.0080614493189874e-25	2.251337236812405e-24
MCP-3	Day*srf14	Day7 No - Day7 Yes	0	-0.9014882100931072	0.09436922566978789	1121.5912310689864	-9.552777440895298	7.640026476212197e-21	2.559408869531086e-19
MCP-3	Day*srf14	Day1 Yes - Day4 Yes	0	0.12121225882996672	0.08082137926579376	1065.9450896831859	1.4997548907367844	0.13397401254986424	0.18700539251751883
MCP-3	Day*srf14	Day1 Yes - Day7 Yes	0	0.23869699610816764	0.08049326134508196	1067.6320201188028	2.965428311878827	0.0030898315061528804	0.004929016926481976
MCP-3	Day*srf14	Day4 Yes - Day7 Yes	0	0.11748473727820091	0.0818087577538803	1050.3355365603484	1.436089979897396	0.15127449470078644	0.29809973955743213
CDCP1	Day*srf14	Day1 No - Day4 No	0	0.44995116707045246	0.0392649653089588	1028.8852746342106	11.459354758879423	1.0684334857347014e-28	5.965420295352082e-28
CDCP1	Day*srf14	Day1 No - Day7 No	0	0.36322392883666066	0.0397188076899098	1032.4146438558187	9.144885004414027	3.0959367265956373e-19	6.914258689396923e-19
CDCP1	Day*srf14	Day1 No - Day1 Yes	0	-0.11883930313788234	0.09680611172223826	926.7139805686076	-1.2276012435956833	0.21990842502369645	0.3153515352926546
CDCP1	Day*srf14	Day1 No - Day4 Yes	0	0.4038465378961378	0.09859373170892127	971.3474096339129	4.096067071367334	4.552349453124352e-5	1.818236706273845e-4
CDCP1	Day*srf14	Day1 No - Day7 Yes	0	0.12659135707295216	0.0982314570393034	962.0996558140232	1.288704869991918	0.19781050095423516	0.2784659716107146
CDCP1	Day*srf14	Day4 No - Day7 No	0	-0.0867272382337918	0.03963159411999088	1030.215742248817	-2.1883358507157564	0.028869126218587088	0.0386846291329067
CDCP1	Day*srf14	Day4 No - Day1 Yes	0	-0.5687904702083348	0.09681218752096231	926.792797902486	-5.8751948982164794	5.884706469863714e-9	1.792160606731222e-8
CDCP1	Day*srf14	Day4 No - Day4 Yes	0	-0.04610462917431471	0.0985995761771419	971.4145674781208	-0.467594597886345	0.6401794049539915	0.70314787101504
CDCP1	Day*srf14	Day4 No - Day7 Yes	0	-0.3233598099975003	0.09823726069820556	962.1601053392088	-3.2916207933656985	0.001032351848433418	0.002881982243543292
CDCP1	Day*srf14	Day7 No - Day1 Yes	0	-0.482063231974543	0.09694669786681331	930.4380051064829	-4.972456438246179	7.869952795364601e-7	1.3875969402353375e-6
CDCP1	Day*srf14	Day7 No - Day4 Yes	0	0.040622609059477094	0.09873123647733636	974.9103753295865	0.4114463720790326	0.6808356896622665	0.7240633524979659
CDCP1	Day*srf14	Day7 No - Day7 Yes	0	-0.2366325717637085	0.09836961388195392	965.6971598078816	-2.4055453958340602	0.016335508494476948	0.029055732707596538
CDCP1	Day*srf14	Day1 Yes - Day4 Yes	0	0.52268584103402	0.07328120636928948	1051.9389529655584	7.132604209598084	1.829648744960875e-12	1.2258646591237864e-11
CDCP1	Day*srf14	Day1 Yes - Day7 Yes	0	0.24543066021083448	0.0729955513741826	1053.5418472978245	3.36226873542926	8.0083418034145e-4	0.0013757920534071065
CDCP1	Day*srf14	Day4 Yes - Day7 Yes	0	-0.2772551808231856	0.07407242203461102	1038.849451321086	-3.7430284201269344	1.9178153236576833e-4	0.0016061703335633099
CD244	Day*srf14	Day1 No - Day4 No	0	0.08691731533473408	0.04287879458019794	1034.7836417296216	2.0270466132663576	0.04291362782753451	0.05668762559738108
CD244	Day*srf14	Day1 No - Day7 No	0	-0.18508178611811288	0.04336027047009574	1039.4790935823387	-4.268464751523129	2.1480789384932543e-5	2.9371691607968988e-5
CD244	Day*srf14	Day1 No - Day1 Yes	0	0.27140086062557456	0.09371068703510785	1047.3190484292036	2.896156982862549	0.003856170604841874	0.015197848854376798
CD244	Day*srf14	Day1 No - Day4 Yes	0	0.6002582674033496	0.09581243006802001	1096.7256432994927	6.264931042634124	5.348289036019716e-10	7.1667073082664194e-9
CD244	Day*srf14	Day1 No - Day7 Yes	0	0.5621681317925252	0.09538435780404945	1086.4581251255809	5.893714071518956	5.033436203839051e-9	2.408858754694403e-8
CD244	Day*srf14	Day4 No - Day7 No	0	-0.27199910145284695	0.04327356681318358	1036.7541289553567	-6.285571573683651	4.803355857418871e-10	1.78791579137258e-9
CD244	Day*srf14	Day4 No - Day1 Yes	0	0.1844835452908405	0.09371705305234732	1047.3591578966777	1.9685162868682389	0.04927206142200418	0.06472996304459373
CD244	Day*srf14	Day4 No - Day4 Yes	0	0.5133409520686156	0.09581848270998901	1096.7500024795113	5.357431442765898	1.0282574671289828e-7	8.611656287205231e-7
CD244	Day*srf14	Day4 No - Day7 Yes	0	0.47525081645779116	0.09539028448667858	1086.4662768181724	4.982172125969084	7.310620011850301e-7	4.2159021050336705e-6
CD244	Day*srf14	Day7 No - Day1 Yes	0	0.45648264674368744	0.09387824855292849	1051.6218220083626	4.862496411895912	1.3358415789474657e-6	2.2949073279353898e-6
CD244	Day*srf14	Day7 No - Day4 Yes	0	0.7853400535214625	0.09597551024468415	1100.7147732365381	8.18271298083524	7.605047752300641e-16	7.279117134344899e-15
CD244	Day*srf14	Day7 No - Day7 Yes	0	0.7472499179106381	0.09554837294515701	1090.511958502417	7.820645133743362	1.2343633974442584e-14	2.0675586907191327e-13
CD244	Day*srf14	Day1 Yes - Day4 Yes	0	0.32885740677777514	0.079862289649885565	1063.1932595220142	4.1178058908588575	4.121426959006633e-5	1.3149314583497354e-4
CD244	Day*srf14	Day1 Yes - Day7 Yes	0	0.29076727116695067	0.07954047214730538	1064.8837007188536	3.655588951351241	2.691197041733361e-4	4.7450053104246097e-4
CD244	Day*srf14	Day4 Yes - Day7 Yes	0	-0.03809013561082446	0.08081568333362166	1047.9916609941558	-0.47132108570537645	0.6375095584352941	0.8005806482802917
IL7	Day*srf14	Day1 No - Day4 No	0	0.023688565423582893	0.050212138514459305	1040.4192904875827	0.4717696980135875	0.6371901014091016	0.6776466157842826
IL7	Day*srf14	Day1 No - Day7 No	0	-0.02402561096609997	0.050759176078923995	1046.2381395597463	-0.47332547180717105	0.6360797319797076	0.6457173036763698
IL7	Day*srf14	Day1 No - Day1 Yes	0	0.08495814158083945	0.10052280591764395	1160.953257473992	0.8451628543919051	0.3981940600751377	0.5130577312506582
IL7	Day*srf14	Day1 No - Day4 Yes	0	-0.1547177547001394	0.10309061924748214	1209.4321092134057	-1.50079372720344	0.13366992809688094	0.1900495387309411
IL7	Day*srf14	Day1 No - Day7 Yes	0	-0.03983505866769094	0.10256541814832622	1199.362172036763	-0.3883868401928902	0.6977987107489798	0.7610673809539747
IL7	Day*srf14	Day4 No - Day7 No	0	-0.047714176389682866	0.05066710987185177	1043.076823494504	-0.9417189279270611	0.34655460637688906	0.38698597712085947
IL7	Day*srf14	Day4 No - Day1 Yes	0	0.061269576157256554	0.10052974751308376	1160.948427022962	0.6094671246367394	0.5423341113911702	0.5860707332775548
IL7	Day*srf14	Day4 No - Day4 Yes	0	-0.1784063201237223	0.10309714326906097	1209.4113034203456	-1.7304681242051572	0.08380175462418744	0.131558843196495
IL7	Day*srf14	Day4 No - Day7 Yes	0	-0.06352362409127384	0.10257166629174078	1199.312905688427	-0.6193096630661722	0.535830004934093	0.5983435055097373
IL7	Day*srf14	Day7 No - Day1 Yes	0	0.10898375254693941	0.10072996087583891	1165.3551833729891	1.0819397883145636	0.27950311171727915	0.3069952210665198
IL7	Day*srf14	Day7 No - Day4 Yes	0	-0.13069214373403942	0.1032914271220147	1213.3776041361903	-1.2652758062840703	0.20601539737753588	0.23394968854737128
IL7	Day*srf14	Day7 No - Day7 Yes	0	-0.01580944770159097	0.10276753043745114	1203.3989014633255	-0.15383699145337834	0.877764059193779	0.891063514636109
IL7	Day*srf14	Day1 Yes - Day4 Yes	0	-0.23967589628097885	0.09334085289929127	1073.1967758803341	-2.5677491563053705	0.010370585486922516	0.02043615375364143
IL7	Day*srf14	Day1 Yes - Day7 Yes	0	-0.12479320024853038	0.09295492100466086	1074.826074564878	-1.3425131117294276	0.17971315036120603	0.2150139477535858
IL7	Day*srf14	Day4 Yes - Day7 Yes	0	0.11488269603244845	0.09454956691348249	1056.7293515075703	1.2150525886339785	0.2246174456284875	0.37623422142771656
OPG	Day*srf14	Day1 No - Day4 No	0	0.4097239386823174	0.04264557244423704	1039.5121933338992	9.607654797413462	5.363390336916269e-21	1.996373069852167e-20
OPG	Day*srf14	Day1 No - Day7 No	0	0.6128454471449996	0.04311252435866571	1045.1501423250622	14.215021186107288	4.685433822795194e-42	1.8466121536898705e-41
OPG	Day*srf14	Day1 No - Day1 Yes	0	-0.34280398773230675	0.08647137873601604	1142.9787863217512	-3.964363616530681	7.815987249193481e-5	5.236711456959633e-4
OPG	Day*srf14	Day1 No - Day4 Yes	0	-0.1413012005161506	0.08864044107191729	1191.9533117859528	-1.5940940591835242	0.11118007960144383	0.16553478518437192
OPG	Day*srf14	Day1 No - Day7 Yes	0	0.08425346898214733	0.0881970788413551	1181.7776118196143	0.9552863891750729	0.3396282524814084	0.42934137577838416
OPG	Day*srf14	Day4 No - Day7 No	0	0.20312150846268218	0.0430330430135451	1042.054830510098	4.720128864666799	2.678315273111116e-6	5.6077226030763995e-6
OPG	Day*srf14	Day4 No - Day1 Yes	0	-0.7525279264146241	0.08647735146575919	1142.9810334685556	-8.702023288867588	1.119113608640507e-17	6.816419252628543e-17
OPG	Day*srf14	Day4 No - Day4 Yes	0	-0.551025139198468	0.08864606521657434	1191.9393597459227	-6.216013512300168	7.038803813130026e-10	6.73714079256731e-9
OPG	Day*srf14	Day4 No - Day7 Yes	0	-0.32547046970017	0.08820248817455871	1181.7372820133187	-3.6900372816698987	2.34429430510965e-4	7.853385922117328e-4
OPG	Day*srf14	Day7 No - Day1 Yes	0	-0.9556494348773064	0.0866460471848049	1147.3961068813069	-11.02934831913369	5.902381962887564e-27	3.9545959151346677e-26
OPG	Day*srf14	Day7 No - Day4 Yes	0	-0.7541466476611501	0.08880985969176299	1195.934715491429	-8.49169957343257	5.961966286749383e-17	6.657529020203477e-16
OPG	Day*srf14	Day7 No - Day7 Yes	0	-0.5285919781628522	0.08836757910721929	1185.8465876843813	-5.981741080871913	2.918945886186383e-9	1.7779034034044333e-8
OPG	Day*srf14	Day1 Yes - Day4 Yes	0	0.20150278721615614	0.07929954901435904	1071.6340992859095	2.541033205367528	0.01119262886347466	0.02142588953865149
OPG	Day*srf14	Day1 Yes - Day7 Yes	0	0.42705745671445405	0.07897290494732866	1073.2818023940656	5.407645280356371	7.86944109476663e-8	2.1968856389556842e-7
OPG	Day*srf14	Day4 Yes - Day7 Yes	0	0.22555466949829794	0.08031394393991641	1055.324315778306	2.8084123183769614	0.005070466715976752	0.02123257937315265
LAP TGF-beta-1	Day*srf14	Day1 No - Day4 No	0	0.017092666247076962	0.051593005137717814	1042.2161194502667	0.3312981324009196	0.7404859026142825	0.7632700842331834
LAP TGF-beta-1	Day*srf14	Day1 No - Day7 No	0	-0.24590457051091144	0.05214938395879534	1048.3929500034862	-4.715387830951318	2.7380258703631056e-6	3.987994202485393e-6
LAP TGF-beta-1	Day*srf14	Day1 No - Day1 Yes	0	0.14395738880770736	0.1008387834850704	1196.0303428214725	1.4275994199099085	0.153668225781211	0.2511163689595399
LAP TGF-beta-1	Day*srf14	Day1 No - Day4 Yes	0	-0.023317266231504083	0.103502153933044	1243.1672108637922	-0.2252829080889285	0.8217962218384534	0.8342476797450966
LAP TGF-beta-1	Day*srf14	Day1 No - Day7 Yes	0	-0.06804210470668802	0.10295675060681166	1233.3834731373681	-0.6608804600539357	0.5088123976044197	0.6087576899910021
LAP TGF-beta-1	Day*srf14	Day4 No - Day7 No	0	-0.2629972367579884	0.052057866884712464	1045.1055637590232	-5.052017158913235	5.157051952814464e-7	1.1914568304778245e-6
LAP TGF-beta-1	Day*srf14	Day4 No - Day1 Yes	0	0.12686472256063042	0.1008457250815625	1196.0121867184582	1.2580079369554251	0.20863443110775745	0.24523696288104826
LAP TGF-beta-1	Day*srf14	Day4 No - Day4 Yes	0	-0.040409932478581045	0.10350865296204768	1243.1337796982548	-0.3904014912975216	0.6963065714527783	0.7405165124973991
LAP TGF-beta-1	Day*srf14	Day4 No - Day7 Yes	0	-0.08513477095376498	0.1029629169697495	1233.3174407878578	-0.8268488642253363	0.40848266939896283	0.4887203366023305
LAP TGF-beta-1	Day*srf14	Day7 No - Day1 Yes	0	0.3898619593186188	0.1010544003272216	1200.3669258770656	3.8579414459560097	1.2042367708557957e-4	1.7539970358117026e-4
LAP TGF-beta-1	Day*srf14	Day7 No - Day4 Yes	0	0.22258730427940737	0.10371092531742257	1247.0112612921032	2.146228120115081	0.03204727993027072	0.0456844203261306
LAP TGF-beta-1	Day*srf14	Day7 No - Day7 Yes	0	0.17786246580422344	0.10316692162840076	1237.3249941265417	1.7240261025221846	0.08495290983483793	0.1211030842326413
LAP TGF-beta-1	Day*srf14	Day1 Yes - Day4 Yes	0	-0.16727465503921146	0.09584952826380648	1076.2400814372259	-1.745179742343872	0.08123898436357045	0.11832634679041783
LAP TGF-beta-1	Day*srf14	Day1 Yes - Day7 Yes	0	-0.2119994935143954	0.0954504217266157	1077.8240171180998	-2.221043026102008	0.026555266022171783	0.03558405646971019
LAP TGF-beta-1	Day*srf14	Day4 Yes - Day7 Yes	0	-0.04472483847518394	0.097120059380761	1059.5096964716888	-0.4605108229993906	0.6452441045841157	0.8005806482802917
uPA	Day*srf14	Day1 No - Day4 No	0	0.5099887922446171	0.048610388982851374	1040.374497420594	10.491353863153192	1.5121611991150728e-24	7.236771452907849e-24
uPA	Day*srf14	Day1 No - Day7 No	0	0.45730207105519216	0.04914010899188417	1046.1844154472076	9.306085811301697	7.546234392231611e-20	1.7434403595845446e-19
uPA	Day*srf14	Day1 No - Day1 Yes	0	-0.28319206984922857	0.09737647374172723	1160.0695285796314	-2.908218576494588	0.0037041763192304567	0.015197848854376798
uPA	Day*srf14	Day1 No - Day4 Yes	0	0.2102859491124315	0.09986173621860335	1208.5757985648434	2.1057710097499496	0.035430093115388986	0.06246884838765952
uPA	Day*srf14	Day1 No - Day7 Yes	0	0.21963085924543055	0.0993534351702424	1198.50001172866	2.210601564697712	0.027251753269251725	0.04739633693320586
uPA	Day*srf14	Day4 No - Day7 No	0	-0.05268672118942497	0.04905090717795023	1043.0263213233072	-1.074123277644682	0.2830158561076066	0.32693210964154557
uPA	Day*srf14	Day4 No - Day1 Yes	0	-0.7931808620938456	0.09738319829758886	1160.0650430707835	-8.144945698640957	9.727309038513167e-16	4.655212182717016e-15
uPA	Day*srf14	Day4 No - Day4 Yes	0	-0.2997028431321856	0.09986805685443301	1208.5553245047004	-3.0009880293258373	0.002746243049453736	0.00634476842460001
uPA	Day*srf14	Day4 No - Day7 Yes	0	-0.29035793299918655	0.09935948984456737	1198.4511803179134	-2.9222969386558533	0.003539793410973546	0.0084702199476867
uPA	Day*srf14	Day7 No - Day1 Yes	0	-0.7404941409044208	0.09757695118383022	1164.4724945991636	-7.588822277397926	6.588322961523166e-14	2.1019887543907244e-13
uPA	Day*srf14	Day7 No - Day4 Yes	0	-0.24701612194276065	0.10005607687107948	1212.5233137446412	-2.4687768066405065	0.013694645171175102	0.020389805032638486
uPA	Day*srf14	Day7 No - Day7 Yes	0	-0.2376712118097616	0.09954903717768969	1202.5385880761958	-2.387478759694393	0.017118096573642654	0.029408012062411736
uPA	Day*srf14	Day1 Yes - Day4 Yes	0	0.4934780189616601	0.09036468488693795	1073.1200275238646	5.4609609891196715	5.883010730362008e-8	2.463510743339091e-7
uPA	Day*srf14	Day1 Yes - Day7 Yes	0	0.5028229290946591	0.08999112662505358	1074.7503074002632	5.5874723203506695	2.9188730199619544e-8	8.88929510624777e-8
uPA	Day*srf14	Day4 Yes - Day7 Yes	0	0.00934491013299904	0.09153416052018236	1056.6599897827098	0.10209205044207055	0.918702980657649	0.9326227227888255
IL6	Day*srf14	Day1 No - Day4 No	0	0.5467808541320944	0.04376287883501701	1039.3513619876996	12.494170143454683	1.7845467452875233e-33	1.4945578991783008e-32
IL6	Day*srf14	Day1 No - Day7 No	0	0.9123236611774372	0.04424248988299333	1044.957230452522	20.620983665029474	1.553687864139311e-79	2.0819417379466768e-78
IL6	Day*srf14	Day1 No - Day1 Yes	0	-0.475038662864044	0.0889422493032611	1139.7755048909626	-5.340978742783229	1.1153935025429218e-7	3.736568233518788e-6
IL6	Day*srf14	Day1 No - Day4 Yes	0	-0.22722302851845277	0.09116588822675974	1188.8246589220053	-2.4924128195106694	0.012823171019090331	0.026734926335841763
IL6	Day*srf14	Day1 No - Day7 Yes	0	-0.1177658914391177	0.090711422303354175	1178.633033743776	-1.2982476566764531	0.1944562202495261	0.2784659716107146
IL6	Day*srf14	Day4 No - Day7 No	0	0.3655428070453428	0.04416069142839139	1041.8737882530477	8.277560772301028	3.818980175662314e-16	5.1174334353875005e-15
IL6	Day*srf14	Day4 No - Day1 Yes	0	-1.0218195169961384	0.08894839234197295	1139.779024701252	-11.487779487544064	5.579317943973031e-29	9.345357556154827e-28
IL6	Day*srf14	Day4 No - Day4 Yes	0	-0.7740038826505472	0.09117167468324405	1188.811949677867	-8.489521392906882	6.105941871259694e-17	4.090981053743995e-15
IL6	Day*srf14	Day4 No - Day7 Yes	0	-0.6645467455712122	0.09071699179056972	1178.5943138741618	-7.325493630844731	4.4024892013017917e-13	1.4748338824361004e-11
IL6	Day*srf14	Day7 No - Day1 Yes	0	-1.3873623240414812	0.08912125431040799	1144.1943051224207	-15.567131934760692	1.0467064488295683e-49	2.3376444023860357e-48
IL6	Day*srf14	Day7 No - Day4 Yes	0	-1.13954668969589	0.09133953188089816	1192.8113174037198	-12.475941864709768	1.1514591434477781e-33	7.714776261100113e-32
IL6	Day*srf14	Day7 No - Day7 Yes	0	-1.030089552616555	0.09088617107219431	1182.7065831744023	-11.33384254683054	2.4323555854562105e-28	1.6296782422556612e-26
IL6	Day*srf14	Day1 Yes - Day4 Yes	0	0.24781563434559123	0.08138163233231496	1071.3551663439562	3.045105231284342	0.002382815533252492	0.005505125542341964
IL6	Day*srf14	Day1 Yes - Day7 Yes	0	0.3572727714249263	0.08104664051754082	1073.0058069493446	4.4082366541473395	1.146870575320501e-5	2.401260267077299e-5
IL6	Day*srf14	Day4 Yes - Day7 Yes	0	0.10945713707933508	0.08242037086622987	1055.0751162083243	1.3280349982528772	0.18445376188766086	0.33401086612089936
MCP-1	Day*srf14	Day1 No - Day4 No	0	0.10785839708449439	0.051806110462890874	1045.1022519155722	2.0819628441659255	0.03758871417352915	0.0524675802005511
MCP-1	Day*srf14	Day1 No - Day7 No	0	0.026926406294839625	0.05235538145288098	1051.852115769805	0.5143006420280399	0.6071498472213246	0.6258313809819807
MCP-1	Day*srf14	Day1 No - Day1 Yes	0	-0.39690643785088153	0.09773884062842599	1250.5563728735412	-4.060887517172439	5.1925538200738386e-5	3.8655678438327467e-4
MCP-1	Day*srf14	Day1 No - Day4 Yes	0	-0.585719307147035	0.10044489721761829	1294.6311691661801	-5.831250002457052	6.939605834589744e-9	7.74922651529188e-8
MCP-1	Day*srf14	Day1 No - Day7 Yes	0	-0.5644668983696397	0.09988975789009599	1285.4996071272499	-5.650898653600663	1.9635751759667e-8	7.30886315498716e-8
MCP-1	Day*srf14	Day4 No - Day7 No	0	-0.08093199078965477	0.05226843428827348	1048.374994676355	-1.5483913358355947	0.1218299072429083	0.15697314971682416
MCP-1	Day*srf14	Day4 No - Day1 Yes	0	-0.5047648349353759	0.0977454929670538	1250.51968662322	-5.1640727322896876	2.8090159489713054e-7	7.841836190878227e-7
MCP-1	Day*srf14	Day4 No - Day4 Yes	0	-0.6935777042315294	0.1004510858838834	1294.5808989102616	-6.904631225522755	7.86508661393841e-12	1.053921606267747e-10
MCP-1	Day*srf14	Day4 No - Day7 Yes	0	-0.6723252954541341	0.09989552665004224	1285.4103043127047	-6.730284308019611	2.5440613973642165e-11	4.2613028405850627e-10
MCP-1	Day*srf14	Day7 No - Day1 Yes	0	-0.42383284414572114	0.09795908232359093	1254.6955085467587	-4.326631427044839	1.634283112684163e-5	2.5464411290660213e-5
MCP-1	Day*srf14	Day7 No - Day4 Yes	0	-0.6126457134418747	0.10065778162077019	1298.2354143674454	-6.0864217706488635	1.5174344284465898e-9	5.648228150328973e-9
MCP-1	Day*srf14	Day7 No - Day7 Yes	0	-0.5913933046644794	0.10010413372471444	1289.2079709207135	-5.907781054185096	4.431164967461432e-9	2.4740671068326327e-8
MCP-1	Day*srf14	Day1 Yes - Day4 Yes	0	-0.18881286929615348	0.09615216111068431	1080.9867266030624	-1.9636882532344127	0.049822254989611	0.08141685571473016
MCP-1	Day*srf14	Day1 Yes - Day7 Yes	0	-0.16756046051875817	0.0957476884496868	1082.4746761273243	-1.7500209480963849	0.08039802499612585	0.105620934798832
MCP-1	Day*srf14	Day4 Yes - Day7 Yes	0	0.021252408777395315	0.09747234965653964	1063.9649015767993	0.21803525668850482	0.8274434507271012	0.8950654610257152
CXCL11	Day*srf14	Day1 No - Day4 No	0	0.6732212547422984	0.04502906160890188	1036.9369605198663	14.950816887758727	6.499701873468927e-46	6.22114322174883e-45
CXCL11	Day*srf14	Day1 No - Day7 No	0	0.8364335433091427	0.045529031917685626	1042.0612740354127	18.371432645907685	1.6194751304658338e-65	1.2056092637912318e-64
CXCL11	Day*srf14	Day1 No - Day1 Yes	0	-0.13228989192121066	0.09492739566298615	1091.1983440295708	-1.3935902380685747	0.1637251379667512	0.26118057723267457
CXCL11	Day*srf14	Day1 No - Day4 Yes	0	0.4918955815390924	0.09717642336879997	1140.8691576382485	5.061881930684673	4.836181607559671e-7	2.945674251877254e-6
CXCL11	Day*srf14	Day1 No - Day7 Yes	0	0.60182916129798	0.09671758402533151	1130.5449333895522	6.222541302730987	6.878057212729897e-10	4.189362120480937e-9
CXCL11	Day*srf14	Day4 No - Day7 No	0	0.16321228856684422	0.04544123327444889	1039.1621281026962	3.5917222488461094	3.4387179507389256e-4	6.063002702618632e-4
CXCL11	Day*srf14	Day4 No - Day1 Yes	0	-0.8055111466635091	0.09493391992308642	1091.2212983271754	-8.484966672777425	6.948596974079438e-17	3.879633310527686e-16
CXCL11	Day*srf14	Day4 No - Day4 Yes	0	-0.18132567320320603	0.09718259955832834	1140.8758114054556	-1.8658244791484055	0.062322396461667	0.10439001407329222
CXCL11	Day*srf14	Day4 No - Day7 Yes	0	-0.07139209344431839	0.09672358761865622	1130.5309445997061	-0.7381042742726817	0.4606042693183581	0.5414120358654385
CXCL11	Day*srf14	Day7 No - Day1 Yes	0	-0.9687234352303533	0.09510753833538646	1095.593775368957	-10.185558917677533	2.427105532897014e-23	1.2508928515699995e-22
CXCL11	Day*srf14	Day7 No - Day4 Yes	0	-0.34453796177005025	0.09735146614469332	1144.8930494241397	-3.5391142569744565	4.175720980126951e-4	8.228626637308992e-4
CXCL11	Day*srf14	Day7 No - Day7 Yes	0	-0.23460438201116263	0.09689368489797623	1134.6445384736442	-2.4212556500270193	0.015623054615467395	0.029055732707596538
CXCL11	Day*srf14	Day1 Yes - Day4 Yes	0	0.6241854734603031	0.0838052280180644	1067.0993267943093	7.448049342766044	1.9501365134980082e-13	1.6332393300545819e-12
CXCL11	Day*srf14	Day1 Yes - Day7 Yes	0	0.7341190532191907	0.08346395954055098	1068.7817999751128	8.795641343405459	5.60083187403183e-18	3.4114157778193873e-17
CXCL11	Day*srf14	Day4 Yes - Day7 Yes	0	0.10993357975888762	0.08483885279235194	1051.3319322334398	1.2957928607068332	0.19533126855416363	0.3443998682402359
AXIN1	Day*srf14	Day1 No - Day4 No	0	-0.18293094598697315	0.05350740869771446	1045.9015470576721	-3.418796582365368	6.532384855192717e-4	0.0011517625928892422
AXIN1	Day*srf14	Day1 No - Day7 No	0	-0.4709686136310073	0.05407198018383005	1052.8094642179058	-8.710030815032885	1.158993140316857e-17	2.283898247094983e-17
AXIN1	Day*srf14	Day1 No - Day1 Yes	0	0.17868700346048905	0.1000273672319348	1265.1891458713606	1.7863811515319112	0.0742769554358852	0.13823766706123078
AXIN1	Day*srf14	Day1 No - Day4 Yes	0	-0.013327595894839565	0.10282958854675751	1308.2418065061752	-0.12960856970442305	0.8968960465390011	0.8968960465390011
AXIN1	Day*srf14	Day1 No - Day7 Yes	0	-0.26785776134837386	0.10225445449382004	1299.327685890903	-2.6195216890483963	0.008907866807311213	0.01755373753205445
AXIN1	Day*srf14	Day4 No - Day7 No	0	-0.28803766764403416	0.05398358811180331	1049.2825284704481	-5.335652514380677	1.1661520372016844e-7	3.255507770521369e-7
AXIN1	Day*srf14	Day4 No - Day1 Yes	0	0.3616179494474622	0.10003414615051903	1265.1481286423777	3.614945129869396	3.1221254287343384e-4	6.536950116412521e-4
AXIN1	Day*srf14	Day4 No - Day4 Yes	0	0.1696033500921336	0.10283588354100166	1308.1877589079586	1.6492623416271919	0.09933398638387603	0.1478972686159932
AXIN1	Day*srf14	Day4 No - Day7 Yes	0	-0.0849268153614007	0.10226028986531319	1299.232929661038	-0.8304965248314633	0.4064106935584283	0.4887203366023305
AXIN1	Day*srf14	Day7 No - Day1 Yes	0	0.6496556170914963	0.10025575677471178	1269.2547855524845	6.479983174944858	1.309479692520951e-10	3.0253496344449557e-10
AXIN1	Day*srf14	Day7 No - Day4 Yes	0	0.4576410177361677	0.10305024969488225	1311.7647541798885	4.440950110176156	9.70919353120322e-6	2.4093183947800583e-5
AXIN1	Day*srf14	Day7 No - Day7 Yes	0	0.20311085228263343	0.10247667846333822	1302.9557725143613	1.982020254055149	0.04768680330478245	0.07607180527191486
AXIN1	Day*srf14	Day1 Yes - Day4 Yes	0	-0.1920145993553286	0.09928324672497392	1082.271131911037	-1.9340080596601688	0.05337259182686494	0.08514199172380836
AXIN1	Day*srf14	Day1 Yes - Day7 Yes	0	-0.4465447648088629	0.09886452019565346	1083.7278106477263	-4.516734253351437	6.9682387254472734e-6	1.506038692274088e-5
AXIN1	Day*srf14	Day4 Yes - Day7 Yes	0	-0.2545301654535343	0.10065911473284724	1065.1957950297249	-2.528635048391456	0.011594197870872455	0.03236713572285227
TRAIL	Day*srf14	Day1 No - Day4 No	0	-0.24275399638689232	0.049394496864875397	1041.9576048459917	-4.914595993375034	1.0327295912363975e-6	2.232028471381891e-6
TRAIL	Day*srf14	Day1 No - Day7 No	0	-0.4503250402831097	0.04992795831211033	1048.0829731999545	-9.01949640055441	8.801303528466943e-19	1.902217214217049e-18
TRAIL	Day*srf14	Day1 No - Day1 Yes	0	0.2288303475782621	0.09686590043797753	1191.0314404414833	2.3623416139591904	0.01831999226034607	0.049097579257727474
TRAIL	Day*srf14	Day1 No - Day4 Yes	0	0.21517959242560986	0.09941259423246784	1238.389732731043	2.1645103830851733	0.03061578723777092	0.056683266630331325
TRAIL	Day*srf14	Day1 No - Day7 Yes	0	0.1038513983885519	0.09889117223217961	1228.5587884926904	1.0501584321877238	0.2938518037093198	0.39376141697048855
TRAIL	Day*srf14	Day4 No - Day7 No	0	-0.2075710438962174	0.04983991721975468	1044.8133454909694	-4.164754989078192	3.3740060083448144e-5	6.648776545855958e-5
TRAIL	Day*srf14	Day4 No - Day1 Yes	0	0.4715843439651544	0.09687257291153288	1191.0151318640603	4.868089385793647	1.2781853175797505e-6	3.4255366511137317e-6
TRAIL	Day*srf14	Day4 No - Day4 Yes	0	0.4579335888125022	0.09941884478241864	1238.3580289992976	4.606104504781811	4.526142890467347e-6	2.021677157742082e-5
TRAIL	Day*srf14	Day4 No - Day7 Yes	0	0.3466053947754442	0.09889711125843631	1228.4950772339962	3.504706966310681	4.7355941836101003e-4	0.0014422036831903487
TRAIL	Day*srf14	Day7 No - Day1 Yes	0	0.6791553878613719	0.097071969582576	1195.3802315336375	6.9964109184334236	4.363164847897684e-12	1.1243540184967108e-11
TRAIL	Day*srf14	Day7 No - Day4 Yes	0	0.6655046327087195	0.09961215314944254	1242.2507720412882	6.680958213103779	3.5736435442056274e-11	1.9172053346694467e-10
TRAIL	Day*srf14	Day7 No - Day7 Yes	0	0.5541764386716617	0.09909206324074668	1232.5164921821888	5.592541123351887	2.753692978778074e-8	1.3178387827009355e-7
TRAIL	Day*srf14	Day1 Yes - Day4 Yes	0	-0.013650755152652239	0.09177314314279919	1075.8064561100366	-0.14874455298334543	0.8817830803782325	0.895143430080933
TRAIL	Day*srf14	Day1 Yes - Day7 Yes	0	-0.1249789491897102	0.09139138468801072	1077.3976259611866	-1.3675134654799217	0.1717496167763978	0.20922226043670278
TRAIL	Day*srf14	Day4 Yes - Day7 Yes	0	-0.11132819403705796	0.09298564467986226	1059.1099481477747	-1.1972621625665636	0.23147228644879414	0.37825959005046844
CXCL9	Day*srf14	Day1 No - Day4 No	0	0.1532785336625157	0.04607669988290477	1037.0419553453132	3.3265953085191464	9.099849712407528e-4	0.001524224826828261
CXCL9	Day*srf14	Day1 No - Day7 No	0	0.043764635784674516	0.04658801725379396	1042.1872014144808	0.939396831298084	0.347744702920744	0.3698237316776166
CXCL9	Day*srf14	Day1 No - Day1 Yes	0	-0.4487420173410124	0.0969738253501282	1093.3270710407066	-4.62745504491351	4.1448553055943764e-6	4.62842175791372e-5
CXCL9	Day*srf14	Day1 No - Day4 Yes	0	-0.28913555413188063	0.09927708473600082	1142.990737186669	-2.912409796286368	0.0036562217231052704	0.008748816266001897
CXCL9	Day*srf14	Day1 No - Day7 Yes	0	-0.4985389029258567	0.09880714383123974	1132.6680304543293	-5.045575487713209	5.263246121160282e-7	1.6028976823533586e-6
CXCL9	Day*srf14	Day4 No - Day7 No	0	-0.10951389787784119	0.04649833790724098	1039.2798008230318	-2.3552217736537004	0.018696751367878645	0.02609754878433061
CXCL9	Day*srf14	Day4 No - Day1 Yes	0	-0.6020205510035281	0.09698049280688371	1093.3491762693352	-6.2076458221585415	7.623913876426045e-10	2.4323915700978334e-9
CXCL9	Day*srf14	Day4 No - Day4 Yes	0	-0.44241408779439634	0.0992833951327759	1142.9965299167438	-4.4560733162150346	9.16751237392887e-6	3.6130784061954964e-5
CXCL9	Day*srf14	Day4 No - Day7 Yes	0	-0.6518174365883724	0.09881327548263832	1132.6529544875286	-6.596456128032088	6.448685388825319e-11	8.641238421025928e-10
CXCL9	Day*srf14	Day7 No - Day1 Yes	0	-0.49250665312568687	0.09715835302228777	1097.725297624749	-5.069112822576435	4.687709867994471e-7	8.488555706908907e-7
CXCL9	Day*srf14	Day7 No - Day4 Yes	0	-0.3329001899165551	0.0994563747471386	1147.0146657962912	-3.347198113373148	8.428045087944903e-4	0.001526159515925158
CXCL9	Day*srf14	Day7 No - Day7 Yes	0	-0.5423035387105312	0.09898752022003038	1136.7681896808065	-5.478504133703863	5.2787569536331866e-8	2.3578447726228235e-7
CXCL9	Day*srf14	Day1 Yes - Day4 Yes	0	0.15960646320913177	0.08575194474458876	1067.2870981554809	1.8612576505934402	0.06298257412106674	0.09813563874677841
CXCL9	Day*srf14	Day1 Yes - Day7 Yes	0	-0.0497968855848443	0.08540257767747313	1068.9686785063489	-0.5830841051765977	0.5599596681257367	0.6252882960737394
CXCL9	Day*srf14	Day4 Yes - Day7 Yes	0	-0.20940334879397607	0.08681120925087556	1051.4947763464472	-2.4121694721337392	0.016028320020353825	0.042955897654548256
CST5	Day*srf14	Day1 No - Day4 No	0	-0.10703167044466388	0.03734508730188499	1026.2862292102104	-2.866017411593023	0.004241605977888934	0.006609013965547874
CST5	Day*srf14	Day1 No - Day7 No	0	-0.3575822037518516	0.0377819216658618	1029.3082856040187	-9.464373117764104	1.9434087767574712e-20	4.6502995729553773e-20
CST5	Day*srf14	Day1 No - Day1 Yes	0	0.23757589733261134	0.09848252299382845	874.3732181738521	2.4123660738007224	0.01605431611688039	0.04831118715112865
CST5	Day*srf14	Day1 No - Day4 Yes	0	0.27641250420786156	0.10010475488288022	915.101731991162	2.7612325161902302	0.005873615620802386	0.013570077468750339
CST5	Day*srf14	Day1 No - Day7 Yes	0	0.05247132721171613	0.09977677898325364	906.6852590829394	0.5258871627888771	0.5990952045395501	0.6689896450691644
CST5	Day*srf14	Day4 No - Day7 No	0	-0.25055053330718774	0.037695677961832666	1027.3646468097866	-6.646664733311686	4.857678785761095e-11	2.0341529915374585e-10
CST5	Day*srf14	Day4 No - Day1 Yes	0	0.3446075677772752	0.09848831325817668	874.4620573847054	3.4989691302146984	4.9063307053438e-4	9.131226590500961e-4
CST5	Day*srf14	Day4 No - Day4 Yes	0	0.38344417465252545	0.10011035319782415	915.1814537491803	3.8302149818092883	1.3675958270598147e-4	3.817871683875316e-4
CST5	Day*srf14	Day4 No - Day7 Yes	0	0.15950299765638	0.09978235975106335	906.7610308094106	1.5985089754773036	0.11027812246909148	0.17182870245184023
CST5	Day*srf14	Day7 No - Day1 Yes	0	0.595158101084463	0.09860929043725951	877.7106168485465	6.035517530299382	2.3354663513277437e-9	4.889882673092463e-9
CST5	Day*srf14	Day7 No - Day4 Yes	0	0.6339947079597131	0.10022904768843219	918.3328862640459	6.325458762518851	3.938600967626057e-10	1.5522721460643873e-9
CST5	Day*srf14	Day7 No - Day7 Yes	0	0.4100535309635678	0.09990159849835804	909.9397243754524	4.104574272355685	4.414467919300195e-5	1.1375744253581274e-4
CST5	Day*srf14	Day1 Yes - Day4 Yes	0	0.0388366068752502	0.06976155572427982	1046.71228408118	0.5567049999392932	0.5778480028755839	0.6562002744519343
CST5	Day*srf14	Day1 Yes - Day7 Yes	0	-0.1851045701208952	0.06949415519538588	1048.2207924583497	-2.6635991127666143	0.007849523618506922	0.011433001792173126
CST5	Day*srf14	Day4 Yes - Day7 Yes	0	-0.2239411769961454	0.07047789142041166	1034.8317520145995	-3.177467039419514	0.0015296835970231499	0.007883753923119312
OSM	Day*srf14	Day1 No - Day4 No	0	-0.08460025162037745	0.0486447825220736	1038.6053070706125	-1.739143382581437	0.0823058274453256	0.10026346252430574
OSM	Day*srf14	Day1 No - Day7 No	0	-0.19218579499537336	0.04918007788631505	1044.0623526080758	-3.9077976948233215	9.913902368810209e-5	1.3024146249221254e-4
OSM	Day*srf14	Day1 No - Day1 Yes	0	-0.047383440355967775	0.09994966442199707	1124.857710824793	-0.47407303095996745	0.6355398347052967	0.69824876806803
OSM	Day*srf14	Day1 No - Day4 Yes	0	-0.326128035735852	0.10240926957946718	1174.1996836134315	-3.1845558226815034	0.0014878874303712762	0.004153685743119812
OSM	Day*srf14	Day1 No - Day7 Yes	0	-0.45514847600540065	0.10190684667529029	1163.9455733621674	-4.466318906477969	8.73194526228596e-6	2.3401613302926374e-5
OSM	Day*srf14	Day4 No - Day7 No	0	-0.10758554337499592	0.0490879433394176	1041.0346316610455	-2.191689772600531	0.02862284052619122	0.0386846291329067
OSM	Day*srf14	Day4 No - Day1 Yes	0	0.03721681126440967	0.09995656295136489	1124.8671866604984	0.3723298417385357	0.7097174172979381	0.7392946641119625
OSM	Day*srf14	Day4 No - Day4 Yes	0	-0.24152778411547451	0.10241577775150915	1174.1928319565827	-2.3583063998351124	0.01852172267016038	0.03447098385835404
OSM	Day*srf14	Day4 No - Day7 Yes	0	-0.3705482243850232	0.10191313122568095	1163.9144018623447	-3.635922279381887	2.8909227912722715e-4	9.223420334059152e-4
OSM	Day*srf14	Day7 No - Day1 Yes	0	0.14480235463940558	0.10014736312759359	1129.2784242979503	1.445892833492969	0.14848472408245844	0.17152545712973646
OSM	Day*srf14	Day7 No - Day4 Yes	0	-0.13394224074047859	0.10260114476372889	1178.2062511172608	-1.3054653634608302	0.19198929392577432	0.22567162619345404
OSM	Day*srf14	Day7 No - Day7 Yes	0	-0.2629626810100273	0.10209992469577639	1168.0357574973661	-2.5755423600317835	0.01013038531276716	0.020979936141623495
OSM	Day*srf14	Day1 Yes - Day4 Yes	0	-0.27874459537988416	0.09048301430212123	1070.0538660011364	-3.080628972518099	0.002118378614234801	0.005068977398347559
OSM	Day*srf14	Day1 Yes - Day7 Yes	0	-0.4077650356494329	0.0901117568388546	1071.716823035689	-4.525103604168239	6.710783683766918e-6	1.4987416893746117e-5
OSM	Day*srf14	Day4 Yes - Day7 Yes	0	-0.12902044026954873	0.09162603326862204	1053.9188648728891	-1.4081198941713071	0.1593904738355127	0.30511890705655287
CXCL1	Day*srf14	Day1 No - Day4 No	0	0.310221066651458	0.048940857228830334	1038.7133599899496	6.338692949348491	3.4485534160151504e-10	8.251895674036253e-10
CXCL1	Day*srf14	Day1 No - Day7 No	0	0.1717128651791851	0.04947909370146959	1044.1919602141882	3.470412498159501	5.408981219058116e-4	6.711143364386921e-4
CXCL1	Day*srf14	Day1 No - Day1 Yes	0	0.004433130617097713	0.10039700276838438	1127.024001210517	0.0441560056063121	0.9647878721410512	0.9647878721410512
CXCL1	Day*srf14	Day1 No - Day4 Yes	0	0.1325492147531061	0.10287338898931998	1176.329049411311	1.2884694093908677	0.1978359700581029	0.25490403834409414
CXCL1	Day*srf14	Day1 No - Day7 Yes	0	0.11185169060213637	0.10236749856485158	1166.0828181874974	1.0926484691943155	0.274773855755945	0.375711190523435
CXCL1	Day*srf14	Day4 No - Day7 No	0	-0.13850820147227288	0.049386574965526196	1041.1561014788172	-2.804571922004252	0.0051320716283790955	0.007474973893508683
CXCL1	Day*srf14	Day4 No - Day1 Yes	0	-0.3057879360343603	0.10040393316935166	1127.0326098762507	-3.0455772635777794	0.0023762887899806727	0.003980283723217627
CXCL1	Day*srf14	Day4 No - Day4 Yes	0	-0.17767185189835188	0.10287992576708792	1176.3213407001126	-1.726982699235097	0.08443328742461619	0.131558843196495
CXCL1	Day*srf14	Day4 No - Day7 Yes	0	-0.19836937604932162	0.10237380783773183	1166.050546173086	-1.937696567502384	0.05290145309374003	0.09088198352001492
CXCL1	Day*srf14	Day7 No - Day1 Yes	0	-0.1672797345620874	0.1005960945659628	1131.4449428482635	-1.6628849786250781	0.09661241934628849	0.11356196660002332
CXCL1	Day*srf14	Day7 No - Day4 Yes	0	-0.039163650426079	0.10306660183929077	1180.3331920943717	-0.37998391066725884	0.7040257194737598	0.7370269250740923
CXCL1	Day*srf14	Day7 No - Day7 Yes	0	-0.05986117457704873	0.10256192534177233	1170.171062865561	-0.5836588419880993	0.5595623424911031	0.628346074196737
CXCL1	Day*srf14	Day1 Yes - Day4 Yes	0	0.1281160841360084	0.09103038505438917	1070.2430931988417	1.40739912348455	0.1595994248977473	0.2138632293629814
CXCL1	Day*srf14	Day1 Yes - Day7 Yes	0	0.10741855998503866	0.09065670507720605	1071.904401088456	1.1848937140783762	0.23632210959455732	0.2777821288216727
CXCL1	Day*srf14	Day4 Yes - Day7 Yes	0	-0.02069752415096973	0.0921820585278372	1054.0863539987727	-0.22452876928019003	0.8223893982988983	0.8950654610257152
CCL4	Day*srf14	Day1 No - Day4 No	0	-0.39490080165237273	0.044287937396730336	1034.6231776193051	-8.916667265735596	2.132692132787926e-18	6.804303471275765e-18
CCL4	Day*srf14	Day1 No - Day7 No	0	-0.7065010700793924	0.04478564548634674	1039.2867149620251	-15.775167744199978	2.0097399147712327e-50	1.0357890329974815e-49
CCL4	Day*srf14	Day1 No - Day1 Yes	0	0.013417748107919774	0.09706452938522259	1044.0364399971922	0.13823533882978403	0.890081083267013	0.9174681935213825
CCL4	Day*srf14	Day1 No - Day4 Yes	0	-0.5089718081990185	0.09923198355221671	1093.3916751195416	-5.129110494210702	3.441859626903556e-7	2.5461877759442906e-6
CCL4	Day*srf14	Day1 No - Day7 Yes	0	-0.7599338654201031	0.09879058424854144	1083.1351539173827	-7.692371405641555	3.234643561321888e-14	4.33442237217133e-13
CCL4	Day*srf14	Day4 No - Day7 No	0	-0.3116002684270197	0.044695853589042926	1036.5751062857237	-6.97156991993118	5.57116469382902e-12	2.8712925729734183e-11
CCL4	Day*srf14	Day4 No - Day1 Yes	0	0.4083185497602925	0.09707111546588466	1044.0777944448564	4.2063856771461	2.8176478403922833e-5	6.509738114009758e-5
CCL4	Day*srf14	Day4 No - Day4 Yes	0	-0.11407100654664583	0.09923824743657167	1093.4173431785207	-1.149466153355384	0.25061517744284206	0.310948460901304
CCL4	Day*srf14	Day4 No - Day7 Yes	0	-0.3650330637677303	0.09879672080289967	1083.1449275338368	-3.6947892683196897	2.3106929070382698e-4	7.853385922117328e-4
CCL4	Day*srf14	Day7 No - Day1 Yes	0	0.7199188181873122	0.09723726841592165	1048.3296409551656	7.403733464703463	2.7142182754747295e-13	7.906635845948125e-13
CCL4	Day*srf14	Day7 No - Day4 Yes	0	0.19752926188037387	0.09940012362286609	1097.3756017166857	1.9872134428103878	0.04714703093424148	0.061938256325376063
CCL4	Day*srf14	Day7 No - Day7 Yes	0	-0.05343279534071062	0.09895968421371334	1087.1829422620806	-0.5399450873884879	0.5893454794170534	0.6473138872285669
CCL4	Day*srf14	Day1 Yes - Day4 Yes	0	-0.5223895563069383	0.08249139255806727	1062.8979351163023	-6.332655324483925	3.5497003365431266e-10	1.6987851610599249e-9
CCL4	Day*srf14	Day1 Yes - Day7 Yes	0	-0.7733516135280228	0.08215925175213229	1064.5881608318302	-9.412836619558819	2.883638610681348e-20	1.9320378691565032e-19
CCL4	Day*srf14	Day4 Yes - Day7 Yes	0	-0.2509620572210845	0.08347370276178828	1047.7427354117076	-3.0064804713079925	0.0027059085497549095	0.012086391522238596
CD6	Day*srf14	Day1 No - Day4 No	0	-0.10465005030454082	0.04478812118010852	1035.5576070738439	-2.336558166476928	0.019652118995664682	0.028623738537163778
CD6	Day*srf14	Day1 No - Day7 No	0	-0.39975170687998035	0.045289030553098686	1040.4070891790057	-8.826678381010945	4.485660473037954e-18	9.391851615423216e-18
CD6	Day*srf14	Day1 No - Day1 Yes	0	0.1802853508250032	0.09658503801299793	1063.1318124245947	1.8665970893001178	0.06223299750172908	0.11913173807473854
CD6	Day*srf14	Day1 No - Day4 Yes	0	0.14733897568296445	0.098796169727771	1112.724163431079	1.491342995269465	0.1361548934191817	0.1900495387309411
CD6	Day*srf14	Day1 No - Day7 Yes	0	0.21210717437527865	0.0983455417456231	1102.416851963601	2.156754344024126	0.031240478050796813	0.05105151291227772
CD6	Day*srf14	Day4 No - Day7 No	0	-0.2951016565754395	0.04519963037646293	1037.618440576675	-6.528851101603467	1.03533777530792e-10	4.0804488791547434e-10
CD6	Day*srf14	Day4 No - Day1 Yes	0	0.284935401129544	0.09659163257757228	1063.1658367066555	2.9498973516232243	0.0032484255194632143	0.005182012138191318
CD6	Day*srf14	Day4 No - Day4 Yes	0	0.2519890259875053	0.09880242992882322	1112.7421732381538	2.5504334880127635	0.010891956846338122	0.022113972991050126
CD6	Day*srf14	Day4 No - Day7 Yes	0	0.3167572246798195	0.09835165650256153	1102.417108301942	3.220659782904314	0.0013163355525284432	0.003527779280776228
CD6	Day*srf14	Day7 No - Day1 Yes	0	0.5800370577049836	0.09676162013416506	1067.4755991402067	5.994495099407511	2.7889962571171052e-9	5.662507552328668e-9
CD6	Day*srf14	Day7 No - Day4 Yes	0	0.5470906825629448	0.09896792784657003	1116.7332881071113	5.527959354783091	4.031492086486371e-8	1.2862379514027945e-7
CD6	Day*srf14	Day7 No - Day7 Yes	0	0.611858881255259	0.09851830432888921	1106.494708784787	6.2106111693991	7.455898989905273e-10	6.244315404045666e-9
CD6	Day*srf14	Day1 Yes - Day4 Yes	0	-0.03294637514203874	0.08339623754575705	1064.6093800707636	-0.3950582917360275	0.6928790072121236	0.7487563465034238
CD6	Day*srf14	Day1 Yes - Day7 Yes	0	0.03182182355027546	0.08305887689233939	1066.2992625407264	0.3831236917821896	0.701704418211503	0.7707245249208312
CD6	Day*srf14	Day4 Yes - Day7 Yes	0	0.0647681986923142	0.08440378858179574	1049.1923148783735	0.767361273475862	0.4430393927790879	0.6057885574734467
SCF	Day*srf14	Day1 No - Day4 No	0	0.3983912927889188	0.04066457717100691	1030.901509241222	9.797010580327992	9.942708432011008e-22	4.1635091559046096e-21
SCF	Day*srf14	Day1 No - Day7 No	0	0.3513864188462572	0.041130107897192486	1034.8275403097252	8.543289497916504	4.6145219469045544e-17	8.136130801121187e-17
SCF	Day*srf14	Day1 No - Day1 Yes	0	0.11740285239306004	0.09579915604766781	967.8013042241112	1.225510299220618	0.22068115716156333	0.3153515352926546
SCF	Day*srf14	Day1 No - Day4 Yes	0	0.7470225122139199	0.09770610934987871	1014.7260878729614	7.645606985934572	4.810664843237279e-14	1.6115727224844883e-12
SCF	Day*srf14	Day1 No - Day7 Yes	0	0.7770332153861212	0.09731896385046901	1004.9892748539698	7.984396716142971	3.841217321783862e-15	6.434039013987968e-14
SCF	Day*srf14	Day4 No - Day7 No	0	-0.04700487394266162	0.041042560549489786	1032.4406041739453	-1.1452714770556867	0.2523621242790707	0.30193325583388814
SCF	Day*srf14	Day4 No - Day1 Yes	0	-0.2809884403958588	0.09580539081963213	967.8689306745998	-2.932908451100223	0.003437177226168799	0.005355601724495571
SCF	Day*srf14	Day4 No - Day4 Yes	0	0.34863121942500114	0.09771208302108556	1014.7803071143534	3.567943785926343	3.7660974978606974e-4	9.345501198395064e-4
SCF	Day*srf14	Day4 No - Day7 Yes	0	0.37864192259720236	0.09732487268563157	1005.0340327621781	3.8904949181927124	1.0662358394895984e-4	4.2022236026942995e-4
SCF	Day*srf14	Day7 No - Day1 Yes	0	-0.23398356645319718	0.09594984885624007	971.7733603700455	-2.4386027621968487	0.014922341826564026	0.020404018415914077
SCF	Day*srf14	Day7 No - Day4 Yes	0	0.39563609336766276	0.09785323670023154	1018.4880560273913	4.043157965021372	5.6712740709184115e-5	1.1514404931864653e-4
SCF	Day*srf14	Day7 No - Day7 Yes	0	0.425646796539864	0.0974668421940942	1008.795642270505	4.367093331004163	1.3890405115011752e-5	4.046335403068641e-5
SCF	Day*srf14	Day1 Yes - Day4 Yes	0	0.6296196598208599	0.07584004940404529	1055.8794260383688	8.301941583219435	3.1062131622035147e-16	3.3498327570344775e-15
SCF	Day*srf14	Day1 Yes - Day7 Yes	0	0.6596303629930611	0.07554081931725203	1057.5312797665101	8.732104959343678	9.607401814834426e-18	5.364132679949221e-17
SCF	Day*srf14	Day4 Yes - Day7 Yes	0	0.030010703172201253	0.07668917680996801	1041.9718041954488	0.39132905607483953	0.695634032514014	0.8322764317578382
IL18	Day*srf14	Day1 No - Day4 No	0	0.35817628152222697	0.028806896909776423	1019.7339916418771	12.433698868852128	3.7883870653101134e-33	2.820243704175307e-32
IL18	Day*srf14	Day1 No - Day7 No	0	0.6309320178530247	0.029153434470794208	1021.5032465454948	21.641773235503	8.53176843212472e-86	1.4290712123808906e-84
IL18	Day*srf14	Day1 No - Day1 Yes	0	-0.05534905754045481	0.09662167786528464	747.7966059697878	-0.5728430592731537	0.5669231583900322	0.6548939933126233
IL18	Day*srf14	Day1 No - Day4 Yes	0	0.15415495551101216	0.09765663733545958	774.6512665374548	1.5785404834437995	0.11484972867367492	0.16728112654643956
IL18	Day*srf14	Day1 No - Day7 Yes	0	0.5231345647528346	0.09744872822243845	769.1609042946513	5.368305716198953	1.0532216230505406e-7	3.5282924372193113e-7
IL18	Day*srf14	Day4 No - Day7 No	0	0.2727557363307977	0.029080473276528948	1020.2691646355111	9.379343098619401	4.159329133744045e-20	2.78675051960851e-18
IL18	Day*srf14	Day4 No - Day1 Yes	0	-0.4135253390626818	0.0966258322176975	747.8828095951569	-4.279656170319044	2.115130530964151e-5	5.4505286759460816e-5
IL18	Day*srf14	Day4 No - Day4 Yes	0	-0.2040213260112148	0.09766070676927065	774.7343668958621	-2.089083038209293	0.037026010684121494	0.06704710042800378
IL18	Day*srf14	Day4 No - Day7 Yes	0	0.1649582832306076	0.09745280504720363	769.2435493098392	1.6926991803951261	0.09091766058234127	0.14503531569087774
IL18	Day*srf14	Day7 No - Day1 Yes	0	-0.6862810753934795	0.09670119160140615	749.9067271866202	-7.09692470204783	2.9603192484893594e-12	8.264224568699461e-12
IL18	Day*srf14	Day7 No - Day4 Yes	0	-0.4767770623420125	0.09773514438736501	776.7408408214476	-4.878256080047795	1.2987494891444062e-6	3.6256756571948006e-6
IL18	Day*srf14	Day7 No - Day7 Yes	0	-0.1077974531001901	0.09752745241862222	771.2555602600248	-1.1053036906725033	0.2693726954596555	0.36095941191593833
IL18	Day*srf14	Day1 Yes - Day4 Yes	0	0.20950401305146696	0.053936771169861286	1032.7774311980047	3.884252032656588	1.0917435210299519e-4	3.047783996208616e-4
IL18	Day*srf14	Day1 Yes - Day7 Yes	0	0.5784836222932894	0.053739878188403416	1033.8787621917013	10.764513091474052	1.096933439991122e-25	9.186817559925646e-25
IL18	Day*srf14	Day4 Yes - Day7 Yes	0	0.36897960924182244	0.05441513701066204	1024.756990688109	6.78082661391673	2.0150380950420432e-11	1.3500755236781689e-9
SLAMF1	Day*srf14	Day1 No - Day4 No	0	0.1795604300210105	0.050488052338643626	1041.1448831622358	3.5564935010094394	3.9274450046024686e-4	7.111859873199064e-4
SLAMF1	Day*srf14	Day1 No - Day7 No	0	0.1258243351625128	0.05103585401288311	1047.1083648372141	2.4654105941041102	0.013845131242742947	0.015460396554396292
SLAMF1	Day*srf14	Day1 No - Day1 Yes	0	0.2158177532751593	0.10008077736257373	1175.208395264729	2.156435620931404	0.0312520246980927	0.07220295361283485
SLAMF1	Day*srf14	Day1 No - Day4 Yes	0	0.3366479263651436	0.1026730658967888	1223.2015078931167	3.2788338735648157	0.0010716964677234028	0.0031299112542733077
SLAMF1	Day*srf14	Day1 No - Day7 Yes	0	0.2287943356498202	0.10214259612055984	1213.2351883048532	2.239950268933562	0.025274662217342425	0.0457676315827552
SLAMF1	Day*srf14	Day4 No - Day7 No	0	-0.0537360948584977	0.05094450060991149	1043.8953954960843	-1.0547967732564856	0.2917623446716197	0.33132334055929696
SLAMF1	Day*srf14	Day4 No - Day1 Yes	0	0.03625732325414882	0.1000876824816947	1175.1980556350277	0.3622555978432213	0.7172261666757846	0.7392946641119625
SLAMF1	Day*srf14	Day4 No - Day4 Yes	0	0.1570874963441331	0.10267954565425379	1223.17543672351	1.5298811008872566	0.12630472111061777	0.17630033988357063
SLAMF1	Day*srf14	Day4 No - Day7 Yes	0	0.04923390562880971	0.10214877942332887	1213.1789826480292	0.4819823193850675	0.6299054435436688	0.6807042696359001
SLAMF1	Day*srf14	Day7 No - Day1 Yes	0	0.08999341811264652	0.10029020592935738	1179.589454491586	0.8973300760398905	0.3697259149759705	0.3932005762442861
SLAMF1	Day*srf14	Day7 No - Day4 Yes	0	0.2108235912026308	0.10287598239310486	1227.1107764012625	2.0492984494382918	0.04064519035711074	0.05557607661074326
SLAMF1	Day*srf14	Day7 No - Day7 Yes	0	0.10297000048730741	0.10234684819423281	1217.2383827115689	1.0060886319810454	0.3145728886422901	0.40531506805833534
SLAMF1	Day*srf14	Day1 Yes - Day4 Yes	0	0.12083017308998428	0.09383069657784067	1074.434001779358	1.287746734244323	0.19811142885528638	0.25044274968498464
SLAMF1	Day*srf14	Day1 Yes - Day7 Yes	0	0.012976582374660886	0.0934416085709119	1076.0463790835329	0.13887370490645062	0.8895759352371392	0.9312748072013801
SLAMF1	Day*srf14	Day4 Yes - Day7 Yes	0	-0.1078535907153234	0.09505743929692638	1057.8526052391792	-1.134614939272941	0.256793719866863	0.39454462869577983
TGF-alpha	Day*srf14	Day1 No - Day4 No	0	0.008369632887970359	0.05027354638540967	1040.447889704923	0.16648184760642595	0.8678101138915031	0.8678101138915031
TGF-alpha	Day*srf14	Day1 No - Day7 No	0	-0.13700388867024965	0.05082116527083733	1046.2724408901404	-2.695803764831549	0.007134557339110418	0.008241643822765482
TGF-alpha	Day*srf14	Day1 No - Day1 Yes	0	0.09590982973284548	0.10060599568144288	1161.5172764369247	0.9533212119537363	0.3406256918752222	0.44748865403215465
TGF-alpha	Day*srf14	Day1 No - Day4 Yes	0	-0.14475082389360172	0.10317736956061652	1209.9784645293814	-1.402931907549367	0.1608936852819453	0.21999748803857827
TGF-alpha	Day*srf14	Day1 No - Day7 Yes	0	-0.401184866289925	0.10265142983728891	1199.9122958333203	-3.908224823812357	9.817373306006805e-5	2.3491571839373424e-4
TGF-alpha	Day*srf14	Day4 No - Day7 No	0	-0.14537352155822	0.05072903433071327	1043.109069724184	-2.8656867507175354	0.004244626002381819	0.006463407776354134
TGF-alpha	Day*srf14	Day4 No - Day1 Yes	0	0.08754019684487513	0.10061294286154884	1161.5122260239104	0.8700689429722495	0.38444249894084825	0.436570295407404
TGF-alpha	Day*srf14	Day4 No - Day4 Yes	0	-0.15312045678157207	0.10318389843648945	1209.9574473227212	-1.4839568876709865	0.13808079946496735	0.1888043584520982
TGF-alpha	Day*srf14	Day4 No - Day7 Yes	0	-0.4095544991778954	0.10265768175947464	1199.8627521646922	-3.98951634362322	7.021597133867063e-5	2.9402937998068327e-4
TGF-alpha	Day*srf14	Day7 No - Day1 Yes	0	0.23291371840309513	0.10081344965556378	1165.9185231000238	2.310343701151594	0.021043037342915544	0.027644774548536106
TGF-alpha	Day*srf14	Day7 No - Day4 Yes	0	-0.0077469352233520625	0.10337846352795774	1213.9226563011584	-0.07493761233215636	0.940276697224098	0.940276697224098
TGF-alpha	Day*srf14	Day7 No - Day7 Yes	0	-0.2641809776196754	0.10285383077000357	1203.9478323540748	-2.568508879464327	0.010333401383187692	0.020979936141623495
TGF-alpha	Day*srf14	Day1 Yes - Day4 Yes	0	-0.2406606536264472	0.09345409977256725	1073.2457551179257	-2.5751749170140883	0.010151909575618656	0.02043615375364143
TGF-alpha	Day*srf14	Day1 Yes - Day7 Yes	0	-0.4970946960227705	0.09306765466099856	1074.8744234474107	-5.341218684767026	1.126438673001741e-7	3.018855643644666e-7
TGF-alpha	Day*srf14	Day4 Yes - Day7 Yes	0	-0.25643404239632334	0.09466474131761593	1056.77363602744	-2.7088654004339854	0.006860491851341101	0.024911397380508977
MCP-4	Day*srf14	Day1 No - Day4 No	0	-0.3178841621444924	0.037073355825530827	1026.537003405495	-8.574464195808766	3.620466716941328e-17	1.1025966819775863e-16
MCP-4	Day*srf14	Day1 No - Day7 No	0	-0.6048478014882352	0.03750652163255626	1029.6077874812088	-16.126470148679896	2.4552394402488097e-52	1.4954640226970023e-51
MCP-4	Day*srf14	Day1 No - Day1 Yes	0	0.2898424497121881	0.09708474670116336	879.3833343992123	2.9854581647552974	0.002909996198736474	0.01392641037966741
MCP-4	Day*srf14	Day1 No - Day4 Yes	0	-0.3331017949554943	0.09870330346221474	920.5330397555647	-3.3747785866458986	7.69617140619409e-4	0.002455445162928591
MCP-4	Day*srf14	Day1 No - Day7 Yes	0	-0.514662241074556	0.09837599403016878	912.027044407685	-5.231583641398587	2.0856178318027041e-7	6.654114034799104e-7
MCP-4	Day*srf14	Day4 No - Day7 No	0	-0.28696363934374286	0.037421221442098855	1027.6388801374062	-7.668473349747716	4.0241195733761615e-14	3.370200142702535e-13
MCP-4	Day*srf14	Day4 No - Day1 Yes	0	0.6077266118566804	0.09709049694526493	879.4714502584995	6.259383059902229	6.033609244966583e-10	2.021259097063805e-9
MCP-4	Day*srf14	Day4 No - Day4 Yes	0	-0.015217632811001913	0.09870886034162943	920.6117858632759	-0.1541668372862779	0.8775119785120264	0.8775119785120264
MCP-4	Day*srf14	Day4 No - Day7 Yes	0	-0.19677807893006372	0.09838153171863982	912.1016123321397	-2.000152625116948	0.045779877785760405	0.08071715293805123
MCP-4	Day*srf14	Day7 No - Day1 Yes	0	0.8946902512004233	0.09721130605711467	882.7610267841242	9.203561679078408	2.4491182849429593e-19	1.1720780363655591e-18
MCP-4	Day*srf14	Day7 No - Day4 Yes	0	0.27174600653274095	0.09882736200423252	923.7996754631758	2.7497041408542584	0.006081384875789132	0.009475646201810973
MCP-4	Day*srf14	Day7 No - Day7 Yes	0	0.09018556041367914	0.0985005845632862	915.3179864477365	0.9155840121510681	0.3601262641803854	0.44682332777936706
MCP-4	Day*srf14	Day1 Yes - Day4 Yes	0	-0.6229442446676824	0.06924785732438243	1047.2239088374301	-8.995863103021115	1.0762289528666179e-18	1.4421467968412678e-17
MCP-4	Day*srf14	Day1 Yes - Day7 Yes	0	-0.8045046907867441	0.0689819786470999	1048.743110981642	-11.662534281633956	1.2230199363813144e-29	2.0485583934387015e-28
MCP-4	Day*srf14	Day4 Yes - Day7 Yes	0	-0.1815604461190618	0.06996249682988596	1035.218982229317	-2.595111014412859	0.00958979147901297	0.028667659696149997
CCL11	Day*srf14	Day1 No - Day4 No	0	-0.36239277814503645	0.04431999446501752	1034.0713542332194	-8.176733380034126	8.480270530202756e-16	2.367408856348269e-15
CCL11	Day*srf14	Day1 No - Day7 No	0	-0.5796504154912052	0.044819466112956	1038.6251995683226	-12.933005806681066	1.3918469222783218e-35	4.662687189632378e-35
CCL11	Day*srf14	Day1 No - Day1 Yes	0	0.25840018439061424	0.09810044780968563	1032.7394944236426	2.6340367466202528	0.008563821349746517	0.028688801521650834
CCL11	Day*srf14	Day1 No - Day4 Yes	0	0.09154768899803101	0.10025758678112642	1081.884339162747	0.913124801197239	0.3613803448557571	0.43236576973813795
CCL11	Day*srf14	Day1 No - Day7 Yes	0	-0.13250452015137423	0.09981848358812448	1071.6728539146611	-1.3274547497447502	0.18464100493004496	0.2784659716107146
CCL11	Day*srf14	Day4 No - Day7 No	0	-0.21725763734616876	0.044728786736431755	1035.9599226169162	-4.857221784851402	1.3739941796595903e-6	3.0685870012397517e-6
CCL11	Day*srf14	Day4 No - Day1 Yes	0	0.6207929625356507	0.09810707488031968	1032.7850777927733	6.327708407298382	3.701504309204002e-10	1.3777821595370453e-9
CCL11	Day*srf14	Day4 No - Day4 Yes	0	0.45394046714306746	0.10026389660151265	1081.9144792836112	4.527456866624701	6.631344288326249e-6	2.776875420736617e-5
CCL11	Day*srf14	Day4 No - Day7 Yes	0	0.22988825799366222	0.09982467531391381	1071.6881554419776	2.3029201674910915	0.021474158358686723	0.042316723824470895
CCL11	Day*srf14	Day7 No - Day1 Yes	0	0.8380505998818195	0.09827215383300322	1036.997000547244	8.527854200752978	5.214406550085265e-17	1.9409179936428486e-16
CCL11	Day*srf14	Day7 No - Day4 Yes	0	0.6711981044892362	0.1004247933692579	1085.847597548466	6.683589599445507	3.7199506493586275e-11	1.9172053346694467e-10
CCL11	Day*srf14	Day7 No - Day7 Yes	0	0.44714589533983096	0.09998663060497914	1075.6970687048904	4.4720568403428524	8.569266308622536e-6	2.7340040127509997e-5
CCL11	Day*srf14	Day1 Yes - Day4 Yes	0	-0.16685249539258323	0.08256680080220036	1061.8777931377606	-2.020818219568666	0.04354917503637044	0.07294486818592048
CCL11	Day*srf14	Day1 Yes - Day7 Yes	0	-0.39090470454198845	0.08223529979678777	1063.5663966497225	-4.753490356427906	2.2739037927554256e-6	5.253501866021156e-6
CCL11	Day*srf14	Day4 Yes - Day7 Yes	0	-0.22405220914940524	0.08354146902914457	1046.88672630561	-2.681928050262578	0.007435126732218364	0.024911397380508977
TNFSF14	Day*srf14	Day1 No - Day4 No	0	-0.12790113255516095	0.04851503065011155	1038.5465339002833	-2.6363197310453903	0.008506096517701515	0.012664632593022255
TNFSF14	Day*srf14	Day1 No - Day7 No	0	-0.42597087938549266	0.049049068958792595	1043.991855261595	-8.684586444308698	1.443901757117e-17	2.7640405064811144e-17
TNFSF14	Day*srf14	Day1 No - Day1 Yes	0	0.19143071967612432	0.09977028329583024	1123.6786267167226	1.9187148051741065	0.05527355561929053	0.10899914856216815
TNFSF14	Day*srf14	Day1 No - Day4 Yes	0	-0.0780676153027042	0.1022223444593073	1173.0398972038963	-0.7637040190736516	0.4451972183213093	0.5142795453022021
TNFSF14	Day*srf14	Day1 No - Day7 Yes	0	-0.40111074884667414	0.1017214839705128	1162.7816692838135	-3.9432254936720037	8.519573139002428e-5	2.1141162974561582e-4
TNFSF14	Day*srf14	Day4 No - Day7 No	0	-0.2980697468303317	0.0489570849379194	1040.9685703299888	-6.088388375417011	1.6018480554925564e-9	5.64862209042112e-9
TNFSF14	Day*srf14	Day4 No - Day1 Yes	0	0.31933185223128524	0.09977716886207681	1123.6885747626159	3.2004501217377848	0.0014105536947177928	0.0024232589114382592
TNFSF14	Day*srf14	Day4 No - Day4 Yes	0	0.049833517252456744	0.10222884119149776	1173.0335128508743	0.4874702351277492	0.6260162169342585	0.6993416686942922
TNFSF14	Day*srf14	Day4 No - Day7 Yes	0	-0.2732096162915132	0.10172775903245926	1162.7510972874934	-2.685693844925234	0.007340986108380775	0.015866002234242317
TNFSF14	Day*srf14	Day7 No - Day1 Yes	0	0.617401599061617	0.0999673517557788	1128.0991441306837	6.176032356743179	9.159489399411603e-10	2.045619299201925e-9
TNFSF14	Day*srf14	Day7 No - Day4 Yes	0	0.3479032640827885	0.10241361573014647	1177.0477179234135	3.39704112194898	7.039406837829048e-4	0.001347543594670132
TNFSF14	Day*srf14	Day7 No - Day7 Yes	0	0.024860130538818526	0.10191395283019546	1166.8728411223285	0.24393255141657966	0.8073259385499896	0.8451693419195203
TNFSF14	Day*srf14	Day1 Yes - Day4 Yes	0	-0.2694983349788285	0.0902434731235155	1069.950831759518	-2.9863471080060093	0.00288760395449902	0.006448982165047812
TNFSF14	Day*srf14	Day1 Yes - Day7 Yes	0	-0.5925414685227984	0.08987329403111827	1071.614666484839	-6.593076118002678	6.749132564326574e-11	2.3799572726835815e-10
TNFSF14	Day*srf14	Day4 Yes - Day7 Yes	0	-0.32304313354396996	0.09138252681728845	1053.8277591112126	-3.5350645773876126	4.253793725320906e-4	0.003166713106627786
MMP-1	Day*srf14	Day1 No - Day4 No	0	-0.19180815409044244	0.03959197220598845	1028.0582308033515	-4.844622366688534	1.4636216448027918e-6	3.0644578188058453e-6
MMP-1	Day*srf14	Day1 No - Day7 No	0	-0.41690416424726184	0.04005135972367151	1031.4256376109722	-10.40923871557997	3.3836364385081545e-24	8.719370822309476e-24
MMP-1	Day*srf14	Day1 No - Day1 Yes	0	0.10646726466474783	0.09960871060876657	909.9667842685741	1.0688549627242905	0.28541848076448373	0.39026608594327367
MMP-1	Day*srf14	Day1 No - Day4 Yes	0	-0.2329365327782858	0.10138659466366756	953.4703580513268	-2.297508201661298	0.021805630145752458	0.04174220627901185
MMP-1	Day*srf14	Day1 No - Day7 Yes	0	-0.32852742330140156	0.10102656199239544	944.4634219453806	-3.2518915503244656	0.0011869971922291401	0.0025654455444952384
MMP-1	Day*srf14	Day4 No - Day7 No	0	-0.2250960101568194	0.03996230956438432	1029.3063789525515	-5.63270773412536	2.2883122483613458e-8	6.665953071313486e-8
MMP-1	Day*srf14	Day4 No - Day1 Yes	0	0.29827541875519026	0.09961484899778786	910.0493747968636	2.9942867128354935	0.002825314334903462	0.004616977083866633
MMP-1	Day*srf14	Day4 No - Day4 Yes	0	-0.041128378687843345	0.10139250893371157	953.5420741454897	-0.4056352793748527	0.6851016017210458	0.7403517308920978
MMP-1	Day*srf14	Day4 No - Day7 Yes	0	-0.13671926921095912	0.10103244299463904	944.5294031455215	-1.353221452026194	0.17630867170371525	0.2567974131336722
MMP-1	Day*srf14	Day7 No - Day1 Yes	0	0.5233714289120097	0.09974825057581192	913.5754855494906	5.246923388538332	1.9232594664220904e-7	3.5793995625077796e-7
MMP-1	Day*srf14	Day7 No - Day4 Yes	0	0.18396763146897605	0.10152317999144715	956.936581364585	1.8120751485963544	0.0702879178864069	0.08720908330350485
MMP-1	Day*srf14	Day7 No - Day7 Yes	0	0.08837674094586029	0.10116377374370146	947.9604034196446	0.8736006741876086	0.38255700393244274	0.45770212970488683
MMP-1	Day*srf14	Day1 Yes - Day4 Yes	0	-0.3394037974430336	0.07391286997793045	1050.2939063086192	-4.591944509046608	4.9226171843351775e-6	1.7358702702655625e-5
MMP-1	Day*srf14	Day1 Yes - Day7 Yes	0	-0.4349946879661494	0.07362624729547912	1051.870670872517	-5.908146944124631	4.667722594024613e-9	1.5636870689982452e-8
MMP-1	Day*srf14	Day4 Yes - Day7 Yes	0	-0.09559089052311576	0.07469859662099795	1037.5699788989095	-1.2796879037516606	0.20094098518285322	0.345206307878235
LIF-R	Day*srf14	Day1 No - Day4 No	0	0.4655696582852839	0.046255052729814713	1037.1634497837567	10.065271377048733	8.4172686720602e-23	3.75971334018689e-22
LIF-R	Day*srf14	Day1 No - Day7 No	0	0.6149243187324599	0.046768017672303513	1042.3329196130228	13.14839390972571	1.2026656116751342e-36	4.240978735907052e-36
LIF-R	Day*srf14	Day1 No - Day1 Yes	0	-0.26697432481008854	0.09716210471668439	1095.7887601644911	-2.747720683784699	0.006099574151373182	0.0215090246390528
LIF-R	Day*srf14	Day1 No - Day4 Yes	0	0.298447064493694	0.0994764733141047	1145.4418603891274	3.000177374114623	0.002756571506488922	0.00684038114573177
LIF-R	Day*srf14	Day1 No - Day7 Yes	0	0.6723535563204841	0.09900422240934138	1135.1214002569411	6.791160416780823	1.790237886305898e-11	1.332732648694391e-10
LIF-R	Day*srf14	Day4 No - Day7 No	0	0.149354660447176	0.04667817934967587	1039.4159946196569	3.199667650452461	0.001417501036000949	0.0023164041320015505
LIF-R	Day*srf14	Day4 No - Day1 Yes	0	-0.7325439830953724	0.09716878793838389	1095.8098824331764	-7.53888155484546	9.910270222840794e-14	3.9058123819431366e-13
LIF-R	Day*srf14	Day4 No - Day4 Yes	0	-0.1671225937915899	0.0994827970647024	1145.4466580439337	-1.6799145050464896	0.09324663496154575	0.14198919414599012
LIF-R	Day*srf14	Day4 No - Day7 Yes	0	0.20678389803520025	0.09901036423030601	1135.1050665464918	2.0885075986005304	0.03697445224744325	0.07077966573081994
LIF-R	Day*srf14	Day7 No - Day1 Yes	0	-0.8818986435425484	0.09734757017030687	1100.1900197722637	-9.0592774118521	5.851300967914133e-19	2.4502322803140433e-18
LIF-R	Day*srf14	Day7 No - Day4 Yes	0	-0.3164772542387659	0.09965665869701804	1149.4656410008354	-3.175675949571402	0.0015346261551123614	0.0025704988098132053
LIF-R	Day*srf14	Day7 No - Day7 Yes	0	0.05742923758802426	0.09918550261385624	1139.2220071585418	0.5790083840337508	0.5626979768926004	0.628346074196737
LIF-R	Day*srf14	Day1 Yes - Day4 Yes	0	0.5654213893037826	0.08608029399176646	1067.504068319098	6.568534598149315	7.922708767234664e-11	4.423512395039354e-10
LIF-R	Day*srf14	Day1 Yes - Day7 Yes	0	0.9393278811305728	0.08572939102017306	1069.184558439617	10.956894362046018	1.496001611240386e-26	1.431887256472941e-25
LIF-R	Day*srf14	Day4 Yes - Day7 Yes	0	0.37390649182679014	0.08714550448592186	1051.6832056661215	4.290599888456597	1.946109221368777e-5	2.6077863566341614e-4
FGF-21	Day*srf14	Day1 No - Day4 No	0	-0.0628363509249736	0.05100500823492402	1046.6572304906554	-1.231964332513301	0.21823910235038896	0.25210379064613897
FGF-21	Day*srf14	Day1 No - Day7 No	0	0.17776044110723205	0.05154069131966871	1053.7142488220757	3.4489339695642767	5.850667722768507e-4	7.127177044099818e-4
FGF-21	Day*srf14	Day1 No - Day1 Yes	0	-0.025286164483862648	0.09454801140283961	1278.814598524945	-0.26744258402354104	0.789171540766909	0.8392776703394111
FGF-21	Day*srf14	Day1 No - Day4 Yes	0	-0.026500349842169455	0.09722513088589824	1320.8398466446613	-0.27256687237860155	0.7852287839292871	0.8093896695886497
FGF-21	Day*srf14	Day1 No - Day7 Yes	0	0.2266117412093719	0.09667543926275737	1312.1441651958014	2.3440466672559546	0.019224319363940222	0.03577859437177763
FGF-21	Day*srf14	Day4 No - Day7 No	0	0.24059679203220563	0.05145770233645999	1050.1412898564035	4.675622523117059	3.3120517651104856e-6	6.724468735224319e-6
FGF-21	Day*srf14	Day4 No - Day1 Yes	0	0.03755018644111095	0.09455439049683703	1278.769852367839	0.3971278990198457	0.6913394185052608	0.7352339847595631
FGF-21	Day*srf14	Day4 No - Day4 Yes	0	0.036336001082804145	0.09723104432061261	1320.7826139672634	0.3737078145842876	0.7086816874787024	0.7419011415792666
FGF-21	Day*srf14	Day4 No - Day7 Yes	0	0.28944809213434547	0.09668089071703073	1312.0446995616041	2.9938500771730894	0.0028063802993205872	0.006963980742758494
FGF-21	Day*srf14	Day7 No - Day1 Yes	0	-0.2030466055910947	0.09476648923964305	1282.8037991680274	-2.1425992164554675	0.03233303490616823	0.04011691367987539
FGF-21	Day*srf14	Day7 No - Day4 Yes	0	-0.2042607909494015	0.09743612843752743	1324.280670750852	-2.0963557791642575	0.03623999539592381	0.05058499357347698
FGF-21	Day*srf14	Day7 No - Day7 Yes	0	0.04885130010213984	0.09688794591352862	1315.690747341914	0.5042041054904711	0.6142023770383296	0.6637348267994851
FGF-21	Day*srf14	Day1 Yes - Day4 Yes	0	-0.0012141853583068074	0.09461618545947674	1083.473660763693	-0.012832744761485148	0.9897635945747669	0.9897635945747669
FGF-21	Day*srf14	Day1 Yes - Day7 Yes	0	0.25189790569323456	0.09421620131815935	1084.8990175138101	2.6736156008094487	0.007616525120607425	0.0113401596240155
FGF-21	Day*srf14	Day4 Yes - Day7 Yes	0	0.2531120910515413	0.0959386717315285	1066.35814878184	2.638269703794123	0.008454405081829288	0.026973578118217253
CCL19	Day*srf14	Day1 No - Day4 No	0	0.3374139390366193	0.036733000845531126	1025.901440063541	9.18558057523004	2.2061569584399124e-19	7.390625810773707e-19
CCL19	Day*srf14	Day1 No - Day7 No	0	0.35690400941117995	0.03716341789782755	1028.8488271762978	9.603637921366843	5.667472919217553e-21	1.406372909583615e-20
CCL19	Day*srf14	Day1 No - Day1 Yes	0	-0.18845634265644576	0.09793599618892093	866.7048517456407	-1.924280652569346	0.054646549913367475	0.10899914856216815
CCL19	Day*srf14	Day1 No - Day4 Yes	0	0.2606116706425492	0.0995189882447912	906.7694064865436	2.618713023905662	0.008973503066357653	0.020040823514865424
CCL19	Day*srf14	Day1 No - Day7 Yes	0	0.3093046327159006	0.09919906108098928	898.4939823797698	3.118019760926713	0.0018786792902559023	0.0038142882559741046
CCL19	Day*srf14	Day4 No - Day7 No	0	0.01949007037456063	0.03707810716843545	1026.9442278074187	0.5256490113161036	0.5992455764934921	0.6127634730958326
CCL19	Day*srf14	Day4 No - Day1 Yes	0	-0.525870281693065	0.09794168687101353	866.7946928624567	-5.36921813880561	1.0160490250428522e-7	2.9597949859943956e-07
CCL19	Day*srf14	Day4 No - Day4 Yes	0	-0.07680226839407013	0.09952449444779007	906.8505181046862	-0.7716921228307281	0.44049783455808156	0.5366064530071175
CCL19	Day*srf14	Day4 No - Day7 Yes	0	-0.02810930632071873	0.09920455260897576	898.5714787557096	-0.2833469390413387	0.7769761646713582	0.800883123584323
CCL19	Day*srf14	Day7 No - Day1 Yes	0	-0.5453603520676257	0.09805957820584078	869.9792711576574	-5.561520476080755	3.559128907836763e-8	7.013577553678327e-8
CCL19	Day*srf14	Day7 No - Day4 Yes	0	-0.09629233876863076	0.0996402035137679	909.9447541102375	-0.9664004625936503	0.3341006037317693	0.36696295819718927
CCL19	Day*srf14	Day7 No - Day7 Yes	0	-0.04759937669527936	0.09932078051453642	901.6911536470562	-0.47924891899447764	0.6318777625370731	0.6719969855553
CCL19	Day*srf14	Day1 Yes - Day4 Yes	0	0.44906801329899493	0.06862743990791506	1045.924179701038	6.543563535250019	9.387743666720374e-11	4.838298659002039e-10
CCL19	Day*srf14	Day1 Yes - Day7 Yes	0	0.4977609753723463	0.06836507181787757	1047.4156063137066	7.28092521716888	6.501326368915268e-13	3.111349047980878e-12
CCL19	Day*srf14	Day4 Yes - Day7 Yes	0	0.0486929620733514	0.06932666926807017	1034.2377807009339	0.7023698468055201	0.482606587925102	0.6340125762937615
IL-10RB	Day*srf14	Day1 No - Day4 No	0	0.04502941718660805	0.04069210296760821	1030.3444219118383	1.1065885983443136	0.2687301288045251	0.3051681123712404
IL-10RB	Day*srf14	Day1 No - Day7 No	0	-0.2665850795550305	0.041159199695313384	1034.1606159281978	-6.476925730540514	1.444715174320589e-10	2.2510678297553365e-10
IL-10RB	Day*srf14	Day1 No - Day1 Yes	0	0.1521415863508501	0.0970269834326156	956.4193291322619	1.5680337671892182	0.11720402202384743	0.2122343101512913
IL-10RB	Day*srf14	Day1 No - Day4 Yes	0	0.1821333671246364	0.0989206637183037	1002.7779628235644	1.8412064808147413	0.06588654626893732	0.10464671925030304
IL-10RB	Day*srf14	Day1 No - Day7 Yes	0	-0.057758736359096396	0.09853639904071944	993.1620685612116	-0.5861665021392555	0.5578968178671053	0.6444670137430355
IL-10RB	Day*srf14	Day4 No - Day7 No	0	-0.31161449674163855	0.04107082657778944	1031.8247705611375	-7.587246780909823	7.281102070193728e-14	5.420375985588664e-13
IL-10RB	Day*srf14	Day4 No - Day1 Yes	0	0.10711216916424204	0.09703324195044848	956.4903077651503	1.1038708695205766	0.26992678458203145	0.31181197529303634
IL-10RB	Day*srf14	Day4 No - Day4 Yes	0	0.13710394993802835	0.09892666671699384	1002.8359887392397	1.385914986201353	0.1660809620718211	0.21398893190023105
IL-10RB	Day*srf14	Day4 No - Day7 Yes	0	-0.10278815354570445	0.09854234380183664	993.2114474862805	-1.0430861453062847	0.2971622135761452	0.37565789263399485
IL-10RB	Day*srf14	Day7 No - Day1 Yes	0	0.4187266659058806	0.09717643102392587	960.3277442767372	4.308932335689357	1.809344294319637e-5	2.755137902713993e-5
IL-10RB	Day*srf14	Day7 No - Day4 Yes	0	0.4487184466796669	0.09906664577672777	1006.4903054728537	4.529460376512289	6.621290821801483e-6	1.7745059402427974e-5
IL-10RB	Day*srf14	Day7 No - Day7 Yes	0	0.20882634319593413	0.09868311200220066	996.9160079099519	2.1161305005387065	0.034581077019832616	0.056510540495824026
IL-10RB	Day*srf14	Day1 Yes - Day4 Yes	0	0.029991780773786312	0.07590609001268793	1054.8005177486546	0.39511692367204126	0.6928364870456316	0.7487563465034238
IL-10RB	Day*srf14	Day1 Yes - Day7 Yes	0	-0.2099003227099465	0.07560757543680108	1056.4408962143084	-2.7761811101243175	0.005597333005195461	0.008523211621547634
IL-10RB	Day*srf14	Day4 Yes - Day7 Yes	0	-0.2398921034837328	0.07674765443694465	1041.108702910333	-3.125725538372336	0.001822798696553519	0.008723393762077555
IL-18R1	Day*srf14	Day1 No - Day4 No	0	0.635682593454113	0.037136013363229047	1028.270929893733	17.117685391710534	5.464053882529161e-58	9.152290253236344e-57
IL-18R1	Day*srf14	Day1 No - Day7 No	0	0.8276584180864996	0.03756647982616606	1031.6799453930143	22.031833217176057	1.8072740266096594e-88	4.036245326094906e-87
IL-18R1	Day*srf14	Day1 No - Day1 Yes	0	-0.32173866121763534	0.092935614821697	914.2665870927434	-3.461952254094534	5.611183406249149e-4	0.0031329107351557744
IL-18R1	Day*srf14	Day1 No - Day4 Yes	0	0.19222812701871994	0.0946092873448114	958.0710287108825	2.031810326592236	0.04244837694350187	0.06936685988328353
IL-18R1	Day*srf14	Day1 No - Day7 Yes	0	0.3734196822340521	0.09427029273695899	948.9999880222125	3.961159675996759	8.01692544117362e-5	2.065900017533202e-4
IL-18R1	Day*srf14	Day4 No - Day7 No	0	0.1919758246323866	0.03748322152660434	1029.5400635875087	5.121646881288701	3.6141462122222744e-7	8.968436896996014e-7
IL-18R1	Day*srf14	Day4 No - Day1 Yes	0	-0.9574212546717484	0.09294137017327322	914.3482566145827	-10.301346460535292	1.2810422604664594e-23	1.430497190854213e-22
IL-18R1	Day*srf14	Day4 No - Day4 Yes	0	-0.4434544664353931	0.09461483024748181	958.1416190376733	-4.686944586545889	3.1744830555159103e-6	1.5192168908540427e-5
IL-18R1	Day*srf14	Day4 No - Day7 Yes	0	-0.26226291122006096	0.09427580259347214	949.0646017481707	-2.7818687723186843	0.005511824833004381	0.012309742127043118
IL-18R1	Day*srf14	Day7 No - Day1 Yes	0	-1.149397079304135	0.09306704372366634	917.9056645069902	-12.350205113605117	1.586125280976101e-32	1.3283799228174846e-31
IL-18R1	Day*srf14	Day7 No - Day4 Yes	0	-0.6354302910677797	0.09473790798974606	961.5629448517227	-6.707244275824155	3.379584726587013e-11	1.9172053346694467e-10
IL-18R1	Day*srf14	Day7 No - Day7 Yes	0	-0.45423873585244756	0.09439950848609857	952.5236174520279	-4.811876069453683	1.737668901434837e-6	6.467989799785226e-6
IL-18R1	Day*srf14	Day1 Yes - Day4 Yes	0	0.5139667882363552	0.06932276892669254	1050.718586881155	7.414112220183602	2.515732102123611e-13	1.872822787136466e-12
IL-18R1	Day*srf14	Day1 Yes - Day7 Yes	0	0.6951583434516874	0.06905358257060558	1052.3024145043057	10.066941027149536	8.0263074616645e-23	5.975139999239128e-22
IL-18R1	Day*srf14	Day4 Yes - Day7 Yes	0	0.18119155521533215	0.07006268028107569	1037.8989518215055	2.586135079166718	0.009841136910618655	0.028667659696149997
PD-L1	Day*srf14	Day1 No - Day4 No	0	0.3965476434372363	0.040552718939473244	1031.5795838459449	9.778571050417149	1.1732232735200694e-21	4.623879960343803e-21
PD-L1	Day*srf14	Day1 No - Day7 No	0	0.6043787318094208	0.041015441767573886	1035.6395294245735	14.735394908929944	9.293681547457697e-45	3.8917291479979105e-44
PD-L1	Day*srf14	Day1 No - Day1 Yes	0	-0.44219444485024434	0.09418875663970863	981.6764266169741	-4.6947688941444365	3.048185876740162e-6	4.62842175791372e-5
PD-L1	Day*srf14	Day1 No - Day4 Yes	0	-0.31519213129632423	0.09610734534373848	1029.2200660878727	-3.279584200031797	0.0010744471469893444	0.0031299112542733077
PD-L1	Day*srf14	Day1 No - Day7 Yes	0	-0.013605317415653795	0.09571761059877816	1019.3510180194218	-0.14214016971948387	0.8869973773019156	0.9142896042958206
PD-L1	Day*srf14	Day4 No - Day7 No	0	0.2078310883721845	0.04092906423591359	1033.1912897115124	5.07783630659753	4.5267226889242286e-7	1.0831800719925832e-6
PD-L1	Day*srf14	Day4 No - Day1 Yes	0	-0.8387420882874806	0.09419494722965503	981.7397337085823	-8.904321441388554	2.5514144819161195e-18	1.7094477028838e-17
PD-L1	Day*srf14	Day4 No - Day4 Yes	0	-0.7117397747335605	0.09611326876348696	1029.2694474948914	-7.405218695505939	2.7202480465042327e-13	6.075220637192786e-12
PD-L1	Day*srf14	Day4 No - Day7 Yes	0	-0.4101529608528901	0.09572346089376284	1019.3898924551975	-4.284769449655522	2.0024383073590698e-5	1.0320258968696745e-4
PD-L1	Day*srf14	Day7 No - Day1 Yes	0	-1.046573176659665	0.09434060921681232	985.7206865016421	-11.09355965949345	4.970223604686243e-27	3.7000553501553147e-26
PD-L1	Day*srf14	Day7 No - Day4 Yes	0	-0.9195708631057451	0.09625551939914131	1033.0367783720046	-9.553435157235757	8.788600628055681e-21	1.1776724841594613e-19
PD-L1	Day*srf14	Day7 No - Day7 Yes	0	-0.6179840492250745	0.09586655821295811	1023.2156029022887	-6.446294315190537	1.7628858120271787e-10	1.729255571911319e-9
PD-L1	Day*srf14	Day1 Yes - Day4 Yes	0	0.1270023135539201	0.07561362555407454	1057.1825925913315	1.6796220604855843	0.09332633915862261	0.13303967497080244
PD-L1	Day*srf14	Day1 Yes - Day7 Yes	0	0.42858912743459054	0.07531412552384448	1058.8463460730848	5.690687164639508	1.636974067365198e-8	5.222726786355632e-8
PD-L1	Day*srf14	Day4 Yes - Day7 Yes	0	0.30158681388067043	0.07647020955787434	1043.0226894140687	3.9438470958082426	8.5540934065941e-5	8.187489403454353e-4
CXCL5	Day*srf14	Day1 No - Day4 No	0	-0.014520442527486667	0.04284861854579827	1031.6710849003514	-0.3388777286242415	0.7347708030796211	0.7632700842331834
CXCL5	Day*srf14	Day1 No - Day7 No	0	-0.3089244854547264	0.043337319850978426	1035.749119028852	-7.128370801817174	1.9018401612892414e-12	3.107885141619004e-12
CXCL5	Day*srf14	Day1 No - Day1 Yes	0	0.0676161707199801	0.09933460704711636	983.550165121055	0.6806909769916181	0.4962272547227431	0.6044950193895234
CXCL5	Day*srf14	Day1 No - Day4 Yes	0	0.034859211336980084	0.10136415617529197	1031.171365916907	0.34390076978194384	0.7309910243594417	0.7774031528901999
CXCL5	Day*srf14	Day1 No - Day7 Yes	0	-0.05524946220572363	0.10095184917242482	1021.2857404626926	-0.5472852915389204	0.5843023168389403	0.663529749630661
CXCL5	Day*srf14	Day4 No - Day7 No	0	-0.2944040429272397	0.04324618442650983	1033.2926808248635	-6.807630472638197	1.679503222898916e-11	8.037622566730526e-11
CXCL5	Day*srf14	Day4 No - Day1 Yes	0	0.08213661324746677	0.09934114398120684	983.6128704865463	0.8268136439319161	0.4085432193098223	0.45620659489596826
CXCL5	Day*srf14	Day4 No - Day4 Yes	0	0.049379653864466744	0.10137040986294607	1031.2200787617703	0.48712098462686093	0.6262761212187691	0.6993416686942922
CXCL5	Day*srf14	Day4 No - Day7 Yes	0	-0.040729019678236965	0.10095802435181803	1021.3238007160857	-0.4034252843172196	0.6867198325851335	0.7189098247375616
CXCL5	Day*srf14	Day7 No - Day1 Yes	0	0.3765406561747065	0.09949527606477392	987.6037177206343	3.784507878842098	1.6328657615657978e-4	2.327702255849116e-4
CXCL5	Day*srf14	Day7 No - Day4 Yes	0	0.34378369679170645	0.10152092100839626	1034.9949849283332	3.386333510146878	7.349586689544111e-4	0.0013678397449984874
CXCL5	Day*srf14	Day7 No - Day7 Yes	0	0.25367502324900276	0.10110943483907983	1025.1577051895388	2.508915450400231	0.012263625556519796	0.024166556243730188
CXCL5	Day*srf14	Day1 Yes - Day4 Yes	0	-0.03275695938300002	0.07989196861211818	1057.357603283237	-0.4100156743168722	0.6818775070403417	0.7487563465034238
CXCL5	Day*srf14	Day1 Yes - Day7 Yes	0	-0.12286563292570374	0.07957535830993165	1059.022790659548	-1.5440160815508275	0.12288318695257656	0.15833026011197365
CXCL5	Day*srf14	Day4 Yes - Day7 Yes	0	-0.09010867354270372	0.08079843746722558	1043.1645239517313	-1.1152279223129118	0.26500961285654484	0.39456986803085564
TRANCE	Day*srf14	Day1 No - Day4 No	0	-0.37351971174479554	0.04568154732458207	1041.745398769153	-8.176599384666591	8.425316624349928e-16	2.367408856348269e-15
TRANCE	Day*srf14	Day1 No - Day7 No	0	-0.7890130869144687	0.04617550824398692	1047.8285113569555	-17.08726372312785	6.2061142219193705e-58	4.1580965286859785e-57
TRANCE	Day*srf14	Day1 No - Day1 Yes	0	0.33889278875295503	0.08983355842953346	1186.9154042314096	3.7724520176809726	1.6962467384386626e-4	0.0010331684679580945
TRANCE	Day*srf14	Day1 No - Day4 Yes	0	0.11125151682675422	0.09218634487848192	1234.4484991597255	1.2068112362346464	0.2277360531735604	0.28789274646468954
TRANCE	Day*srf14	Day1 No - Day7 Yes	0	0.009814528656778454	0.09170469187810189	1224.5802834242877	0.10702318993475687	0.9147881126251661	0.9147881126251661
TRANCE	Day*srf14	Day4 No - Day7 No	0	-0.41549337516967316	0.04609376327297564	1044.5735559474274	-9.014090967340763	9.25885720721802e-19	2.0678114429453575e-17
TRANCE	Day*srf14	Day4 No - Day1 Yes	0	0.7124125004977506	0.08983974951106688	1186.900631416601	7.929813967368557	5.034257278520747e-15	2.248634917739267e-14
TRANCE	Day*srf14	Day4 No - Day4 Yes	0	0.48477122857154975	0.09219214712430629	1234.4182372153396	5.258270294083873	1.7124178956758608e-7	1.2643865706338277e-6
TRANCE	Day*srf14	Day4 No - Day7 Yes	0	0.383334240401574	0.09171021126267358	1224.5185022423402	4.179842518338987	3.124486239247764e-5	1.4952898430685728e-4
TRANCE	Day*srf14	Day7 No - Day1 Yes	0	1.1279058756674236	0.09002385958804099	1191.2735187778183	12.528965996668484	6.420638910359012e-34	7.169713449900896e-33
TRANCE	Day*srf14	Day7 No - Day4 Yes	0	0.900264603741223	0.09237065847461903	1238.3228956023572	9.746218318759647	1.1243681408269964e-21	1.883316635885219e-20
TRANCE	Day*srf14	Day7 No - Day7 Yes	0	0.7988276155712472	0.09189023137015608	1228.5506586421284	8.693281142729703	1.107956222903032e-17	2.474435564483438e-16
TRANCE	Day*srf14	Day1 Yes - Day4 Yes	0	-0.22764127192620082	0.0848807025019397	1075.4494526118267	-2.6818966527874664	0.007432749513996706	0.015562319294930604
TRANCE	Day*srf14	Day1 Yes - Day7 Yes	0	-0.3290782600961766	0.08452790224695253	1077.046385901247	-3.893131751155469	1.050422701464406e-4	1.9021167837328433e-4
TRANCE	Day*srf14	Day4 Yes - Day7 Yes	0	-0.10143698816997576	0.08599909777972857	1058.781735906363	-1.1795122366258843	0.2384592297167447	0.3803992474052832
HGF	Day*srf14	Day1 No - Day4 No	0	0.05531441907677474	0.05102917036413997	1042.5713922482034	1.0839764527241105	0.2786258481572258	0.31113219710890216
HGF	Day*srf14	Day1 No - Day7 No	0	-0.019727733333036523	0.05157834197420162	1048.818917664384	-0.3824809518480433	0.7021821475106165	0.7021821475106165
HGF	Day*srf14	Day1 No - Day1 Yes	0	-0.22326960119700262	0.09928363060221393	1202.8719211891907	-2.248805768309846	0.024705235081052185	0.0629616311281994
HGF	Day*srf14	Day1 No - Day4 Yes	0	-0.44767261373368633	0.10192227681134922	1249.6895367012892	-4.392294086623438	1.2165053999534827e-5	6.269681676683335e-5
HGF	Day*srf14	Day1 No - Day7 Yes	0	-0.5941140012320302	0.10138181191843335	1239.9738508016903	-5.860163573620326	5.919518952615834e-9	2.6440517988350723e-8
HGF	Day*srf14	Day4 No - Day7 No	0	-0.07504215240981127	0.05148842639249383	1045.5073327351301	-1.4574567076058704	0.1452906384069792	0.18366929760882275
HGF	Day*srf14	Day4 No - Day1 Yes	0	-0.2785840202737774	0.0992904582877653	1202.8512701579334	-2.8057481562465996	0.005100898238529891	0.00759467071070006
HGF	Day*srf14	Day4 No - Day4 Yes	0	-0.5029870328104611	0.10192866427271544	1249.6537853247457	-4.93469659785488	9.111056315324851e-7	5.549461573879682e-6
HGF	Day*srf14	Day4 No - Day7 Yes	0	-0.6494284203088049	0.10138786035352036	1239.9046851488433	-6.405386384961378	2.1246579519257292e-10	2.372534712983731e-9
HGF	Day*srf14	Day7 No - Day1 Yes	0	-0.2035418678639661	0.09949739013603265	1207.1902152913906	-2.045700571499253	0.041002191027842076	0.0499481236157349
HGF	Day*srf14	Day7 No - Day4 Yes	0	-0.4279448804006498	0.10212920451295468	1253.5089734084	-4.19023023278681	2.9820141448253263e-5	6.659831590109896e-5
HGF	Day*srf14	Day7 No - Day7 Yes	0	-0.5743862678989936	0.10159013502815856	1243.8918127299842	-5.653957126248393	1.9429940394564074e-8	1.0013892357198408e-7
HGF	Day*srf14	Day1 Yes - Day4 Yes	0	-0.2244030125366837	0.09479068072587453	1076.8337116983525	-2.3673531070594955	0.018091848372240055	0.03276091462000226
HGF	Day*srf14	Day1 Yes - Day7 Yes	0	-0.3708444000350275	0.09439545806314277	1078.407327800162	-3.9286254619047796	9.086600302779792e-5	1.6911172785729058e-4
HGF	Day*srf14	Day4 Yes - Day7 Yes	0	-0.1464413874983438	0.09605282163296468	1060.058900574842	-1.5245922504798766	0.1276590988431781	0.2591866552270586
IL-12B	Day*srf14	Day1 No - Day4 No	0	0.7070672552979556	0.040059509793939546	1039.624415918145	17.65042205795851	3.466793216837704e-61	7.742504850937539e-60
IL-12B	Day*srf14	Day1 No - Day7 No	0	0.751461665265215	0.040497873490688875	1045.284748771473	18.5555833058244	1.1679029858148338e-66	9.781187506199233e-66
IL-12B	Day*srf14	Day1 No - Day1 Yes	0	-0.1106354309606116	0.08109750322731644	1145.2111242762694	-1.3642273381771113	0.17276405779981902	0.2691905086648343
IL-12B	Day*srf14	Day1 No - Day4 Yes	0	0.9175386540412	0.08313645313313636	1194.1311878244019	11.036538359073793	4.905587762606071e-27	3.2867438009460675e-25
IL-12B	Day*srf14	Day1 No - Day7 Yes	0	1.1604929269758015	0.08271965314900265	1183.9671094752487	14.029228639116866	1.7754735558932415e-41	1.1895672824484719e-39
IL-12B	Day*srf14	Day4 No - Day7 No	0	0.04439440996725941	0.04042336183893006	1042.1811845912773	1.0982364639574582	0.2723549042825518	0.3201364664373855
IL-12B	Day*srf14	Day4 No - Day1 Yes	0	-0.8177026862585671	0.08110310489841865	1145.2124862293256	-10.082261182019318	5.81327276030177e-23	5.564132499145979e-22
IL-12B	Day*srf14	Day4 No - Day4 Yes	0	0.21047139874324453	0.08314172663760758	1194.1163732142459	2.5314773610684407	0.011485759603709194	0.022633702748485765
IL-12B	Day*srf14	Day4 No - Day7 Yes	0	0.453425671677846	0.08272472263925378	1183.9256604605114	5.4811386150564205	5.1605221044144464e-8	3.457549809957679e-7
IL-12B	Day*srf14	Day7 No - Day1 Yes	0	-0.8620970962258265	0.08126173132350947	1149.6271887507737	-10.608894029020238	3.7724238936372323e-25	2.1062700072807878e-24
IL-12B	Day*srf14	Day7 No - Day4 Yes	0	0.16607698877598512	0.08329573319994336	1198.1087247487571	1.9938234816582183	0.04639772247056325	0.061938256325376063
IL-12B	Day*srf14	Day7 No - Day7 Yes	0	0.40903126171058657	0.0828799523639437	1188.0326884166136	4.935225588866682	9.145969166824976e-7	3.604587848101608e-6
IL-12B	Day*srf14	Day1 Yes - Day4 Yes	0	1.0281740850018117	0.07448791838637689	1071.8283952396014	13.80323289031332	5.183267598680838e-40	3.4727892911161616e-38
IL-12B	Day*srf14	Day1 Yes - Day7 Yes	0	1.271128357936413	0.07418094871568126	1073.4739900257562	17.135509587621474	2.2748468370239092e-58	7.620736904030095e-57
IL-12B	Day*srf14	Day4 Yes - Day7 Yes	0	0.24295427293460142	0.07544222311141775	1055.4981849101584	3.2204018242647954	0.0013191865934785547	0.007827363497665399
MMP-10	Day*srf14	Day1 No - Day4 No	0	0.38113143856206083	0.03977800382285923	1030.6864959127874	9.58146216334355	6.880880849344064e-21	2.4264158784529067e-20
MMP-10	Day*srf14	Day1 No - Day7 No	0	0.43287264596598835	0.04023385780678122	1034.5701140085341	10.75891474401517	1.1563223745224038e-25	3.2280666288750438e-25
MMP-10	Day*srf14	Day1 No - Day1 Yes	0	-0.20778003048127144	0.09414361677017906	963.4061831860286	-2.2070538355085576	0.027545449934544816	0.065912326629089385
MMP-10	Day*srf14	Day1 No - Day4 Yes	0	0.19795203779302586	0.09600356865886274	1010.1185926237481	2.0619237446935426	0.03947034265507831	0.06611282394725616
MMP-10	Day*srf14	Day1 No - Day7 Yes	0	0.3185252507286383	0.09562603564296221	1000.4271447775659	3.330946939156949	8.971567473238336e-4	0.0020036500690232286
MMP-10	Day*srf14	Day4 No - Day7 No	0	0.051741207403927514	0.04014793004649455	1032.2028191216784	1.2887640120924544	0.19776890632346542	0.24537993932726263
MMP-10	Day*srf14	Day4 No - Day1 Yes	0	-0.5889114690433322	0.09414972327566615	963.4751253107188	-6.255052575343488	5.966689440793622e-10	2.021259097063805e-9
MMP-10	Day*srf14	Day4 No - Day4 Yes	0	-0.18317940076903497	0.09600942191167354	1010.1743000571327	-1.9079315042387799	0.05668336659541983	0.09737911697161868
MMP-10	Day*srf14	Day4 No - Day7 Yes	0	-0.06260618783342252	0.09563182801476885	1000.4737099971421	-0.6546584869605752	0.5128381287400663	0.5879178264752986
MMP-10	Day*srf14	Day7 No - Day1 Yes	0	-0.6406526764472598	0.09429052111675751	967.354132137352	-6.794454722060091	1.8975748752641907e-11	4.708796912692621e-11
MMP-10	Day*srf14	Day7 No - Day4 Yes	0	-0.23492060817296248	0.09614702378669125	1013.8619006900622	-2.4433476869148847	0.01472140476791571	0.021442046075007666
MMP-10	Day*srf14	Day7 No - Day7 Yes	0	-0.11434739523735003	0.09577021764920382	1004.2137644195407	-1.1939765622773506	0.23276909677497254	0.31827611191679916
MMP-10	Day*srf14	Day1 Yes - Day4 Yes	0	0.4057320682742973	0.07419212204223484	1055.463896621026	5.468667792563326	5.659778723552716e-8	2.463510743339091e-7
MMP-10	Day*srf14	Day1 Yes - Day7 Yes	0	0.5263052812099097	0.07389976040417552	1057.1115043109191	7.121880752135323	1.9649995169751472e-12	8.228435477333429e-12
MMP-10	Day*srf14	Day4 Yes - Day7 Yes	0	0.12057321293561245	0.07501967317063968	1041.6386501902925	1.6072212506359063	0.10830889994528041	0.22677175926043086
IL10	Day*srf14	Day1 No - Day4 No	0	0.7767765375423276	0.046446850878197256	1041.4238291809286	16.72398715640281	8.553602479316228e-56	1.1461827322283747e-54
IL10	Day*srf14	Day1 No - Day7 No	0	0.9376105357832412	0.04695000827657575	1047.442889760181	19.97040192751218	1.943957284279874e-75	1.860644829239308e-74
IL10	Day*srf14	Day1 No - Day1 Yes	0	-0.38160380792384	0.09172744326170267	1180.657079740365	-4.160192351978094	3.410174235238124e-5	2.8560209220119284e-4
IL10	Day*srf14	Day1 No - Day4 Yes	0	0.3334455402666274	0.0941157326600912	1228.4429368631656	3.5429309302717837	4.105436394474996e-4	0.0015281346579434708
IL10	Day*srf14	Day1 No - Day7 Yes	0	0.6135071467071576	0.09362691633723338	1218.5208201231458	6.552679194275451	8.319806077319438e-11	5.574270071804024e-10
IL10	Day*srf14	Day4 No - Day7 No	0	0.1608339982409136	0.04686639767502233	1044.2103317499732	3.431755078684677	6.231814757036258e-4	0.0010705938172344339
IL10	Day*srf14	Day4 No - Day1 Yes	0	-1.1583803454661676	0.09173376899684042	1180.6446654374333	-12.627632747827745	2.221597194160003e-34	4.96156706695734e-33
IL10	Day*srf14	Day4 No - Day4 Yes	0	-0.44333099727570013	0.09412166519001697	1228.414899206724	-4.7101907555575435	2.7565046979757877e-6	1.4206601135721368e-5
IL10	Day*srf14	Day4 No - Day7 Yes	0	-0.16326939083516995	0.09363256927253592	1218.46200436986	-1.743724348308145	0.08145936557828254	0.13354418596028386
IL10	Day*srf14	Day7 No - Day1 Yes	0	-1.3192143437070811	0.09192049582299854	1185.0281157117747	-14.351688727260035	3.4654410907016095e-43	5.804613826925196e-42
IL10	Day*srf14	Day7 No - Day4 Yes	0	-0.6041649955166137	0.09430274908801091	1232.3365494788254	-6.406653054756212	2.1120691812355427e-10	9.433909009518757e-10
IL10	Day*srf14	Day7 No - Day7 Yes	0	-0.32410338907608355	0.09381516974619039	1222.5093325822452	-3.454701302070016	5.697726530021203e-4	0.0013633845625407879
IL10	Day*srf14	Day1 Yes - Day4 Yes	0	0.7150493481904675	0.08631208854212029	1074.9066434344502	8.284463512217336	3.499825268543484e-16	3.3498327570344775e-15
IL10	Day*srf14	Day1 Yes - Day7 Yes	0	0.9951109546309976	0.08595378573693974	1076.5120069973707	11.57727895402443	2.690459942629228e-29	3.605216323123166e-28
IL10	Day*srf14	Day4 Yes - Day7 Yes	0	0.2800616064405302	0.08744463534459576	1058.284255889234	3.2027305658818612	0.0014019158503281311	0.007827363497665399
TNF	Day*srf14	Day1 No - Day4 No	0	0.19916923849688867	0.04738924417609	1036.855203196226	4.202836360014758	2.8630780460529454e-5	5.641947914280805e-5
TNF	Day*srf14	Day1 No - Day7 No	0	0.3152177750584904	0.047915648413063235	1041.963217970651	6.578597712820529	7.503808424646458e-11	1.1970361058364588e-10
TNF	Day*srf14	Day1 No - Day1 Yes	0	-0.15481983204174335	0.10003354926245445	1089.5399039539873	-1.5476790854990867	0.12198997829945234	0.21508759331745542
TNF	Day*srf14	Day1 No - Day4 Yes	0	0.0324024461720733	0.10239892066279158	1139.2150070656924	0.31643347373530756	0.7517314832774531	0.7869688965560837
TNF	Day*srf14	Day1 No - Day7 Yes	0	0.133218193036446	0.10191637522326451	1128.8898739325111	1.30713236950009	0.19143393907329478	0.2784659716107146
TNF	Day*srf14	Day4 No - Day7 No	0	0.11604853656160175	0.047823118071199475	1039.0705150185563	2.426620037380826	0.015409463150843917	0.021966681512905158
TNF	Day*srf14	Day4 No - Day1 Yes	0	-0.35398907053863204	0.1000404223395749	1089.563519076401	-3.53846037691704	4.194262636123175e-4	8.265164606478021e-4
TNF	Day*srf14	Day4 No - Day4 Yes	0	-0.16676679232481537	0.10240542814270875	1139.222331939203	-1.6284956310364211	0.10369632081432074	0.15103594553390196
TNF	Day*srf14	Day4 No - Day7 Yes	0	-0.06595104546044267	0.10192270276115999	1128.8767317774018	-0.6470692365271032	0.5177186830155613	0.5879178264752986
TNF	Day*srf14	Day7 No - Day1 Yes	0	-0.4700376071002338	0.10022297787844348	1093.9330469729045	-4.6899185900295635	3.0781854565885018e-6	5.15596063978574e-6
TNF	Day*srf14	Day7 No - Day4 Yes	0	-0.28281532888641714	0.10258299741481813	1143.2387642485792	-2.756941559650356	0.005927337809867754	0.009455515077646179
TNF	Day*srf14	Day7 No - Day7 Yes	0	-0.18199958202204441	0.10210156258846492	1132.9889400043858	-1.7825347370599995	0.07492977687492097	0.11383169482013297
TNF	Day*srf14	Day1 Yes - Day4 Yes	0	0.18722227821381665	0.08820031802145513	1066.95294147353	2.122693913283555	0.03400930642190333	0.05996377711230323
TNF	Day*srf14	Day1 Yes - Day7 Yes	0	0.2880380250781893	0.08784128960512659	1068.636078099669	3.2790732737760133	0.001075075047362613	0.0018007507043323768
TNF	Day*srf14	Day4 Yes - Day7 Yes	0	0.1008157468643727	0.08928684350296201	1051.2051261049703	1.1291220846106875	0.2591039352629002	0.39454462869577983
CCL23	Day*srf14	Day1 No - Day4 No	0	0.5299850693696669	0.04443930858693807	1034.9246510882288	11.926042196017516	8.151558549533597e-31	4.965040207443191e-30
CCL23	Day*srf14	Day1 No - Day7 No	0	0.6656364130376006	0.04493794568587024	1039.6481541412468	14.812346289494391	3.4943427105399175e-45	1.5608064107078298e-44
CCL23	Day*srf14	Day1 No - Day1 Yes	0	-0.21690640957060586	0.09688170853921454	1050.2026069411013	-2.238878864143991	0.025372597618826622	0.0629616311281994
CCL23	Day*srf14	Day1 No - Day4 Yes	0	0.1296558367139124	0.09906286917201802	1099.6506871282088	1.3088237580598552	0.19086750770237076	0.2507475101188008
CCL23	Day*srf14	Day1 No - Day7 Yes	0	0.3581416154312755	0.0986185715893192	1089.3742850487947	3.631583885869867	2.947920130278153e-4	6.810712025125389e-4
CCL23	Day*srf14	Day4 No - Day7 No	0	0.13565134366793363	0.044848297141413765	1036.9114961741302	3.0246709978798867	0.0025503388778659515	0.003973783832953924
CCL23	Day*srf14	Day4 No - Day1 Yes	0	-0.7468914789402727	0.09688829654931747	1050.2416172432766	-7.7087894569401865	2.9348283558273924e-14	1.2289593740027207e-13
CCL23	Day*srf14	Day4 No - Day4 Yes	0	-0.40032923265575454	0.09906913110931045	1099.6738935568756	-4.040907880922475	5.694807327567992e-5	1.9077604547352775e-4
CCL23	Day*srf14	Day4 No - Day7 Yes	0	-0.17184345393839145	0.09862470052004678	1089.3810067266904	-1.7423977262517718	0.08172106902047221	0.13354418596028386
CCL23	Day*srf14	Day7 No - Day1 Yes	0	-0.8825428226082064	0.0970556557238778	1054.513490560878	-9.093162227650394	4.662774714769897e-19	2.0827060392638874e-18
CCL23	Day*srf14	Day7 No - Day4 Yes	0	-0.5359805763236882	0.09923214586460298	1103.6440894833615	-5.4012797128765655	8.10054526970127e-8	2.4669842412272047e-7
CCL23	Day*srf14	Day7 No - Day7 Yes	0	-0.3074947976063251	0.09878882236037292	1093.4331289440113	-3.112647668626023	0.00190230129078396	0.004394971947673286
CCL23	Day*srf14	Day1 Yes - Day4 Yes	0	0.34656224628451826	0.08276475017083182	1063.452288689986	4.187317010794949	3.0562908525476805e-5	1.023857435603473e-4
CCL23	Day*srf14	Day1 Yes - Day7 Yes	0	0.5750480250018813	0.08243099887686874	1065.142824725614	6.976113753769489	5.3213189208331645e-12	2.0972256923283648e-11
CCL23	Day*srf14	Day4 Yes - Day7 Yes	0	0.22848577871736309	0.08375496648169853	1048.2104083632444	2.728026627140851	0.0064779447214778066	0.024911397380508977
CD5	Day*srf14	Day1 No - Day4 No	0	-0.1422789701513588	0.04704003434364324	1039.830689811375	-3.0246357626349325	0.002550460116145922	0.004068591137661352
CD5	Day*srf14	Day1 No - Day7 No	0	-0.5193047191984955	0.04755419689858302	1045.532163791075	-10.920271039504598	2.2987409509048777e-26	6.696332335244644e-26
CD5	Day*srf14	Day1 No - Day1 Yes	0	0.19026318718650534	0.09495049417366311	1149.3081807235565	2.003814607204852	0.04532427761995737	0.1012242200179048
CD5	Day*srf14	Day1 No - Day4 Yes	0	0.10239424544447731	0.09734776324728824	1198.123047670222	1.0518397344617947	0.2930851774444596	0.35703103434143263
CD5	Day*srf14	Day1 No - Day7 Yes	0	-0.01619673867258961	0.09685764484852113	1187.981416645971	-0.1672220989672031	0.8672237559890904	0.907874869551079
CD5	Day*srf14	Day4 No - Day7 No	0	-0.3770257490471367	0.04746702470704763	1042.4134950026005	-7.942898283050761	5.091290775407858e-15	4.87309259931895e-14
CD5	Day*srf14	Day4 No - Day1 Yes	0	0.33254215733786413	0.09495705272716085	1149.3079221319013	3.5020269457325535	4.794557782744078e-4	9.131226590500961e-4
CD5	Day*srf14	Day4 No - Day4 Yes	0	0.2446732155958361	0.0973539349091712	1198.106657883665	2.51323396249068	0.012093387052392001	0.02315019807172183
CD5	Day*srf14	Day4 No - Day7 Yes	0	0.12608223147876918	0.0968635721030308	1187.9379198463255	1.3016475517200563	0.19328925494192534	0.2697995850231041
CD5	Day*srf14	Day7 No - Day1 Yes	0	0.7095679063850009	0.0951436634688313	1153.72145772664	7.457857733399688	1.7235551977159274e-13	5.249009011225779e-13
CD5	Day*srf14	Day7 No - Day4 Yes	0	0.6216989646429728	0.09753508673434325	1202.0930502275355	6.374105826514484	2.617326936760115e-10	1.0960056547682982e-9
CD5	Day*srf14	Day7 No - Day7 Yes	0	0.5031079805259059	0.09704617171015513	1192.0403128487942	5.18421254192822	2.5462922502052895e-7	1.066259879773465e-6
CD5	Day*srf14	Day1 Yes - Day4 Yes	0	-0.08786894174202803	0.08746159818733185	1072.1848120363231	-1.004657398940089	0.3152885237618747	0.39119131651936306
CD5	Day*srf14	Day1 Yes - Day7 Yes	0	-0.20645992585909495	0.08710085141782102	1073.8264065364951	-2.370354853004948	0.017946883475015742	0.024539616180123566
CD5	Day*srf14	Day4 Yes - Day7 Yes	0	-0.11859098411706692	0.08858525932673504	1055.8177393478898	-1.3387214195497212	0.18094955311338848	0.33401086612089936
CCL3	Day*srf14	Day1 No - Day4 No	0	-0.41453253828258946	0.05314947430348013	1048.8002129723354	-7.799372312050255	1.4959581158294053e-14	3.85496899079116e-14
CCL3	Day*srf14	Day1 No - Day7 No	0	-0.7282813046524528	0.05370023831115495	1056.2779984438052	-13.561975282727369	9.608934515204939e-39	3.576658958437394e-38
CCL3	Day*srf14	Day1 No - Day1 Yes	0	-0.0791629868586194	0.09630117856247794	1316.2573032159794	-0.8220354936493359	0.4112055744337795	0.5198259148502495
CCL3	Day*srf14	Day1 No - Day4 Yes	0	-0.47916963308813515	0.09910516858556079	1355.0862218121977	-4.834961081514654	1.4837298572671697e-6	8.284158369741697e-6
CCL3	Day*srf14	Day1 No - Day7 Yes	0	-0.7471687501778062	0.09852877363527433	1347.0693451978004	-7.583254338916403	6.249049332854787e-14	6.978105088354512e-13
CCL3	Day*srf14	Day4 No - Day7 No	0	-0.3137487663698633	0.05361750041171418	1052.5801316328973	-5.851611208293412	6.495736100624562e-9	2.1760715937092283e-8
CCL3	Day*srf14	Day4 No - Day1 Yes	0	0.33536955142397007	0.09630758282036248	1316.2040662200673	3.482275658911692	5.134580164530668e-4	9.297753270906885e-4
CCL3	Day*srf14	Day4 No - Day4 Yes	0	-0.06463709480554568	0.0991110754842311	1355.0220868148458	-0.6521682313479652	0.5144032607759511	0.5942244564135987
CCL3	Day*srf14	Day4 No - Day7 Yes	0	-0.33263621189521664	0.09853412611196982	1346.9590507451069	-3.3758477902084763	7.568402358875629e-4	0.0022047085132376834
CCL3	Day*srf14	Day7 No - Day1 Yes	0	0.6491183177938333	0.0965308231583672	1319.9959039847608	6.724466823709753	2.6168501939574055e-11	6.261748678398078e-11
CCL3	Day*srf14	Day7 No - Day4 Yes	0	0.24911167156431765	0.09932670210256045	1358.2695792512257	2.5080030474292374	0.012257406229425024	0.01866468675844265
CCL3	Day*srf14	Day7 No - Day7 Yes	0	-0.01888744552535334	0.09875193237641287	1350.3583582041574	-0.19126152846670422	0.8483494530840066	0.8744525131788989
CCL3	Day*srf14	Day1 Yes - Day4 Yes	0	-0.4000066462295157	0.09852410867397786	1086.8224510898904	-4.059987465130606	5.2594168226392524e-5	1.6017314868946815e-4
CCL3	Day*srf14	Day1 Yes - Day7 Yes	0	-0.6680057633191867	0.09810501478462656	1088.1501845401724	-6.80908886039805	1.6208702451220037e-11	6.033239245731903e-11
CCL3	Day*srf14	Day4 Yes - Day7 Yes	0	-0.267999117089671	0.09993380898444236	1069.6461700952789	-2.681766259218569	0.00743623802403253	0.024911397380508977
Flt3L	Day*srf14	Day1 No - Day4 No	0	-0.10421799084507528	0.049125596355980065	1043.7846822262352	-2.121460065133414	0.034118261031704254	0.048636669981365635
Flt3L	Day*srf14	Day1 No - Day7 No	0	-0.38887500523540575	0.049650549401580715	1050.2733394712013	-7.832239721863485	1.1676220675061795e-14	2.0059148339208722e-14
Flt3L	Day*srf14	Day1 No - Day1 Yes	0	0.05204662546774841	0.09414655506000978	1225.9734139673621	0.5528255965879311	0.580483620949753	0.6591932644683637
Flt3L	Day*srf14	Day1 No - Day4 Yes	0	0.24087480565634528	0.0967000542479911	1271.5750147294473	2.4909479889081796	0.012867036168983752	0.026734926335841763
Flt3L	Day*srf14	Day1 No - Day7 Yes	0	0.03651317218555039	0.09617662851001073	1262.1184141576123	0.3796470384876285	0.7042713077484543	0.7610673809539747
Flt3L	Day*srf14	Day4 No - Day7 No	0	-0.2846570143903305	0.04956596218464453	1046.8809059019036	-5.742993817610523	1.2182006576318512e-8	3.886640193396859e-8
Flt3L	Day*srf14	Day4 No - Day1 Yes	0	0.15626461631282368	0.09415300174685937	1225.94466815358	1.659688097177806	0.0972329681531138	0.12138654895866786
Flt3L	Day*srf14	Day4 No - Day4 Yes	0	0.34509279650142055	0.09670606926421123	1271.5318420145072	3.5684709256312597	3.724317255672644e-4	9.345501198395064e-4
Flt3L	Day*srf14	Day4 No - Day7 Yes	0	0.14073116303062566	0.0961822834228283	1262.0390867729147	1.4631713661023769	0.14366949055053377	0.21876945152013097
Flt3L	Day*srf14	Day7 No - Day1 Yes	0	0.44092163070315415	0.09435388557718226	1230.2163063509815	4.673062778559094	3.294046260673371e-6	5.3829536454906305e-6
Flt3L	Day*srf14	Day7 No - Day4 Yes	0	0.629749810891751	0.09690061181482199	1275.2997193424267	6.498925023251752	1.157525369032036e-10	5.539585694653315e-10
Flt3L	Day*srf14	Day7 No - Day7 Yes	0	0.42538817742095614	0.09637856451685452	1265.9447590811171	4.413721863916795	1.102564474264916e-5	3.3578099898067895e-5
Flt3L	Day*srf14	Day1 Yes - Day4 Yes	0	0.18882818018859687	0.0912174038886912	1078.8411447705091	2.0700893923599932	0.038681497867858246	0.06645282967042314
Flt3L	Day*srf14	Day1 Yes - Day7 Yes	0	-0.015533453282198018	0.09083540885599627	1080.3762975718064	-0.1710065873851419	0.8642506068781753	0.9191236612831388
Flt3L	Day*srf14	Day4 Yes - Day7 Yes	0	-0.2043616334707949	0.09245030312141396	1061.9329206379305	-2.2105025789088977	0.027282878255650445	0.07030587858186846
CXCL6	Day*srf14	Day1 No - Day4 No	0	-0.09305360125002497	0.045958293061454	1035.5431778521686	-2.0247401513715184	0.04315028217114082	0.05668762559738108
CXCL6	Day*srf14	Day1 No - Day7 No	0	-0.40198215419573763	0.046472328133893695	1040.3897869760638	-8.649925027159544	1.926256926225909e-17	3.5849781682537755e-17
CXCL6	Day*srf14	Day1 No - Day1 Yes	0	0.1448352401132241	0.09913275103921095	1062.8373640467512	1.4610231088607235	0.1443046570925931	0.24246375732296907
CXCL6	Day*srf14	Day1 No - Day4 Yes	0	-0.0672975650712254	0.10140135927598448	1112.427188804057	-0.663675177056171	0.5070357450113423	0.5757863545044057
CXCL6	Day*srf14	Day1 No - Day7 Yes	0	-0.2226726766798831	0.10093902283039825	1102.1204189046002	-2.2060118122406096	0.02758891254320938	0.04739633693320586
CXCL6	Day*srf14	Day4 No - Day7 No	0	-0.30892855294571264	0.04638056995435435	1037.6023145327836	-6.6607321395521035	4.411508563334742e-11	1.970473824956185e-10
CXCL6	Day*srf14	Day4 No - Day1 Yes	0	0.23788884136324906	0.0991395189790787	1062.871502839665	2.399535965203245	0.016587192291688348	0.0226804466029208
CXCL6	Day*srf14	Day4 No - Day4 Yes	0	0.02575603617879957	0.10140778424837221	1112.4453173727404	0.25398480372785587	0.7995542333585482	0.8116686914397384
CXCL6	Day*srf14	Day4 No - Day7 Yes	0	-0.12961907542985812	0.10094529882985805	1102.1208233535692	-1.2840526199078308	0.19939340958512594	0.27263996820823344
CXCL6	Day*srf14	Day7 No - Day1 Yes	0	0.5468173943089617	0.09931391756734483	1067.180464750255	5.505949293946284	4.5988914804305947e-8	8.803592262538567e-8
CXCL6	Day*srf14	Day7 No - Day4 Yes	0	0.3346845891245122	0.10157757847962005	1116.4360179590747	3.2948667819607595	0.0010156201023920626	0.001790698601586005
CXCL6	Day*srf14	Day7 No - Day7 Yes	0	0.17930947751585452	0.10111627221520451	1106.1979056712162	1.7732999208498545	0.07645412338665647	0.11383169482013297
CXCL6	Day*srf14	Day1 Yes - Day4 Yes	0	-0.2121328051844495	0.08557554149299149	1064.5831045663203	-2.478895271750315	0.013333009021782631	0.02481421123498434
CXCL6	Day*srf14	Day1 Yes - Day7 Yes	0	-0.3675079167931072	0.0852293895764807	1066.2730214504925	-4.311985790574313	1.7678515130168728e-5	3.5892742840039536e-5
CXCL6	Day*srf14	Day4 Yes - Day7 Yes	0	-0.1553751116086577	0.08660919393892795	1049.1699309375883	-1.793979421148056	0.07310430678352255	0.16326628514986702
CXCL10	Day*srf14	Day1 No - Day4 No	0	0.8480751381335015	0.04124807651254968	1038.6519116617405	20.56035601746122	4.461026807403893e-79	2.3629710319632416e-77
CXCL10	Day*srf14	Day1 No - Day7 No	0	1.2316460540643748	0.04170186209983783	1044.11825399644	29.534557740268493	7.513764573163492e-140	5.03422226401954e-138
CXCL10	Day*srf14	Day1 No - Day1 Yes	0	-0.5012537417968591	0.0846931423057125	1125.7922870238385	-5.918469053698694	4.308519949426909e-9	2.886708366116029e-7
CXCL10	Day*srf14	Day1 No - Day4 Yes	0	0.26644507576360854	0.0867794109978076	1175.1185632970553	3.0703720237319887	0.0021869887802907287	0.005635701856903032
CXCL10	Day*srf14	Day1 No - Day7 Yes	0	0.601779654039065	0.0863532350144241	1164.8678023643113	6.968814242321623	5.337416673923284e-12	4.776649413883298e-11
CXCL10	Day*srf14	Day4 No - Day7 No	0	0.3835709159308732	0.04162380131101002	1041.0870203060063	9.21518227191359	1.6705379603127872e-19	5.596302167047837e-18
CXCL10	Day*srf14	Day4 No - Day1 Yes	0	-1.3493288799303607	0.08469898820268926	1125.8013886788042	-15.930873656971482	1.106126288675883e-51	7.411046134128417e-50
CXCL10	Day*srf14	Day4 No - Day4 Yes	0	-0.581630062369893	0.08678492556936815	1175.111341648556	-6.701971091799689	3.183704963749931e-11	3.555137209520756e-10
CXCL10	Day*srf14	Day4 No - Day7 Yes	0	-0.24629548409443655	0.08635855905162448	1164.8361559303016	-2.852010116880285	0.004421114348298545	0.010214298666758707
CXCL10	Day*srf14	Day7 No - Day1 Yes	0	-1.732899795861234	0.08486084897877365	1130.2131199206276	-20.42048620435893	3.8438343715858363e-79	2.5753690289625103e-77
CXCL10	Day*srf14	Day7 No - Day4 Yes	0	-0.9652009783007662	0.08694217237805034	1179.124104121305	-11.101643217560591	2.6316058606915176e-27	8.815879633316584e-26
CXCL10	Day*srf14	Day7 No - Day7 Yes	0	-0.6298664000253098	0.08651701770498706	1168.9571696069718	-7.280260193122708	6.102652823551746e-13	8.17755478355934e-12
CXCL10	Day*srf14	Day1 Yes - Day4 Yes	0	0.7676988175604677	0.07672335745905856	1070.1355136124703	10.006063902640474	1.3597217842447307e-22	3.0367119848132318e-21
CXCL10	Day*srf14	Day1 Yes - Day7 Yes	0	1.1030333958359242	0.07640849245322845	1071.797764988428	14.436005219068006	2.673120440156932e-43	5.969968983017147e-42
CXCL10	Day*srf14	Day4 Yes - Day7 Yes	0	0.33533457827545643	0.07769319149739633	1053.9911060807356	4.316138542032918	1.7372762756187458e-5	2.6077863566341614e-4
4E-BP1	Day*srf14	Day1 No - Day4 No	0	0.23233066935586827	0.05042576291045729	1040.161689698725	4.607380353737544	4.582869635807194e-6	9.304614109063092e-6
4E-BP1	Day*srf14	Day1 No - Day7 No	0	0.1878711070793283	0.05097591893523373	1045.9291739765179	3.685487402748415	2.399743612033065e-4	3.033638151060667e-4
4E-BP1	Day*srf14	Day1 No - Day1 Yes	0	-0.042014798035327726	0.10131230494349336	1155.865364717232	-0.4147057759544742	0.6784342580568787	0.733146698222756
4E-BP1	Day*srf14	Day1 No - Day4 Yes	0	0.08465052107121684	0.10388719614017909	1204.4977581091707	0.8148311266096214	0.41533005685151103	0.4881949791061621
4E-BP1	Day*srf14	Day1 No - Day7 Yes	0	0.09709545338239833	0.10336064136572753	1194.3950619189936	0.9393851673079244	0.34772295438454415	0.4314340359956381
4E-BP1	Day*srf14	Day4 No - Day7 No	0	-0.044459562276539966	0.050883028525450416	1042.7864399538923	-0.8737601429188203	0.3824500610980134	0.41329280796075635
4E-BP1	Day*srf14	Day4 No - Day1 Yes	0	-0.274345467391196	0.10131930221849511	1155.8625249564748	-2.7077315120032104	0.0068744048559190385	0.010012720116229903
4E-BP1	Day*srf14	Day4 No - Day4 Yes	0	-0.14768014828465142	0.10389377606510065	1204.4788700497957	-1.4214532754311855	0.15544388489408675	0.20421059388046692
4E-BP1	Day*srf14	Day4 No - Day7 Yes	0	-0.13523521597346994	0.103366950870181	1194.3483064370228	-1.3083022652309095	0.19102252573307912	0.2697995850231041
4E-BP1	Day*srf14	Day7 No - Day1 Yes	0	-0.22988590511465604	0.1015199244182045	1160.2728761203653	-2.2644412555672964	0.0237308967736727	0.030576347766078288
4E-BP1	Day*srf14	Day7 No - Day4 Yes	0	-0.10322058600811146	0.10408848835439852	1208.4545235066485	-0.9916618796179262	0.32156100682416194	0.3590764576203142
4E-BP1	Day*srf14	Day7 No - Day7 Yes	0	-0.09077565369692997	0.103563234860404	1198.4420540107922	-0.8765239307104418	0.3809209300011096	0.45770212970488683
4E-BP1	Day*srf14	Day1 Yes - Day4 Yes	0	0.12666531910654455	0.09374615521166983	1072.7548120069362	1.3511521493393133	0.17693158245309867	0.22940694703586054
4E-BP1	Day*srf14	Day1 Yes - Day7 Yes	0	0.13911025141772607	0.09335895614170424	1074.3896515065437	1.490057913742936	0.13650250710513695	0.16936422177859584
4E-BP1	Day*srf14	Day4 Yes - Day7 Yes	0	0.012444932311181503	0.09495594338070282	1056.3304291240288	0.1310600671017144	0.8957527458884293	0.9233143688388424
SIRT2	Day*srf14	Day1 No - Day4 No	0	0.12748089450233305	0.0627543729101898	1061.484011644416	2.0314264742120183	0.04246048229119842	0.05668762559738108
SIRT2	Day*srf14	Day1 No - Day7 No	0	-0.0845203490340057	0.06334912205191044	1071.3465288244365	-1.3341992169164842	0.1824220962287873	0.1971335556020766
SIRT2	Day*srf14	Day1 No - Day1 Yes	0	-0.020026487672154418	0.10199829569531063	1492.4658945659257	-0.19634139507563492	0.8443696937563643	0.8839495231511939
SIRT2	Day*srf14	Day1 No - Day4 Yes	0	-0.057472489203601505	0.10531405055795887	1509.1453016414503	-0.5457248002437426	0.5853357745388623	0.6429097851492422
SIRT2	Day*srf14	Day1 No - Day7 Yes	0	-0.018858408116192917	0.10462951950535658	1505.8018595556925	-0.18023984249710184	0.8569885332804611	0.907874869551079
SIRT2	Day*srf14	Day4 No - Day7 No	0	-0.21200124353633876	0.06327721122138796	1067.0712548141712	-3.3503569364744923	8.353322944107096e-4	0.0013991815931379387
SIRT2	Day*srf14	Day4 No - Day1 Yes	0	-0.14750738217448747	0.10200440390391924	1492.4260861787302	-1.446088370002424	0.14836238271384888	0.1807323571241432
SIRT2	Day*srf14	Day4 No - Day4 Yes	0	-0.18495338370593456	0.10531949935917082	1509.0997032545133	-1.756117194169225	0.07927123053462505	0.12954079136146043
SIRT2	Day*srf14	Day4 No - Day7 Yes	0	-0.14633930261852596	0.10463373719925934	1505.705849291059	-1.398586216411678	0.1621430326907398	0.24141295978399036
SIRT2	Day*srf14	Day7 No - Day1 Yes	0	0.06449386136185128	0.10227424101734262	1494.1701268263782	0.630597310919326	0.528400291767051	0.5531690554436315
SIRT2	Day*srf14	Day7 No - Day4 Yes	0	0.02704785983040419	0.10557885876222704	1510.5001450735774	0.2561863250607621	0.7978418519162239	0.8223908319751846
SIRT2	Day*srf14	Day7 No - Day7 Yes	0	0.06566194091781277	0.10489645972043002	1507.2158448058303	0.6259690850655488	0.5314299973198582	0.6180789349002067
SIRT2	Day*srf14	Day1 Yes - Day4 Yes	0	-0.03744600153144709	0.1158498090035584	1104.9015460159367	-0.32322885858445316	0.7465830891295547	0.7939851900266693
SIRT2	Day*srf14	Day1 Yes - Day7 Yes	0	0.0011680795559615015	0.11534554350088397	1105.4452193675515	0.01012678531401215	0.9919219596545523	0.9919219596545523
SIRT2	Day*srf14	Day4 Yes - Day7 Yes	0	0.03861408108740859	0.11770755484597417	1088.735998008596	0.3280510001073161	0.7429361780284529	0.8582193780673507
DNER	Day*srf14	Day1 No - Day4 No	0	-0.17391730773088537	0.043403513532592045	1034.6166313756873	-4.006986844516389	6.590435806047417e-5	1.2615977114433628e-4
DNER	Day*srf14	Day1 No - Day7 No	0	-0.5237354333723989	0.043891298810701265	1039.2788669028328	-11.932557193880656	7.47744709115023e-31	2.2772225232139337e-30
DNER	Day*srf14	Day1 No - Day1 Yes	0	0.056338899108186985	0.09513718581207692	1043.9024978895281	0.5921858905882752	0.5538543529463807	0.6510217832878511
DNER	Day*srf14	Day1 No - Day4 Yes	0	0.20081659592485082	0.09726122104593352	1093.2555438970303	2.0647139092569202	0.039185474582493246	0.06611282394725616
DNER	Day*srf14	Day1 No - Day7 Yes	0	0.06473274309923058	0.09682866622273492	1082.9994913885694	0.6685287077106472	0.5039386243713474	0.6087576899910021
DNER	Day*srf14	Day4 No - Day7 No	0	-0.34981812564151354	0.043803290493660677	1036.567804207121	-7.986115236985224	3.681644448084745e-15	4.1111696336946315e-14
DNER	Day*srf14	Day4 No - Day1 Yes	0	0.23025620683907236	0.09514364080059702	1043.9439029900686	2.4200903486723364	0.015686551804725963	0.021895811894096655
DNER	Day*srf14	Day4 No - Day4 Yes	0	0.3747339036557362	0.0972673603316907	1093.2812652813052	3.852617181939131	1.2365746453373567e-4	3.765931874436495e-4
DNER	Day*srf14	Day4 No - Day7 Yes	0	0.23865005083011595	0.09683468083141085	1083.0093310447032	2.4645101195263464	0.013874458152075775	0.028169354429972027
DNER	Day*srf14	Day7 No - Day1 Yes	0	0.5800743324805859	0.09530646204132863	1048.1953005754801	6.086411351929557	1.617353743230165e-9	3.495570993432937e-9
DNER	Day*srf14	Day7 No - Day4 Yes	0	0.7245520292972497	0.0974259913434933	1097.239250502726	7.4369479776983525	2.0724340644784142e-13	1.542812025778375e-12
DNER	Day*srf14	Day7 No - Day7 Yes	0	0.5884681764716295	0.09699437701354142	1087.0470253680433	6.067033931147094	1.7964723591879782e-9	1.2036364806559454e-8
DNER	Day*srf14	Day1 Yes - Day4 Yes	0	0.14447769681666384	0.08084423331346464	1062.8858745391772	1.7871119669904891	0.07420427316143796	0.11299287049582599
DNER	Day*srf14	Day1 Yes - Day7 Yes	0	0.008393843991043592	0.08051873544496127	1064.576089025876	0.10424709161982829	0.9169928996914474	0.9430312146039482
DNER	Day*srf14	Day4 Yes - Day7 Yes	0	-0.13608385282562024	0.08180683024516049	1047.7325803752512	-1.66347788342124	0.09651586728527835	0.20859880993914998
EN-RAGE	Day*srf14	Day1 No - Day4 No	0	0.041208300863334	0.05086128368608748	1043.215919550032	0.8102096108637159	0.41800449099313464	0.459119686828525
EN-RAGE	Day*srf14	Day1 No - Day7 No	0	-0.22426382957370314	0.051406601240138676	1049.5916018961796	-4.362549247830767	1.4123507233253374e-5	1.97140621797495e-5
EN-RAGE	Day*srf14	Day1 No - Day1 Yes	0	-0.23549197497127577	0.0981576603751105	1215.1963032868773	-2.3991196822676986	0.016584437380238192	0.04831118715112865
EN-RAGE	Day*srf14	Day1 No - Day4 Yes	0	-0.6792386103812486	0.10079515220389977	1261.3916484403812	-6.738802368264778	2.4224752924744344e-11	5.41019481985957e-10
EN-RAGE	Day*srf14	Day1 No - Day7 Yes	0	-0.6971740185849256	0.10025470150558828	1251.8085677629551	-6.954028171397672	5.703461986726326e-12	4.776649413883298e-11
EN-RAGE	Day*srf14	Day4 No - Day7 No	0	-0.26547213043703716	0.051318067840349355	1046.236724277965	-5.173073375695314	2.7588259770357993e-7	7.109282325438406e-7
EN-RAGE	Day*srf14	Day4 No - Day1 Yes	0	-0.27670027583460977	0.09816439634411332	1215.171265963974	-2.818743721141446	0.004899413272202209	0.007460470209944272
EN-RAGE	Day*srf14	Day4 No - Day4 Yes	0	-0.7204469112445826	0.10080144500558129	1261.3518545721377	-7.1471883285471955	1.4947665574699368e-12	2.503733983762144e-11
EN-RAGE	Day*srf14	Day4 No - Day7 Yes	0	-0.7383823194482595	0.100260638018028	1251.7338955472756	-7.364628173575856	3.2114543405952606e-13	1.4748338824361004e-11
EN-RAGE	Day*srf14	Day7 No - Day1 Yes	0	-0.011228145397572636	0.09837158524193074	1219.477007376845	-0.11414012867596503	0.9091455004965774	0.9091455004965774
EN-RAGE	Day*srf14	Day7 No - Day4 Yes	0	-0.45497478080754544	0.10100215889602487	1265.1627764650937	-4.5046045132155275	7.263658984994464e-6	1.871789046133189e-5
EN-RAGE	Day*srf14	Day7 No - Day7 Yes	0	-0.4729101890112224	0.10046311857097086	1255.679971732716	-4.707301502661807	2.7887002393559976e-6	9.342145801842592e-6
EN-RAGE	Day*srf14	Day1 Yes - Day4 Yes	0	-0.44374663540997283	0.0944583185206571	1077.9039169060425	-4.697803670016949	2.969206427613479e-6	1.1702166508829593e-5
EN-RAGE	Day*srf14	Day1 Yes - Day7 Yes	0	-0.46168204361364973	0.0940635515906304	1079.4577128584901	-4.908192767618584	1.060823376887699e-6	2.5383987946955654e-6
EN-RAGE	Day*srf14	Day4 Yes - Day7 Yes	0	-0.0179354082036769	0.09572616401054547	1061.0547378410402	-0.1873616099533779	0.8514129408770825	0.9039141156287159
CD40	Day*srf14	Day1 No - Day4 No	0	0.030529156682311685	0.04800629340300451	1038.7318710286352	0.6359407177310006	0.5249551490004377	0.5672902416617633
CD40	Day*srf14	Day1 No - Day7 No	0	-0.24684796784005777	0.04853419853631275	1044.2141638920991	-5.086062514360237	4.331692818282604e-7	6.595986791475783e-7
CD40	Day*srf14	Day1 No - Day1 Yes	0	-0.10663645357506597	0.09845288405987136	1127.3949310977982	-1.0831216839744178	0.27898600749346164	0.38941796879295687
CD40	Day*srf14	Day1 No - Day4 Yes	0	-0.2332137011634015	0.10088228438118349	1176.6934659568176	-2.311740882890836	0.020964000948945575	0.04131141363468687
CD40	Day*srf14	Day1 No - Day7 Yes	0	-0.5436592129680636	0.1003859858528786	1166.4486245829335	-5.415688338856654	7.409389668669342e-8	2.612784777899189e-7
CD40	Day*srf14	Day4 No - Day7 No	0	-0.27737712452236946	0.048443476188340134	1041.1769133353678	-5.725789029754463	1.3460982993033778e-8	4.099481184242105e-8
CD40	Day*srf14	Day4 No - Day1 Yes	0	-0.13716561025737767	0.09845968041552318	1127.4033913377805	-1.3931145183338631	0.16385977725488218	0.1960465192156626
CD40	Day*srf14	Day4 No - Day4 Yes	0	-0.2637428578457132	0.10088869448113766	1176.6856106950174	-2.614196359682532	0.009057974727516953	0.01896513458573862
CD40	Day*srf14	Day4 No - Day7 Yes	0	-0.5741883696503753	0.10039217236731132	1166.4161642569388	-5.7194535800017885	1.3569332295291019e-8	1.1364315797306229e-7
CD40	Day*srf14	Day7 No - Day1 Yes	0	0.1402115142649918	0.09864820580448393	1131.8158946344415	1.4213285798921105	0.15549672321635005	0.17658102466941447
CD40	Day*srf14	Day7 No - Day4 Yes	0	0.013634266676656254	0.10107183608940153	1180.6971775560394	0.1348967942424265	0.892716466220193	0.9062424732841353
CD40	Day*srf14	Day7 No - Day7 Yes	0	-0.2968112451280059	0.10057672893912374	1170.5365209621662	-2.951092645970395	0.0032295793626422515	0.006980058622484866
CD40	Day*srf14	Day1 Yes - Day4 Yes	0	-0.12657724758833555	0.0892915259033873	1070.275484790309	-1.4175729030019164	0.15660654787992795	0.2138632293629814
CD40	Day*srf14	Day1 Yes - Day7 Yes	0	-0.43702275939299773	0.08892495433507636	1071.9365055486464	-4.91451204738617	1.028924610693837e-6	2.5383987946955654e-6
CD40	Day*srf14	Day4 Yes - Day7 Yes	0	-0.3104455118046622	0.09042149226862226	1054.1150464771476	-3.433315509573733	6.194232879008146e-4	0.004150136028935459
IFN-gamma	Day*srf14	Day1 No - Day4 No	0	0.7823048108773106	0.04771376673330999	1045.0437228897897	16.395788143281656	6.136645615912234e-54	6.852587604435328e-53
IFN-gamma	Day*srf14	Day1 No - Day7 No	0	0.9815950275227701	0.048219826940299054	1051.7820002541214	20.356668404017345	6.2950206181881e-78	7.029439690310045e-77
IFN-gamma	Day*srf14	Day1 No - Day1 Yes	0	-0.22618203326068878	0.0900794611685044	1249.4762878858537	-2.510916809744102	0.012167238458437186	0.03881928460549007
IFN-gamma	Day*srf14	Day1 No - Day4 Yes	0	0.5927387543672198	0.09257125474756148	1293.6231868911032	6.403054122833241	2.1260371544799787e-10	3.561112233753964e-9
IFN-gamma	Day*srf14	Day1 No - Day7 Yes	0	0.77578748577068	0.09206008848802204	1284.4762815068812	8.426968716976825	9.39062494489477e-17	2.0972395710264984e-15
IFN-gamma	Day*srf14	Day4 No - Day7 No	0	0.19929021664545943	0.04813965586225205	1048.3085729889608	4.139834676336556	3.754649912272315e-5	7.187472689207004e-5
IFN-gamma	Day*srf14	Day4 No - Day1 Yes	0	-1.0084868441379995	0.09008559401082114	1249.4399337603948	-11.194762661129364	8.641971624242865e-28	1.1580241976485439e-26
IFN-gamma	Day*srf14	Day4 No - Day4 Yes	0	-0.18956605651009079	0.09257696087954315	1293.5732093089996	-2.0476591012395122	0.04079500814929138	0.0719280406842769
IFN-gamma	Day*srf14	Day4 No - Day7 Yes	0	-0.006517325106630618	0.09206540955653401	1284.3873963920469	-0.07079016036558841	0.9435757834658016	0.9435757834658016
IFN-gamma	Day*srf14	Day7 No - Day1 Yes	0	-1.2077770607834588	0.09028224320274893	1253.6204989142018	-13.377791888390787	2.9891185787690373e-38	4.00541889555051e-37
IFN-gamma	Day*srf14	Day7 No - Day4 Yes	0	-0.3888562731555502	0.09276726925778563	1297.2331494032003	-4.191739999104424	2.9558020987842148e-5	6.659831590109896e-5
IFN-gamma	Day*srf14	Day7 No - Day7 Yes	0	-0.20580754175209004	0.09225747511969135	1288.1902733380946	-2.2307952985390416	0.025866314729019967	0.043326077171108444
IFN-gamma	Day*srf14	Day1 Yes - Day4 Yes	0	0.8189207876279087	0.08855850389984893	1080.8921674548328	9.247229250327315	1.1934879781646885e-19	1.9990923634258533e-18
IFN-gamma	Day*srf14	Day1 Yes - Day7 Yes	0	1.0019695190313689	0.08818604673831305	1082.3823299762257	11.36199609905017	2.4243396504560793e-28	2.7071792763426217e-27
IFN-gamma	Day*srf14	Day4 Yes - Day7 Yes	0	0.18304873140346017	0.08977359567503293	1063.8747126985163	2.039004119497111	0.04169638220497387	0.09977348599047318
FGF-19	Day*srf14	Day1 No - Day4 No	0	0.3756486248852179	0.05650387796099347	1051.772667204377	6.648191919580118	4.757430568294436e-11	1.1805475854656563e-10
FGF-19	Day*srf14	Day1 No - Day7 No	0	0.212930592044775	0.05707817216062765	1059.8277692905126	3.73050824832919	2.0122617857841964e-4	2.592721916298869e-4
FGF-19	Day*srf14	Day1 No - Day1 Yes	0	0.047112750374539845	0.09943615574308225	1364.933469555122	0.4737989921519816	0.6357190276440273	0.69824876806803
FGF-19	Day*srf14	Day1 No - Day4 Yes	0	0.3457508594379691	0.10243038903740245	1398.7991404916345	3.3754715049624404	7.570834302064566e-4	0.002455445162928591
FGF-19	Day*srf14	Day1 No - Day7 Yes	0	0.322711898732207	0.10181403192654087	1391.8341175214453	3.1696210495331782	0.0015596165901044904	0.0032654472355312767
FGF-19	Day*srf14	Day4 No - Day7 No	0	-0.1627180328404429	0.056995701066432834	1055.9701122308034	-2.854917648100909	0.004389031738459144	0.006534780588372504
FGF-19	Day*srf14	Day4 No - Day1 Yes	0	-0.32853587451067806	0.09944261582540419	1364.8739100969285	-3.3037734555123035	9.78650860471233e-4	0.0017255159908308583
FGF-19	Day*srf14	Day4 No - Day4 Yes	0	-0.029897765447248766	0.10243630408756305	1398.7307719656217	-0.2918668895130384	0.7704316809354876	0.7941372711181179
FGF-19	Day*srf14	Day4 No - Day7 Yes	0	-0.05293672615301088	0.10181924395393731	1391.715387769743	-0.5199088511888703	0.6032097896176007	0.662541900071791
FGF-19	Day*srf14	Day7 No - Day1 Yes	0	-0.16581784167023514	0.09968249739028545	1368.2546611584555	-1.6634599454406818	0.09644940485545403	0.11356196660002332
FGF-19	Day*srf14	Day7 No - Day4 Yes	0	0.13282026739319414	0.10266768952268403	1401.5784647469452	1.2936910142878788	0.19598532185254988	0.2263968373124283
FGF-19	Day*srf14	Day7 No - Day7 Yes	0	0.10978130668743202	0.1020531261898328	1394.7144803069502	1.0757270334200615	0.28223540082959875	0.3707798403055513
FGF-19	Day*srf14	Day1 Yes - Day4 Yes	0	0.29863810906342925	0.10463962881874572	1091.3209719198126	2.853967587946275	0.0043993302792901725	0.009508229958465855
FGF-19	Day*srf14	Day1 Yes - Day7 Yes	0	0.2755991483576672	0.10419119405741924	1092.4936350718435	2.6451289943542244	0.008283154201393758	0.011807900670071952
FGF-19	Day*srf14	Day4 Yes - Day7 Yes	0	-0.023038960705762113	0.10618287380619985	1074.1831460757974	-0.21697435640903612	0.828269531098423	0.8950654610257152
MCP-2	Day*srf14	Day1 No - Day4 No	0	0.7493220170416093	0.0364698133077744	1029.0499998896262	20.546362843098887	7.053644871532064e-79	2.3629710319632416e-77
MCP-2	Day*srf14	Day1 No - Day7 No	0	1.012479719376057	0.03689102239842872	1032.6116825061526	27.44515206006275	5.607026598770616e-125	1.8783539105881564e-123
MCP-2	Day*srf14	Day1 No - Day1 Yes	0	-0.401043031496597	0.08956346908680246	930.0581515222314	-4.477752320066087	8.479630424715852e-6	8.116217692228029e-5
MCP-2	Day*srf14	Day1 No - Day4 Yes	0	0.37338394303392647	0.09122819029363793	974.9036445946331	4.0928570635031605	4.613436418903786e-5	1.818236706273845e-4
MCP-2	Day*srf14	Day1 No - Day7 Yes	0	0.7883416820796851	0.09089077222670357	965.6106660684219	8.673506262146946	1.7520304584548974e-17	5.869302035823906e-16
MCP-2	Day*srf14	Day4 No - Day7 No	0	0.2631577023344478	0.03681022086489064	1030.3970935380678	7.149038939493187	1.6532329464323649e-12	1.0455425755279685e-11
MCP-2	Day*srf14	Day4 No - Day1 Yes	0	-1.1503650485382062	0.08956910941635352	930.1361570090181	-12.843323507782614	7.106981116374302e-35	2.3808386739853912e-33
MCP-2	Day*srf14	Day4 No - Day4 Yes	0	-0.3759380740076828	0.09123361411841378	974.9698381580571	-4.120609247373954	4.099739039227253e-5	1.4456974506748735e-4
MCP-2	Day*srf14	Day4 No - Day7 Yes	0	0.03901966503807591	0.09089615662862345	965.6699466058367	0.4292773917548513	0.667817122864252	0.7102182100302362
MCP-2	Day*srf14	Day7 No - Day1 Yes	0	-1.413522750872654	0.0896944419694767	933.8042342929884	-15.759312615531744	8.578838254690935e-50	2.3376444023860357e-48
MCP-2	Day*srf14	Day7 No - Day4 Yes	0	-0.6390957763421307	0.09135627336746176	978.484852032461	-6.995641927856446	4.890990085145411e-12	3.2769633570474255e-11
MCP-2	Day*srf14	Day7 No - Day7 Yes	0	-0.22413803729637188	0.09101946660607196	969.2271852144618	-2.4625285738756406	0.013969137235301278	0.026740919850433875
MCP-2	Day*srf14	Day1 Yes - Day4 Yes	0	0.7744269745305234	0.06806062869488663	1052.2645976564456	11.378486937025691	2.2554750719151283e-28	7.55584149091568e-27
MCP-2	Day*srf14	Day1 Yes - Day7 Yes	0	1.189384713576282	0.0677950532719493	1053.872270072731	17.54382740589126	1.1869794750254338e-60	7.952762482670406e-59
MCP-2	Day*srf14	Day4 Yes - Day7 Yes	0	0.4149577390457587	0.06879772253882618	1039.1043869442944	6.031562146720426	2.2545929088198508e-9	7.5528862445465e-8
CASP-8	Day*srf14	Day1 No - Day4 No	0	0.016602335825179077	0.053253958589374005	1044.4158248093	0.31175777848168856	0.7552868360014623	0.7667305759408783
CASP-8	Day*srf14	Day1 No - Day7 No	0	-0.24217471322239348	0.05382090383994286	1051.029700503191	-4.4996403988790865	7.565308761202182e-6	1.0784589085118004e-5
CASP-8	Day*srf14	Day1 No - Day1 Yes	0	0.011620640988496753	0.1012853401946526	1237.8181577552257	0.1147317170102201	0.9086763806892648	0.92244420463910215
CASP-8	Day*srf14	Day1 No - Day4 Yes	0	-0.059283392703907256	0.10406019831545095	1282.7139750211327	-0.5697028610708	0.5689790047832213	0.6353598886745971
CASP-8	Day*srf14	Day1 No - Day7 Yes	0	-0.10320560477206704	0.10349117789661878	1273.407663322079	-0.9972406041717198	0.31883719238350966	0.4188645468567676
CASP-8	Day*srf14	Day4 No - Day7 No	0	-0.25877704904757254	0.05373031952301276	1047.5962983478041	-4.816220177822282	1.6783669068391665e-6	3.6274381534911017e-6
CASP-8	Day*srf14	Day4 No - Day1 Yes	0	-0.004981694836682324	0.1012922568293946	1237.7854897318298	-0.04918139838737068	0.9607826696885073	0.9607826696885073
CASP-8	Day*srf14	Day4 No - Day4 Yes	0	-0.07588572852908633	0.10406664277214189	1282.6672713532002	-0.7292031962176505	0.4660105037647949	0.5477667324954607
CASP-8	Day*srf14	Day4 No - Day7 Yes	0	-0.11980794059724613	0.10349721241553243	1273.3234108311938	-1.1575958211920483	0.24724610774670341	0.32481351409861037
CASP-8	Day*srf14	Day7 No - Day1 Yes	0	0.2537953542108902	0.10151090348814415	1242.0141172417566	2.500178261545391	0.012541198897820158	0.017505423461540638
CASP-8	Day*srf14	Day7 No - Day4 Yes	0	0.18289132051848622	0.1042783124295069	1286.3831649295707	1.753876872931967	0.07968972832973911	0.09707657814713674
CASP-8	Day*srf14	Day7 No - Day7 Yes	0	0.13896910845032642	0.10371080521335592	1277.1798019913108	1.3399675006325178	0.18049425602272554	0.25193989903172104
CASP-8	Day*srf14	Day1 Yes - Day4 Yes	0	-0.07090403369240401	0.09886209248600071	1079.8733538781426	-0.7172014258391741	0.4734049187129501	0.556458413223994
CASP-8	Day*srf14	Day1 Yes - Day7 Yes	0	-0.1148262457605638	0.09844717755262108	1081.3865840111675	-1.166374177656723	0.24372035606218112	0.2815390320028644
CASP-8	Day*srf14	Day4 Yes - Day7 Yes	0	-0.043922212068159786	0.10020851247445804	1062.9067151399904	-0.4383081934217418	0.6612519518971457	0.8055251050383412
CCL25	Day*srf14	Day1 No - Day4 No	0	0.08382197400744826	0.04274661348771363	1031.8747325634154	1.9609032662093955	0.05015897595135291	0.06462791132193549
CCL25	Day*srf14	Day1 No - Day7 No	0	0.10622893978320788	0.04323366513775838	1035.9930397213338	2.457088462075176	0.014169857350770863	0.015563613811502425
CCL25	Day*srf14	Day1 No - Day1 Yes	0	0.14403203474063367	0.09868808521867134	987.7213613186999	1.4594673148383617	0.14475448198386212	0.24246375732296907
CCL25	Day*srf14	Day1 No - Day4 Yes	0	0.5148435759528638	0.10071794006719832	1035.5100846078358	5.111736554673017	3.8002802626034186e-7	2.5461877759442906e-6
CCL25	Day*srf14	Day1 No - Day7 Yes	0	0.5831239854812977	0.10030549951413201	1025.5886508276953	5.813479702567471	8.164764811005974e-9	3.418995264608752e-8
CCL25	Day*srf14	Day4 No - Day7 No	0	0.022406965775759624	0.043143040551304856	1033.518417655824	0.5193645484748276	0.6036177496167903	0.6127634730958326
CCL25	Day*srf14	Day4 No - Day1 Yes	0	0.06021006073318541	0.09869459717261915	987.7827121601313	0.610064405327848	0.5419594618426733	0.5860707332775548
CCL25	Day*srf14	Day4 No - Day4 Yes	0	0.4310216019454155	0.10072416735371552	1035.557296970761	4.279227252698813	2.049195521274533e-5	7.627561106966318e-5
CCL25	Day*srf14	Day4 No - Day7 Yes	0	0.49930201147384956	0.10031164568745171	1025.624882688969	4.977507925944722	7.550869441851351e-7	4.2159021050336705e-6
CCL25	Day*srf14	Day7 No - Day1 Yes	0	0.03780309495742579	0.09884885428646122	991.7952063309104	0.3824333142787217	0.7022219196503272	0.7238287479472603
CCL25	Day*srf14	Day7 No - Day4 Yes	0	0.4086146361696559	0.10087477570664755	1039.3486625523462	4.050711719626937	5.4860857626048446e-5	1.1486492065453894e-4
CCL25	Day*srf14	Day7 No - Day7 Yes	0	0.47689504569808994	0.10046316173085591	1029.4766307205684	4.746964334804705	2.3567359290323613e-6	8.310595118166747e-6
CCL25	Day*srf14	Day1 Yes - Day4 Yes	0	0.37081154121223003	0.07969614958660007	1057.7463964949582	4.652816266980325	3.68897997623108e-6	1.3731203244860132e-5
CCL25	Day*srf14	Day1 Yes - Day7 Yes	0	0.4390919507406641	0.07937995257760125	1059.4146297043205	5.53152195841149	3.99885992966594e-8	1.1648852838592088e-7
CCL25	Day*srf14	Day4 Yes - Day7 Yes	0	0.06828040952843406	0.08060353898573258	1043.480215395269	0.8471142878790991	0.397125664078787	0.5661153083676326
CX3CL1	Day*srf14	Day1 No - Day4 No	0	0.13667035545412562	0.041445301635682635	1030.0147189194834	3.2976079328726198	0.0010084580773808687	0.0016479680776711756
CX3CL1	Day*srf14	Day1 No - Day7 No	0	0.17023884592369462	0.0419217946365166	1033.765990320498	4.060867322111386	5.2584098501280507e-5	7.046269199171589e-5
CX3CL1	Day*srf14	Day1 No - Day1 Yes	0	-0.23576511540116515	0.09954821222988516	949.6923855737233	-2.368351074519715	0.018066954169900087	0.049097579257727474
CX3CL1	Day*srf14	Day1 No - Day4 Yes	0	-0.2520107430895421	0.1014678750880716	995.691665687241	-2.4836505432956293	0.013167948792280271	0.026734926335841763
CX3CL1	Day*srf14	Day1 No - Day7 Yes	0	-0.25308111962714086	0.10107845059449044	986.1524951402693	-2.503808854792	0.012447054709716032	0.02382721901574212
CX3CL1	Day*srf14	Day4 No - Day7 No	0	0.033568490469569	0.04183132344129867	1031.46069176844	0.802472590107631	0.42246449039683365	0.44226751338418524
CX3CL1	Day*srf14	Day4 No - Day1 Yes	0	-0.3724354708552908	0.09955459709617408	949.7652586939033	-3.7410173082766023	1.942610058290683e-4	4.198544319531476e-4
CX3CL1	Day*srf14	Day4 No - Day4 Yes	0	-0.3886810985436677	0.10147400324732508	995.7518661196444	-3.8303514802340626	1.359642524565278e-4	3.817871683875316e-4
CX3CL1	Day*srf14	Day4 No - Day7 Yes	0	-0.38975147508126645	0.10108452329537229	986.2045113139068	-3.855698799136638	1.2287740287435976e-4	4.5737699958789467e-4
CX3CL1	Day*srf14	Day7 No - Day1 Yes	0	-0.4060039613248598	0.09969959191853492	953.5613435029054	-4.0722730505919005	5.042005341841813e-5	7.506985731186699e-5
CX3CL1	Day*srf14	Day7 No - Day4 Yes	0	-0.4222495890132367	0.10161578721824759	999.3726888894346	-4.155354207967122	3.525850309858681e-5	7.620386153565536e-5
CX3CL1	Day*srf14	Day7 No - Day7 Yes	0	-0.42331996555083545	0.10122709461758407	989.8734818789177	-4.181883982248572	3.147292106864975e-5	8.434742846398133e-5
CX3CL1	Day*srf14	Day1 Yes - Day4 Yes	0	-0.016245627688376924	0.07731996349945662	1054.1584544215705	-0.2101090967081366	0.8336231271837888	0.8592730695586746
CX3CL1	Day*srf14	Day1 Yes - Day7 Yes	0	-0.01731600422597568	0.07701648423829727	1055.7913100915484	-0.22483503885217745	0.8221511131295457	0.8884536222528961
CX3CL1	Day*srf14	Day4 Yes - Day7 Yes	0	-0.001070376537598755	0.07817217165616101	1040.5980220076615	-0.013692552156626635	0.9890778900509396	0.9890778900509396
TNFRSF9	Day*srf14	Day1 No - Day4 No	0	-0.07905763331996299	0.0413355255161692	1033.8236930479252	-1.9125832400277103	0.05607751730918513	0.06957766036510006
TNFRSF9	Day*srf14	Day1 No - Day7 No	0	-0.43767792792648097	0.041801948165472884	1038.3283401351741	-10.470275839631546	1.859319607128076e-24	4.982976547103244e-24
TNFRSF9	Day*srf14	Day1 No - Day1 Yes	0	0.3102527718726808	0.09190937225438937	1027.666041130236	3.375638025401309	7.639999178363445e-4	0.003937538038079622
TNFRSF9	Day*srf14	Day1 No - Day4 Yes	0	0.2935275288829678	0.09391612213008199	1076.6994356651646	3.125422155701943	0.0018230251099308026	0.004885707294614551
TNFRSF9	Day*srf14	Day1 No - Day7 Yes	0	-0.09004458044266038	0.09350771414802654	1066.5118015760327	-0.9629641924527865	0.3357837732503267	0.42934137577838416
TNFRSF9	Day*srf14	Day4 No - Day7 No	0	-0.358620294606518	0.041717030566607215	1035.6840600337148	-8.596496196773385	2.99453294930452e-17	5.015842690085071e-16
TNFRSF9	Day*srf14	Day4 No - Day1 Yes	0	0.3893104051926438	0.09191556767269285	1027.713493177434	4.235521958358136	2.4846803477013373e-5	5.945485117713914e-5
TNFRSF9	Day*srf14	Day4 No - Day4 Yes	0	0.3725851622029308	0.09392202387423247	1076.731565167347	3.9669626657731087	7.760927977977344e-5	2.476105592973724e-4
TNFRSF9	Day*srf14	Day4 No - Day7 Yes	0	-0.01098694712269739	0.09351350955938857	1066.5295556091783	-0.11749047997947076	0.9064935091883488	0.9202282593275662
TNFRSF9	Day*srf14	Day7 No - Day1 Yes	0	0.7479306997991617	0.09206901889545899	1031.9061394194923	8.123587160719175	1.2842866289282151e-15	4.528800217799495e-15
TNFRSF9	Day*srf14	Day7 No - Day4 Yes	0	0.7312054568094488	0.09407161574962765	1080.6520213313868	7.7728595494262365	1.7796452159424215e-14	1.490452868351778e-13
TNFRSF9	Day*srf14	Day7 No - Day7 Yes	0	0.3476333474838206	0.09366407633025199	1070.524036204664	3.7114906920994275	2.1664623516546913e-4	5.376036205957937e-4
TNFRSF9	Day*srf14	Day1 Yes - Day4 Yes	0	-0.016725242989712993	0.07701340463820602	1061.4176505662185	-0.21717314106920643	0.8281151523801845	0.8592730695586746
TNFRSF9	Day*srf14	Day1 Yes - Day7 Yes	0	-0.4002973523153412	0.07670460000593246	1063.1050780252658	-5.218687696492538	2.1659083876280558e-7	5.581379306579991e-7
TNFRSF9	Day*srf14	Day4 Yes - Day7 Yes	0	-0.3835721093256282	0.07791892382159465	1046.502564442769	-4.922707995863311	9.91110860645546e-7	2.2134809221083858e-5
TWEAK	Day*srf14	Day1 No - Day4 No	0	-0.07974844501801125	0.04868723275361816	1039.5826272834452	-1.6379744854586091	0.10172962806235428	0.12171223357460244
TWEAK	Day*srf14	Day1 No - Day7 No	0	-0.4245351976551723	0.049220131086054365	1045.2346250839284	-8.625235006240295	2.3429026179768874e-17	4.242553389309499e-17
TWEAK	Day*srf14	Day1 No - Day1 Yes	0	0.27167149933209395	0.0986224907687254	1144.380134735085	2.754660698736326	0.005968439858575286	0.0215090246390528
TWEAK	Day*srf14	Day1 No - Day4 Yes	0	0.18524167699641422	0.10109993351130303	1193.3207072166558	1.8322630941760618	0.06716132728004523	0.10464671925030304
TWEAK	Day*srf14	Day1 No - Day7 Yes	0	0.011336074604465868	0.10059351224106021	1183.1522524905956	0.11269190578911624	0.9102939351315787	0.9147881126251661
TWEAK	Day*srf14	Day4 No - Day7 No	0	-0.344786752637161	0.04912950383523839	1042.1341309953675	-7.017916439649873	4.050740314465649e-12	2.2616633422433206e-11
TWEAK	Day*srf14	Day4 No - Day1 Yes	0	0.3514199443501052	0.09862930290403545	1144.381826028813	3.563037900531757	3.8167643263089645e-4	7.749188177657595e-4
TWEAK	Day*srf14	Day4 No - Day4 Yes	0	0.26499012201442546	0.10110634712710456	1193.3062133523736	2.620904913924904	0.008881114985487734	0.01896513458573862
TWEAK	Day*srf14	Day4 No - Day7 Yes	0	0.09108451962247711	0.10059967891386039	1183.1112198287806	0.9054156097304173	0.3654295906191539	0.45340338095339466
TWEAK	Day*srf14	Day7 No - Day1 Yes	0	0.6962066969872662	0.09882202062352612	1148.7966884053474	7.045056279910992	3.1879027592498197e-12	8.543579394789517e-12
TWEAK	Day*srf14	Day7 No - Day4 Yes	0	0.6097768746515865	0.10129345715090225	1197.299703204531	6.019903869439163	2.3173366068250093e-9	8.1716606661724e-9
TWEAK	Day*srf14	Day7 No - Day7 Yes	0	0.4358712722596382	0.10078827312711665	1187.2191160646228	4.324622882563992	1.6561129559559505e-5	4.6233153353770284e-5
TWEAK	Day*srf14	Day1 Yes - Day4 Yes	0	-0.08642982233567972	0.09053186454492816	1071.7560767551245	-0.9546895203156595	0.33995000529696673	0.41412091554357766
TWEAK	Day*srf14	Day1 Yes - Day7 Yes	0	-0.26033542472762805	0.09015884236539415	1073.4024622402796	-2.8875196031526813	0.003960823609064228	0.006171515855983798
TWEAK	Day*srf14	Day4 Yes - Day7 Yes	0	-0.17390560239194836	0.0916910564998071	1055.4334421261944	-1.896647383404446	0.05814732903420465	0.134340380872128
CCL20	Day*srf14	Day1 No - Day4 No	0	0.3596696346676969	0.04552014940424905	1037.3000804360095	7.901328079431211	7.010077602482694e-15	1.8787007974653622e-14
CCL20	Day*srf14	Day1 No - Day7 No	0	0.4016449225929235	0.046024596833625454	1042.496793960697	8.726745049931274	1.0228950826754131e-17	2.07678698603796e-17
CCL20	Day*srf14	Day1 No - Day1 Yes	0	-0.4438869675471102	0.09541290122695013	1098.555074680801	-4.652274082844164	3.6823673316068808e-6	4.62842175791372e-5
CCL20	Day*srf14	Day1 No - Day4 Yes	0	-0.1034532010942829	0.09769290122035024	1148.1933579883182	-1.058963341266118	0.2898391964635909	0.35703103434143263
CCL20	Day*srf14	Day1 No - Day7 Yes	0	-0.19350476099690656	0.09722761540862802	1137.876051591229	-1.9902242812769309	0.04680518574761766	0.07466541535929484
CCL20	Day*srf14	Day4 No - Day7 No	0	0.04197528792522659	0.04593639405522204	1039.569193122599	0.913769763355094	0.36104971432368227	0.39656280097847074
CCL20	Day*srf14	Day4 No - Day1 Yes	0	-0.8035566022148071	0.09541946707772249	1098.5750911311059	-8.421306750333054	1.1509458406325519e-16	5.931797794029307e-16
CCL20	Day*srf14	Day4 No - Day4 Yes	0	-0.4631228357619798	0.09769911218038003	1148.1970384198733	-4.740297280357316	2.401457121957306e-6	1.3408135597594958e-5
CCL20	Day*srf14	Day4 No - Day7 Yes	0	-0.5531743956646035	0.09723364455363996	1137.8583040275648	-5.689125386629306	1.6228519161440405e-8	1.2081230931294524e-7
CCL20	Day*srf14	Day7 No - Day1 Yes	0	-0.8455318901400337	0.09559566529731206	1102.9594867551964	-8.8448768833853	3.566453486413032e-18	1.405602256409842e-17
CCL20	Day*srf14	Day7 No - Day4 Yes	0	-0.5050981236872064	0.09787044469330664	1152.2167283435858	-5.160885140248577	2.8925484269150644e-7	8.426119330578666e-7
CCL20	Day*srf14	Day7 No - Day7 Yes	0	-0.59514968358983	0.09740624097865483	1141.976914220351	-6.1099748600323105	1.3647539640740683e-9	1.015983506588473e-8
CCL20	Day*srf14	Day1 Yes - Day4 Yes	0	0.3404337664528273	0.08470868652982029	1067.7476740855236	4.01887669847157	6.257979045106914e-5	1.822976504444188e-4
CCL20	Day*srf14	Day1 Yes - Day7 Yes	0	0.25038220655020366	0.08436315652126054	1069.4268652551602	2.967909415374996	0.0030650925037679663	0.004929016926481976
CCL20	Day*srf14	Day4 Yes - Day7 Yes	0	-0.09005155990262366	0.08575901184211256	1051.895103025897	-1.05005360915788	0.29393464664367847	0.4281222027201404
ST1A1	Day*srf14	Day1 No - Day4 No	0	-0.2906304991554282	0.050771471880956404	1043.6776270894893	-5.724287447030647	1.3568366567172082e-8	3.1347605517259635e-8
ST1A1	Day*srf14	Day1 No - Day7 No	0	-0.6565038877532751	0.05131435480837325	1050.145028792254	-12.793766777442745	6.208104734593413e-35	1.9806810343702796e-34
ST1A1	Day*srf14	Day1 No - Day1 Yes	0	0.12194978596798983	0.09742801410860892	1223.9521990299593	1.2516911802394433	0.21092157421470584	0.3153515352926546
ST1A1	Day*srf14	Day1 No - Day4 Yes	0	-0.21570165917104928	0.10006592350630704	1269.6686741006572	-2.1555955475437534	0.03130269948242178	0.056683266630331325
ST1A1	Day*srf14	Day1 No - Day7 Yes	0	-0.5946210122837415	0.09952523093954431	1260.1876063704904	-5.974575559085501	2.997590808629137e-9	1.544912185985786e-8
ST1A1	Day*srf14	Day4 No - Day7 No	0	-0.36587338859784685	0.05122675378598508	1046.759617959982	-7.14223255540242	1.7165624374339781e-12	1.0455425755279685e-11
ST1A1	Day*srf14	Day4 No - Day1 Yes	0	0.41258028512341804	0.09743468836298917	1223.9241390283464	4.234429155111228	2.4628015501745336e-5	5.945485117713914e-5
ST1A1	Day*srf14	Day4 No - Day4 Yes	0	0.07492883998437894	0.10007215232478263	1269.6261233993068	0.7487481606391211	0.45414769578825787	0.5433552788895228
ST1A1	Day*srf14	Day4 No - Day7 Yes	0	-0.30399051312831327	0.0995310907196377	1260.1091399190543	-3.0542266836460508	0.002303757501343826	0.005936605868847551
ST1A1	Day*srf14	Day7 No - Day1 Yes	0	0.7784536737212648	0.09764215606955415	1228.202536402711	7.972516227178999	3.530339621623145e-15	1.1826637732437536e-14
ST1A1	Day*srf14	Day7 No - Day4 Yes	0	0.4408022285822258	0.10027308313591599	1273.4023821598478	4.396017503368643	1.194352250656651e-5	2.8579143140712718e-5
ST1A1	Day*srf14	Day7 No - Day7 Yes	0	0.061882875469533576	0.09973381207570892	1264.0227111675435	0.6204803985889727	0.5350534063315222	0.6180789349002067
ST1A1	Day*srf14	Day1 Yes - Day4 Yes	0	-0.3376514451390391	0.09427688890524873	1078.6652468249526	-3.581486927070637	3.568710522601733e-4	8.8556890746043e-4
ST1A1	Day*srf14	Day1 Yes - Day7 Yes	0	-0.7165707982517313	0.09388223040542035	1080.2039901123396	-7.632656309477279	5.038739387001402e-14	2.59688876099303e-13
ST1A1	Day*srf14	Day4 Yes - Day7 Yes	0	-0.3789193531126922	0.09554948198414147	1061.7676695865594	-3.965687152292277	7.80891745136814e-5	8.187489403454353e-4
STAMBP	Day*srf14	Day1 No - Day4 No	0	0.08094897871482558	0.05452603910566991	1046.2086319641896	1.4845930502662914	0.1379528762445012	0.16215513523476457
STAMBP	Day*srf14	Day1 No - Day7 No	0	-0.14108043626777989	0.055100281201342964	1053.1771795414832	-2.5604304223467613	0.010592791604487029	0.01202910233051917
STAMBP	Day*srf14	Day1 No - Day1 Yes	0	-0.12432374170822974	0.10157996630051849	1270.7512028426424	-1.2239002062712356	0.22121674863813084	0.3153515352926546
STAMBP	Day*srf14	Day1 No - Day4 Yes	0	-0.050787374569059504	0.10443819639587978	1313.3932550637849	-0.4862911877235667	0.6268418536291493	0.6773936160185968
STAMBP	Day*srf14	Day1 No - Day7 Yes	0	-0.13330726766371057	0.10385146465048208	1304.5664491402924	-1.2836339681136288	0.19949800951215377	0.2784659716107146
STAMBP	Day*srf14	Day4 No - Day7 No	0	-0.22202941498260548	0.05501075800425174	1049.6314160924408	-4.036108990998542	5.829134258722138e-5	1.0848666537066203e-4
STAMBP	Day*srf14	Day4 No - Day1 Yes	0	-0.20527272042305533	0.10158683829144359	1270.7086262789794	-2.020662557034664	0.043524121861055885	0.05832232329381489
STAMBP	Day*srf14	Day4 No - Day4 Yes	0	-0.13173635328388508	0.10444457333333362	1313.3378671493892	-1.2613039536621022	0.20742334637797974	0.2622144190061253
STAMBP	Day*srf14	Day4 No - Day7 Yes	0	-0.21425624637853613	0.10385736291306316	1304.4697255629828	-2.0629856215190596	0.03931152844147102	0.07316312237718217
STAMBP	Day*srf14	Day7 No - Day1 Yes	0	0.016756694559550145	0.10181304485759146	1274.7865771730962	0.1645829822984684	0.8692983188300233	0.882469505478963
STAMBP	Day*srf14	Day7 No - Day4 Yes	0	0.09029306169872038	0.10466334977684309	1316.883426395298	0.8626999029864592	0.3884595638535947	0.41978694803533617
STAMBP	Day*srf14	Day7 No - Day7 Yes	0	0.007773168604069319	0.10407821912190988	1308.162051851538	0.07468583407412437	0.9404760977396336	0.9404760977396336
STAMBP	Day*srf14	Day1 Yes - Day4 Yes	0	0.07353636713917024	0.10116295384881688	1082.7611763395544	0.726910043068402	0.46743818975477647	0.556458413223994
STAMBP	Day*srf14	Day1 Yes - Day7 Yes	0	-0.008983525955480826	0.10073588652525685	1084.2053296088507	-0.08917900328626625	0.9289561218486654	0.9430312146039482
STAMBP	Day*srf14	Day4 Yes - Day7 Yes	0	-0.08251989309465106	0.10256979544545089	1065.6683050590095	-0.8045243020742607	0.4212736813145189	0.5880278468348493
ADA	Day*srf14	Day1 No - Day4 No	0	0.17732850056741734	0.05199312530111029	1042.4960776312073	3.4106143752745437	6.730145411849136e-4	0.0011562044681894669
ADA	Day*srf14	Day1 No - Day7 No	0	0.16591925050362238	0.052552914626465455	1048.728619317231	3.1571845573730757	0.001638465780502718	0.001960307273101466
ADA	Day*srf14	Day1 No - Day1 Yes	0	-0.07821059581529466	0.10125631784562945	1201.4243606598563	-0.772402132324531	0.4400282059323778	0.5459609221753576
ADA	Day*srf14	Day1 No - Day4 Yes	0	-0.13993913991515852	0.10394387566322562	1248.311085510245	-1.3462951907677203	0.17845174755328824	0.23912534172140626
ADA	Day*srf14	Day1 No - Day7 Yes	0	0.06636458554687769	0.10339341915075752	1238.5806693922655	0.6418646959543117	0.5210798083626065	0.6124973186016603
ADA	Day*srf14	Day4 No - Day7 No	0	-0.011409250063794951	0.052461170660086855	1045.4221443488866	-0.21747989837510923	0.8278768087281916	0.8278768087281916
ADA	Day*srf14	Day4 No - Day1 Yes	0	-0.255539096382712	0.10126328274293922	1201.4042341299103	-2.5235118738092654	0.011747047586992616	0.016745791241032027
ADA	Day*srf14	Day4 No - Day4 Yes	0	-0.31726764048257583	0.10395039255495654	1248.27582068478	-3.052106227639714	0.0023204261913864397	0.0055524483865318375
ADA	Day*srf14	Day4 No - Day7 Yes	0	-0.11096391502053965	0.10339959278120554	1238.5121623519508	-1.0731562091868223	0.28341008236576365	0.3651629907405032
ADA	Day*srf14	Day7 No - Day1 Yes	0	-0.24412984631891704	0.10147400870055957	1205.7466772594596	-2.4058362278691647	0.016285282414609203	0.021822278435576332
ADA	Day*srf14	Day7 No - Day4 Yes	0	-0.30585839041878093	0.10415461878585637	1252.1358613405357	-2.936580191874456	0.0033791849849201822	0.005522082780235419
ADA	Day*srf14	Day7 No - Day7 Yes	0	-0.0995546649567447	0.10360558166596831	1242.5037520907126	-0.9609005939247168	0.3367891045535354	0.4257522642469221
ADA	Day*srf14	Day1 Yes - Day4 Yes	0	-0.061728544099863863	0.09658375403145003	1076.7080888184676	-0.6391193293207835	0.5228812446943973	0.6040179895607694
ADA	Day*srf14	Day1 Yes - Day7 Yes	0	0.14457518136217234	0.09618116805250622	1078.2839288564708	1.5031547681272426	0.13309194449688683	0.1682483071941777
ADA	Day*srf14	Day4 Yes - Day7 Yes	0	0.2063037254620362	0.09786855290373132	1059.942490571579	2.107967465963939	0.03526809401236507	0.08751712217883183
TNFB	Day*srf14	Day1 No - Day4 No	0	-0.08438882145614512	0.043310785475965605	1036.4610719848731	-1.948448187414539	0.051630944410998636	0.06526930708560205
TNFB	Day*srf14	Day1 No - Day7 No	0	-0.1373665846279164	0.04379288863187236	1041.4905283870369	-3.1367326732573955	0.001756343169844766	0.0020644735505192862
TNFB	Day*srf14	Day1 No - Day1 Yes	0	0.2664997792209705	0.09200785940584384	1081.5351325148024	2.8964892884361997	0.0038496263506406178	0.015197848854376798
TNFB	Day*srf14	Day1 No - Day4 Yes	0	0.40931024696944684	0.0941627494944735	1131.2151832347777	4.346838310976356	1.5054198941761407e-5	7.204509493557244e-5
TNFB	Day*srf14	Day1 No - Day7 Yes	0	0.4669637574138802	0.0937232754673854	1120.8890315062251	4.982367027669429	7.270158695651527e-7	2.1178288374289233e-6
TNFB	Day*srf14	Day4 No - Day7 No	0	-0.052977763171771275	0.04370774978067512	1038.6290730454816	-1.212090840585776	0.2257532653808317	0.2750085232821041
TNFB	Day*srf14	Day4 No - Day1 Yes	0	0.35088860067711564	0.09201417075722339	1081.561927613151	3.813419148262767	1.4480363534855465e-4	3.2339478561177205e-4
TNFB	Day*srf14	Day4 No - Day4 Yes	0	0.49369906842559197	0.09416872991429011	1131.2257494731637	5.242707094753682	1.8871441352743695e-7	1.2643865706338277e-6
TNFB	Day*srf14	Day4 No - Day7 Yes	0	0.5513525788700253	0.09372909883515525	1120.8799697201143	5.882405631998116	5.332417455412211e-9	5.103885278751688e-8
TNFB	Day*srf14	Day7 No - Day1 Yes	0	0.4038663638488869	0.09218028652450867	1085.9158737527423	4.381266093607855	1.2941908714313017e-5	2.0645425806166005e-5
TNFB	Day*srf14	Day7 No - Day4 Yes	0	0.5466768315973632	0.09433035334699387	1135.2369866699235	5.795343833669471	8.825133223463675e-9	2.9564196298603313e-8
TNFB	Day*srf14	Day7 No - Day7 Yes	0	0.6043303420417966	0.0938918812765444	1124.984175942741	6.4364493907820695	1.8066849258774976e-10	1.729255571911319e-9
TNFB	Day*srf14	Day1 Yes - Day4 Yes	0	0.14281046774847636	0.08062041971941407	1066.2451422986435	1.7713932555239031	0.07678093027135967	0.11431827395957996
TNFB	Day*srf14	Day1 Yes - Day7 Yes	0	0.20046397819290968	0.08029285711803563	1067.931084404448	2.4966601686400924	0.01268668887888611	0.017708503226778527
TNFB	Day*srf14	Day4 Yes - Day7 Yes	0	0.057653510444433315	0.08160779271159677	1050.5937960746003	0.7064706510097845	0.48005214167983346	0.6340125762937615
CSF-1	Day*srf14	Day1 No - Day4 No	0	0.6620049696228124	0.05452621866951553	1055.4319262614276	12.141039407761566	7.607277938803492e-32	5.09687621899834e-31
CSF-1	Day*srf14	Day1 No - Day7 No	0	0.8344637367453003	0.05506667474777366	1064.1845075610654	15.153697596004516	4.0769383889956785e-47	1.9511062290193603e-46
CSF-1	Day*srf14	Day1 No - Day1 Yes	0	-0.17815732474259488	0.09288759357371848	1418.9796746622508	-1.9179883759309977	0.0553130007628913	0.10899914856216815
CSF-1	Day*srf14	Day1 No - Day4 Yes	0	0.5236961629636002	0.09578211485672677	1446.2858215364438	5.467577780538233	5.3671408001401193e-8	4.49498042011735e-7
CSF-1	Day*srf14	Day1 No - Day7 Yes	0	0.5413120464593436	0.09518544824485178	1440.7070242977604	5.686920179930141	1.5638437084606205e-8	6.163384027462446e-8
CSF-1	Day*srf14	Day4 No - Day7 No	0	0.17245876712248787	0.05499356975526161	1060.1510566776585	3.1359805862754992	0.0017599592567567037	0.002807554052445218
CSF-1	Day*srf14	Day4 No - Day1 Yes	0	-0.8401622943654072	0.09289344089015535	1418.9210755158788	-9.044366171761066	4.81822249089766e-19	3.586898965446035e-18
CSF-1	Day*srf14	Day4 No - Day4 Yes	0	-0.13830880665921216	0.09578741834157735	1446.2203619286463	-1.4439141283253276	0.1489797182592538	0.1996328224674001
CSF-1	Day*srf14	Day4 No - Day7 Yes	0	-0.12069292316346882	0.09518993074241477	1440.5885431620634	-1.267916913292704	0.20503250603009296	0.2747435580803246
CSF-1	Day*srf14	Day7 No - Day1 Yes	0	-1.0126210614878952	0.093126914734631	1421.7108202159022	-10.873559640340291	1.6475757030929748e-26	1.0035233827929937e-25
CSF-1	Day*srf14	Day7 No - Day4 Yes	0	-0.31076757378170006	0.09601228783040507	1448.5255103431605	-3.236747928875897	0.0012363399615893166	0.0021239686519611335
CSF-1	Day*srf14	Day7 No - Day7 Yes	0	-0.29315169028595667	0.09541741308831972	1443.0357212520707	-3.0723080913397984	0.002163848052323484	0.004832593983522448
CSF-1	Day*srf14	Day1 Yes - Day4 Yes	0	0.7018534877061952	0.10085657141918082	1096.6336478147784	6.95892669986913	5.8884515490463065e-12	3.586602307146387e-11
CSF-1	Day*srf14	Day1 Yes - Day7 Yes	0	0.7194693712019384	0.10042113852640705	1097.588412991487	7.164521153210631	1.4290455425499563e-12	6.383070090056471e-12
CSF-1	Day*srf14	Day4 Yes - Day7 Yes	0	0.017615883495743348	0.10239565008131914	1079.7216435508528	0.17203742035675748	0.8634403492572809	0.9039141156287159
